identifier	address	owner_module	classification_level	value_kind	raw_u32	value_detail	occurrences	function_count	sample_functions	classification_basis	semantic_status	patch_status	notes	semantic_name_v50	semantic_confidence_v50	semantic_kind_v50	semantic_status_v50	semantic_name_v51	semantic_confidence_v51	semantic_kind_v51	semantic_status_v51	semantic_name_v52	semantic_confidence_v52	semantic_kind_v52	semantic_status_v52
DAT_00020284	0x00020284	startup_libc_runtime	owner_module_only	integer_or_bitmask_constant	0x000083b0	0x000083b0	10	2	00020250_seed_00020250.c,00020258_FUN_00020258.c	startup/libc/runtime owner	semantic_not_assigned_v49	not_patch_ready	v49 owner/module classification; do not treat owner bucket as source-level field name.				semantic_not_assigned_v50				semantic_not_assigned_v51	startup_runtime_integer_or_bitmask_literal_20284	medium	integer_or_bitmask_analysis_label	semantic_named_v52
DAT_00020288	0x00020288	startup_libc_runtime	owner_module_only	integer_or_bitmask_constant	0x000083e0	0x000083e0	4	2	00020250_seed_00020250.c,00020258_FUN_00020258.c	startup/libc/runtime owner	semantic_not_assigned_v49	not_patch_ready	v49 owner/module classification; do not treat owner bucket as source-level field name.				semantic_not_assigned_v50				semantic_not_assigned_v51	startup_runtime_integer_or_bitmask_literal_20288	medium	integer_or_bitmask_analysis_label	semantic_named_v52
DAT_000203b0	0x000203b0	libc_float_format_dtoa	owner_module_only	app_flash_pointer_or_literal_ref	0x00023555	0x00023555	3	3	00020368_FUN_00020368.c,00020388_Reset_Handler.c,000210d2_FUN_000210d2.c	libc/float-format/dtoa owner	semantic_not_assigned_v49	not_patch_ready	v49 owner/module classification; do not treat owner bucket as source-level field name.				semantic_not_assigned_v50				semantic_not_assigned_v51				semantic_not_assigned_v52
DAT_000203b4	0x000203b4	libc_float_format_dtoa	owner_module_only	app_flash_pointer_or_literal_ref	0x00020251	0x00020251	3	3	00020368_FUN_00020368.c,00020388_Reset_Handler.c,000210d2_FUN_000210d2.c	libc/float-format/dtoa owner	semantic_not_assigned_v49	not_patch_ready	v49 owner/module classification; do not treat owner bucket as source-level field name.				semantic_not_assigned_v50				semantic_not_assigned_v51				semantic_not_assigned_v52
DAT_000203b8	0x000203b8	startup_exception_runtime	owner_module_only	system_memory_1fff_pointer_or_table_ref	0x1ffff4f8	0x1ffff4f8	1	1	000203a4_FUN_000203a4.c	startup/exception/runtime owner	semantic_not_assigned_v49	not_patch_ready	v49 owner/module classification; do not treat owner bucket as source-level field name.				semantic_not_assigned_v50				semantic_not_assigned_v51	startup_exception_runtime_1fff_1ffff4f8_table_or_state_ref	guarded	system_memory_or_table_pointer_analysis_label	semantic_named_v52
DAT_000203bc	0x000203bc	startup_exception_runtime	owner_module_only	sram_runtime_pointer	0x200004f8	0x200004f8	1	1	000203a4_FUN_000203a4.c	startup/exception/runtime owner	semantic_not_assigned_v49	not_patch_ready	v49 owner/module classification; do not treat owner bucket as source-level field name.				semantic_not_assigned_v50				semantic_not_assigned_v51	startup_exception_runtime_sram_200004f8_runtime_ptr	guarded	sram_runtime_pointer_analysis_label	semantic_named_v52
DAT_00020488	0x00020488	startup_libc_runtime	owner_module_only	system_memory_1fff_pointer_or_table_ref	0x1fffa670	0x1fffa670	1	1	00020474_FUN_00020474.c	startup/libc/runtime owner	semantic_not_assigned_v49	not_patch_ready	v49 owner/module classification; do not treat owner bucket as source-level field name.				semantic_not_assigned_v50				semantic_not_assigned_v51	startup_runtime_1fff_1fffa670_table_or_state_ref	guarded	system_memory_or_table_pointer_analysis_label	semantic_named_v52
DAT_000205f8	0x000205f8	startup_libc_runtime	owner_module_only	integer_or_bitmask_constant	0x00007f32	0x00007f32	2	1	00020328_FUN_00020328.c	startup/libc/runtime owner	semantic_not_assigned_v49	not_patch_ready	v49 owner/module classification; do not treat owner bucket as source-level field name.				semantic_not_assigned_v50				semantic_not_assigned_v51	startup_runtime_integer_or_bitmask_literal_205f8	medium	integer_or_bitmask_analysis_label	semantic_named_v52
DAT_00020730	0x00020730	startup_libc_runtime	owner_module_only	integer_or_bitmask_constant	0x00007f08	0x00007f08	1	1	000205fc_FUN_000205fc.c	startup/libc/runtime owner	semantic_not_assigned_v49	not_patch_ready	v49 owner/module classification; do not treat owner bucket as source-level field name.				semantic_not_assigned_v50				semantic_not_assigned_v51	startup_runtime_integer_or_bitmask_literal_20730	medium	integer_or_bitmask_analysis_label	semantic_named_v52
DAT_0002082c	0x0002082c	startup_libc_runtime	owner_module_only	system_memory_1fff_pointer_or_table_ref	0x1ffff498	0x1ffff498	1	1	00020828_FUN_00020828.c	startup/libc/runtime owner	semantic_not_assigned_v49	not_patch_ready	v49 owner/module classification; do not treat owner bucket as source-level field name.				semantic_not_assigned_v50				semantic_not_assigned_v51	startup_runtime_1fff_1ffff498_table_or_state_ref	guarded	system_memory_or_table_pointer_analysis_label	semantic_named_v52
DAT_00020e08	0x00020e08	libc_float_format_dtoa	owner_module_only	system_memory_1fff_pointer_or_table_ref	0x1ffff490	0x1ffff490	1	1	00020e04_FUN_00020e04.c	libc/float-format/dtoa owner	semantic_not_assigned_v49	not_patch_ready	v49 owner/module classification; do not treat owner bucket as source-level field name.				semantic_not_assigned_v50				semantic_not_assigned_v51				semantic_not_assigned_v52
DAT_00020e10	0x00020e10	libc_float_format_dtoa	owner_module_only	system_memory_1fff_pointer_or_table_ref	0x1ffff4b0	0x1ffff4b0	1	1	00020e0c_FUN_00020e0c.c	libc/float-format/dtoa owner	semantic_not_assigned_v49	not_patch_ready	v49 owner/module classification; do not treat owner bucket as source-level field name.				semantic_not_assigned_v50				semantic_not_assigned_v51				semantic_not_assigned_v52
DAT_00020e18	0x00020e18	libc_float_format_dtoa	owner_module_only	system_memory_1fff_pointer_or_table_ref	0x1ffff490	0x1ffff490	1	1	00020e14_FUN_00020e14.c	libc/float-format/dtoa owner	semantic_not_assigned_v49	not_patch_ready	v49 owner/module classification; do not treat owner bucket as source-level field name.				semantic_not_assigned_v50				semantic_not_assigned_v51				semantic_not_assigned_v52
DAT_00020f08	0x00020f08	libc_float_format_dtoa	owner_module_only	integer_or_bitmask_constant	0xffffffe5	0xffffffe5	1	1	00020ee6_FUN_00020ee6.c	libc/float-format/dtoa owner	semantic_not_assigned_v49	not_patch_ready	v49 owner/module classification; do not treat owner bucket as source-level field name.				semantic_not_assigned_v50				semantic_not_assigned_v51				semantic_not_assigned_v52
DAT_00020f7c	0x00020f7c	libc_float_format_dtoa	owner_module_only	integer_or_bitmask_constant	0x004e414e	0x004e414e	1	1	00020f0c_FUN_00020f0c.c	libc/float-format/dtoa owner	semantic_not_assigned_v49	not_patch_ready	v49 owner/module classification; do not treat owner bucket as source-level field name.				semantic_not_assigned_v50				semantic_not_assigned_v51				semantic_not_assigned_v52
DAT_0002106c	0x0002106c	libc_float_format_dtoa	owner_module_only	integer_or_bitmask_constant	0x00007680	0x00007680	7	1	00020f8c_FUN_00020f8c.c	libc/float-format/dtoa owner	semantic_not_assigned_v49	not_patch_ready	v49 owner/module classification; do not treat owner bucket as source-level field name.				semantic_not_assigned_v50				semantic_not_assigned_v51				semantic_not_assigned_v52
DAT_00021ae4	0x00021ae4	platform_peripheral_init	owner_module_only	mmio_register_pointer	0x40053bfc	0x40053bfc	5	1	00021a00_FUN_00021a00.c	DM4310-specific 0x21a00 peripheral init, not DM8009 clamp helper	semantic_not_assigned_v49	not_patch_ready	v49 owner/module classification; do not treat owner bucket as source-level field name.				semantic_not_assigned_v50				semantic_not_assigned_v51	platform_peripheral_init_mmio_40053bfc_ref	guarded	mmio_or_peripheral_pointer_analysis_label	semantic_named_v52
DAT_00021ae8	0x00021ae8	platform_peripheral_init	owner_module_only	mmio_register_pointer	0x40054000	0x40054000	3	1	00021a00_FUN_00021a00.c	DM4310-specific 0x21a00 peripheral init, not DM8009 clamp helper	semantic_not_assigned_v49	not_patch_ready	v49 owner/module classification; do not treat owner bucket as source-level field name.				semantic_not_assigned_v50				semantic_not_assigned_v51	platform_peripheral_init_mmio_40054000_ref	guarded	mmio_or_peripheral_pointer_analysis_label	semantic_named_v52
DAT_00021aec	0x00021aec	platform_peripheral_init	owner_module_only	mmio_register_pointer	0x4004cc10	0x4004cc10	1	1	00021a00_FUN_00021a00.c	DM4310-specific 0x21a00 peripheral init, not DM8009 clamp helper	semantic_not_assigned_v49	not_patch_ready	v49 owner/module classification; do not treat owner bucket as source-level field name.				semantic_not_assigned_v50				semantic_not_assigned_v51	platform_peripheral_init_mmio_4004cc10_ref	guarded	mmio_or_peripheral_pointer_analysis_label	semantic_named_v52
DAT_00021af0	0x00021af0	platform_peripheral_init	owner_module_only	mmio_register_pointer	0x40040818	0x40040818	7	1	00021a00_FUN_00021a00.c	DM4310-specific 0x21a00 peripheral init, not DM8009 clamp helper	semantic_not_assigned_v49	not_patch_ready	v49 owner/module classification; do not treat owner bucket as source-level field name.				semantic_not_assigned_v50				semantic_not_assigned_v51	platform_peripheral_init_mmio_40040818_ref	guarded	mmio_or_peripheral_pointer_analysis_label	semantic_named_v52
DAT_00021af4	0x00021af4	platform_peripheral_init	owner_module_only	mmio_register_pointer	0x40048000	0x40048000	2	1	00021a00_FUN_00021a00.c	DM4310-specific 0x21a00 peripheral init, not DM8009 clamp helper	semantic_not_assigned_v49	not_patch_ready	v49 owner/module classification; do not treat owner bucket as source-level field name.				semantic_not_assigned_v50				semantic_not_assigned_v51	platform_peripheral_init_mmio_40048000_ref	guarded	mmio_or_peripheral_pointer_analysis_label	semantic_named_v52
DAT_00021af8	0x00021af8	platform_peripheral_init	owner_module_only	mmio_register_pointer	0x40040000	0x40040000	2	1	00021a00_FUN_00021a00.c	DM4310-specific 0x21a00 peripheral init, not DM8009 clamp helper	semantic_not_assigned_v49	not_patch_ready	v49 owner/module classification; do not treat owner bucket as source-level field name.				semantic_not_assigned_v50				semantic_not_assigned_v51	platform_peripheral_init_mmio_40040000_ref	guarded	mmio_or_peripheral_pointer_analysis_label	semantic_named_v52
DAT_00021afc	0x00021afc	platform_peripheral_init	owner_module_only	mmio_register_pointer	0x40040400	0x40040400	6	1	00021a00_FUN_00021a00.c	DM4310-specific 0x21a00 peripheral init, not DM8009 clamp helper	semantic_not_assigned_v49	not_patch_ready	v49 owner/module classification; do not treat owner bucket as source-level field name.				semantic_not_assigned_v50				semantic_not_assigned_v51	platform_peripheral_init_mmio_40040400_ref	guarded	mmio_or_peripheral_pointer_analysis_label	semantic_named_v52
DAT_00021c08	0x00021c08	platform_adc_current_sampling	owner_module_only	integer_or_bitmask_constant	0x00000000	0x00000000	4	1	00021b00_FUN_00021b00.c	ADC/current sampling or offset collection owner by function range and pseudo-C context	semantic_not_assigned_v49	not_patch_ready	v49 owner/module classification; do not treat owner bucket as source-level field name.	adc_offset_accumulator_zero_init	high	zero_or_accumulator_init	semantic_named_v50	adc_offset_accumulator_zero_init	high	zero_or_accumulator_init	semantic_named_carried_v50	adc_offset_accumulator_zero_init	high	zero_or_accumulator_init	semantic_named_carried_v51
DAT_00021c0c	0x00021c0c	platform_adc_current_sampling	owner_module_only	mmio_register_pointer	0x40040000	0x40040000	1	1	00021b00_FUN_00021b00.c	ADC/current sampling or offset collection owner by function range and pseudo-C context	semantic_not_assigned_v49	not_patch_ready	v49 owner/module classification; do not treat owner bucket as source-level field name.	adc_phase_u_register_block_base	guarded	mmio_adc_register_block	semantic_named_v50	adc_phase_u_register_block_base	guarded	mmio_adc_register_block	semantic_named_carried_v50	adc_phase_u_register_block_base	guarded	mmio_adc_register_block	semantic_named_carried_v51
DAT_00021c10	0x00021c10	platform_adc_current_sampling	owner_module_only	mmio_register_pointer	0x40040400	0x40040400	4	1	00021b00_FUN_00021b00.c	ADC/current sampling or offset collection owner by function range and pseudo-C context	semantic_not_assigned_v49	not_patch_ready	v49 owner/module classification; do not treat owner bucket as source-level field name.	adc_phase_v_register_block_base	guarded	mmio_adc_register_block	semantic_named_v50	adc_phase_v_register_block_base	guarded	mmio_adc_register_block	semantic_named_carried_v50	adc_phase_v_register_block_base	guarded	mmio_adc_register_block	semantic_named_carried_v51
DAT_00021c14	0x00021c14	platform_adc_current_sampling	owner_module_only	mmio_register_pointer	0x40040800	0x40040800	3	1	00021b00_FUN_00021b00.c	ADC/current sampling or offset collection owner by function range and pseudo-C context	semantic_not_assigned_v49	not_patch_ready	v49 owner/module classification; do not treat owner bucket as source-level field name.	adc_phase_w_register_block_base	guarded	mmio_adc_register_block	semantic_named_v50	adc_phase_w_register_block_base	guarded	mmio_adc_register_block	semantic_named_carried_v50	adc_phase_w_register_block_base	guarded	mmio_adc_register_block	semantic_named_carried_v51
DAT_00021c18	0x00021c18	platform_adc_current_sampling	owner_module_only	mmio_register_pointer	0x447a0000	0x447a0000	3	1	00021b00_FUN_00021b00.c	ADC/current sampling or offset collection owner by function range and pseudo-C context	semantic_not_assigned_v49	not_patch_ready	v49 owner/module classification; do not treat owner bucket as source-level field name.	adc_offset_average_divisor_1000	high	float32_constant	semantic_named_v50	adc_offset_average_divisor_1000	high	float32_constant	semantic_named_carried_v50	adc_offset_average_divisor_1000	high	float32_constant	semantic_named_carried_v51
DAT_00021c88	0x00021c88	platform_adc_current_sampling	owner_module_only	float32_candidate_or_encoded_constant	0x33221100	u32=0x33221100; f32=3.77340257e-08	1	1	00021c1c_FUN_00021c1c.c	ADC/current sampling or offset collection owner by function range and pseudo-C context	semantic_not_assigned_v49	not_patch_ready	v49 owner/module classification; do not treat owner bucket as source-level field name.				semantic_not_assigned_v50				semantic_not_assigned_v51	adc_current_sampling_guarded_float_or_encoded_literal_21c88	medium	float_or_encoded_literal_analysis_label	semantic_named_v52
DAT_00021c8c	0x00021c8c	platform_adc_current_sampling	owner_module_only	integer_or_bitmask_constant	0x77665544	0x77665544	1	1	00021c1c_FUN_00021c1c.c	ADC/current sampling or offset collection owner by function range and pseudo-C context	semantic_not_assigned_v49	not_patch_ready	v49 owner/module classification; do not treat owner bucket as source-level field name.				semantic_not_assigned_v50				semantic_not_assigned_v51	adc_current_sampling_guarded_integer_or_bitmask_literal_21c8c	medium	integer_or_bitmask_analysis_label	semantic_named_v52
DAT_00021c90	0x00021c90	platform_adc_current_sampling	owner_module_only	float32_candidate_or_encoded_constant	0xbbaa9988	u32=0xbbaa9988; f32=-0.00520629063	1	1	00021c1c_FUN_00021c1c.c	ADC/current sampling or offset collection owner by function range and pseudo-C context	semantic_not_assigned_v49	not_patch_ready	v49 owner/module classification; do not treat owner bucket as source-level field name.				semantic_not_assigned_v50				semantic_not_assigned_v51	adc_current_sampling_guarded_float_or_encoded_literal_21c90	medium	float_or_encoded_literal_analysis_label	semantic_named_v52
DAT_00021c94	0x00021c94	platform_adc_current_sampling	owner_module_only	integer_or_bitmask_constant	0xffeeddcc	0xffeeddcc	1	1	00021c1c_FUN_00021c1c.c	ADC/current sampling or offset collection owner by function range and pseudo-C context	semantic_not_assigned_v49	not_patch_ready	v49 owner/module classification; do not treat owner bucket as source-level field name.				semantic_not_assigned_v50				semantic_not_assigned_v51	adc_current_sampling_guarded_integer_or_bitmask_literal_21c94	medium	integer_or_bitmask_analysis_label	semantic_named_v52
DAT_00021e58	0x00021e58	platform_canfd_message_ram	owner_module_only	mmio_register_pointer	0x40048000	0x40048000	2	1	00021cc8_FUN_00021cc8.c	CAN/CAN-FD/message-RAM setup owner by function range and register-heavy pseudo-C	semantic_not_assigned_v49	not_patch_ready	v49 owner/module classification; do not treat owner bucket as source-level field name.				semantic_not_assigned_v50				semantic_not_assigned_v51	canfd_message_ram_mmio_40048000_ref	guarded	mmio_or_peripheral_pointer_analysis_label	semantic_named_v52
DAT_00021e5c	0x00021e5c	platform_canfd_message_ram	owner_module_only	mmio_register_pointer	0x40053bfc	0x40053bfc	5	1	00021cc8_FUN_00021cc8.c	CAN/CAN-FD/message-RAM setup owner by function range and register-heavy pseudo-C	semantic_not_assigned_v49	not_patch_ready	v49 owner/module classification; do not treat owner bucket as source-level field name.				semantic_not_assigned_v50				semantic_not_assigned_v51	canfd_message_ram_mmio_40053bfc_ref	guarded	mmio_or_peripheral_pointer_analysis_label	semantic_named_v52
DAT_00021e60	0x00021e60	platform_canfd_message_ram	owner_module_only	mmio_register_pointer	0x40054000	0x40054000	3	1	00021cc8_FUN_00021cc8.c	CAN/CAN-FD/message-RAM setup owner by function range and register-heavy pseudo-C	semantic_not_assigned_v49	not_patch_ready	v49 owner/module classification; do not treat owner bucket as source-level field name.				semantic_not_assigned_v50				semantic_not_assigned_v51	canfd_message_ram_mmio_40054000_ref	guarded	mmio_or_peripheral_pointer_analysis_label	semantic_named_v52
DAT_00021e64	0x00021e64	platform_canfd_message_ram	owner_module_only	mmio_register_pointer	0x40029000	0x40029000	3	1	00021cc8_FUN_00021cc8.c	CAN/CAN-FD/message-RAM setup owner by function range and register-heavy pseudo-C	semantic_not_assigned_v49	not_patch_ready	v49 owner/module classification; do not treat owner bucket as source-level field name.				semantic_not_assigned_v50				semantic_not_assigned_v51	canfd_message_ram_mmio_40029000_ref	guarded	mmio_or_peripheral_pointer_analysis_label	semantic_named_v52
DAT_00021e68	0x00021e68	platform_canfd_message_ram	owner_module_only	integer_or_bitmask_constant	0x80030080	0x80030080	2	1	00021cc8_FUN_00021cc8.c	CAN/CAN-FD/message-RAM setup owner by function range and register-heavy pseudo-C	semantic_not_assigned_v49	not_patch_ready	v49 owner/module classification; do not treat owner bucket as source-level field name.				semantic_not_assigned_v50				semantic_not_assigned_v51	canfd_message_ram_integer_or_bitmask_literal_21e68	guarded	integer_or_bitmask_analysis_label	semantic_named_v52
DAT_00021e6c	0x00021e6c	platform_canfd_message_ram	owner_module_only	app_flash_pointer_or_literal_ref	0x00030308	0x00030308	1	1	00021cc8_FUN_00021cc8.c	CAN/CAN-FD/message-RAM setup owner by function range and register-heavy pseudo-C	semantic_not_assigned_v49	not_patch_ready	v49 owner/module classification; do not treat owner bucket as source-level field name.				semantic_not_assigned_v50				semantic_not_assigned_v51	canfd_message_ram_app_flash_00030308_ref	guarded	app_flash_or_literal_analysis_label	semantic_named_v52
DAT_00021e70	0x00021e70	platform_canfd_message_ram	owner_module_only	float32_candidate_or_encoded_constant	0x03000328	u32=0x03000328; f32=3.76194424e-37	1	1	00021cc8_FUN_00021cc8.c	CAN/CAN-FD/message-RAM setup owner by function range and register-heavy pseudo-C	semantic_not_assigned_v49	not_patch_ready	v49 owner/module classification; do not treat owner bucket as source-level field name.				semantic_not_assigned_v50				semantic_not_assigned_v51	canfd_message_ram_float_or_encoded_literal_21e70	guarded	float_or_encoded_literal_analysis_label	semantic_named_v52
DAT_00021e74	0x00021e74	platform_canfd_message_ram	owner_module_only	mmio_register_pointer	0x4002b000	0x4002b000	2	1	00021cc8_FUN_00021cc8.c	CAN/CAN-FD/message-RAM setup owner by function range and register-heavy pseudo-C	semantic_not_assigned_v49	not_patch_ready	v49 owner/module classification; do not treat owner bucket as source-level field name.				semantic_not_assigned_v50				semantic_not_assigned_v51	canfd_message_ram_mmio_4002b000_ref	guarded	mmio_or_peripheral_pointer_analysis_label	semantic_named_v52
DAT_00021e78	0x00021e78	platform_canfd_message_ram	owner_module_only	float32_candidate_or_encoded_constant	0x880000ff	u32=0x880000ff; f32=-3.85197698e-34	1	1	00021cc8_FUN_00021cc8.c	CAN/CAN-FD/message-RAM setup owner by function range and register-heavy pseudo-C	semantic_not_assigned_v49	not_patch_ready	v49 owner/module classification; do not treat owner bucket as source-level field name.				semantic_not_assigned_v50				semantic_not_assigned_v51	canfd_message_ram_float_or_encoded_literal_21e78	guarded	float_or_encoded_literal_analysis_label	semantic_named_v52
DAT_00021e7c	0x00021e7c	platform_canfd_message_ram	owner_module_only	float32_candidate_or_encoded_constant	0x8fff07ff	u32=0x8fff07ff; f32=-2.51480213e-29	1	1	00021cc8_FUN_00021cc8.c	CAN/CAN-FD/message-RAM setup owner by function range and register-heavy pseudo-C	semantic_not_assigned_v49	not_patch_ready	v49 owner/module classification; do not treat owner bucket as source-level field name.				semantic_not_assigned_v50				semantic_not_assigned_v51	canfd_message_ram_float_or_encoded_literal_21e7c	guarded	float_or_encoded_literal_analysis_label	semantic_named_v52
DAT_00021e80	0x00021e80	platform_canfd_message_ram	owner_module_only	float32_candidate_or_encoded_constant	0x02800011	u32=0x02800011; f32=1.88079477e-37	2	1	00021cc8_FUN_00021cc8.c	CAN/CAN-FD/message-RAM setup owner by function range and register-heavy pseudo-C	semantic_not_assigned_v49	not_patch_ready	v49 owner/module classification; do not treat owner bucket as source-level field name.				semantic_not_assigned_v50				semantic_not_assigned_v51	canfd_message_ram_float_or_encoded_literal_21e80	guarded	float_or_encoded_literal_analysis_label	semantic_named_v52
DAT_00021e84	0x00021e84	platform_canfd_message_ram	owner_module_only	mmio_register_pointer	0x40051000	0x40051000	1	1	00021cc8_FUN_00021cc8.c	CAN/CAN-FD/message-RAM setup owner by function range and register-heavy pseudo-C	semantic_not_assigned_v49	not_patch_ready	v49 owner/module classification; do not treat owner bucket as source-level field name.				semantic_not_assigned_v50				semantic_not_assigned_v51	canfd_message_ram_mmio_40051000_ref	guarded	mmio_or_peripheral_pointer_analysis_label	semantic_named_v52
DAT_00021ec8	0x00021ec8	platform_canfd_message_ram	owner_module_only	float32_candidate_or_encoded_constant	0xa5a50001	u32=0xa5a50001; f32=-2.862294e-16	2	1	00021eb0_FUN_00021eb0.c	CAN/CAN-FD/message-RAM setup owner by function range and register-heavy pseudo-C	semantic_not_assigned_v49	not_patch_ready	v49 owner/module classification; do not treat owner bucket as source-level field name.				semantic_not_assigned_v50				semantic_not_assigned_v51	canfd_message_ram_float_or_encoded_literal_21ec8	guarded	float_or_encoded_literal_analysis_label	semantic_named_v52
DAT_00021ecc	0x00021ecc	platform_canfd_message_ram	owner_module_only	mmio_register_pointer	0x40048000	0x40048000	2	1	00021eb0_FUN_00021eb0.c	CAN/CAN-FD/message-RAM setup owner by function range and register-heavy pseudo-C	semantic_not_assigned_v49	not_patch_ready	v49 owner/module classification; do not treat owner bucket as source-level field name.				semantic_not_assigned_v50				semantic_not_assigned_v51	canfd_message_ram_mmio_40048000_ref	guarded	mmio_or_peripheral_pointer_analysis_label	semantic_named_v52
DAT_00021f5c	0x00021f5c	platform_canfd_message_ram	owner_module_only	mmio_register_pointer	0x4003a000	0x4003a000	1	1	00021f28_FUN_00021f28.c	CAN/CAN-FD/message-RAM setup owner by function range and register-heavy pseudo-C	semantic_not_assigned_v49	not_patch_ready	v49 owner/module classification; do not treat owner bucket as source-level field name.				semantic_not_assigned_v50				semantic_not_assigned_v51	canfd_message_ram_mmio_4003a000_ref	guarded	mmio_or_peripheral_pointer_analysis_label	semantic_named_v52
DAT_00021fc0	0x00021fc0	platform_canfd_message_ram	owner_module_only	mmio_register_pointer	0x4003a000	0x4003a000	1	1	00021f60_FUN_00021f60.c	CAN/CAN-FD/message-RAM setup owner by function range and register-heavy pseudo-C	semantic_not_assigned_v49	not_patch_ready	v49 owner/module classification; do not treat owner bucket as source-level field name.				semantic_not_assigned_v50				semantic_not_assigned_v51	canfd_message_ram_mmio_4003a000_ref	guarded	mmio_or_peripheral_pointer_analysis_label	semantic_named_v52
DAT_000221c0	0x000221c0	platform_canfd_message_ram	owner_module_only	mmio_register_pointer	0x40048000	0x40048000	2	1	00021fc4_FUN_00021fc4.c	CAN/CAN-FD/message-RAM setup owner by function range and register-heavy pseudo-C	semantic_not_assigned_v49	not_patch_ready	v49 owner/module classification; do not treat owner bucket as source-level field name.				semantic_not_assigned_v50				semantic_not_assigned_v51	canfd_message_ram_mmio_40048000_ref	guarded	mmio_or_peripheral_pointer_analysis_label	semantic_named_v52
DAT_000221c4	0x000221c4	platform_canfd_message_ram	owner_module_only	mmio_register_pointer	0x40053bfc	0x40053bfc	4	1	00021fc4_FUN_00021fc4.c	CAN/CAN-FD/message-RAM setup owner by function range and register-heavy pseudo-C	semantic_not_assigned_v49	not_patch_ready	v49 owner/module classification; do not treat owner bucket as source-level field name.				semantic_not_assigned_v50				semantic_not_assigned_v51	canfd_message_ram_mmio_40053bfc_ref	guarded	mmio_or_peripheral_pointer_analysis_label	semantic_named_v52
DAT_000221c8	0x000221c8	platform_canfd_message_ram	owner_module_only	mmio_register_pointer	0x40054000	0x40054000	3	1	00021fc4_FUN_00021fc4.c	CAN/CAN-FD/message-RAM setup owner by function range and register-heavy pseudo-C	semantic_not_assigned_v49	not_patch_ready	v49 owner/module classification; do not treat owner bucket as source-level field name.				semantic_not_assigned_v50				semantic_not_assigned_v51	canfd_message_ram_mmio_40054000_ref	guarded	mmio_or_peripheral_pointer_analysis_label	semantic_named_v52
DAT_000221cc	0x000221cc	platform_canfd_message_ram	owner_module_only	mmio_register_pointer	0x40029000	0x40029000	3	1	00021fc4_FUN_00021fc4.c	CAN/CAN-FD/message-RAM setup owner by function range and register-heavy pseudo-C	semantic_not_assigned_v49	not_patch_ready	v49 owner/module classification; do not treat owner bucket as source-level field name.				semantic_not_assigned_v50				semantic_not_assigned_v51	canfd_message_ram_mmio_40029000_ref	guarded	mmio_or_peripheral_pointer_analysis_label	semantic_named_v52
DAT_000221d0	0x000221d0	platform_canfd_message_ram	owner_module_only	float32_candidate_or_encoded_constant	0x26003a13	u32=0x26003a13; f32=4.44876262e-16	1	1	00021fc4_FUN_00021fc4.c	CAN/CAN-FD/message-RAM setup owner by function range and register-heavy pseudo-C	semantic_not_assigned_v49	not_patch_ready	v49 owner/module classification; do not treat owner bucket as source-level field name.				semantic_not_assigned_v50				semantic_not_assigned_v51	canfd_message_ram_float_or_encoded_literal_221d0	guarded	float_or_encoded_literal_analysis_label	semantic_named_v52
DAT_000221d4	0x000221d4	platform_canfd_message_ram	owner_module_only	integer_or_bitmask_constant	0x80030080	0x80030080	2	1	00021fc4_FUN_00021fc4.c	CAN/CAN-FD/message-RAM setup owner by function range and register-heavy pseudo-C	semantic_not_assigned_v49	not_patch_ready	v49 owner/module classification; do not treat owner bucket as source-level field name.				semantic_not_assigned_v50				semantic_not_assigned_v51	canfd_message_ram_integer_or_bitmask_literal_221d4	guarded	integer_or_bitmask_analysis_label	semantic_named_v52
DAT_000221d8	0x000221d8	platform_canfd_message_ram	owner_module_only	integer_or_bitmask_constant	0x00040308	0x00040308	1	1	00021fc4_FUN_00021fc4.c	CAN/CAN-FD/message-RAM setup owner by function range and register-heavy pseudo-C	semantic_not_assigned_v49	not_patch_ready	v49 owner/module classification; do not treat owner bucket as source-level field name.				semantic_not_assigned_v50				semantic_not_assigned_v51	canfd_message_ram_integer_or_bitmask_literal_221d8	guarded	integer_or_bitmask_analysis_label	semantic_named_v52
DAT_000221dc	0x000221dc	platform_canfd_message_ram	owner_module_only	float32_candidate_or_encoded_constant	0x03000328	u32=0x03000328; f32=3.76194424e-37	1	1	00021fc4_FUN_00021fc4.c	CAN/CAN-FD/message-RAM setup owner by function range and register-heavy pseudo-C	semantic_not_assigned_v49	not_patch_ready	v49 owner/module classification; do not treat owner bucket as source-level field name.				semantic_not_assigned_v50				semantic_not_assigned_v51	canfd_message_ram_float_or_encoded_literal_221dc	guarded	float_or_encoded_literal_analysis_label	semantic_named_v52
DAT_000221e0	0x000221e0	platform_canfd_message_ram	owner_module_only	mmio_register_pointer	0x4002b000	0x4002b000	2	1	00021fc4_FUN_00021fc4.c	CAN/CAN-FD/message-RAM setup owner by function range and register-heavy pseudo-C	semantic_not_assigned_v49	not_patch_ready	v49 owner/module classification; do not treat owner bucket as source-level field name.				semantic_not_assigned_v50				semantic_not_assigned_v51	canfd_message_ram_mmio_4002b000_ref	guarded	mmio_or_peripheral_pointer_analysis_label	semantic_named_v52
DAT_000221e4	0x000221e4	platform_canfd_message_ram	owner_module_only	float32_candidate_or_encoded_constant	0x880000ff	u32=0x880000ff; f32=-3.85197698e-34	1	1	00021fc4_FUN_00021fc4.c	CAN/CAN-FD/message-RAM setup owner by function range and register-heavy pseudo-C	semantic_not_assigned_v49	not_patch_ready	v49 owner/module classification; do not treat owner bucket as source-level field name.				semantic_not_assigned_v50				semantic_not_assigned_v51	canfd_message_ram_float_or_encoded_literal_221e4	guarded	float_or_encoded_literal_analysis_label	semantic_named_v52
DAT_000221e8	0x000221e8	platform_canfd_message_ram	owner_module_only	float32_candidate_or_encoded_constant	0x8fff07ff	u32=0x8fff07ff; f32=-2.51480213e-29	1	1	00021fc4_FUN_00021fc4.c	CAN/CAN-FD/message-RAM setup owner by function range and register-heavy pseudo-C	semantic_not_assigned_v49	not_patch_ready	v49 owner/module classification; do not treat owner bucket as source-level field name.				semantic_not_assigned_v50				semantic_not_assigned_v51	canfd_message_ram_float_or_encoded_literal_221e8	guarded	float_or_encoded_literal_analysis_label	semantic_named_v52
DAT_000221ec	0x000221ec	platform_canfd_message_ram	owner_module_only	float32_candidate_or_encoded_constant	0x02800011	u32=0x02800011; f32=1.88079477e-37	2	1	00021fc4_FUN_00021fc4.c	CAN/CAN-FD/message-RAM setup owner by function range and register-heavy pseudo-C	semantic_not_assigned_v49	not_patch_ready	v49 owner/module classification; do not treat owner bucket as source-level field name.				semantic_not_assigned_v50				semantic_not_assigned_v51	canfd_message_ram_float_or_encoded_literal_221ec	guarded	float_or_encoded_literal_analysis_label	semantic_named_v52
DAT_000221f0	0x000221f0	platform_canfd_message_ram	owner_module_only	mmio_register_pointer	0x40051000	0x40051000	1	1	00021fc4_FUN_00021fc4.c	CAN/CAN-FD/message-RAM setup owner by function range and register-heavy pseudo-C	semantic_not_assigned_v49	not_patch_ready	v49 owner/module classification; do not treat owner bucket as source-level field name.				semantic_not_assigned_v50				semantic_not_assigned_v51	canfd_message_ram_mmio_40051000_ref	guarded	mmio_or_peripheral_pointer_analysis_label	semantic_named_v52
DAT_00022238	0x00022238	platform_canfd_message_ram	owner_module_only	mmio_register_pointer	0x40053bfc	0x40053bfc	2	1	000221f4_FUN_000221f4.c	CAN/CAN-FD/message-RAM setup owner by function range and register-heavy pseudo-C	semantic_not_assigned_v49	not_patch_ready	v49 owner/module classification; do not treat owner bucket as source-level field name.				semantic_not_assigned_v50				semantic_not_assigned_v51	canfd_message_ram_mmio_40053bfc_ref	guarded	mmio_or_peripheral_pointer_analysis_label	semantic_named_v52
DAT_0002223c	0x0002223c	platform_canfd_message_ram	owner_module_only	mmio_register_pointer	0x40053d48	0x40053d48	3	1	000221f4_FUN_000221f4.c	CAN/CAN-FD/message-RAM setup owner by function range and register-heavy pseudo-C	semantic_not_assigned_v49	not_patch_ready	v49 owner/module classification; do not treat owner bucket as source-level field name.				semantic_not_assigned_v50				semantic_not_assigned_v51	canfd_message_ram_mmio_40053d48_ref	guarded	mmio_or_peripheral_pointer_analysis_label	semantic_named_v52
DAT_00022240	0x00022240	platform_canfd_message_ram	owner_module_only	mmio_register_pointer	0x40053828	0x40053828	5	1	000221f4_FUN_000221f4.c	CAN/CAN-FD/message-RAM setup owner by function range and register-heavy pseudo-C	semantic_not_assigned_v49	not_patch_ready	v49 owner/module classification; do not treat owner bucket as source-level field name.				semantic_not_assigned_v50				semantic_not_assigned_v51	canfd_message_ram_mmio_40053828_ref	guarded	mmio_or_peripheral_pointer_analysis_label	semantic_named_v52
DAT_00022514	0x00022514	protocol_irq_command_parser	owner_module_only	mmio_register_pointer	0x4001cc00	0x4001cc00	1	1	00022244_Vector_20_Handler.c	Vector_20 / protocol IRQ / command-parser owner	semantic_not_assigned_v49	not_patch_ready	v49 owner/module classification; do not treat owner bucket as source-level field name.				semantic_not_assigned_v50	protocol_irq_status_register_block	guarded	mmio_status_register	semantic_named_v51	protocol_irq_status_register_block	guarded	mmio_status_register	semantic_named_carried_v51
DAT_00022518	0x00022518	protocol_irq_command_parser	owner_module_only	mmio_register_pointer	0x40053000	0x40053000	4	1	00022244_Vector_20_Handler.c	Vector_20 / protocol IRQ / command-parser owner	semantic_not_assigned_v49	not_patch_ready	v49 owner/module classification; do not treat owner bucket as source-level field name.				semantic_not_assigned_v50	protocol_canfd_or_rx_fifo_register_block	guarded	mmio_register_block	semantic_named_v51	protocol_canfd_or_rx_fifo_register_block	guarded	mmio_register_block	semantic_named_carried_v51
DAT_0002251c	0x0002251c	protocol_irq_command_parser	owner_module_only	system_memory_1fff_pointer_or_table_ref	0x1fffa5b8	0x1fffa5b8	4	1	00022244_Vector_20_Handler.c	Vector_20 / protocol IRQ / command-parser owner	semantic_not_assigned_v49	not_patch_ready	v49 owner/module classification; do not treat owner bucket as source-level field name.				semantic_not_assigned_v50	protocol_rx_length_shadow_1fffa5b8	guarded	system_memory_shadow	semantic_named_v51	protocol_rx_length_shadow_1fffa5b8	guarded	system_memory_shadow	semantic_named_carried_v51
DAT_00022520	0x00022520	protocol_irq_command_parser	owner_module_only	system_memory_1fff_pointer_or_table_ref	0x1ffff3c7	0x1ffff3c7	4	1	00022244_Vector_20_Handler.c	Vector_20 / protocol IRQ / command-parser owner	semantic_not_assigned_v49	not_patch_ready	v49 owner/module classification; do not treat owner bucket as source-level field name.				semantic_not_assigned_v50	protocol_rx_frame_buffer_ptr_1ffff3c7	guarded	system_memory_buffer_ptr	semantic_named_v51	protocol_rx_frame_buffer_ptr_1ffff3c7	guarded	system_memory_buffer_ptr	semantic_named_carried_v51
DAT_00022524	0x00022524	protocol_irq_command_parser	owner_module_only	system_memory_1fff_pointer_or_table_ref	0x1ffff104	0x1ffff104	1	1	00022244_Vector_20_Handler.c	Vector_20 / protocol IRQ / command-parser owner	semantic_not_assigned_v49	not_patch_ready	v49 owner/module classification; do not treat owner bucket as source-level field name.				semantic_not_assigned_v50	protocol_command_runtime_state_ptr_1ffff104	guarded	system_memory_state_ptr	semantic_named_v51	protocol_command_runtime_state_ptr_1ffff104	guarded	system_memory_state_ptr	semantic_named_carried_v51
DAT_00022528	0x00022528	protocol_irq_command_parser	owner_module_only	system_memory_1fff_pointer_or_table_ref	0x1ffff088	0x1ffff088	4	1	00022244_Vector_20_Handler.c	Vector_20 / protocol IRQ / command-parser owner	semantic_not_assigned_v49	not_patch_ready	v49 owner/module classification; do not treat owner bucket as source-level field name.				semantic_not_assigned_v50	protocol_parser_state_ptr_1ffff088	guarded	system_memory_state_ptr	semantic_named_v51	protocol_parser_state_ptr_1ffff088	guarded	system_memory_state_ptr	semantic_named_carried_v51
DAT_0002252c	0x0002252c	protocol_irq_command_parser	owner_module_only	mmio_register_pointer	0xe000ed0c	0xe000ed0c	2	1	00022244_Vector_20_Handler.c	Vector_20 / protocol IRQ / command-parser owner	semantic_not_assigned_v49	not_patch_ready	v49 owner/module classification; do not treat owner bucket as source-level field name.				semantic_not_assigned_v50	scb_aircr_system_reset_register	guarded	mmio_system_control	semantic_named_v51	scb_aircr_system_reset_register	guarded	mmio_system_control	semantic_named_carried_v51
DAT_00022530	0x00022530	protocol_irq_command_parser	owner_module_only	float32_candidate_or_encoded_constant	0x05fa0004	u32=0x05fa0004; f32=2.35098928e-35	1	1	00022244_Vector_20_Handler.c	Vector_20 / protocol IRQ / command-parser owner	semantic_not_assigned_v49	not_patch_ready	v49 owner/module classification; do not treat owner bucket as source-level field name.				semantic_not_assigned_v50	aircr_sysresetreq_key_value_0x05fa0004	high	encoded_reset_key	semantic_named_v51	aircr_sysresetreq_key_value_0x05fa0004	high	encoded_reset_key	semantic_named_carried_v51
DAT_00022534	0x00022534	protocol_irq_command_parser	owner_module_only	system_memory_1fff_pointer_or_table_ref	0x1ffff1f0	0x1ffff1f0	4	1	00022244_Vector_20_Handler.c	Vector_20 / protocol IRQ / command-parser owner	semantic_not_assigned_v49	not_patch_ready	v49 owner/module classification; do not treat owner bucket as source-level field name.				semantic_not_assigned_v50	protocol_status_flags_ptr_1ffff1f0	guarded	system_memory_status_flags	semantic_named_v51	protocol_status_flags_ptr_1ffff1f0	guarded	system_memory_status_flags	semantic_named_carried_v51
DAT_00022538	0x00022538	protocol_irq_command_parser	owner_module_only	system_memory_1fff_pointer_or_table_ref	0x1fffa5c8	0x1fffa5c8	5	1	00022244_Vector_20_Handler.c	Vector_20 / protocol IRQ / command-parser owner	semantic_not_assigned_v49	not_patch_ready	v49 owner/module classification; do not treat owner bucket as source-level field name.				semantic_not_assigned_v50	protocol_working_config_ptr_1fffa5c8	guarded	system_memory_config_shadow	semantic_named_v51	protocol_working_config_ptr_1fffa5c8	guarded	system_memory_config_shadow	semantic_named_carried_v51
DAT_0002253c	0x0002253c	protocol_irq_command_parser	owner_module_only	system_memory_1fff_pointer_or_table_ref	0x1ffff340	0x1ffff340	3	1	00022244_Vector_20_Handler.c	Vector_20 / protocol IRQ / command-parser owner	semantic_not_assigned_v49	not_patch_ready	v49 owner/module classification; do not treat owner bucket as source-level field name.				semantic_not_assigned_v50	protocol_payload_decode_scratch_ptr_1ffff340	guarded	system_memory_scratch	semantic_named_v51	protocol_payload_decode_scratch_ptr_1ffff340	guarded	system_memory_scratch	semantic_named_carried_v51
DAT_00022540	0x00022540	protocol_irq_command_parser	owner_module_only	system_memory_1fff_pointer_or_table_ref	0x1fffc838	0x1fffc838	7	1	00022244_Vector_20_Handler.c	Vector_20 / protocol IRQ / command-parser owner	semantic_not_assigned_v49	not_patch_ready	v49 owner/module classification; do not treat owner bucket as source-level field name.				semantic_not_assigned_v50	protocol_tx_frame_buffer_ptr_1fffc838	guarded	system_memory_tx_buffer	semantic_named_v51	protocol_tx_frame_buffer_ptr_1fffc838	guarded	system_memory_tx_buffer	semantic_named_carried_v51
DAT_00022544	0x00022544	protocol_irq_command_parser	owner_module_only	system_memory_1fff_pointer_or_table_ref	0x1fffcc6c	0x1fffcc6c	1	1	00022244_Vector_20_Handler.c	Vector_20 / protocol IRQ / command-parser owner	semantic_not_assigned_v49	not_patch_ready	v49 owner/module classification; do not treat owner bucket as source-level field name.				semantic_not_assigned_v50	protocol_ud_slot_table_base_1fffcc6c	guarded	system_memory_table_ptr	semantic_named_v51	protocol_ud_slot_table_base_1fffcc6c	guarded	system_memory_table_ptr	semantic_named_carried_v51
DAT_00022548	0x00022548	protocol_irq_command_parser	owner_module_only	system_memory_1fff_pointer_or_table_ref	0x1fffd06c	0x1fffd06c	1	1	00022244_Vector_20_Handler.c	Vector_20 / protocol IRQ / command-parser owner	semantic_not_assigned_v49	not_patch_ready	v49 owner/module classification; do not treat owner bucket as source-level field name.				semantic_not_assigned_v50	protocol_recent_result_shadow_ptr_1fffd06c	guarded	system_memory_shadow	semantic_named_v51	protocol_recent_result_shadow_ptr_1fffd06c	guarded	system_memory_shadow	semantic_named_carried_v51
DAT_0002254c	0x0002254c	protocol_irq_command_parser	owner_module_only	system_memory_1fff_pointer_or_table_ref	0x1fffd078	0x1fffd078	1	1	00022244_Vector_20_Handler.c	Vector_20 / protocol IRQ / command-parser owner	semantic_not_assigned_v49	not_patch_ready	v49 owner/module classification; do not treat owner bucket as source-level field name.				semantic_not_assigned_v50	protocol_um_slot_table_base_1fffd078	guarded	system_memory_table_ptr	semantic_named_v51	protocol_um_slot_table_base_1fffd078	guarded	system_memory_table_ptr	semantic_named_carried_v51
DAT_00022550	0x00022550	protocol_irq_command_parser	owner_module_only	integer_or_bitmask_constant	0x0001e000	0x0001e000	2	1	00022244_Vector_20_Handler.c	Vector_20 / protocol IRQ / command-parser owner	semantic_not_assigned_v49	not_patch_ready	v49 owner/module classification; do not treat owner bucket as source-level field name.				semantic_not_assigned_v50	protocol_persistent_words_base_0x1e000	guarded	app_flash_or_nvm_base	semantic_named_v51	protocol_persistent_words_base_0x1e000	guarded	app_flash_or_nvm_base	semantic_named_carried_v51
DAT_00022554	0x00022554	protocol_irq_command_parser	owner_module_only	system_memory_1fff_pointer_or_table_ref	0x1ffff29c	0x1ffff29c	1	1	00022244_Vector_20_Handler.c	Vector_20 / protocol IRQ / command-parser owner	semantic_not_assigned_v49	not_patch_ready	v49 owner/module classification; do not treat owner bucket as source-level field name.				semantic_not_assigned_v50	protocol_irq_system_memory_table_ref_1ffff29c	guarded	system_memory_or_table_pointer_analysis_label	semantic_named_v51	protocol_irq_system_memory_table_ref_1ffff29c	guarded	system_memory_or_table_pointer_analysis_label	semantic_named_carried_v51
DAT_00022558	0x00022558	protocol_irq_command_parser	owner_module_only	app_flash_pointer_or_literal_ref	0x00021fc5	0x00021fc5	1	1	00022244_Vector_20_Handler.c	Vector_20 / protocol IRQ / command-parser owner	semantic_not_assigned_v49	not_patch_ready	v49 owner/module classification; do not treat owner bucket as source-level field name.				semantic_not_assigned_v50	protocol_helper_entry_0x21fc5	guarded	app_flash_function_pointer	semantic_named_v51	protocol_helper_entry_0x21fc5	guarded	app_flash_function_pointer	semantic_named_carried_v51
DAT_0002255c	0x0002255c	protocol_irq_command_parser	owner_module_only	app_flash_pointer_or_literal_ref	0x00021cc9	0x00021cc9	1	1	00022244_Vector_20_Handler.c	Vector_20 / protocol IRQ / command-parser owner	semantic_not_assigned_v49	not_patch_ready	v49 owner/module classification; do not treat owner bucket as source-level field name.				semantic_not_assigned_v50	protocol_helper_entry_0x21cc9	guarded	app_flash_function_pointer	semantic_named_v51	protocol_helper_entry_0x21cc9	guarded	app_flash_function_pointer	semantic_named_carried_v51
DAT_00022560	0x00022560	protocol_irq_command_parser	owner_module_only	system_memory_1fff_pointer_or_table_ref	0x1fff9ba1	0x1fff9ba1	1	1	00022244_Vector_20_Handler.c	Vector_20 / protocol IRQ / command-parser owner	semantic_not_assigned_v49	not_patch_ready	v49 owner/module classification; do not treat owner bucket as source-level field name.				semantic_not_assigned_v50	protocol_irq_system_memory_table_ref_1fff9ba1	guarded	system_memory_or_table_pointer_analysis_label	semantic_named_v51	protocol_irq_system_memory_table_ref_1fff9ba1	guarded	system_memory_or_table_pointer_analysis_label	semantic_named_carried_v51
DAT_00022564	0x00022564	protocol_irq_command_parser	owner_module_only	system_memory_1fff_pointer_or_table_ref	0x1fff9acd	0x1fff9acd	1	1	00022244_Vector_20_Handler.c	Vector_20 / protocol IRQ / command-parser owner	semantic_not_assigned_v49	not_patch_ready	v49 owner/module classification; do not treat owner bucket as source-level field name.				semantic_not_assigned_v50	protocol_irq_system_memory_table_ref_1fff9acd	guarded	system_memory_or_table_pointer_analysis_label	semantic_named_v51	protocol_irq_system_memory_table_ref_1fff9acd	guarded	system_memory_or_table_pointer_analysis_label	semantic_named_carried_v51
DAT_00022568	0x00022568	protocol_irq_command_parser	owner_module_only	mmio_register_pointer	0x40024000	0x40024000	2	1	00022244_Vector_20_Handler.c	Vector_20 / protocol IRQ / command-parser owner	semantic_not_assigned_v49	not_patch_ready	v49 owner/module classification; do not treat owner bucket as source-level field name.				semantic_not_assigned_v50	protocol_irq_mmio_register_40024000	guarded	mmio_or_peripheral_pointer_analysis_label	semantic_named_v51	protocol_irq_mmio_register_40024000	guarded	mmio_or_peripheral_pointer_analysis_label	semantic_named_carried_v51
DAT_0002256c	0x0002256c	protocol_irq_command_parser	owner_module_only	mmio_register_pointer	0x4001cc0c	0x4001cc0c	2	1	00022244_Vector_20_Handler.c	Vector_20 / protocol IRQ / command-parser owner	semantic_not_assigned_v49	not_patch_ready	v49 owner/module classification; do not treat owner bucket as source-level field name.				semantic_not_assigned_v50	protocol_irq_mmio_register_4001cc0c	guarded	mmio_or_peripheral_pointer_analysis_label	semantic_named_v51	protocol_irq_mmio_register_4001cc0c	guarded	mmio_or_peripheral_pointer_analysis_label	semantic_named_carried_v51
DAT_0002264c	0x0002264c	protocol_irq_command_parser	owner_module_only	mmio_register_pointer	0x40201008	0x40201008	1	1	00022570_FUN_00022570.c	Vector_20 / protocol IRQ / command-parser owner	semantic_not_assigned_v49	not_patch_ready	v49 owner/module classification; do not treat owner bucket as source-level field name.				semantic_not_assigned_v50	protocol_irq_mmio_register_40201008	guarded	mmio_or_peripheral_pointer_analysis_label	semantic_named_v51	protocol_irq_mmio_register_40201008	guarded	mmio_or_peripheral_pointer_analysis_label	semantic_named_carried_v51
DAT_00022654	0x00022654	protocol_irq_command_parser	owner_module_only	system_memory_1fff_pointer_or_table_ref	0x1fffc678	0x1fffc678	1	1	00022570_FUN_00022570.c	Vector_20 / protocol IRQ / command-parser owner	semantic_not_assigned_v49	not_patch_ready	v49 owner/module classification; do not treat owner bucket as source-level field name.				semantic_not_assigned_v50	protocol_irq_system_memory_table_ref_1fffc678	guarded	system_memory_or_table_pointer_analysis_label	semantic_named_v51	protocol_irq_system_memory_table_ref_1fffc678	guarded	system_memory_or_table_pointer_analysis_label	semantic_named_carried_v51
DAT_00022830	0x00022830	protocol_irq_command_parser	owner_module_only	integer_or_bitmask_constant	0x00000000	0x00000000	1	1	00022658_FUN_00022658.c	Vector_20 / protocol IRQ / command-parser owner	semantic_not_assigned_v49	not_patch_ready	v49 owner/module classification; do not treat owner bucket as source-level field name.				semantic_not_assigned_v50	protocol_irq_zero_literal	medium	integer_or_bitmask_constant	semantic_named_v51	protocol_irq_zero_literal	medium	integer_or_bitmask_constant	semantic_named_carried_v51
DAT_00022834	0x00022834	protocol_irq_command_parser	owner_module_only	app_flash_pointer_or_literal_ref	0x0003c000	0x0003c000	3	1	00022658_FUN_00022658.c	Vector_20 / protocol IRQ / command-parser owner	semantic_not_assigned_v49	not_patch_ready	v49 owner/module classification; do not treat owner bucket as source-level field name.				semantic_not_assigned_v50	protocol_config_flash_base_0x3c000	guarded	app_flash_config_region	semantic_named_v51	protocol_config_flash_base_0x3c000	guarded	app_flash_config_region	semantic_named_carried_v51
DAT_00022838	0x00022838	protocol_irq_command_parser	owner_module_only	system_memory_1fff_pointer_or_table_ref	0x1fffc84c	0x1fffc84c	1	1	00022658_FUN_00022658.c	Vector_20 / protocol IRQ / command-parser owner	semantic_not_assigned_v49	not_patch_ready	v49 owner/module classification; do not treat owner bucket as source-level field name.				semantic_not_assigned_v50	protocol_irq_runtime_table_1fffc84c	guarded	system_memory_or_table_pointer_analysis_label	semantic_named_v51	protocol_irq_runtime_table_1fffc84c	guarded	system_memory_or_table_pointer_analysis_label	semantic_named_carried_v51
DAT_0002283c	0x0002283c	protocol_irq_command_parser	owner_module_only	system_memory_1fff_pointer_or_table_ref	0x1ffff088	0x1ffff088	2	1	00022658_FUN_00022658.c	Vector_20 / protocol IRQ / command-parser owner	semantic_not_assigned_v49	not_patch_ready	v49 owner/module classification; do not treat owner bucket as source-level field name.				semantic_not_assigned_v50	protocol_irq_runtime_state_ptr_1ffff088	guarded	system_memory_or_table_pointer_analysis_label	semantic_named_v51	protocol_irq_runtime_state_ptr_1ffff088	guarded	system_memory_or_table_pointer_analysis_label	semantic_named_carried_v51
DAT_00022840	0x00022840	protocol_irq_command_parser	owner_module_only	system_memory_1fff_pointer_or_table_ref	0x1fffa5bc	0x1fffa5bc	2	1	00022658_FUN_00022658.c	Vector_20 / protocol IRQ / command-parser owner	semantic_not_assigned_v49	not_patch_ready	v49 owner/module classification; do not treat owner bucket as source-level field name.				semantic_not_assigned_v50	protocol_irq_working_config_shadow_1fffa5bc	guarded	system_memory_or_table_pointer_analysis_label	semantic_named_v51	protocol_irq_working_config_shadow_1fffa5bc	guarded	system_memory_or_table_pointer_analysis_label	semantic_named_carried_v51
DAT_00022844	0x00022844	protocol_irq_command_parser	owner_module_only	app_flash_pointer_or_literal_ref	0x00036000	0x00036000	2	1	00022658_FUN_00022658.c	Vector_20 / protocol IRQ / command-parser owner	semantic_not_assigned_v49	not_patch_ready	v49 owner/module classification; do not treat owner bucket as source-level field name.				semantic_not_assigned_v50	protocol_flash_region_0x36000	guarded	app_flash_region	semantic_named_v51	protocol_flash_region_0x36000	guarded	app_flash_region	semantic_named_carried_v51
DAT_00022848	0x00022848	protocol_irq_command_parser	owner_module_only	system_memory_1fff_pointer_or_table_ref	0x1ffff1a8	0x1ffff1a8	2	1	00022658_FUN_00022658.c	Vector_20 / protocol IRQ / command-parser owner	semantic_not_assigned_v49	not_patch_ready	v49 owner/module classification; do not treat owner bucket as source-level field name.				semantic_not_assigned_v50	protocol_irq_runtime_calibration_state_ptr_1ffff1a8	guarded	system_memory_or_table_pointer_analysis_label	semantic_named_v51	protocol_irq_runtime_calibration_state_ptr_1ffff1a8	guarded	system_memory_or_table_pointer_analysis_label	semantic_named_carried_v51
DAT_0002284c	0x0002284c	protocol_irq_command_parser	owner_module_only	app_flash_pointer_or_literal_ref	0x00038000	0x00038000	1	1	00022658_FUN_00022658.c	Vector_20 / protocol IRQ / command-parser owner	semantic_not_assigned_v49	not_patch_ready	v49 owner/module classification; do not treat owner bucket as source-level field name.				semantic_not_assigned_v50	protocol_flash_region_0x38000	guarded	app_flash_region	semantic_named_v51	protocol_flash_region_0x38000	guarded	app_flash_region	semantic_named_carried_v51
DAT_00022850	0x00022850	protocol_irq_command_parser	owner_module_only	app_flash_pointer_or_literal_ref	0x0003a000	0x0003a000	1	1	00022658_FUN_00022658.c	Vector_20 / protocol IRQ / command-parser owner	semantic_not_assigned_v49	not_patch_ready	v49 owner/module classification; do not treat owner bucket as source-level field name.				semantic_not_assigned_v50	protocol_flash_region_0x3a000	guarded	app_flash_region	semantic_named_v51	protocol_flash_region_0x3a000	guarded	app_flash_region	semantic_named_carried_v51
DAT_00022854	0x00022854	protocol_irq_command_parser	owner_module_only	system_memory_1fff_pointer_or_table_ref	0x1fffd078	0x1fffd078	3	1	00022658_FUN_00022658.c	Vector_20 / protocol IRQ / command-parser owner	semantic_not_assigned_v49	not_patch_ready	v49 owner/module classification; do not treat owner bucket as source-level field name.				semantic_not_assigned_v50	protocol_irq_result_or_slot_table_1fffd078	guarded	system_memory_or_table_pointer_analysis_label	semantic_named_v51	protocol_irq_result_or_slot_table_1fffd078	guarded	system_memory_or_table_pointer_analysis_label	semantic_named_carried_v51
DAT_00022858	0x00022858	protocol_irq_command_parser	owner_module_only	float32_candidate_or_encoded_constant	0x3ac90fdb	u32=0x3ac90fdb; f32=0.00153398083	2	1	00022658_FUN_00022658.c	Vector_20 / protocol IRQ / command-parser owner	semantic_not_assigned_v49	not_patch_ready	v49 owner/module classification; do not treat owner bucket as source-level field name.				semantic_not_assigned_v50	protocol_angle_step_2pi_over_4096	high	float32_constant	semantic_named_v51	protocol_angle_step_2pi_over_4096	high	float32_constant	semantic_named_carried_v51
DAT_0002285c	0x0002285c	protocol_irq_command_parser	owner_module_only	mmio_register_pointer	0x40c90fdb	0x40c90fdb	1	1	00022658_FUN_00022658.c	Vector_20 / protocol IRQ / command-parser owner	semantic_not_assigned_v49	not_patch_ready	v49 owner/module classification; do not treat owner bucket as source-level field name.				semantic_not_assigned_v50	protocol_angle_wrap_twopi_constant	high	float32_constant_corrected	semantic_named_v51	protocol_angle_wrap_twopi_constant	high	float32_constant_corrected	semantic_named_carried_v51
DAT_00022860	0x00022860	protocol_irq_command_parser	owner_module_only	mmio_register_pointer	0x40490fdb	0x40490fdb	1	1	00022658_FUN_00022658.c	Vector_20 / protocol IRQ / command-parser owner	semantic_not_assigned_v49	not_patch_ready	v49 owner/module classification; do not treat owner bucket as source-level field name.				semantic_not_assigned_v50	protocol_angle_wrap_pi_constant	high	float32_constant_corrected	semantic_named_v51	protocol_angle_wrap_pi_constant	high	float32_constant_corrected	semantic_named_carried_v51
DAT_00022864	0x00022864	protocol_irq_command_parser	owner_module_only	mmio_register_pointer	0x40c90fdb	0x40c90fdb	2	1	00022658_FUN_00022658.c	Vector_20 / protocol IRQ / command-parser owner	semantic_not_assigned_v49	not_patch_ready	v49 owner/module classification; do not treat owner bucket as source-level field name.				semantic_not_assigned_v50	protocol_irq_two_pi_constant	medium	mmio_or_peripheral_pointer_analysis_label	semantic_named_v51	protocol_irq_two_pi_constant	medium	mmio_or_peripheral_pointer_analysis_label	semantic_named_carried_v51
DAT_00022868	0x00022868	protocol_irq_command_parser	owner_module_only	mmio_register_pointer	0x45800000	0x45800000	1	1	00022658_FUN_00022658.c	Vector_20 / protocol IRQ / command-parser owner	semantic_not_assigned_v49	not_patch_ready	v49 owner/module classification; do not treat owner bucket as source-level field name.				semantic_not_assigned_v50	protocol_sensor_count_scale_4096	medium	float32_constant_corrected	semantic_named_v51	protocol_sensor_count_scale_4096	medium	float32_constant_corrected	semantic_named_carried_v51
DAT_0002286c	0x0002286c	protocol_irq_command_parser	owner_module_only	mmio_register_pointer	0x457ff000	0x457ff000	1	1	00022658_FUN_00022658.c	Vector_20 / protocol IRQ / command-parser owner	semantic_not_assigned_v49	not_patch_ready	v49 owner/module classification; do not treat owner bucket as source-level field name.				semantic_not_assigned_v50	protocol_sensor_count_limit_4095p5	medium	float32_constant_corrected	semantic_named_v51	protocol_sensor_count_limit_4095p5	medium	float32_constant_corrected	semantic_named_carried_v51
DAT_00022870	0x00022870	protocol_irq_command_parser	owner_module_only	system_memory_1fff_pointer_or_table_ref	0x1ffff104	0x1ffff104	2	1	00022658_FUN_00022658.c	Vector_20 / protocol IRQ / command-parser owner	semantic_not_assigned_v49	not_patch_ready	v49 owner/module classification; do not treat owner bucket as source-level field name.				semantic_not_assigned_v50	protocol_irq_runtime_state_ptr_1ffff104	guarded	system_memory_or_table_pointer_analysis_label	semantic_named_v51	protocol_irq_runtime_state_ptr_1ffff104	guarded	system_memory_or_table_pointer_analysis_label	semantic_named_carried_v51
DAT_000228b8	0x000228b8	protocol_irq_command_parser	owner_module_only	mmio_register_pointer	0x40053828	0x40053828	2	1	00022658_FUN_00022658.c	Vector_20 / protocol IRQ / command-parser owner	semantic_not_assigned_v49	not_patch_ready	v49 owner/module classification; do not treat owner bucket as source-level field name.				semantic_not_assigned_v50	protocol_irq_mmio_register_40053828	guarded	mmio_or_peripheral_pointer_analysis_label	semantic_named_v51	protocol_irq_mmio_register_40053828	guarded	mmio_or_peripheral_pointer_analysis_label	semantic_named_carried_v51
DAT_000228bc	0x000228bc	protocol_irq_command_parser	owner_module_only	mmio_register_pointer	0x4005385a	0x4005385a	2	1	00022658_FUN_00022658.c	Vector_20 / protocol IRQ / command-parser owner	semantic_not_assigned_v49	not_patch_ready	v49 owner/module classification; do not treat owner bucket as source-level field name.				semantic_not_assigned_v50	protocol_irq_mmio_register_4005385a	guarded	mmio_or_peripheral_pointer_analysis_label	semantic_named_v51	protocol_irq_mmio_register_4005385a	guarded	mmio_or_peripheral_pointer_analysis_label	semantic_named_carried_v51
DAT_00022b84	0x00022b84	platform_commissioning_io_support	owner_module_only	mmio_register_pointer	0x447a0000	0x447a0000	1	1	000228c0_FUN_000228c0.c	UART/CAN/platform support or commissioning support owner by address/function context	semantic_not_assigned_v49	not_patch_ready	v49 owner/module classification; do not treat owner bucket as source-level field name.				semantic_not_assigned_v50				semantic_not_assigned_v51	commissioning_io_support_mmio_447a0000_ref	guarded	mmio_or_peripheral_pointer_analysis_label	semantic_named_v52
DAT_00022b88	0x00022b88	platform_commissioning_io_support	owner_module_only	integer_or_bitmask_constant	0x00000000	0x00000000	1	1	000228c0_FUN_000228c0.c	UART/CAN/platform support or commissioning support owner by address/function context	semantic_not_assigned_v49	not_patch_ready	v49 owner/module classification; do not treat owner bucket as source-level field name.				semantic_not_assigned_v50				semantic_not_assigned_v51	commissioning_io_support_integer_or_bitmask_literal_22b88	guarded	integer_or_bitmask_analysis_label	semantic_named_v52
DAT_00022b8c	0x00022b8c	platform_commissioning_io_support	owner_module_only	app_flash_pointer_or_literal_ref	0x0003e000	0x0003e000	6	1	000228c0_FUN_000228c0.c	UART/CAN/platform support or commissioning support owner by address/function context	semantic_not_assigned_v49	not_patch_ready	v49 owner/module classification; do not treat owner bucket as source-level field name.				semantic_not_assigned_v50				semantic_not_assigned_v51	commissioning_io_support_app_flash_0003e000_ref	guarded	app_flash_or_literal_analysis_label	semantic_named_v52
DAT_00022b90	0x00022b90	platform_commissioning_io_support	owner_module_only	system_memory_1fff_pointer_or_table_ref	0x1fffa5c8	0x1fffa5c8	4	1	000228c0_FUN_000228c0.c	UART/CAN/platform support or commissioning support owner by address/function context	semantic_not_assigned_v49	not_patch_ready	v49 owner/module classification; do not treat owner bucket as source-level field name.				semantic_not_assigned_v50				semantic_not_assigned_v51	commissioning_io_support_1fff_1fffa5c8_table_or_state_ref	guarded	system_memory_or_table_pointer_analysis_label	semantic_named_v52
DAT_00022b94	0x00022b94	platform_commissioning_io_support	owner_module_only	float32_candidate_or_encoded_constant	0x37313035	u32=0x37313035; f32=1.05612462e-05	1	1	000228c0_FUN_000228c0.c	UART/CAN/platform support or commissioning support owner by address/function context	semantic_not_assigned_v49	not_patch_ready	v49 owner/module classification; do not treat owner bucket as source-level field name.				semantic_not_assigned_v50				semantic_not_assigned_v51	commissioning_io_support_float_or_encoded_literal_22b94	guarded	float_or_encoded_literal_analysis_label	semantic_named_v52
DAT_00022ba0	0x00022ba0	platform_commissioning_io_support	owner_module_only	mmio_register_pointer	0x42480000	0x42480000	1	1	000228c0_FUN_000228c0.c	UART/CAN/platform support or commissioning support owner by address/function context	semantic_not_assigned_v49	not_patch_ready	v49 owner/module classification; do not treat owner bucket as source-level field name.				semantic_not_assigned_v50				semantic_not_assigned_v51	commissioning_io_support_mmio_42480000_ref	guarded	mmio_or_peripheral_pointer_analysis_label	semantic_named_v52
DAT_00022ba4	0x00022ba4	platform_commissioning_io_support	owner_module_only	mmio_register_pointer	0x43fa0000	0x43fa0000	2	1	000228c0_FUN_000228c0.c	UART/CAN/platform support or commissioning support owner by address/function context	semantic_not_assigned_v49	not_patch_ready	v49 owner/module classification; do not treat owner bucket as source-level field name.				semantic_not_assigned_v50				semantic_not_assigned_v51	commissioning_io_support_mmio_43fa0000_ref	guarded	mmio_or_peripheral_pointer_analysis_label	semantic_named_v52
DAT_00022ba8	0x00022ba8	platform_commissioning_io_support	owner_module_only	mmio_register_pointer	0x43fa0000	0x43fa0000	1	1	000228c0_FUN_000228c0.c	UART/CAN/platform support or commissioning support owner by address/function context	semantic_not_assigned_v49	not_patch_ready	v49 owner/module classification; do not treat owner bucket as source-level field name.				semantic_not_assigned_v50				semantic_not_assigned_v51	commissioning_io_support_mmio_43fa0000_ref	guarded	mmio_or_peripheral_pointer_analysis_label	semantic_named_v52
DAT_00022bac	0x00022bac	platform_commissioning_io_support	owner_module_only	mmio_register_pointer	0x451c4000	0x451c4000	1	1	000228c0_FUN_000228c0.c	UART/CAN/platform support or commissioning support owner by address/function context	semantic_not_assigned_v49	not_patch_ready	v49 owner/module classification; do not treat owner bucket as source-level field name.				semantic_not_assigned_v50				semantic_not_assigned_v51	commissioning_io_support_mmio_451c4000_ref	guarded	mmio_or_peripheral_pointer_analysis_label	semantic_named_v52
DAT_00022bb0	0x00022bb0	platform_commissioning_io_support	owner_module_only	mmio_register_pointer	0x43480000	0x43480000	1	1	000228c0_FUN_000228c0.c	UART/CAN/platform support or commissioning support owner by address/function context	semantic_not_assigned_v49	not_patch_ready	v49 owner/module classification; do not treat owner bucket as source-level field name.				semantic_not_assigned_v50				semantic_not_assigned_v51	commissioning_io_support_mmio_43480000_ref	guarded	mmio_or_peripheral_pointer_analysis_label	semantic_named_v52
DAT_00022bb4	0x00022bb4	platform_commissioning_io_support	owner_module_only	system_memory_1fff_pointer_or_table_ref	0x1ffff29c	0x1ffff29c	3	1	000228c0_FUN_000228c0.c	UART/CAN/platform support or commissioning support owner by address/function context	semantic_not_assigned_v49	not_patch_ready	v49 owner/module classification; do not treat owner bucket as source-level field name.				semantic_not_assigned_v50				semantic_not_assigned_v51	commissioning_io_support_1fff_1ffff29c_table_or_state_ref	guarded	system_memory_or_table_pointer_analysis_label	semantic_named_v52
DAT_00022bb8	0x00022bb8	platform_commissioning_io_support	owner_module_only	app_flash_pointer_or_literal_ref	0x00021cc9	0x00021cc9	1	1	000228c0_FUN_000228c0.c	UART/CAN/platform support or commissioning support owner by address/function context	semantic_not_assigned_v49	not_patch_ready	v49 owner/module classification; do not treat owner bucket as source-level field name.				semantic_not_assigned_v50				semantic_not_assigned_v51	commissioning_io_support_app_flash_00021cc9_ref	guarded	app_flash_or_literal_analysis_label	semantic_named_v52
DAT_00022bbc	0x00022bbc	platform_commissioning_io_support	owner_module_only	system_memory_1fff_pointer_or_table_ref	0x1fff9acd	0x1fff9acd	1	1	000228c0_FUN_000228c0.c	UART/CAN/platform support or commissioning support owner by address/function context	semantic_not_assigned_v49	not_patch_ready	v49 owner/module classification; do not treat owner bucket as source-level field name.				semantic_not_assigned_v50				semantic_not_assigned_v51	commissioning_io_support_1fff_1fff9acd_table_or_state_ref	guarded	system_memory_or_table_pointer_analysis_label	semantic_named_v52
DAT_00022bc0	0x00022bc0	platform_commissioning_io_support	owner_module_only	app_flash_pointer_or_literal_ref	0x00021fc5	0x00021fc5	1	1	000228c0_FUN_000228c0.c	UART/CAN/platform support or commissioning support owner by address/function context	semantic_not_assigned_v49	not_patch_ready	v49 owner/module classification; do not treat owner bucket as source-level field name.				semantic_not_assigned_v50				semantic_not_assigned_v51	commissioning_io_support_app_flash_00021fc5_ref	guarded	app_flash_or_literal_analysis_label	semantic_named_v52
DAT_00022bc4	0x00022bc4	platform_commissioning_io_support	owner_module_only	system_memory_1fff_pointer_or_table_ref	0x1fff9ba1	0x1fff9ba1	1	1	000228c0_FUN_000228c0.c	UART/CAN/platform support or commissioning support owner by address/function context	semantic_not_assigned_v49	not_patch_ready	v49 owner/module classification; do not treat owner bucket as source-level field name.				semantic_not_assigned_v50				semantic_not_assigned_v51	commissioning_io_support_1fff_1fff9ba1_table_or_state_ref	guarded	system_memory_or_table_pointer_analysis_label	semantic_named_v52
DAT_00022bc8	0x00022bc8	platform_commissioning_io_support	owner_module_only	float32_candidate_or_encoded_constant	0x3c113333	u32=0x3c113333; f32=0.0088623045	1	1	000228c0_FUN_000228c0.c	UART/CAN/platform support or commissioning support owner by address/function context	semantic_not_assigned_v49	not_patch_ready	v49 owner/module classification; do not treat owner bucket as source-level field name.				semantic_not_assigned_v50				semantic_not_assigned_v51	commissioning_io_support_float_or_encoded_literal_22bc8	guarded	float_or_encoded_literal_analysis_label	semantic_named_v52
DAT_00022bcc	0x00022bcc	platform_commissioning_io_support	owner_module_only	system_memory_1fff_pointer_or_table_ref	0x1ffff23c	0x1ffff23c	2	1	000228c0_FUN_000228c0.c	UART/CAN/platform support or commissioning support owner by address/function context	semantic_not_assigned_v49	not_patch_ready	v49 owner/module classification; do not treat owner bucket as source-level field name.				semantic_not_assigned_v50				semantic_not_assigned_v51	commissioning_io_support_1fff_1ffff23c_table_or_state_ref	guarded	system_memory_or_table_pointer_analysis_label	semantic_named_v52
DAT_00022bd0	0x00022bd0	platform_commissioning_io_support	owner_module_only	mmio_register_pointer	0x42200a9e	0x42200a9e	1	1	000228c0_FUN_000228c0.c	UART/CAN/platform support or commissioning support owner by address/function context	semantic_not_assigned_v49	not_patch_ready	v49 owner/module classification; do not treat owner bucket as source-level field name.				semantic_not_assigned_v50				semantic_not_assigned_v51	commissioning_io_support_mmio_42200a9e_ref	guarded	mmio_or_peripheral_pointer_analysis_label	semantic_named_v52
DAT_00022bd4	0x00022bd4	platform_commissioning_io_support	owner_module_only	mmio_register_pointer	0x41242dda	0x41242dda	2	1	000228c0_FUN_000228c0.c	UART/CAN/platform support or commissioning support owner by address/function context	semantic_not_assigned_v49	not_patch_ready	v49 owner/module classification; do not treat owner bucket as source-level field name.				semantic_not_assigned_v50				semantic_not_assigned_v51	commissioning_io_support_mmio_41242dda_ref	guarded	mmio_or_peripheral_pointer_analysis_label	semantic_named_v52
DAT_00022bd8	0x00022bd8	platform_commissioning_io_support	owner_module_only	float32_candidate_or_encoded_constant	0x3851b717	u32=0x3851b717; f32=4.99999987e-05	1	1	000228c0_FUN_000228c0.c	UART/CAN/platform support or commissioning support owner by address/function context	semantic_not_assigned_v49	not_patch_ready	v49 owner/module classification; do not treat owner bucket as source-level field name.				semantic_not_assigned_v50				semantic_not_assigned_v51	commissioning_io_support_float_or_encoded_literal_22bd8	guarded	float_or_encoded_literal_analysis_label	semantic_named_v52
DAT_00022bdc	0x00022bdc	platform_commissioning_io_support	owner_module_only	float32_candidate_or_encoded_constant	0x3dcccccd	u32=0x3dcccccd; f32=0.100000001	2	1	000228c0_FUN_000228c0.c	UART/CAN/platform support or commissioning support owner by address/function context	semantic_not_assigned_v49	not_patch_ready	v49 owner/module classification; do not treat owner bucket as source-level field name.				semantic_not_assigned_v50				semantic_not_assigned_v51	commissioning_io_support_float_or_encoded_literal_22bdc	guarded	float_or_encoded_literal_analysis_label	semantic_named_v52
DAT_00022be0	0x00022be0	platform_commissioning_io_support	owner_module_only	float32_candidate_or_encoded_constant	0x3e99999a	u32=0x3e99999a; f32=0.300000012	1	1	000228c0_FUN_000228c0.c	UART/CAN/platform support or commissioning support owner by address/function context	semantic_not_assigned_v49	not_patch_ready	v49 owner/module classification; do not treat owner bucket as source-level field name.				semantic_not_assigned_v50				semantic_not_assigned_v51	commissioning_io_support_float_or_encoded_literal_22be0	guarded	float_or_encoded_literal_analysis_label	semantic_named_v52
DAT_00022be4	0x00022be4	platform_commissioning_io_support	owner_module_only	float32_candidate_or_encoded_constant	0x3e4ccccd	u32=0x3e4ccccd; f32=0.200000003	1	1	000228c0_FUN_000228c0.c	UART/CAN/platform support or commissioning support owner by address/function context	semantic_not_assigned_v49	not_patch_ready	v49 owner/module classification; do not treat owner bucket as source-level field name.				semantic_not_assigned_v50				semantic_not_assigned_v51	commissioning_io_support_float_or_encoded_literal_22be4	guarded	float_or_encoded_literal_analysis_label	semantic_named_v52
DAT_00022be8	0x00022be8	platform_commissioning_io_support	owner_module_only	mmio_register_pointer	0x44160000	0x44160000	1	1	000228c0_FUN_000228c0.c	UART/CAN/platform support or commissioning support owner by address/function context	semantic_not_assigned_v49	not_patch_ready	v49 owner/module classification; do not treat owner bucket as source-level field name.				semantic_not_assigned_v50				semantic_not_assigned_v51	commissioning_io_support_mmio_44160000_ref	guarded	mmio_or_peripheral_pointer_analysis_label	semantic_named_v52
DAT_00022bec	0x00022bec	platform_commissioning_io_support	owner_module_only	mmio_register_pointer	0x40c90fdb	0x40c90fdb	2	1	000228c0_FUN_000228c0.c	UART/CAN/platform support or commissioning support owner by address/function context	semantic_not_assigned_v49	not_patch_ready	v49 owner/module classification; do not treat owner bucket as source-level field name.				semantic_not_assigned_v50				semantic_not_assigned_v51	commissioning_io_support_mmio_40c90fdb_ref	guarded	mmio_or_peripheral_pointer_analysis_label	semantic_named_v52
DAT_00022bf0	0x00022bf0	platform_commissioning_io_support	owner_module_only	system_memory_1fff_pointer_or_table_ref	0x1ffff088	0x1ffff088	4	1	000228c0_FUN_000228c0.c	UART/CAN/platform support or commissioning support owner by address/function context	semantic_not_assigned_v49	not_patch_ready	v49 owner/module classification; do not treat owner bucket as source-level field name.				semantic_not_assigned_v50				semantic_not_assigned_v51	commissioning_io_support_1fff_1ffff088_table_or_state_ref	guarded	system_memory_or_table_pointer_analysis_label	semantic_named_v52
DAT_00022bf4	0x00022bf4	platform_commissioning_io_support	owner_module_only	system_memory_1fff_pointer_or_table_ref	0x1fffa568	0x1fffa568	2	1	000228c0_FUN_000228c0.c	UART/CAN/platform support or commissioning support owner by address/function context	semantic_not_assigned_v49	not_patch_ready	v49 owner/module classification; do not treat owner bucket as source-level field name.				semantic_not_assigned_v50				semantic_not_assigned_v51	commissioning_io_support_1fff_1fffa568_table_or_state_ref	guarded	system_memory_or_table_pointer_analysis_label	semantic_named_v52
DAT_00022bf8	0x00022bf8	platform_commissioning_io_support	owner_module_only	system_memory_1fff_pointer_or_table_ref	0x1fffa590	0x1fffa590	2	1	000228c0_FUN_000228c0.c	UART/CAN/platform support or commissioning support owner by address/function context	semantic_not_assigned_v49	not_patch_ready	v49 owner/module classification; do not treat owner bucket as source-level field name.				semantic_not_assigned_v50				semantic_not_assigned_v51	commissioning_io_support_1fff_1fffa590_table_or_state_ref	guarded	system_memory_or_table_pointer_analysis_label	semantic_named_v52
DAT_00022bfc	0x00022bfc	platform_commissioning_io_support	owner_module_only	system_memory_1fff_pointer_or_table_ref	0x1ffff104	0x1ffff104	2	1	000228c0_FUN_000228c0.c	UART/CAN/platform support or commissioning support owner by address/function context	semantic_not_assigned_v49	not_patch_ready	v49 owner/module classification; do not treat owner bucket as source-level field name.				semantic_not_assigned_v50				semantic_not_assigned_v51	commissioning_io_support_1fff_1ffff104_table_or_state_ref	guarded	system_memory_or_table_pointer_analysis_label	semantic_named_v52
DAT_00022c00	0x00022c00	platform_commissioning_io_support	owner_module_only	float32_candidate_or_encoded_constant	0x3f7fdf40	u32=0x3f7fdf40; f32=0.999500275	1	1	000228c0_FUN_000228c0.c	UART/CAN/platform support or commissioning support owner by address/function context	semantic_not_assigned_v49	not_patch_ready	v49 owner/module classification; do not treat owner bucket as source-level field name.				semantic_not_assigned_v50				semantic_not_assigned_v51	commissioning_io_support_float_or_encoded_literal_22c00	guarded	float_or_encoded_literal_analysis_label	semantic_named_v52
DAT_00022c04	0x00022c04	platform_commissioning_io_support	owner_module_only	float32_candidate_or_encoded_constant	0x3a030000	u32=0x3a030000; f32=0.000499725342	1	1	000228c0_FUN_000228c0.c	UART/CAN/platform support or commissioning support owner by address/function context	semantic_not_assigned_v49	not_patch_ready	v49 owner/module classification; do not treat owner bucket as source-level field name.				semantic_not_assigned_v50				semantic_not_assigned_v51	commissioning_io_support_float_or_encoded_literal_22c04	guarded	float_or_encoded_literal_analysis_label	semantic_named_v52
DAT_00022c08	0x00022c08	platform_commissioning_io_support	owner_module_only	float32_candidate_or_encoded_constant	0x3f7c0a7b	u32=0x3f7c0a7b; f32=0.984534919	1	1	000228c0_FUN_000228c0.c	UART/CAN/platform support or commissioning support owner by address/function context	semantic_not_assigned_v49	not_patch_ready	v49 owner/module classification; do not treat owner bucket as source-level field name.				semantic_not_assigned_v50				semantic_not_assigned_v51	commissioning_io_support_float_or_encoded_literal_22c08	guarded	float_or_encoded_literal_analysis_label	semantic_named_v52
DAT_00022c0c	0x00022c0c	platform_commissioning_io_support	owner_module_only	float32_candidate_or_encoded_constant	0x3c7d6140	u32=0x3c7d6140; f32=0.0154650807	1	1	000228c0_FUN_000228c0.c	UART/CAN/platform support or commissioning support owner by address/function context	semantic_not_assigned_v49	not_patch_ready	v49 owner/module classification; do not treat owner bucket as source-level field name.				semantic_not_assigned_v50				semantic_not_assigned_v51	commissioning_io_support_float_or_encoded_literal_22c0c	guarded	float_or_encoded_literal_analysis_label	semantic_named_v52
DAT_00022c94	0x00022c94	platform_commissioning_io_support	owner_module_only	float32_candidate_or_encoded_constant	0x03020100	u32=0x03020100; f32=3.82047143e-37	1	1	00022c10_FUN_00022c10.c	UART/CAN/platform support or commissioning support owner by address/function context	semantic_not_assigned_v49	not_patch_ready	v49 owner/module classification; do not treat owner bucket as source-level field name.				semantic_not_assigned_v50				semantic_not_assigned_v51	commissioning_io_support_float_or_encoded_literal_22c94	guarded	float_or_encoded_literal_analysis_label	semantic_named_v52
DAT_00022c98	0x00022c98	platform_commissioning_io_support	owner_module_only	float32_candidate_or_encoded_constant	0x09060504	u32=0x09060504; f32=1.61320216e-33	1	1	00022c10_FUN_00022c10.c	UART/CAN/platform support or commissioning support owner by address/function context	semantic_not_assigned_v49	not_patch_ready	v49 owner/module classification; do not treat owner bucket as source-level field name.				semantic_not_assigned_v50				semantic_not_assigned_v51	commissioning_io_support_float_or_encoded_literal_22c98	guarded	float_or_encoded_literal_analysis_label	semantic_named_v52
DAT_00022c9c	0x00022c9c	platform_commissioning_io_support	owner_module_only	integer_or_bitmask_constant	0x001b100e	0x001b100e	1	1	00022c10_FUN_00022c10.c	UART/CAN/platform support or commissioning support owner by address/function context	semantic_not_assigned_v49	not_patch_ready	v49 owner/module classification; do not treat owner bucket as source-level field name.				semantic_not_assigned_v50				semantic_not_assigned_v51	commissioning_io_support_integer_or_bitmask_literal_22c9c	guarded	integer_or_bitmask_analysis_label	semantic_named_v52
DAT_00022ca0	0x00022ca0	platform_commissioning_io_support	owner_module_only	system_memory_1fff_pointer_or_table_ref	0x1ffff3bc	0x1ffff3bc	1	1	00022c10_FUN_00022c10.c	UART/CAN/platform support or commissioning support owner by address/function context	semantic_not_assigned_v49	not_patch_ready	v49 owner/module classification; do not treat owner bucket as source-level field name.				semantic_not_assigned_v50				semantic_not_assigned_v51	commissioning_io_support_1fff_1ffff3bc_table_or_state_ref	guarded	system_memory_or_table_pointer_analysis_label	semantic_named_v52
DAT_00022ca4	0x00022ca4	platform_commissioning_io_support	owner_module_only	system_memory_1fff_pointer_or_table_ref	0x1fffa65c	0x1fffa65c	1	1	00022c10_FUN_00022c10.c	UART/CAN/platform support or commissioning support owner by address/function context	semantic_not_assigned_v49	not_patch_ready	v49 owner/module classification; do not treat owner bucket as source-level field name.				semantic_not_assigned_v50				semantic_not_assigned_v51	commissioning_io_support_1fff_1fffa65c_table_or_state_ref	guarded	system_memory_or_table_pointer_analysis_label	semantic_named_v52
DAT_00022f2c	0x00022f2c	platform_commissioning_io_support	owner_module_only	mmio_register_pointer	0x40053bfc	0x40053bfc	6	1	00022ca8_FUN_00022ca8.c	UART/CAN/platform support or commissioning support owner by address/function context	semantic_not_assigned_v49	not_patch_ready	v49 owner/module classification; do not treat owner bucket as source-level field name.				semantic_not_assigned_v50				semantic_not_assigned_v51	commissioning_io_support_mmio_40053bfc_ref	guarded	mmio_or_peripheral_pointer_analysis_label	semantic_named_v52
DAT_00022f30	0x00022f30	platform_commissioning_io_support	owner_module_only	mmio_register_pointer	0x4005381a	0x4005381a	12	1	00022ca8_FUN_00022ca8.c	UART/CAN/platform support or commissioning support owner by address/function context	semantic_not_assigned_v49	not_patch_ready	v49 owner/module classification; do not treat owner bucket as source-level field name.				semantic_not_assigned_v50				semantic_not_assigned_v51	commissioning_io_support_mmio_4005381a_ref	guarded	mmio_or_peripheral_pointer_analysis_label	semantic_named_v52
DAT_00022f34	0x00022f34	platform_commissioning_io_support	owner_module_only	mmio_register_pointer	0x40040000	0x40040000	2	1	00022ca8_FUN_00022ca8.c	UART/CAN/platform support or commissioning support owner by address/function context	semantic_not_assigned_v49	not_patch_ready	v49 owner/module classification; do not treat owner bucket as source-level field name.				semantic_not_assigned_v50				semantic_not_assigned_v51	commissioning_io_support_mmio_40040000_ref	guarded	mmio_or_peripheral_pointer_analysis_label	semantic_named_v52
DAT_00022f38	0x00022f38	platform_commissioning_io_support	owner_module_only	mmio_register_pointer	0x40040400	0x40040400	14	1	00022ca8_FUN_00022ca8.c	UART/CAN/platform support or commissioning support owner by address/function context	semantic_not_assigned_v49	not_patch_ready	v49 owner/module classification; do not treat owner bucket as source-level field name.				semantic_not_assigned_v50				semantic_not_assigned_v51	commissioning_io_support_mmio_40040400_ref	guarded	mmio_or_peripheral_pointer_analysis_label	semantic_named_v52
DAT_00022f3c	0x00022f3c	platform_commissioning_io_support	owner_module_only	mmio_register_pointer	0x40040800	0x40040800	13	1	00022ca8_FUN_00022ca8.c	UART/CAN/platform support or commissioning support owner by address/function context	semantic_not_assigned_v49	not_patch_ready	v49 owner/module classification; do not treat owner bucket as source-level field name.				semantic_not_assigned_v50				semantic_not_assigned_v51	commissioning_io_support_mmio_40040800_ref	guarded	mmio_or_peripheral_pointer_analysis_label	semantic_named_v52
DAT_000230b0	0x000230b0	platform_commissioning_io_support	owner_module_only	mmio_register_pointer	0x40048000	0x40048000	2	1	00022fac_FUN_00022fac.c	UART/CAN/platform support or commissioning support owner by address/function context	semantic_not_assigned_v49	not_patch_ready	v49 owner/module classification; do not treat owner bucket as source-level field name.				semantic_not_assigned_v50				semantic_not_assigned_v51	commissioning_io_support_mmio_40048000_ref	guarded	mmio_or_peripheral_pointer_analysis_label	semantic_named_v52
DAT_000230b4	0x000230b4	platform_commissioning_io_support	owner_module_only	mmio_register_pointer	0x40053bfc	0x40053bfc	6	1	00022fac_FUN_00022fac.c	UART/CAN/platform support or commissioning support owner by address/function context	semantic_not_assigned_v49	not_patch_ready	v49 owner/module classification; do not treat owner bucket as source-level field name.				semantic_not_assigned_v50				semantic_not_assigned_v51	commissioning_io_support_mmio_40053bfc_ref	guarded	mmio_or_peripheral_pointer_analysis_label	semantic_named_v52
DAT_000230b8	0x000230b8	platform_commissioning_io_support	owner_module_only	mmio_register_pointer	0x40038000	0x40038000	2	1	00022fac_FUN_00022fac.c	UART/CAN/platform support or commissioning support owner by address/function context	semantic_not_assigned_v49	not_patch_ready	v49 owner/module classification; do not treat owner bucket as source-level field name.				semantic_not_assigned_v50				semantic_not_assigned_v51	commissioning_io_support_mmio_40038000_ref	guarded	mmio_or_peripheral_pointer_analysis_label	semantic_named_v52
DAT_000230bc	0x000230bc	platform_commissioning_io_support	owner_module_only	float32_candidate_or_encoded_constant	0x0330033f	u32=0x0330033f; f32=5.17254778e-37	2	1	00022fac_FUN_00022fac.c	UART/CAN/platform support or commissioning support owner by address/function context	semantic_not_assigned_v49	not_patch_ready	v49 owner/module classification; do not treat owner bucket as source-level field name.				semantic_not_assigned_v50				semantic_not_assigned_v51	commissioning_io_support_float_or_encoded_literal_230bc	guarded	float_or_encoded_literal_analysis_label	semantic_named_v52
DAT_000230c0	0x000230c0	platform_commissioning_io_support	owner_module_only	mmio_register_pointer	0x40051000	0x40051000	1	1	00022fac_FUN_00022fac.c	UART/CAN/platform support or commissioning support owner by address/function context	semantic_not_assigned_v49	not_patch_ready	v49 owner/module classification; do not treat owner bucket as source-level field name.				semantic_not_assigned_v50				semantic_not_assigned_v51	commissioning_io_support_mmio_40051000_ref	guarded	mmio_or_peripheral_pointer_analysis_label	semantic_named_v52
DAT_00023150	0x00023150	security_crypto_or_keycheck	owner_module_only	float32_candidate_or_encoded_constant	0xa5a50001	u32=0xa5a50001; f32=-2.862294e-16	2	1	000230c4_FUN_000230c4.c	security/crypto/key-check support owner by address/function context	semantic_not_assigned_v49	not_patch_ready	v49 owner/module classification; do not treat owner bucket as source-level field name.				semantic_not_assigned_v50	security_magic_word_a5a50001	medium	encoded_magic	semantic_named_v51	security_magic_word_a5a50001	medium	encoded_magic	semantic_named_carried_v51
DAT_00023154	0x00023154	security_crypto_or_keycheck	owner_module_only	mmio_register_pointer	0x40048000	0x40048000	2	1	000230c4_FUN_000230c4.c	security/crypto/key-check support owner by address/function context	semantic_not_assigned_v49	not_patch_ready	v49 owner/module classification; do not treat owner bucket as source-level field name.				semantic_not_assigned_v50	security_keycheck_peripheral_unlock_or_watchdog_block	guarded	mmio_or_peripheral_pointer_analysis_label	semantic_named_v51	security_keycheck_peripheral_unlock_or_watchdog_block	guarded	mmio_or_peripheral_pointer_analysis_label	semantic_named_carried_v51
DAT_00023158	0x00023158	security_crypto_or_keycheck	owner_module_only	mmio_register_pointer	0x40053400	0x40053400	9	1	000230c4_FUN_000230c4.c	security/crypto/key-check support owner by address/function context	semantic_not_assigned_v49	not_patch_ready	v49 owner/module classification; do not treat owner bucket as source-level field name.				semantic_not_assigned_v50	security_keycheck_mmio_register_40053400	guarded	mmio_or_peripheral_pointer_analysis_label	semantic_named_v51	security_keycheck_mmio_register_40053400	guarded	mmio_or_peripheral_pointer_analysis_label	semantic_named_carried_v51
DAT_0002315c	0x0002315c	security_crypto_or_keycheck	owner_module_only	mmio_register_pointer	0x40020000	0x40020000	1	1	000230c4_FUN_000230c4.c	security/crypto/key-check support owner by address/function context	semantic_not_assigned_v49	not_patch_ready	v49 owner/module classification; do not treat owner bucket as source-level field name.				semantic_not_assigned_v50	security_keycheck_mmio_register_40020000	guarded	mmio_or_peripheral_pointer_analysis_label	semantic_named_v51	security_keycheck_mmio_register_40020000	guarded	mmio_or_peripheral_pointer_analysis_label	semantic_named_carried_v51
DAT_00023160	0x00023160	security_crypto_or_keycheck	owner_module_only	system_memory_1fff_pointer_or_table_ref	0x1fffa666	0x1fffa666	1	1	000230c4_FUN_000230c4.c	security/crypto/key-check support owner by address/function context	semantic_not_assigned_v49	not_patch_ready	v49 owner/module classification; do not treat owner bucket as source-level field name.				semantic_not_assigned_v50	security_keycheck_system_memory_table_ref_1fffa666	guarded	system_memory_or_table_pointer_analysis_label	semantic_named_v51	security_keycheck_system_memory_table_ref_1fffa666	guarded	system_memory_or_table_pointer_analysis_label	semantic_named_carried_v51
DAT_00023164	0x00023164	security_crypto_or_keycheck	owner_module_only	mmio_register_pointer	0x4001082c	0x4001082c	1	1	000230c4_FUN_000230c4.c	security/crypto/key-check support owner by address/function context	semantic_not_assigned_v49	not_patch_ready	v49 owner/module classification; do not treat owner bucket as source-level field name.				semantic_not_assigned_v50	security_keycheck_mmio_register_4001082c	guarded	mmio_or_peripheral_pointer_analysis_label	semantic_named_v51	security_keycheck_mmio_register_4001082c	guarded	mmio_or_peripheral_pointer_analysis_label	semantic_named_carried_v51
DAT_00023168	0x00023168	security_crypto_or_keycheck	owner_module_only	mmio_register_pointer	0x40051000	0x40051000	1	1	000230c4_FUN_000230c4.c	security/crypto/key-check support owner by address/function context	semantic_not_assigned_v49	not_patch_ready	v49 owner/module classification; do not treat owner bucket as source-level field name.				semantic_not_assigned_v50	security_keycheck_mmio_register_40051000	guarded	mmio_or_peripheral_pointer_analysis_label	semantic_named_v51	security_keycheck_mmio_register_40051000	guarded	mmio_or_peripheral_pointer_analysis_label	semantic_named_carried_v51
DAT_0002316c	0x0002316c	security_crypto_or_keycheck	owner_module_only	mmio_register_pointer	0xe000e001	0xe000e001	2	1	000230c4_FUN_000230c4.c	security/crypto/key-check support owner by address/function context	semantic_not_assigned_v49	not_patch_ready	v49 owner/module classification; do not treat owner bucket as source-level field name.				semantic_not_assigned_v50	security_keycheck_mmio_register_e000e001	guarded	mmio_or_peripheral_pointer_analysis_label	semantic_named_v51	security_keycheck_mmio_register_e000e001	guarded	mmio_or_peripheral_pointer_analysis_label	semantic_named_carried_v51
DAT_000231e0	0x000231e0	security_crypto_or_keycheck	owner_module_only	mmio_register_pointer	0x40048000	0x40048000	2	1	00023170_FUN_00023170.c	security/crypto/key-check support owner by address/function context	semantic_not_assigned_v49	not_patch_ready	v49 owner/module classification; do not treat owner bucket as source-level field name.				semantic_not_assigned_v50	security_keycheck_peripheral_unlock_or_watchdog_block_dat000231e0	guarded	mmio_or_peripheral_pointer_analysis_label	semantic_named_v51	security_keycheck_peripheral_unlock_or_watchdog_block_dat000231e0	guarded	mmio_or_peripheral_pointer_analysis_label	semantic_named_carried_v51
DAT_000231e4	0x000231e4	security_crypto_or_keycheck	owner_module_only	mmio_register_pointer	0x40053bfc	0x40053bfc	11	1	00023170_FUN_00023170.c	security/crypto/key-check support owner by address/function context	semantic_not_assigned_v49	not_patch_ready	v49 owner/module classification; do not treat owner bucket as source-level field name.				semantic_not_assigned_v50	security_keycheck_mmio_register_40053bfc	guarded	mmio_or_peripheral_pointer_analysis_label	semantic_named_v51	security_keycheck_mmio_register_40053bfc	guarded	mmio_or_peripheral_pointer_analysis_label	semantic_named_carried_v51
DAT_000231e8	0x000231e8	security_crypto_or_keycheck	owner_module_only	mmio_register_pointer	0x40020000	0x40020000	2	1	00023170_FUN_00023170.c	security/crypto/key-check support owner by address/function context	semantic_not_assigned_v49	not_patch_ready	v49 owner/module classification; do not treat owner bucket as source-level field name.				semantic_not_assigned_v50	security_keycheck_mmio_register_40020000_dat000231e8	guarded	mmio_or_peripheral_pointer_analysis_label	semantic_named_v51	security_keycheck_mmio_register_40020000_dat000231e8	guarded	mmio_or_peripheral_pointer_analysis_label	semantic_named_carried_v51
DAT_00023204	0x00023204	security_crypto_or_keycheck	owner_module_only	mmio_register_pointer	0x40020000	0x40020000	3	1	000231ec_FUN_000231ec.c	security/crypto/key-check support owner by address/function context	semantic_not_assigned_v49	not_patch_ready	v49 owner/module classification; do not treat owner bucket as source-level field name.				semantic_not_assigned_v50	security_keycheck_mmio_register_40020000_dat00023204	guarded	mmio_or_peripheral_pointer_analysis_label	semantic_named_v51	security_keycheck_mmio_register_40020000_dat00023204	guarded	mmio_or_peripheral_pointer_analysis_label	semantic_named_carried_v51
DAT_00023434	0x00023434	security_crypto_or_keycheck	owner_module_only	mmio_register_pointer	0x40048000	0x40048000	5	1	00023208_FUN_00023208.c	security/crypto/key-check support owner by address/function context	semantic_not_assigned_v49	not_patch_ready	v49 owner/module classification; do not treat owner bucket as source-level field name.				semantic_not_assigned_v50	security_keycheck_peripheral_unlock_or_watchdog_block_dat00023434	guarded	mmio_or_peripheral_pointer_analysis_label	semantic_named_v51	security_keycheck_peripheral_unlock_or_watchdog_block_dat00023434	guarded	mmio_or_peripheral_pointer_analysis_label	semantic_named_carried_v51
DAT_00023438	0x00023438	security_crypto_or_keycheck	owner_module_only	float32_candidate_or_encoded_constant	0xa5a50001	u32=0xa5a50001; f32=-2.862294e-16	4	1	00023208_FUN_00023208.c	security/crypto/key-check support owner by address/function context	semantic_not_assigned_v49	not_patch_ready	v49 owner/module classification; do not treat owner bucket as source-level field name.				semantic_not_assigned_v50	security_magic_word_a5a50001_repeat	medium	encoded_magic	semantic_named_v51	security_magic_word_a5a50001_repeat	medium	encoded_magic	semantic_named_carried_v51
DAT_0002343c	0x0002343c	security_crypto_or_keycheck	owner_module_only	mmio_register_pointer	0x40054000	0x40054000	3	1	00023208_FUN_00023208.c	security/crypto/key-check support owner by address/function context	semantic_not_assigned_v49	not_patch_ready	v49 owner/module classification; do not treat owner bucket as source-level field name.				semantic_not_assigned_v50	security_keycheck_mmio_register_40054000	guarded	mmio_or_peripheral_pointer_analysis_label	semantic_named_v51	security_keycheck_mmio_register_40054000	guarded	mmio_or_peripheral_pointer_analysis_label	semantic_named_carried_v51
DAT_00023440	0x00023440	security_crypto_or_keycheck	owner_module_only	integer_or_bitmask_constant	0xfffffa0e	0xfffffa0e	4	1	00023208_FUN_00023208.c	security/crypto/key-check support owner by address/function context	semantic_not_assigned_v49	not_patch_ready	v49 owner/module classification; do not treat owner bucket as source-level field name.				semantic_not_assigned_v50	security_key_mask_fffffa0e	medium	integer_or_mask	semantic_named_v51	security_key_mask_fffffa0e	medium	integer_or_mask	semantic_named_carried_v51
DAT_00023444	0x00023444	security_crypto_or_keycheck	owner_module_only	integer_or_bitmask_constant	0x00112210	0x00112210	1	1	00023208_FUN_00023208.c	security/crypto/key-check support owner by address/function context	semantic_not_assigned_v49	not_patch_ready	v49 owner/module classification; do not treat owner bucket as source-level field name.				semantic_not_assigned_v50	security_key_pattern_00112210	medium	integer_or_mask	semantic_named_v51	security_key_pattern_00112210	medium	integer_or_mask	semantic_named_carried_v51
DAT_00023448	0x00023448	security_crypto_or_keycheck	owner_module_only	mmio_register_pointer	0x4004cc50	0x4004cc50	2	1	00023208_FUN_00023208.c	security/crypto/key-check support owner by address/function context	semantic_not_assigned_v49	not_patch_ready	v49 owner/module classification; do not treat owner bucket as source-level field name.				semantic_not_assigned_v50	security_keycheck_mmio_register_4004cc50	guarded	mmio_or_peripheral_pointer_analysis_label	semantic_named_v51	security_keycheck_mmio_register_4004cc50	guarded	mmio_or_peripheral_pointer_analysis_label	semantic_named_carried_v51
DAT_0002344c	0x0002344c	security_crypto_or_keycheck	owner_module_only	mmio_register_pointer	0x40050804	0x40050804	3	1	00023208_FUN_00023208.c	security/crypto/key-check support owner by address/function context	semantic_not_assigned_v49	not_patch_ready	v49 owner/module classification; do not treat owner bucket as source-level field name.				semantic_not_assigned_v50	security_keycheck_mmio_register_40050804	guarded	mmio_or_peripheral_pointer_analysis_label	semantic_named_v51	security_keycheck_mmio_register_40050804	guarded	mmio_or_peripheral_pointer_analysis_label	semantic_named_carried_v51
DAT_00023450	0x00023450	security_crypto_or_keycheck	owner_module_only	mmio_register_pointer	0x40010400	0x40010400	3	1	00023208_FUN_00023208.c	security/crypto/key-check support owner by address/function context	semantic_not_assigned_v49	not_patch_ready	v49 owner/module classification; do not treat owner bucket as source-level field name.				semantic_not_assigned_v50	security_keycheck_mmio_register_40010400	guarded	mmio_or_peripheral_pointer_analysis_label	semantic_named_v51	security_keycheck_mmio_register_40010400	guarded	mmio_or_peripheral_pointer_analysis_label	semantic_named_carried_v51
DAT_00023454	0x00023454	security_crypto_or_keycheck	owner_module_only	integer_or_bitmask_constant	0x00070003	0x00070003	1	1	00023208_FUN_00023208.c	security/crypto/key-check support owner by address/function context	semantic_not_assigned_v49	not_patch_ready	v49 owner/module classification; do not treat owner bucket as source-level field name.				semantic_not_assigned_v50	security_timer_or_unlock_mask_00070003	medium	integer_or_mask	semantic_named_v51	security_timer_or_unlock_mask_00070003	medium	integer_or_mask	semantic_named_carried_v51
DAT_00023458	0x00023458	security_crypto_or_keycheck	owner_module_only	float32_candidate_or_encoded_constant	0x39306300	u32=0x39306300; f32=0.000168215483	1	1	00023208_FUN_00023208.c	security/crypto/key-check support owner by address/function context	semantic_not_assigned_v49	not_patch_ready	v49 owner/module classification; do not treat owner bucket as source-level field name.				semantic_not_assigned_v50	security_timing_literal_0p000168215	low_guarded	float32_or_encoded_constant	semantic_named_v51	security_timing_literal_0p000168215	low_guarded	float32_or_encoded_constant	semantic_named_carried_v51
DAT_0002345c	0x0002345c	security_crypto_or_keycheck	owner_module_only	mmio_register_pointer	0x4003a000	0x4003a000	2	1	00023208_FUN_00023208.c	security/crypto/key-check support owner by address/function context	semantic_not_assigned_v49	not_patch_ready	v49 owner/module classification; do not treat owner bucket as source-level field name.				semantic_not_assigned_v50	security_keycheck_mmio_register_4003a000	guarded	mmio_or_peripheral_pointer_analysis_label	semantic_named_v51	security_keycheck_mmio_register_4003a000	guarded	mmio_or_peripheral_pointer_analysis_label	semantic_named_carried_v51
DAT_000234b8	0x000234b8	platform_commissioning_io_support	owner_module_only	system_memory_1fff_pointer_or_table_ref	0x1fffc678	0x1fffc678	1	1	00023494_FUN_00023494.c	UART/CAN/platform support or commissioning support owner by address/function context	semantic_not_assigned_v49	not_patch_ready	v49 owner/module classification; do not treat owner bucket as source-level field name.				semantic_not_assigned_v50				semantic_not_assigned_v51	commissioning_io_support_1fff_1fffc678_table_or_state_ref	guarded	system_memory_or_table_pointer_analysis_label	semantic_named_v52
DAT_0002353c	0x0002353c	platform_commissioning_io_support	owner_module_only	mmio_register_pointer	0x40010684	0x40010684	1	1	000234bc_FUN_000234bc.c	UART/CAN/platform support or commissioning support owner by address/function context	semantic_not_assigned_v49	not_patch_ready	v49 owner/module classification; do not treat owner bucket as source-level field name.				semantic_not_assigned_v50				semantic_not_assigned_v51	commissioning_io_support_mmio_40010684_ref	guarded	mmio_or_peripheral_pointer_analysis_label	semantic_named_v52
DAT_00023540	0x00023540	platform_commissioning_io_support	owner_module_only	system_memory_1fff_pointer_or_table_ref	0x1ffff4f0	0x1ffff4f0	2	1	000234bc_FUN_000234bc.c	UART/CAN/platform support or commissioning support owner by address/function context	semantic_not_assigned_v49	not_patch_ready	v49 owner/module classification; do not treat owner bucket as source-level field name.				semantic_not_assigned_v50				semantic_not_assigned_v51	commissioning_io_support_1fff_1ffff4f0_table_or_state_ref	guarded	system_memory_or_table_pointer_analysis_label	semantic_named_v52
DAT_00023544	0x00023544	platform_commissioning_io_support	owner_module_only	float32_candidate_or_encoded_constant	0x00f42400	u32=0x00f42400; f32=2.24207754e-38	1	1	000234bc_FUN_000234bc.c	UART/CAN/platform support or commissioning support owner by address/function context	semantic_not_assigned_v49	not_patch_ready	v49 owner/module classification; do not treat owner bucket as source-level field name.				semantic_not_assigned_v50				semantic_not_assigned_v51	commissioning_io_support_float_or_encoded_literal_23544	guarded	float_or_encoded_literal_analysis_label	semantic_named_v52
DAT_00023548	0x00023548	platform_commissioning_io_support	owner_module_only	float32_candidate_or_encoded_constant	0x01312d00	u32=0x01312d00; f32=3.25420516e-38	1	1	000234bc_FUN_000234bc.c	UART/CAN/platform support or commissioning support owner by address/function context	semantic_not_assigned_v49	not_patch_ready	v49 owner/module classification; do not treat owner bucket as source-level field name.				semantic_not_assigned_v50				semantic_not_assigned_v51	commissioning_io_support_float_or_encoded_literal_23548	guarded	float_or_encoded_literal_analysis_label	semantic_named_v52
DAT_0002354c	0x0002354c	platform_commissioning_io_support	owner_module_only	mmio_register_pointer	0x40054000	0x40054000	1	1	000234bc_FUN_000234bc.c	UART/CAN/platform support or commissioning support owner by address/function context	semantic_not_assigned_v49	not_patch_ready	v49 owner/module classification; do not treat owner bucket as source-level field name.				semantic_not_assigned_v50				semantic_not_assigned_v51	commissioning_io_support_mmio_40054000_ref	guarded	mmio_or_peripheral_pointer_analysis_label	semantic_named_v52
DAT_00023550	0x00023550	platform_commissioning_io_support	owner_module_only	integer_or_bitmask_constant	0x007a1200	0x007a1200	1	1	000234bc_FUN_000234bc.c	UART/CAN/platform support or commissioning support owner by address/function context	semantic_not_assigned_v49	not_patch_ready	v49 owner/module classification; do not treat owner bucket as source-level field name.				semantic_not_assigned_v50				semantic_not_assigned_v51	commissioning_io_support_integer_or_bitmask_literal_23550	guarded	integer_or_bitmask_analysis_label	semantic_named_v52
DAT_0002356c	0x0002356c	platform_commissioning_io_support	owner_module_only	mmio_register_pointer	0xe000ed88	0xe000ed88	2	1	00023554_FUN_00023554.c	UART/CAN/platform support or commissioning support owner by address/function context	semantic_not_assigned_v49	not_patch_ready	v49 owner/module classification; do not treat owner bucket as source-level field name.				semantic_not_assigned_v50				semantic_not_assigned_v51	commissioning_io_support_mmio_e000ed88_ref	guarded	mmio_or_peripheral_pointer_analysis_label	semantic_named_v52
DAT_00023570	0x00023570	platform_commissioning_io_support	owner_module_only	mmio_register_pointer	0xe000ed08	0xe000ed08	1	1	00023554_FUN_00023554.c	UART/CAN/platform support or commissioning support owner by address/function context	semantic_not_assigned_v49	not_patch_ready	v49 owner/module classification; do not treat owner bucket as source-level field name.				semantic_not_assigned_v50				semantic_not_assigned_v51	commissioning_io_support_mmio_e000ed08_ref	guarded	mmio_or_peripheral_pointer_analysis_label	semantic_named_v52
DAT_00023594	0x00023594	platform_commissioning_io_support	owner_module_only	mmio_register_pointer	0x40048000	0x40048000	2	1	00023574_FUN_00023574.c	UART/CAN/platform support or commissioning support owner by address/function context	semantic_not_assigned_v49	not_patch_ready	v49 owner/module classification; do not treat owner bucket as source-level field name.				semantic_not_assigned_v50				semantic_not_assigned_v51	commissioning_io_support_mmio_40048000_ref	guarded	mmio_or_peripheral_pointer_analysis_label	semantic_named_v52
DAT_00023598	0x00023598	platform_commissioning_io_support	owner_module_only	mmio_register_pointer	0x40024000	0x40024000	2	1	00023574_FUN_00023574.c	UART/CAN/platform support or commissioning support owner by address/function context	semantic_not_assigned_v49	not_patch_ready	v49 owner/module classification; do not treat owner bucket as source-level field name.				semantic_not_assigned_v50				semantic_not_assigned_v51	commissioning_io_support_mmio_40024000_ref	guarded	mmio_or_peripheral_pointer_analysis_label	semantic_named_v52
DAT_00023764	0x00023764	platform_commissioning_io_support	owner_module_only	mmio_register_pointer	0x40048000	0x40048000	3	1	0002359c_FUN_0002359c.c	UART/CAN/platform support or commissioning support owner by address/function context	semantic_not_assigned_v49	not_patch_ready	v49 owner/module classification; do not treat owner bucket as source-level field name.				semantic_not_assigned_v50				semantic_not_assigned_v51	commissioning_io_support_mmio_40048000_ref	guarded	mmio_or_peripheral_pointer_analysis_label	semantic_named_v52
DAT_00023768	0x00023768	platform_commissioning_io_support	owner_module_only	mmio_register_pointer	0x40053bfc	0x40053bfc	4	1	0002359c_FUN_0002359c.c	UART/CAN/platform support or commissioning support owner by address/function context	semantic_not_assigned_v49	not_patch_ready	v49 owner/module classification; do not treat owner bucket as source-level field name.				semantic_not_assigned_v50				semantic_not_assigned_v51	commissioning_io_support_mmio_40053bfc_ref	guarded	mmio_or_peripheral_pointer_analysis_label	semantic_named_v52
DAT_0002376c	0x0002376c	platform_commissioning_io_support	owner_module_only	integer_or_bitmask_constant	0x801b0000	0x801b0000	1	1	0002359c_FUN_0002359c.c	UART/CAN/platform support or commissioning support owner by address/function context	semantic_not_assigned_v49	not_patch_ready	v49 owner/module classification; do not treat owner bucket as source-level field name.				semantic_not_assigned_v50				semantic_not_assigned_v51	commissioning_io_support_integer_or_bitmask_literal_2376c	guarded	integer_or_bitmask_analysis_label	semantic_named_v52
DAT_00023770	0x00023770	platform_commissioning_io_support	owner_module_only	mmio_register_pointer	0x4001cc0c	0x4001cc0c	3	1	0002359c_FUN_0002359c.c	UART/CAN/platform support or commissioning support owner by address/function context	semantic_not_assigned_v49	not_patch_ready	v49 owner/module classification; do not treat owner bucket as source-level field name.				semantic_not_assigned_v50				semantic_not_assigned_v51	commissioning_io_support_mmio_4001cc0c_ref	guarded	mmio_or_peripheral_pointer_analysis_label	semantic_named_v52
DAT_00023774	0x00023774	platform_commissioning_io_support	owner_module_only	mmio_register_pointer	0x4cbebc20	0x4cbebc20	2	1	0002359c_FUN_0002359c.c	UART/CAN/platform support or commissioning support owner by address/function context	semantic_not_assigned_v49	not_patch_ready	v49 owner/module classification; do not treat owner bucket as source-level field name.				semantic_not_assigned_v50				semantic_not_assigned_v51	commissioning_io_support_mmio_4cbebc20_ref	guarded	mmio_or_peripheral_pointer_analysis_label	semantic_named_v52
DAT_00023778	0x00023778	platform_commissioning_io_support	owner_module_only	float32_candidate_or_encoded_constant	0x3727c5ac	u32=0x3727c5ac; f32=9.99999975e-06	1	1	0002359c_FUN_0002359c.c	UART/CAN/platform support or commissioning support owner by address/function context	semantic_not_assigned_v49	not_patch_ready	v49 owner/module classification; do not treat owner bucket as source-level field name.				semantic_not_assigned_v50				semantic_not_assigned_v51	commissioning_io_support_float_or_encoded_literal_23778	guarded	float_or_encoded_literal_analysis_label	semantic_named_v52
DAT_0002377c	0x0002377c	platform_commissioning_io_support	owner_module_only	mmio_register_pointer	0x43000000	0x43000000	1	1	0002359c_FUN_0002359c.c	UART/CAN/platform support or commissioning support owner by address/function context	semantic_not_assigned_v49	not_patch_ready	v49 owner/module classification; do not treat owner bucket as source-level field name.				semantic_not_assigned_v50				semantic_not_assigned_v51	commissioning_io_support_mmio_43000000_ref	guarded	mmio_or_peripheral_pointer_analysis_label	semantic_named_v52
DAT_00023780	0x00023780	platform_commissioning_io_support	owner_module_only	float32_candidate_or_encoded_constant	0xa5a50001	u32=0xa5a50001; f32=-2.862294e-16	2	1	0002359c_FUN_0002359c.c	UART/CAN/platform support or commissioning support owner by address/function context	semantic_not_assigned_v49	not_patch_ready	v49 owner/module classification; do not treat owner bucket as source-level field name.				semantic_not_assigned_v50				semantic_not_assigned_v51	commissioning_io_support_float_or_encoded_literal_23780	guarded	float_or_encoded_literal_analysis_label	semantic_named_v52
DAT_00023784	0x00023784	platform_commissioning_io_support	owner_module_only	mmio_register_pointer	0x40053000	0x40053000	2	1	0002359c_FUN_0002359c.c	UART/CAN/platform support or commissioning support owner by address/function context	semantic_not_assigned_v49	not_patch_ready	v49 owner/module classification; do not treat owner bucket as source-level field name.				semantic_not_assigned_v50				semantic_not_assigned_v51	commissioning_io_support_mmio_40053000_ref	guarded	mmio_or_peripheral_pointer_analysis_label	semantic_named_v52
DAT_00023788	0x00023788	platform_commissioning_io_support	owner_module_only	system_memory_1fff_pointer_or_table_ref	0x1ffff3c7	0x1ffff3c7	1	1	0002359c_FUN_0002359c.c	UART/CAN/platform support or commissioning support owner by address/function context	semantic_not_assigned_v49	not_patch_ready	v49 owner/module classification; do not treat owner bucket as source-level field name.				semantic_not_assigned_v50				semantic_not_assigned_v51	commissioning_io_support_1fff_1ffff3c7_table_or_state_ref	guarded	system_memory_or_table_pointer_analysis_label	semantic_named_v52
DAT_0002378c	0x0002378c	platform_commissioning_io_support	owner_module_only	float32_candidate_or_encoded_constant	0x00c80001	u32=0x00c80001; f32=1.83671006e-38	1	1	0002359c_FUN_0002359c.c	UART/CAN/platform support or commissioning support owner by address/function context	semantic_not_assigned_v49	not_patch_ready	v49 owner/module classification; do not treat owner bucket as source-level field name.				semantic_not_assigned_v50				semantic_not_assigned_v51	commissioning_io_support_float_or_encoded_literal_2378c	guarded	float_or_encoded_literal_analysis_label	semantic_named_v52
DAT_00023790	0x00023790	platform_commissioning_io_support	owner_module_only	mmio_register_pointer	0x40010814	0x40010814	1	1	0002359c_FUN_0002359c.c	UART/CAN/platform support or commissioning support owner by address/function context	semantic_not_assigned_v49	not_patch_ready	v49 owner/module classification; do not treat owner bucket as source-level field name.				semantic_not_assigned_v50				semantic_not_assigned_v51	commissioning_io_support_mmio_40010814_ref	guarded	mmio_or_peripheral_pointer_analysis_label	semantic_named_v52
DAT_00023794	0x00023794	platform_commissioning_io_support	owner_module_only	mmio_register_pointer	0x40051000	0x40051000	1	1	0002359c_FUN_0002359c.c	UART/CAN/platform support or commissioning support owner by address/function context	semantic_not_assigned_v49	not_patch_ready	v49 owner/module classification; do not treat owner bucket as source-level field name.				semantic_not_assigned_v50				semantic_not_assigned_v51	commissioning_io_support_mmio_40051000_ref	guarded	mmio_or_peripheral_pointer_analysis_label	semantic_named_v52
DAT_00023798	0x00023798	platform_commissioning_io_support	owner_module_only	mmio_register_pointer	0xe000e004	0xe000e004	2	1	0002359c_FUN_0002359c.c	UART/CAN/platform support or commissioning support owner by address/function context	semantic_not_assigned_v49	not_patch_ready	v49 owner/module classification; do not treat owner bucket as source-level field name.				semantic_not_assigned_v50				semantic_not_assigned_v51	commissioning_io_support_mmio_e000e004_ref	guarded	mmio_or_peripheral_pointer_analysis_label	semantic_named_v52
DAT_000237bc	0x000237bc	platform_commissioning_io_support	owner_module_only	mmio_register_pointer	0x4001cc00	0x4001cc00	2	1	0002379c_FUN_0002379c.c	UART/CAN/platform support or commissioning support owner by address/function context	semantic_not_assigned_v49	not_patch_ready	v49 owner/module classification; do not treat owner bucket as source-level field name.				semantic_not_assigned_v50				semantic_not_assigned_v51	commissioning_io_support_mmio_4001cc00_ref	guarded	mmio_or_peripheral_pointer_analysis_label	semantic_named_v52
DAT_00023b78	0x00023b78	platform_commissioning_io_support	owner_module_only	float32_candidate_or_encoded_constant	0x3ff00000	u32=0x3ff00000; f32=1.875	1	1	00023890_FUN_00023890.c	UART/CAN/platform support or commissioning support owner by address/function context	semantic_not_assigned_v49	not_patch_ready	v49 owner/module classification; do not treat owner bucket as source-level field name.				semantic_not_assigned_v50				semantic_not_assigned_v51	commissioning_io_support_float_or_encoded_literal_23b78	guarded	float_or_encoded_literal_analysis_label	semantic_named_v52
DAT_00023b80	0x00023b80	platform_commissioning_io_support	owner_module_only	mmio_register_pointer	0x54442d18	0x54442d18	1	1	00023890_FUN_00023890.c	UART/CAN/platform support or commissioning support owner by address/function context	semantic_not_assigned_v49	not_patch_ready	v49 owner/module classification; do not treat owner bucket as source-level field name.				semantic_not_assigned_v50				semantic_not_assigned_v51	commissioning_io_support_mmio_54442d18_ref	guarded	mmio_or_peripheral_pointer_analysis_label	semantic_named_v52
DAT_00023b88	0x00023b88	platform_commissioning_io_support	owner_module_only	integer_or_bitmask_constant	0x7ff00000	0x7ff00000	2	1	00023890_FUN_00023890.c	UART/CAN/platform support or commissioning support owner by address/function context	semantic_not_assigned_v49	not_patch_ready	v49 owner/module classification; do not treat owner bucket as source-level field name.				semantic_not_assigned_v50				semantic_not_assigned_v51	commissioning_io_support_integer_or_bitmask_literal_23b88	guarded	integer_or_bitmask_analysis_label	semantic_named_v52
DAT_00023b90	0x00023b90	platform_commissioning_io_support	owner_module_only	integer_or_bitmask_constant	0x00000000	0x00000000	1	1	00023890_FUN_00023890.c	UART/CAN/platform support or commissioning support owner by address/function context	semantic_not_assigned_v49	not_patch_ready	v49 owner/module classification; do not treat owner bucket as source-level field name.				semantic_not_assigned_v50				semantic_not_assigned_v51	commissioning_io_support_integer_or_bitmask_literal_23b90	guarded	integer_or_bitmask_analysis_label	semantic_named_v52
DAT_00023b98	0x00023b98	platform_commissioning_io_support	owner_module_only	float32_candidate_or_encoded_constant	0x3fe00000	u32=0x3fe00000; f32=1.75	1	1	00023890_FUN_00023890.c	UART/CAN/platform support or commissioning support owner by address/function context	semantic_not_assigned_v49	not_patch_ready	v49 owner/module classification; do not treat owner bucket as source-level field name.				semantic_not_assigned_v50				semantic_not_assigned_v51	commissioning_io_support_float_or_encoded_literal_23b98	guarded	float_or_encoded_literal_analysis_label	semantic_named_v52
DAT_00023ba0	0x00023ba0	platform_commissioning_io_support	owner_module_only	integer_or_bitmask_constant	0x00000000	0x00000000	2	1	00023890_FUN_00023890.c	UART/CAN/platform support or commissioning support owner by address/function context	semantic_not_assigned_v49	not_patch_ready	v49 owner/module classification; do not treat owner bucket as source-level field name.				semantic_not_assigned_v50				semantic_not_assigned_v51	commissioning_io_support_integer_or_bitmask_literal_23ba0	guarded	integer_or_bitmask_analysis_label	semantic_named_v52
DAT_00023ba8	0x00023ba8	platform_commissioning_io_support	owner_module_only	float32_candidate_or_encoded_constant	0x33145c07	u32=0x33145c07; f32=3.45426336e-08	2	1	00023890_FUN_00023890.c	UART/CAN/platform support or commissioning support owner by address/function context	semantic_not_assigned_v49	not_patch_ready	v49 owner/module classification; do not treat owner bucket as source-level field name.				semantic_not_assigned_v50				semantic_not_assigned_v51	commissioning_io_support_float_or_encoded_literal_23ba8	guarded	float_or_encoded_literal_analysis_label	semantic_named_v52
DAT_00023bb0	0x00023bb0	platform_commissioning_io_support	owner_module_only	float32_candidate_or_encoded_constant	0x3c600000	u32=0x3c600000; f32=0.013671875	1	1	00023890_FUN_00023890.c	UART/CAN/platform support or commissioning support owner by address/function context	semantic_not_assigned_v49	not_patch_ready	v49 owner/module classification; do not treat owner bucket as source-level field name.				semantic_not_assigned_v50				semantic_not_assigned_v51	commissioning_io_support_float_or_encoded_literal_23bb0	guarded	float_or_encoded_literal_analysis_label	semantic_named_v52
DAT_00023bb8	0x00023bb8	platform_commissioning_io_support	owner_module_only	mmio_register_pointer	0x54442d18	0x54442d18	2	1	00023890_FUN_00023890.c	UART/CAN/platform support or commissioning support owner by address/function context	semantic_not_assigned_v49	not_patch_ready	v49 owner/module classification; do not treat owner bucket as source-level field name.				semantic_not_assigned_v50				semantic_not_assigned_v51	commissioning_io_support_mmio_54442d18_ref	guarded	mmio_or_peripheral_pointer_analysis_label	semantic_named_v52
DAT_00023bc0	0x00023bc0	platform_commissioning_io_support	owner_module_only	integer_or_bitmask_constant	0x00004bdc	0x00004bdc	1	1	00023890_FUN_00023890.c	UART/CAN/platform support or commissioning support owner by address/function context	semantic_not_assigned_v49	not_patch_ready	v49 owner/module classification; do not treat owner bucket as source-level field name.				semantic_not_assigned_v50				semantic_not_assigned_v51	commissioning_io_support_integer_or_bitmask_literal_23bc0	guarded	integer_or_bitmask_analysis_label	semantic_named_v52
DAT_00023bc4	0x00023bc4	platform_commissioning_io_support	owner_module_only	integer_or_bitmask_constant	0x00004bea	0x00004bea	1	1	00023890_FUN_00023890.c	UART/CAN/platform support or commissioning support owner by address/function context	semantic_not_assigned_v49	not_patch_ready	v49 owner/module classification; do not treat owner bucket as source-level field name.				semantic_not_assigned_v50				semantic_not_assigned_v51	commissioning_io_support_integer_or_bitmask_literal_23bc4	guarded	integer_or_bitmask_analysis_label	semantic_named_v52
DAT_00023bc8	0x00023bc8	platform_commissioning_io_support	owner_module_only	integer_or_bitmask_constant	0x00000000	0x00000000	2	1	00023890_FUN_00023890.c	UART/CAN/platform support or commissioning support owner by address/function context	semantic_not_assigned_v49	not_patch_ready	v49 owner/module classification; do not treat owner bucket as source-level field name.				semantic_not_assigned_v50				semantic_not_assigned_v51	commissioning_io_support_integer_or_bitmask_literal_23bc8	guarded	integer_or_bitmask_analysis_label	semantic_named_v52
DAT_00023bd0	0x00023bd0	platform_commissioning_io_support	owner_module_only	integer_or_bitmask_constant	0x00000000	0x00000000	2	1	00023890_FUN_00023890.c	UART/CAN/platform support or commissioning support owner by address/function context	semantic_not_assigned_v49	not_patch_ready	v49 owner/module classification; do not treat owner bucket as source-level field name.				semantic_not_assigned_v50				semantic_not_assigned_v51	commissioning_io_support_integer_or_bitmask_literal_23bd0	guarded	integer_or_bitmask_analysis_label	semantic_named_v52
DAT_00023bd8	0x00023bd8	platform_commissioning_io_support	owner_module_only	integer_or_bitmask_constant	0x00004b26	0x00004b26	1	1	00023890_FUN_00023890.c	UART/CAN/platform support or commissioning support owner by address/function context	semantic_not_assigned_v49	not_patch_ready	v49 owner/module classification; do not treat owner bucket as source-level field name.				semantic_not_assigned_v50				semantic_not_assigned_v51	commissioning_io_support_integer_or_bitmask_literal_23bd8	guarded	integer_or_bitmask_analysis_label	semantic_named_v52
DAT_00023bdc	0x00023bdc	platform_commissioning_io_support	owner_module_only	integer_or_bitmask_constant	0x00004b34	0x00004b34	1	1	00023890_FUN_00023890.c	UART/CAN/platform support or commissioning support owner by address/function context	semantic_not_assigned_v49	not_patch_ready	v49 owner/module classification; do not treat owner bucket as source-level field name.				semantic_not_assigned_v50				semantic_not_assigned_v51	commissioning_io_support_integer_or_bitmask_literal_23bdc	guarded	integer_or_bitmask_analysis_label	semantic_named_v52
DAT_00023be0	0x00023be0	platform_commissioning_io_support	owner_module_only	integer_or_bitmask_constant	0x00004a38	0x00004a38	1	1	00023890_FUN_00023890.c	UART/CAN/platform support or commissioning support owner by address/function context	semantic_not_assigned_v49	not_patch_ready	v49 owner/module classification; do not treat owner bucket as source-level field name.				semantic_not_assigned_v50				semantic_not_assigned_v51	commissioning_io_support_integer_or_bitmask_literal_23be0	guarded	integer_or_bitmask_analysis_label	semantic_named_v52
DAT_00023be4	0x00023be4	platform_commissioning_io_support	owner_module_only	integer_or_bitmask_constant	0x00004a46	0x00004a46	1	1	00023890_FUN_00023890.c	UART/CAN/platform support or commissioning support owner by address/function context	semantic_not_assigned_v49	not_patch_ready	v49 owner/module classification; do not treat owner bucket as source-level field name.				semantic_not_assigned_v50				semantic_not_assigned_v51	commissioning_io_support_integer_or_bitmask_literal_23be4	guarded	integer_or_bitmask_analysis_label	semantic_named_v52
DAT_00023e3c	0x00023e3c	libm_softfloat	owner_module_only	float32_candidate_or_encoded_constant	0xbfc90fdb	u32=0xbfc90fdb; f32=-1.57079637	1	1	00023be8_FUN_00023be8.c	math/libm/softfloat owner	semantic_not_assigned_v49	not_patch_ready	v49 owner/module classification; do not treat owner bucket as source-level field name.				semantic_not_assigned_v50				semantic_not_assigned_v51				semantic_not_assigned_v52
DAT_00023e40	0x00023e40	libm_softfloat	owner_module_only	float32_candidate_or_encoded_constant	0x3fc90fdb	u32=0x3fc90fdb; f32=1.57079637	1	1	00023be8_FUN_00023be8.c	math/libm/softfloat owner	semantic_not_assigned_v49	not_patch_ready	v49 owner/module classification; do not treat owner bucket as source-level field name.				semantic_not_assigned_v50				semantic_not_assigned_v51				semantic_not_assigned_v52
DAT_00023e44	0x00023e44	libm_softfloat	owner_module_only	mmio_register_pointer	0x40490fdb	0x40490fdb	1	1	00023be8_FUN_00023be8.c	math/libm/softfloat owner	semantic_not_assigned_v49	not_patch_ready	v49 owner/module classification; do not treat owner bucket as source-level field name.				semantic_not_assigned_v50				semantic_not_assigned_v51				semantic_not_assigned_v52
DAT_00023e48	0x00023e48	libm_softfloat	owner_module_only	float32_candidate_or_encoded_constant	0xc0490fdb	u32=0xc0490fdb; f32=-3.14159274	1	1	00023be8_FUN_00023be8.c	math/libm/softfloat owner	semantic_not_assigned_v49	not_patch_ready	v49 owner/module classification; do not treat owner bucket as source-level field name.				semantic_not_assigned_v50				semantic_not_assigned_v51				semantic_not_assigned_v52
DAT_00023e4c	0x00023e4c	libm_softfloat	owner_module_only	float32_candidate_or_encoded_constant	0xbfc90000	u32=0xbfc90000; f32=-1.5703125	1	1	00023be8_FUN_00023be8.c	math/libm/softfloat owner	semantic_not_assigned_v49	not_patch_ready	v49 owner/module classification; do not treat owner bucket as source-level field name.				semantic_not_assigned_v50				semantic_not_assigned_v51				semantic_not_assigned_v52
DAT_00023e50	0x00023e50	libm_softfloat	owner_module_only	float32_candidate_or_encoded_constant	0xb9fdaa22	u32=0xb9fdaa22; f32=-0.000483826792	1	1	00023be8_FUN_00023be8.c	math/libm/softfloat owner	semantic_not_assigned_v49	not_patch_ready	v49 owner/module classification; do not treat owner bucket as source-level field name.				semantic_not_assigned_v50				semantic_not_assigned_v51				semantic_not_assigned_v52
DAT_00023e54	0x00023e54	libm_softfloat	owner_module_only	float32_candidate_or_encoded_constant	0x3fc90000	u32=0x3fc90000; f32=1.5703125	1	1	00023be8_FUN_00023be8.c	math/libm/softfloat owner	semantic_not_assigned_v49	not_patch_ready	v49 owner/module classification; do not treat owner bucket as source-level field name.				semantic_not_assigned_v50				semantic_not_assigned_v51				semantic_not_assigned_v52
DAT_00023e58	0x00023e58	libm_softfloat	owner_module_only	float32_candidate_or_encoded_constant	0x39fdaa22	u32=0x39fdaa22; f32=0.000483826792	1	1	00023be8_FUN_00023be8.c	math/libm/softfloat owner	semantic_not_assigned_v49	not_patch_ready	v49 owner/module classification; do not treat owner bucket as source-level field name.				semantic_not_assigned_v50				semantic_not_assigned_v51				semantic_not_assigned_v52
DAT_00023e5c	0x00023e5c	libm_softfloat	owner_module_only	float32_candidate_or_encoded_constant	0x3eed6000	u32=0x3eed6000; f32=0.463623047	2	1	00023be8_FUN_00023be8.c	math/libm/softfloat owner	semantic_not_assigned_v49	not_patch_ready	v49 owner/module classification; do not treat owner bucket as source-level field name.				semantic_not_assigned_v50				semantic_not_assigned_v51				semantic_not_assigned_v52
DAT_00023e60	0x00023e60	libm_softfloat	owner_module_only	float32_candidate_or_encoded_constant	0x37ce0ac3	u32=0x37ce0ac3; f32=2.4562125e-05	2	1	00023be8_FUN_00023be8.c	math/libm/softfloat owner	semantic_not_assigned_v49	not_patch_ready	v49 owner/module classification; do not treat owner bucket as source-level field name.				semantic_not_assigned_v50				semantic_not_assigned_v51				semantic_not_assigned_v52
DAT_00023e64	0x00023e64	libm_softfloat	owner_module_only	integer_or_bitmask_constant	0x00000000	0x00000000	2	1	00023be8_FUN_00023be8.c	math/libm/softfloat owner	semantic_not_assigned_v49	not_patch_ready	v49 owner/module classification; do not treat owner bucket as source-level field name.				semantic_not_assigned_v50				semantic_not_assigned_v51				semantic_not_assigned_v52
DAT_00023e68	0x00023e68	libm_softfloat	owner_module_only	float32_candidate_or_encoded_constant	0xc0490000	u32=0xc0490000; f32=-3.140625	1	1	00023be8_FUN_00023be8.c	math/libm/softfloat owner	semantic_not_assigned_v49	not_patch_ready	v49 owner/module classification; do not treat owner bucket as source-level field name.				semantic_not_assigned_v50				semantic_not_assigned_v51				semantic_not_assigned_v52
DAT_00023e6c	0x00023e6c	libm_softfloat	owner_module_only	float32_candidate_or_encoded_constant	0xba7daa22	u32=0xba7daa22; f32=-0.000967653585	1	1	00023be8_FUN_00023be8.c	math/libm/softfloat owner	semantic_not_assigned_v49	not_patch_ready	v49 owner/module classification; do not treat owner bucket as source-level field name.				semantic_not_assigned_v50				semantic_not_assigned_v51				semantic_not_assigned_v52
DAT_00023e70	0x00023e70	libm_softfloat	owner_module_only	mmio_register_pointer	0x40490000	0x40490000	1	1	00023be8_FUN_00023be8.c	math/libm/softfloat owner	semantic_not_assigned_v49	not_patch_ready	v49 owner/module classification; do not treat owner bucket as source-level field name.				semantic_not_assigned_v50				semantic_not_assigned_v51				semantic_not_assigned_v52
DAT_00023e74	0x00023e74	libm_softfloat	owner_module_only	float32_candidate_or_encoded_constant	0x3a7daa22	u32=0x3a7daa22; f32=0.000967653585	1	1	00023be8_FUN_00023be8.c	math/libm/softfloat owner	semantic_not_assigned_v49	not_patch_ready	v49 owner/module classification; do not treat owner bucket as source-level field name.				semantic_not_assigned_v50				semantic_not_assigned_v51				semantic_not_assigned_v52
DAT_00023e78	0x00023e78	libm_softfloat	owner_module_only	float32_candidate_or_encoded_constant	0xbd65ad2d	u32=0xbd65ad2d; f32=-0.0560733564	1	1	00023be8_FUN_00023be8.c	math/libm/softfloat owner	semantic_not_assigned_v49	not_patch_ready	v49 owner/module classification; do not treat owner bucket as source-level field name.				semantic_not_assigned_v50				semantic_not_assigned_v51				semantic_not_assigned_v52
DAT_00023e7c	0x00023e7c	libm_softfloat	owner_module_only	float32_candidate_or_encoded_constant	0x3dd5b88f	u32=0x3dd5b88f; f32=0.104355924	1	1	00023be8_FUN_00023be8.c	math/libm/softfloat owner	semantic_not_assigned_v49	not_patch_ready	v49 owner/module classification; do not treat owner bucket as source-level field name.				semantic_not_assigned_v50				semantic_not_assigned_v51				semantic_not_assigned_v52
DAT_00023e80	0x00023e80	libm_softfloat	owner_module_only	float32_candidate_or_encoded_constant	0xbe11b50f	u32=0xbe11b50f; f32=-0.142292246	1	1	00023be8_FUN_00023be8.c	math/libm/softfloat owner	semantic_not_assigned_v49	not_patch_ready	v49 owner/module classification; do not treat owner bucket as source-level field name.				semantic_not_assigned_v50				semantic_not_assigned_v51				semantic_not_assigned_v52
DAT_00023e84	0x00023e84	libm_softfloat	owner_module_only	float32_candidate_or_encoded_constant	0x3e4cc861	u32=0x3e4cc861; f32=0.199983135	1	1	00023be8_FUN_00023be8.c	math/libm/softfloat owner	semantic_not_assigned_v49	not_patch_ready	v49 owner/module classification; do not treat owner bucket as source-level field name.				semantic_not_assigned_v50				semantic_not_assigned_v51				semantic_not_assigned_v52
DAT_00023e88	0x00023e88	libm_softfloat	owner_module_only	float32_candidate_or_encoded_constant	0xbeaaaaa8	u32=0xbeaaaaa8; f32=-0.333333254	1	1	00023be8_FUN_00023be8.c	math/libm/softfloat owner	semantic_not_assigned_v49	not_patch_ready	v49 owner/module classification; do not treat owner bucket as source-level field name.				semantic_not_assigned_v50				semantic_not_assigned_v51				semantic_not_assigned_v52
DAT_00023e8c	0x00023e8c	libm_softfloat	owner_module_only	mmio_register_pointer	0x4f800000	0x4f800000	1	1	00023be8_FUN_00023be8.c	math/libm/softfloat owner	semantic_not_assigned_v49	not_patch_ready	v49 owner/module classification; do not treat owner bucket as source-level field name.				semantic_not_assigned_v50				semantic_not_assigned_v51				semantic_not_assigned_v52
DAT_00023e90	0x00023e90	libm_softfloat	owner_module_only	float32_candidate_or_encoded_constant	0x2f800000	u32=0x2f800000; f32=2.32830644e-10	1	1	00023be8_FUN_00023be8.c	math/libm/softfloat owner	semantic_not_assigned_v49	not_patch_ready	v49 owner/module classification; do not treat owner bucket as source-level field name.				semantic_not_assigned_v50				semantic_not_assigned_v51				semantic_not_assigned_v52
DAT_00024150	0x00024150	libm_softfloat	owner_module_only	integer_or_bitmask_constant	0x7e921fb6	0x7e921fb6	1	1	0002400c_FUN_0002400c.c	math/libm/softfloat owner	semantic_not_assigned_v49	not_patch_ready	v49 owner/module classification; do not treat owner bucket as source-level field name.				semantic_not_assigned_v50				semantic_not_assigned_v51				semantic_not_assigned_v52
DAT_00024154	0x00024154	libm_softfloat	owner_module_only	float32_candidate_or_encoded_constant	0x3c22e9bb	u32=0x3c22e9bb; f32=0.009943421	1	1	0002400c_FUN_0002400c.c	math/libm/softfloat owner	semantic_not_assigned_v49	not_patch_ready	v49 owner/module classification; do not treat owner bucket as source-level field name.				semantic_not_assigned_v50				semantic_not_assigned_v51				semantic_not_assigned_v52
DAT_00024158	0x00024158	libm_softfloat	owner_module_only	float32_candidate_or_encoded_constant	0x3b066d0c	u32=0x3b066d0c; f32=0.00205117743	1	1	0002400c_FUN_0002400c.c	math/libm/softfloat owner	semantic_not_assigned_v49	not_patch_ready	v49 owner/module classification; do not treat owner bucket as source-level field name.				semantic_not_assigned_v50				semantic_not_assigned_v51				semantic_not_assigned_v52
DAT_0002415c	0x0002415c	libm_softfloat	owner_module_only	float32_candidate_or_encoded_constant	0x3cce768a	u32=0x3cce768a; f32=0.0252030082	1	1	0002400c_FUN_0002400c.c	math/libm/softfloat owner	semantic_not_assigned_v49	not_patch_ready	v49 owner/module classification; do not treat owner bucket as source-level field name.				semantic_not_assigned_v50				semantic_not_assigned_v51				semantic_not_assigned_v52
DAT_00024160	0x00024160	libm_softfloat	owner_module_only	float32_candidate_or_encoded_constant	0x3d59b5ac	u32=0x3d59b5ac; f32=0.0531517714	1	1	0002400c_FUN_0002400c.c	math/libm/softfloat owner	semantic_not_assigned_v49	not_patch_ready	v49 owner/module classification; do not treat owner bucket as source-level field name.				semantic_not_assigned_v50				semantic_not_assigned_v51				semantic_not_assigned_v52
DAT_00024164	0x00024164	libm_softfloat	owner_module_only	float32_candidate_or_encoded_constant	0x3e08a135	u32=0x3e08a135; f32=0.133427456	1	1	0002400c_FUN_0002400c.c	math/libm/softfloat owner	semantic_not_assigned_v49	not_patch_ready	v49 owner/module classification; do not treat owner bucket as source-level field name.				semantic_not_assigned_v50				semantic_not_assigned_v51				semantic_not_assigned_v52
DAT_00024168	0x00024168	libm_softfloat	owner_module_only	float32_candidate_or_encoded_constant	0x3eaaaa29	u32=0x3eaaaa29; f32=0.333329469	1	1	0002400c_FUN_0002400c.c	math/libm/softfloat owner	semantic_not_assigned_v49	not_patch_ready	v49 owner/module classification; do not treat owner bucket as source-level field name.				semantic_not_assigned_v50				semantic_not_assigned_v51				semantic_not_assigned_v52
DAT_0002416c	0x0002416c	libm_softfloat	owner_module_only	mmio_register_pointer	0x46490e49	0x46490e49	1	1	0002400c_FUN_0002400c.c	math/libm/softfloat owner	semantic_not_assigned_v49	not_patch_ready	v49 owner/module classification; do not treat owner bucket as source-level field name.				semantic_not_assigned_v50				semantic_not_assigned_v51				semantic_not_assigned_v52
DAT_00024170	0x00024170	libm_softfloat	owner_module_only	float32_candidate_or_encoded_constant	0x3f22f983	u32=0x3f22f983; f32=0.636619747	2	1	0002400c_FUN_0002400c.c	math/libm/softfloat owner	semantic_not_assigned_v49	not_patch_ready	v49 owner/module classification; do not treat owner bucket as source-level field name.				semantic_not_assigned_v50				semantic_not_assigned_v51				semantic_not_assigned_v52
DAT_00024174	0x00024174	libm_softfloat	owner_module_only	mmio_register_pointer	0x4b000000	0x4b000000	4	1	0002400c_FUN_0002400c.c	math/libm/softfloat owner	semantic_not_assigned_v49	not_patch_ready	v49 owner/module classification; do not treat owner bucket as source-level field name.				semantic_not_assigned_v50				semantic_not_assigned_v51				semantic_not_assigned_v52
DAT_00024178	0x00024178	libm_softfloat	owner_module_only	float32_candidate_or_encoded_constant	0x3fc90000	u32=0x3fc90000; f32=1.5703125	1	1	0002400c_FUN_0002400c.c	math/libm/softfloat owner	semantic_not_assigned_v49	not_patch_ready	v49 owner/module classification; do not treat owner bucket as source-level field name.				semantic_not_assigned_v50				semantic_not_assigned_v51				semantic_not_assigned_v52
DAT_0002417c	0x0002417c	libm_softfloat	owner_module_only	float32_candidate_or_encoded_constant	0x39fda000	u32=0x39fda000; f32=0.000483751297	1	1	0002400c_FUN_0002400c.c	math/libm/softfloat owner	semantic_not_assigned_v49	not_patch_ready	v49 owner/module classification; do not treat owner bucket as source-level field name.				semantic_not_assigned_v50				semantic_not_assigned_v51				semantic_not_assigned_v52
DAT_00024180	0x00024180	libm_softfloat	owner_module_only	float32_candidate_or_encoded_constant	0x33a22000	u32=0x33a22000; f32=7.54953362e-08	1	1	0002400c_FUN_0002400c.c	math/libm/softfloat owner	semantic_not_assigned_v49	not_patch_ready	v49 owner/module classification; do not treat owner bucket as source-level field name.				semantic_not_assigned_v50				semantic_not_assigned_v51				semantic_not_assigned_v52
DAT_00024184	0x00024184	libm_softfloat	owner_module_only	float32_candidate_or_encoded_constant	0x2c34611a	u32=0x2c34611a; f32=2.56334407e-12	1	1	0002400c_FUN_0002400c.c	math/libm/softfloat owner	semantic_not_assigned_v49	not_patch_ready	v49 owner/module classification; do not treat owner bucket as source-level field name.				semantic_not_assigned_v50				semantic_not_assigned_v51				semantic_not_assigned_v52
DAT_000242b0	0x000242b0	platform_commissioning_io_support	owner_module_only	integer_or_bitmask_constant	0x00000000	0x00000000	3	1	00023890_FUN_00023890.c	UART/CAN/platform support or commissioning support owner by address/function context	semantic_not_assigned_v49	not_patch_ready	v49 owner/module classification; do not treat owner bucket as source-level field name.				semantic_not_assigned_v50				semantic_not_assigned_v51	commissioning_io_support_integer_or_bitmask_literal_242b0	guarded	integer_or_bitmask_analysis_label	semantic_named_v52
DAT_000242d0	0x000242d0	libm_softfloat	owner_module_only	integer_or_bitmask_constant	0x00000000	0x00000000	2	1	0002400c_FUN_0002400c.c	math/libm/softfloat owner	semantic_not_assigned_v49	not_patch_ready	v49 owner/module classification; do not treat owner bucket as source-level field name.				semantic_not_assigned_v50				semantic_not_assigned_v51				semantic_not_assigned_v52
DAT_000242e0	0x000242e0	libm_softfloat	owner_module_only	float32_candidate_or_encoded_constant	0x10000000	u32=0x10000000; f32=2.5243549e-29	2	1	000242d4_FUN_000242d4.c	math/libm/softfloat owner	semantic_not_assigned_v49	not_patch_ready	v49 owner/module classification; do not treat owner bucket as source-level field name.				semantic_not_assigned_v50				semantic_not_assigned_v51				semantic_not_assigned_v52
DAT_00024420	0x00024420	libm_softfloat	owner_module_only	integer_or_bitmask_constant	0x00004264	0x00004264	2	1	000242e4_FUN_000242e4.c	math/libm/softfloat owner	semantic_not_assigned_v49	not_patch_ready	v49 owner/module classification; do not treat owner bucket as source-level field name.				semantic_not_assigned_v50				semantic_not_assigned_v51				semantic_not_assigned_v52
DAT_00024424	0x00024424	libm_softfloat	owner_module_only	float32_candidate_or_encoded_constant	0x36000000	u32=0x36000000; f32=1.90734863e-06	1	1	000242e4_FUN_000242e4.c	math/libm/softfloat owner	semantic_not_assigned_v49	not_patch_ready	v49 owner/module classification; do not treat owner bucket as source-level field name.				semantic_not_assigned_v50				semantic_not_assigned_v51				semantic_not_assigned_v52
DAT_00024428	0x00024428	libm_softfloat	owner_module_only	float32_candidate_or_encoded_constant	0x2c800000	u32=0x2c800000; f32=3.63797881e-12	2	1	000242e4_FUN_000242e4.c	math/libm/softfloat owner	semantic_not_assigned_v49	not_patch_ready	v49 owner/module classification; do not treat owner bucket as source-level field name.				semantic_not_assigned_v50				semantic_not_assigned_v51				semantic_not_assigned_v52
DAT_0002442c	0x0002442c	libm_softfloat	owner_module_only	float32_candidate_or_encoded_constant	0x29fdaa22	u32=0x29fdaa22; f32=1.12649703e-13	1	1	000242e4_FUN_000242e4.c	math/libm/softfloat owner	semantic_not_assigned_v49	not_patch_ready	v49 owner/module classification; do not treat owner bucket as source-level field name.				semantic_not_assigned_v50				semantic_not_assigned_v51				semantic_not_assigned_v52
DAT_00024430	0x00024430	libm_softfloat	owner_module_only	float32_candidate_or_encoded_constant	0x2fc90fdb	u32=0x2fc90fdb; f32=3.6572953e-10	1	1	000242e4_FUN_000242e4.c	math/libm/softfloat owner	semantic_not_assigned_v49	not_patch_ready	v49 owner/module classification; do not treat owner bucket as source-level field name.				semantic_not_assigned_v50				semantic_not_assigned_v51				semantic_not_assigned_v52
DAT_00024434	0x00024434	libm_softfloat	owner_module_only	float32_candidate_or_encoded_constant	0x2fc90000	u32=0x2fc90000; f32=3.6561687e-10	1	1	000242e4_FUN_000242e4.c	math/libm/softfloat owner	semantic_not_assigned_v49	not_patch_ready	v49 owner/module classification; do not treat owner bucket as source-level field name.				semantic_not_assigned_v50				semantic_not_assigned_v51				semantic_not_assigned_v52
DAT_000246b0	0x000246b0	position_sensor_calibration	owner_module_only	system_memory_1fff_pointer_or_table_ref	0x1ffff088	0x1ffff088	3	1	00024448_FUN_00024448.c	position sensor calibration owner	semantic_not_assigned_v49	not_patch_ready	v49 owner/module classification; do not treat owner bucket as source-level field name.				semantic_not_assigned_v50	position_sensor_runtime_state_ptr_1ffff088	guarded	system_memory_or_table_pointer_analysis_label	semantic_named_v51	position_sensor_runtime_state_ptr_1ffff088	guarded	system_memory_or_table_pointer_analysis_label	semantic_named_carried_v51
DAT_000246b4	0x000246b4	position_sensor_calibration	owner_module_only	mmio_register_pointer	0x45800000	0x45800000	1	1	00024448_FUN_00024448.c	position sensor calibration owner	semantic_not_assigned_v49	not_patch_ready	v49 owner/module classification; do not treat owner bucket as source-level field name.				semantic_not_assigned_v50	position_sensor_count_scale_4096_constant	medium	mmio_or_peripheral_pointer_analysis_label	semantic_named_v51	position_sensor_count_scale_4096_constant	medium	mmio_or_peripheral_pointer_analysis_label	semantic_named_carried_v51
DAT_000246b8	0x000246b8	position_sensor_calibration	owner_module_only	mmio_register_pointer	0x40c90fdb	0x40c90fdb	2	1	00024448_FUN_00024448.c	position sensor calibration owner	semantic_not_assigned_v49	not_patch_ready	v49 owner/module classification; do not treat owner bucket as source-level field name.				semantic_not_assigned_v50	position_calibration_twopi_constant	high	float32_constant_corrected	semantic_named_v51	position_calibration_twopi_constant	high	float32_constant_corrected	semantic_named_carried_v51
DAT_000246c0	0x000246c0	position_sensor_calibration	owner_module_only	integer_or_bitmask_constant	0x00000000	0x00000000	1	1	00024448_FUN_00024448.c	position sensor calibration owner	semantic_not_assigned_v49	not_patch_ready	v49 owner/module classification; do not treat owner bucket as source-level field name.				semantic_not_assigned_v50	position_sensor_zero_literal	medium	integer_or_bitmask_constant	semantic_named_v51	position_sensor_zero_literal	medium	integer_or_bitmask_constant	semantic_named_carried_v51
DAT_000246c8	0x000246c8	position_sensor_calibration	owner_module_only	system_memory_1fff_pointer_or_table_ref	0x1ffff23c	0x1ffff23c	1	1	00024448_FUN_00024448.c	position sensor calibration owner	semantic_not_assigned_v49	not_patch_ready	v49 owner/module classification; do not treat owner bucket as source-level field name.				semantic_not_assigned_v50	position_sensor_runtime_config_or_limit_ptr_1ffff23c	guarded	system_memory_or_table_pointer_analysis_label	semantic_named_v51	position_sensor_runtime_config_or_limit_ptr_1ffff23c	guarded	system_memory_or_table_pointer_analysis_label	semantic_named_carried_v51
DAT_000246cc	0x000246cc	position_sensor_calibration	owner_module_only	integer_or_bitmask_constant	0x00000000	0x00000000	1	1	00024448_FUN_00024448.c	position sensor calibration owner	semantic_not_assigned_v49	not_patch_ready	v49 owner/module classification; do not treat owner bucket as source-level field name.				semantic_not_assigned_v50	position_sensor_zero_literal_dat000246cc	medium	integer_or_bitmask_constant	semantic_named_v51	position_sensor_zero_literal_dat000246cc	medium	integer_or_bitmask_constant	semantic_named_carried_v51
DAT_000246d0	0x000246d0	position_sensor_calibration	owner_module_only	mmio_register_pointer	0x40040000	0x40040000	1	1	00024448_FUN_00024448.c	position sensor calibration owner	semantic_not_assigned_v49	not_patch_ready	v49 owner/module classification; do not treat owner bucket as source-level field name.				semantic_not_assigned_v50	position_sensor_adc_phase_u_or_adc0_register_block	guarded	mmio_or_peripheral_pointer_analysis_label	semantic_named_v51	position_sensor_adc_phase_u_or_adc0_register_block	guarded	mmio_or_peripheral_pointer_analysis_label	semantic_named_carried_v51
DAT_000246d4	0x000246d4	position_sensor_calibration	owner_module_only	mmio_register_pointer	0x40040454	0x40040454	1	1	00024448_FUN_00024448.c	position sensor calibration owner	semantic_not_assigned_v49	not_patch_ready	v49 owner/module classification; do not treat owner bucket as source-level field name.				semantic_not_assigned_v50	position_sensor_adc_phase_v_status_register	guarded	mmio_or_peripheral_pointer_analysis_label	semantic_named_v51	position_sensor_adc_phase_v_status_register	guarded	mmio_or_peripheral_pointer_analysis_label	semantic_named_carried_v51
DAT_000246d8	0x000246d8	position_sensor_calibration	owner_module_only	system_memory_1fff_pointer_or_table_ref	0x1ffff1a8	0x1ffff1a8	1	1	00024448_FUN_00024448.c	position sensor calibration owner	semantic_not_assigned_v49	not_patch_ready	v49 owner/module classification; do not treat owner bucket as source-level field name.				semantic_not_assigned_v50	position_sensor_runtime_calibration_state_ptr_1ffff1a8	guarded	system_memory_or_table_pointer_analysis_label	semantic_named_v51	position_sensor_runtime_calibration_state_ptr_1ffff1a8	guarded	system_memory_or_table_pointer_analysis_label	semantic_named_carried_v51
DAT_000246e0	0x000246e0	position_sensor_calibration	owner_module_only	integer_or_bitmask_constant	0x60000000	0x60000000	1	1	00024448_FUN_00024448.c	position sensor calibration owner	semantic_not_assigned_v49	not_patch_ready	v49 owner/module classification; do not treat owner bucket as source-level field name.				semantic_not_assigned_v50	position_sensor_adc_or_angle_mask_0x60000000	medium	integer_or_bitmask_constant	semantic_named_v51	position_sensor_adc_or_angle_mask_0x60000000	medium	integer_or_bitmask_constant	semantic_named_carried_v51
DAT_000246ec	0x000246ec	position_sensor_calibration	owner_module_only	float32_candidate_or_encoded_constant	0xc0490fdb	u32=0xc0490fdb; f32=-3.14159274	1	1	00024448_FUN_00024448.c	position sensor calibration owner	semantic_not_assigned_v49	not_patch_ready	v49 owner/module classification; do not treat owner bucket as source-level field name.				semantic_not_assigned_v50	position_calibration_negative_pi_bound	high	float32_constant	semantic_named_v51	position_calibration_negative_pi_bound	high	float32_constant	semantic_named_carried_v51
DAT_000246f0	0x000246f0	position_sensor_calibration	owner_module_only	mmio_register_pointer	0x40490fdb	0x40490fdb	1	1	00024448_FUN_00024448.c	position sensor calibration owner	semantic_not_assigned_v49	not_patch_ready	v49 owner/module classification; do not treat owner bucket as source-level field name.				semantic_not_assigned_v50	position_calibration_pi_bound	high	float32_constant_corrected	semantic_named_v51	position_calibration_pi_bound	high	float32_constant_corrected	semantic_named_carried_v51
DAT_000246f4	0x000246f4	position_sensor_calibration	owner_module_only	float32_candidate_or_encoded_constant	0xc0490fdb	u32=0xc0490fdb; f32=-3.14159274	1	1	00024448_FUN_00024448.c	position sensor calibration owner	semantic_not_assigned_v49	not_patch_ready	v49 owner/module classification; do not treat owner bucket as source-level field name.				semantic_not_assigned_v50	position_sensor_negative_pi_constant	medium	float32_or_encoded_constant	semantic_named_v51	position_sensor_negative_pi_constant	medium	float32_or_encoded_constant	semantic_named_carried_v51
DAT_00024ab8	0x00024ab8	position_sensor_calibration	owner_module_only	integer_or_bitmask_constant	0x00000000	0x00000000	2	1	000246f8_FUN_000246f8.c	position sensor calibration owner	semantic_not_assigned_v49	not_patch_ready	v49 owner/module classification; do not treat owner bucket as source-level field name.				semantic_not_assigned_v50	position_sensor_zero_literal_dat00024ab8	medium	integer_or_bitmask_constant	semantic_named_v51	position_sensor_zero_literal_dat00024ab8	medium	integer_or_bitmask_constant	semantic_named_carried_v51
DAT_00024abc	0x00024abc	position_sensor_calibration	owner_module_only	mmio_register_pointer	0x40040000	0x40040000	6	1	000246f8_FUN_000246f8.c	position sensor calibration owner	semantic_not_assigned_v49	not_patch_ready	v49 owner/module classification; do not treat owner bucket as source-level field name.				semantic_not_assigned_v50	position_sensor_adc_phase_u_or_adc0_register_block_dat00024abc	guarded	mmio_or_peripheral_pointer_analysis_label	semantic_named_v51	position_sensor_adc_phase_u_or_adc0_register_block_dat00024abc	guarded	mmio_or_peripheral_pointer_analysis_label	semantic_named_carried_v51
DAT_00024ac0	0x00024ac0	position_sensor_calibration	owner_module_only	mmio_register_pointer	0x40040454	0x40040454	2	1	000246f8_FUN_000246f8.c	position sensor calibration owner	semantic_not_assigned_v49	not_patch_ready	v49 owner/module classification; do not treat owner bucket as source-level field name.				semantic_not_assigned_v50	position_sensor_adc_phase_v_status_register_dat00024ac0	guarded	mmio_or_peripheral_pointer_analysis_label	semantic_named_v51	position_sensor_adc_phase_v_status_register_dat00024ac0	guarded	mmio_or_peripheral_pointer_analysis_label	semantic_named_carried_v51
DAT_00024ac4	0x00024ac4	position_sensor_calibration	owner_module_only	system_memory_1fff_pointer_or_table_ref	0x1ffff1a8	0x1ffff1a8	12	1	000246f8_FUN_000246f8.c	position sensor calibration owner	semantic_not_assigned_v49	not_patch_ready	v49 owner/module classification; do not treat owner bucket as source-level field name.				semantic_not_assigned_v50	position_sensor_runtime_calibration_state_ptr_1ffff1a8_dat00024ac4	guarded	system_memory_or_table_pointer_analysis_label	semantic_named_v51	position_sensor_runtime_calibration_state_ptr_1ffff1a8_dat00024ac4	guarded	system_memory_or_table_pointer_analysis_label	semantic_named_carried_v51
DAT_00024ac8	0x00024ac8	position_sensor_calibration	owner_module_only	system_memory_1fff_pointer_or_table_ref	0x1ffff088	0x1ffff088	1	1	000246f8_FUN_000246f8.c	position sensor calibration owner	semantic_not_assigned_v49	not_patch_ready	v49 owner/module classification; do not treat owner bucket as source-level field name.				semantic_not_assigned_v50	position_sensor_runtime_state_ptr_1ffff088_dat00024ac8	guarded	system_memory_or_table_pointer_analysis_label	semantic_named_v51	position_sensor_runtime_state_ptr_1ffff088_dat00024ac8	guarded	system_memory_or_table_pointer_analysis_label	semantic_named_carried_v51
DAT_00024acc	0x00024acc	position_sensor_calibration	owner_module_only	mmio_register_pointer	0x40c90fdb	0x40c90fdb	2	1	000246f8_FUN_000246f8.c	position sensor calibration owner	semantic_not_assigned_v49	not_patch_ready	v49 owner/module classification; do not treat owner bucket as source-level field name.				semantic_not_assigned_v50	position_sensor_two_pi_constant	medium	mmio_or_peripheral_pointer_analysis_label	semantic_named_v51	position_sensor_two_pi_constant	medium	mmio_or_peripheral_pointer_analysis_label	semantic_named_carried_v51
DAT_00024ad4	0x00024ad4	position_sensor_calibration	owner_module_only	float32_candidate_or_encoded_constant	0xc0490fdb	u32=0xc0490fdb; f32=-3.14159274	1	1	000246f8_FUN_000246f8.c	position sensor calibration owner	semantic_not_assigned_v49	not_patch_ready	v49 owner/module classification; do not treat owner bucket as source-level field name.				semantic_not_assigned_v50	position_sensor_negative_pi_constant_dat00024ad4	medium	float32_or_encoded_constant	semantic_named_v51	position_sensor_negative_pi_constant_dat00024ad4	medium	float32_or_encoded_constant	semantic_named_carried_v51
DAT_00024ad8	0x00024ad8	position_sensor_calibration	owner_module_only	float32_candidate_or_encoded_constant	0x3e4ccccd	u32=0x3e4ccccd; f32=0.200000003	1	1	000246f8_FUN_000246f8.c	position sensor calibration owner	semantic_not_assigned_v49	not_patch_ready	v49 owner/module classification; do not treat owner bucket as source-level field name.				semantic_not_assigned_v50	position_output_calibration_drive_0p2	high	float32_constant	semantic_named_v51	position_output_calibration_drive_0p2	high	float32_constant	semantic_named_carried_v51
DAT_00024adc	0x00024adc	position_sensor_calibration	owner_module_only	system_memory_1fff_pointer_or_table_ref	0x1ffff190	0x1ffff190	3	1	000246f8_FUN_000246f8.c	position sensor calibration owner	semantic_not_assigned_v49	not_patch_ready	v49 owner/module classification; do not treat owner bucket as source-level field name.				semantic_not_assigned_v50	position_sensor_runtime_observer_state_ptr_1ffff190	guarded	system_memory_or_table_pointer_analysis_label	semantic_named_v51	position_sensor_runtime_observer_state_ptr_1ffff190	guarded	system_memory_or_table_pointer_analysis_label	semantic_named_carried_v51
DAT_00024ae0	0x00024ae0	position_sensor_calibration	owner_module_only	system_memory_1fff_pointer_or_table_ref	0x1fffa510	0x1fffa510	1	1	000246f8_FUN_000246f8.c	position sensor calibration owner	semantic_not_assigned_v49	not_patch_ready	v49 owner/module classification; do not treat owner bucket as source-level field name.				semantic_not_assigned_v50	position_sensor_system_memory_table_ref_1fffa510	guarded	system_memory_or_table_pointer_analysis_label	semantic_named_v51	position_sensor_system_memory_table_ref_1fffa510	guarded	system_memory_or_table_pointer_analysis_label	semantic_named_carried_v51
DAT_00024ae4	0x00024ae4	position_sensor_calibration	owner_module_only	system_memory_1fff_pointer_or_table_ref	0x1fffa538	0x1fffa538	1	1	000246f8_FUN_000246f8.c	position sensor calibration owner	semantic_not_assigned_v49	not_patch_ready	v49 owner/module classification; do not treat owner bucket as source-level field name.				semantic_not_assigned_v50	position_sensor_system_memory_table_ref_1fffa538	guarded	system_memory_or_table_pointer_analysis_label	semantic_named_v51	position_sensor_system_memory_table_ref_1fffa538	guarded	system_memory_or_table_pointer_analysis_label	semantic_named_carried_v51
DAT_00024ae8	0x00024ae8	position_sensor_calibration	owner_module_only	mmio_register_pointer	0x40040446	0x40040446	2	1	000246f8_FUN_000246f8.c	position sensor calibration owner	semantic_not_assigned_v49	not_patch_ready	v49 owner/module classification; do not treat owner bucket as source-level field name.				semantic_not_assigned_v50	position_sensor_adc_phase_v_data_halfword_register	guarded	mmio_or_peripheral_pointer_analysis_label	semantic_named_v51	position_sensor_adc_phase_v_data_halfword_register	guarded	mmio_or_peripheral_pointer_analysis_label	semantic_named_carried_v51
DAT_00024aec	0x00024aec	position_sensor_calibration	owner_module_only	mmio_register_pointer	0x40040846	0x40040846	2	1	000246f8_FUN_000246f8.c	position sensor calibration owner	semantic_not_assigned_v49	not_patch_ready	v49 owner/module classification; do not treat owner bucket as source-level field name.				semantic_not_assigned_v50	position_sensor_adc_phase_w_data_halfword_register	guarded	mmio_or_peripheral_pointer_analysis_label	semantic_named_v51	position_sensor_adc_phase_w_data_halfword_register	guarded	mmio_or_peripheral_pointer_analysis_label	semantic_named_carried_v51
DAT_00024af0	0x00024af0	position_sensor_calibration	owner_module_only	float32_candidate_or_encoded_constant	0x3a83126f	u32=0x3a83126f; f32=0.00100000005	1	1	000246f8_FUN_000246f8.c	position sensor calibration owner	semantic_not_assigned_v49	not_patch_ready	v49 owner/module classification; do not treat owner bucket as source-level field name.				semantic_not_assigned_v50	position_output_calibration_step_0p001	high	float32_constant	semantic_named_v51	position_output_calibration_step_0p001	high	float32_constant	semantic_named_carried_v51
DAT_00024af4	0x00024af4	position_sensor_calibration	owner_module_only	mmio_register_pointer	0x40490fdb	0x40490fdb	1	1	000246f8_FUN_000246f8.c	position sensor calibration owner	semantic_not_assigned_v49	not_patch_ready	v49 owner/module classification; do not treat owner bucket as source-level field name.				semantic_not_assigned_v50	position_sensor_pi_constant	medium	mmio_or_peripheral_pointer_analysis_label	semantic_named_v51	position_sensor_pi_constant	medium	mmio_or_peripheral_pointer_analysis_label	semantic_named_carried_v51
DAT_00024af8	0x00024af8	position_sensor_calibration	owner_module_only	float32_candidate_or_encoded_constant	0xc0490fdb	u32=0xc0490fdb; f32=-3.14159274	1	1	000246f8_FUN_000246f8.c	position sensor calibration owner	semantic_not_assigned_v49	not_patch_ready	v49 owner/module classification; do not treat owner bucket as source-level field name.				semantic_not_assigned_v50	position_sensor_negative_pi_constant_dat00024af8	medium	float32_or_encoded_constant	semantic_named_v51	position_sensor_negative_pi_constant_dat00024af8	medium	float32_or_encoded_constant	semantic_named_carried_v51
DAT_00024afc	0x00024afc	position_sensor_calibration	owner_module_only	system_memory_1fff_pointer_or_table_ref	0x1ffff078	0x1ffff078	1	1	000246f8_FUN_000246f8.c	position sensor calibration owner	semantic_not_assigned_v49	not_patch_ready	v49 owner/module classification; do not treat owner bucket as source-level field name.				semantic_not_assigned_v50	position_sensor_system_memory_table_ref_1ffff078	guarded	system_memory_or_table_pointer_analysis_label	semantic_named_v51	position_sensor_system_memory_table_ref_1ffff078	guarded	system_memory_or_table_pointer_analysis_label	semantic_named_carried_v51
DAT_00024e74	0x00024e74	commissioning_sensor_config	owner_module_only	system_memory_1fff_pointer_or_table_ref	0x1ffff088	0x1ffff088	2	1	00024b20_FUN_00024b20.c	commissioning/sensor/config owner by address context	semantic_not_assigned_v49	not_patch_ready	v49 owner/module classification; do not treat owner bucket as source-level field name.				semantic_not_assigned_v50	commissioning_sensor_runtime_state_ptr_1ffff088	guarded	system_memory_or_table_pointer_analysis_label	semantic_named_v51	commissioning_sensor_runtime_state_ptr_1ffff088	guarded	system_memory_or_table_pointer_analysis_label	semantic_named_carried_v51
DAT_00024e78	0x00024e78	commissioning_sensor_config	owner_module_only	mmio_register_pointer	0x40c90fdb	0x40c90fdb	2	1	00024b20_FUN_00024b20.c	commissioning/sensor/config owner by address context	semantic_not_assigned_v49	not_patch_ready	v49 owner/module classification; do not treat owner bucket as source-level field name.				semantic_not_assigned_v50				semantic_not_assigned_v51	commissioning_sensor_config_mmio_40c90fdb_ref	guarded	mmio_or_peripheral_pointer_analysis_label	semantic_named_v52
DAT_00024e7c	0x00024e7c	commissioning_sensor_config	owner_module_only	integer_or_bitmask_constant	0x00000000	0x00000000	1	1	00024b20_FUN_00024b20.c	commissioning/sensor/config owner by address context	semantic_not_assigned_v49	not_patch_ready	v49 owner/module classification; do not treat owner bucket as source-level field name.				semantic_not_assigned_v50	commissioning_sensor_zero_literal	medium	integer_or_bitmask_constant	semantic_named_v51	commissioning_sensor_zero_literal	medium	integer_or_bitmask_constant	semantic_named_carried_v51
DAT_00024e84	0x00024e84	commissioning_sensor_config	owner_module_only	system_memory_1fff_pointer_or_table_ref	0x1ffff23c	0x1ffff23c	1	1	00024b20_FUN_00024b20.c	commissioning/sensor/config owner by address context	semantic_not_assigned_v49	not_patch_ready	v49 owner/module classification; do not treat owner bucket as source-level field name.				semantic_not_assigned_v50	commissioning_sensor_runtime_config_or_limit_ptr_1ffff23c	guarded	system_memory_or_table_pointer_analysis_label	semantic_named_v51	commissioning_sensor_runtime_config_or_limit_ptr_1ffff23c	guarded	system_memory_or_table_pointer_analysis_label	semantic_named_carried_v51
DAT_00024e88	0x00024e88	commissioning_sensor_config	owner_module_only	integer_or_bitmask_constant	0x00000000	0x00000000	1	1	00024b20_FUN_00024b20.c	commissioning/sensor/config owner by address context	semantic_not_assigned_v49	not_patch_ready	v49 owner/module classification; do not treat owner bucket as source-level field name.				semantic_not_assigned_v50	commissioning_sensor_zero_literal_dat00024e88	medium	integer_or_bitmask_constant	semantic_named_v51	commissioning_sensor_zero_literal_dat00024e88	medium	integer_or_bitmask_constant	semantic_named_carried_v51
DAT_00024e8c	0x00024e8c	commissioning_sensor_config	owner_module_only	system_memory_1fff_pointer_or_table_ref	0x1ffff190	0x1ffff190	2	1	00024b20_FUN_00024b20.c	commissioning/sensor/config owner by address context	semantic_not_assigned_v49	not_patch_ready	v49 owner/module classification; do not treat owner bucket as source-level field name.				semantic_not_assigned_v50	commissioning_sensor_runtime_observer_state_ptr_1ffff190	guarded	system_memory_or_table_pointer_analysis_label	semantic_named_v51	commissioning_sensor_runtime_observer_state_ptr_1ffff190	guarded	system_memory_or_table_pointer_analysis_label	semantic_named_carried_v51
DAT_00024e90	0x00024e90	commissioning_sensor_config	owner_module_only	integer_or_bitmask_constant	0x60000000	0x60000000	1	1	00024b20_FUN_00024b20.c	commissioning/sensor/config owner by address context	semantic_not_assigned_v49	not_patch_ready	v49 owner/module classification; do not treat owner bucket as source-level field name.				semantic_not_assigned_v50	commissioning_sensor_adc_or_angle_mask_0x60000000	medium	integer_or_bitmask_constant	semantic_named_v51	commissioning_sensor_adc_or_angle_mask_0x60000000	medium	integer_or_bitmask_constant	semantic_named_carried_v51
DAT_00024e9c	0x00024e9c	commissioning_sensor_config	owner_module_only	float32_candidate_or_encoded_constant	0xc0490fdb	u32=0xc0490fdb; f32=-3.14159274	1	1	00024b20_FUN_00024b20.c	commissioning/sensor/config owner by address context	semantic_not_assigned_v49	not_patch_ready	v49 owner/module classification; do not treat owner bucket as source-level field name.				semantic_not_assigned_v50	commissioning_sensor_negative_pi_constant	medium	float32_or_encoded_constant	semantic_named_v51	commissioning_sensor_negative_pi_constant	medium	float32_or_encoded_constant	semantic_named_carried_v51
DAT_00024ea0	0x00024ea0	commissioning_sensor_config	owner_module_only	mmio_register_pointer	0x40040000	0x40040000	1	1	00024b20_FUN_00024b20.c	commissioning/sensor/config owner by address context	semantic_not_assigned_v49	not_patch_ready	v49 owner/module classification; do not treat owner bucket as source-level field name.				semantic_not_assigned_v50	commissioning_sensor_adc_phase_u_or_adc0_register_block	guarded	mmio_or_peripheral_pointer_analysis_label	semantic_named_v51	commissioning_sensor_adc_phase_u_or_adc0_register_block	guarded	mmio_or_peripheral_pointer_analysis_label	semantic_named_carried_v51
DAT_00024ea4	0x00024ea4	commissioning_sensor_config	owner_module_only	mmio_register_pointer	0x40040446	0x40040446	1	1	00024b20_FUN_00024b20.c	commissioning/sensor/config owner by address context	semantic_not_assigned_v49	not_patch_ready	v49 owner/module classification; do not treat owner bucket as source-level field name.				semantic_not_assigned_v50	commissioning_sensor_adc_phase_v_data_halfword_register	guarded	mmio_or_peripheral_pointer_analysis_label	semantic_named_v51	commissioning_sensor_adc_phase_v_data_halfword_register	guarded	mmio_or_peripheral_pointer_analysis_label	semantic_named_carried_v51
DAT_000250a4	0x000250a4	commissioning_sensor_config	owner_module_only	integer_or_bitmask_constant	0x00000000	0x00000000	1	1	00024ec0_FUN_00024ec0.c	commissioning/sensor/config owner by address context	semantic_not_assigned_v49	not_patch_ready	v49 owner/module classification; do not treat owner bucket as source-level field name.				semantic_not_assigned_v50	commissioning_sensor_zero_literal_dat000250a4	medium	integer_or_bitmask_constant	semantic_named_v51	commissioning_sensor_zero_literal_dat000250a4	medium	integer_or_bitmask_constant	semantic_named_carried_v51
DAT_000250a8	0x000250a8	commissioning_sensor_config	owner_module_only	system_memory_1fff_pointer_or_table_ref	0x1ffff1a8	0x1ffff1a8	3	1	00024ec0_FUN_00024ec0.c	commissioning/sensor/config owner by address context	semantic_not_assigned_v49	not_patch_ready	v49 owner/module classification; do not treat owner bucket as source-level field name.				semantic_not_assigned_v50	commissioning_sensor_runtime_calibration_state_ptr_1ffff1a8	guarded	system_memory_or_table_pointer_analysis_label	semantic_named_v51	commissioning_sensor_runtime_calibration_state_ptr_1ffff1a8	guarded	system_memory_or_table_pointer_analysis_label	semantic_named_carried_v51
DAT_000250ac	0x000250ac	commissioning_sensor_config	owner_module_only	mmio_register_pointer	0x40040400	0x40040400	1	1	00024ec0_FUN_00024ec0.c	commissioning/sensor/config owner by address context	semantic_not_assigned_v49	not_patch_ready	v49 owner/module classification; do not treat owner bucket as source-level field name.				semantic_not_assigned_v50	commissioning_sensor_adc_phase_v_or_adc1_register_block	guarded	mmio_or_peripheral_pointer_analysis_label	semantic_named_v51	commissioning_sensor_adc_phase_v_or_adc1_register_block	guarded	mmio_or_peripheral_pointer_analysis_label	semantic_named_carried_v51
DAT_000250b0	0x000250b0	commissioning_sensor_config	owner_module_only	mmio_register_pointer	0x40020000	0x40020000	1	1	00024ec0_FUN_00024ec0.c	commissioning/sensor/config owner by address context	semantic_not_assigned_v49	not_patch_ready	v49 owner/module classification; do not treat owner bucket as source-level field name.				semantic_not_assigned_v50				semantic_not_assigned_v51	commissioning_sensor_config_mmio_40020000_ref	guarded	mmio_or_peripheral_pointer_analysis_label	semantic_named_v52
DAT_000250b4	0x000250b4	commissioning_sensor_config	owner_module_only	mmio_register_pointer	0x40040444	0x40040444	1	1	00024ec0_FUN_00024ec0.c	commissioning/sensor/config owner by address context	semantic_not_assigned_v49	not_patch_ready	v49 owner/module classification; do not treat owner bucket as source-level field name.				semantic_not_assigned_v50				semantic_not_assigned_v51	commissioning_sensor_config_mmio_40040444_ref	guarded	mmio_or_peripheral_pointer_analysis_label	semantic_named_v52
DAT_000250b8	0x000250b8	commissioning_sensor_config	owner_module_only	mmio_register_pointer	0x40040000	0x40040000	1	1	00024ec0_FUN_00024ec0.c	commissioning/sensor/config owner by address context	semantic_not_assigned_v49	not_patch_ready	v49 owner/module classification; do not treat owner bucket as source-level field name.				semantic_not_assigned_v50	commissioning_sensor_adc_phase_u_or_adc0_register_block_dat000250b8	guarded	mmio_or_peripheral_pointer_analysis_label	semantic_named_v51	commissioning_sensor_adc_phase_u_or_adc0_register_block_dat000250b8	guarded	mmio_or_peripheral_pointer_analysis_label	semantic_named_carried_v51
DAT_000250bc	0x000250bc	commissioning_sensor_config	owner_module_only	mmio_register_pointer	0x40040800	0x40040800	1	1	00024ec0_FUN_00024ec0.c	commissioning/sensor/config owner by address context	semantic_not_assigned_v49	not_patch_ready	v49 owner/module classification; do not treat owner bucket as source-level field name.				semantic_not_assigned_v50	commissioning_sensor_adc_phase_w_or_adc2_register_block	guarded	mmio_or_peripheral_pointer_analysis_label	semantic_named_v51	commissioning_sensor_adc_phase_w_or_adc2_register_block	guarded	mmio_or_peripheral_pointer_analysis_label	semantic_named_carried_v51
DAT_000250c0	0x000250c0	commissioning_sensor_config	owner_module_only	mmio_register_pointer	0x40040454	0x40040454	1	1	00024ec0_FUN_00024ec0.c	commissioning/sensor/config owner by address context	semantic_not_assigned_v49	not_patch_ready	v49 owner/module classification; do not treat owner bucket as source-level field name.				semantic_not_assigned_v50	commissioning_sensor_adc_phase_v_status_register	guarded	mmio_or_peripheral_pointer_analysis_label	semantic_named_v51	commissioning_sensor_adc_phase_v_status_register	guarded	mmio_or_peripheral_pointer_analysis_label	semantic_named_carried_v51
DAT_000250c4	0x000250c4	commissioning_sensor_config	owner_module_only	mmio_register_pointer	0x40040446	0x40040446	1	1	00024ec0_FUN_00024ec0.c	commissioning/sensor/config owner by address context	semantic_not_assigned_v49	not_patch_ready	v49 owner/module classification; do not treat owner bucket as source-level field name.				semantic_not_assigned_v50	commissioning_sensor_adc_phase_v_data_halfword_register_dat000250c4	guarded	mmio_or_peripheral_pointer_analysis_label	semantic_named_v51	commissioning_sensor_adc_phase_v_data_halfword_register_dat000250c4	guarded	mmio_or_peripheral_pointer_analysis_label	semantic_named_carried_v51
DAT_000250c8	0x000250c8	commissioning_sensor_config	owner_module_only	mmio_register_pointer	0x40040846	0x40040846	1	1	00024ec0_FUN_00024ec0.c	commissioning/sensor/config owner by address context	semantic_not_assigned_v49	not_patch_ready	v49 owner/module classification; do not treat owner bucket as source-level field name.				semantic_not_assigned_v50	commissioning_sensor_adc_phase_w_data_halfword_register	guarded	mmio_or_peripheral_pointer_analysis_label	semantic_named_v51	commissioning_sensor_adc_phase_w_data_halfword_register	guarded	mmio_or_peripheral_pointer_analysis_label	semantic_named_carried_v51
DAT_000250cc	0x000250cc	commissioning_sensor_config	owner_module_only	float32_candidate_or_encoded_constant	0x3a83126f	u32=0x3a83126f; f32=0.00100000005	2	1	00024ec0_FUN_00024ec0.c	commissioning/sensor/config owner by address context	semantic_not_assigned_v49	not_patch_ready	v49 owner/module classification; do not treat owner bucket as source-level field name.				semantic_not_assigned_v50	commissioning_adc_step_0p001	high	float32_constant	semantic_named_v51	commissioning_adc_step_0p001	high	float32_constant	semantic_named_carried_v51
DAT_000250d0	0x000250d0	commissioning_sensor_config	owner_module_only	float32_candidate_or_encoded_constant	0xbcc5d174	u32=0xbcc5d174; f32=-0.0241477266	2	1	00024ec0_FUN_00024ec0.c	commissioning/sensor/config owner by address context	semantic_not_assigned_v49	not_patch_ready	v49 owner/module classification; do not treat owner bucket as source-level field name.				semantic_not_assigned_v50	commissioning_sensor_offset_slope_neg0p0241477	medium	float32_constant	semantic_named_v51	commissioning_sensor_offset_slope_neg0p0241477	medium	float32_constant	semantic_named_carried_v51
DAT_000250d4	0x000250d4	commissioning_sensor_config	owner_module_only	float32_candidate_or_encoded_constant	0x023a2e8c	u32=0x023a2e8c; f32=1.36784801e-37	2	1	00024ec0_FUN_00024ec0.c	commissioning/sensor/config owner by address context	semantic_not_assigned_v49	not_patch_ready	v49 owner/module classification; do not treat owner bucket as source-level field name.				semantic_not_assigned_v50	commissioning_sensor_encoded_literal_023a2e8c	medium	float32_or_encoded_constant	semantic_named_v51	commissioning_sensor_encoded_literal_023a2e8c	medium	float32_or_encoded_constant	semantic_named_carried_v51
DAT_000250d8	0x000250d8	commissioning_sensor_config	owner_module_only	system_memory_1fff_pointer_or_table_ref	0x1ffff104	0x1ffff104	2	1	00024ec0_FUN_00024ec0.c	commissioning/sensor/config owner by address context	semantic_not_assigned_v49	not_patch_ready	v49 owner/module classification; do not treat owner bucket as source-level field name.				semantic_not_assigned_v50	commissioning_sensor_runtime_state_ptr_1ffff104	guarded	system_memory_or_table_pointer_analysis_label	semantic_named_v51	commissioning_sensor_runtime_state_ptr_1ffff104	guarded	system_memory_or_table_pointer_analysis_label	semantic_named_carried_v51
DAT_00025114	0x00025114	commissioning_sensor_config	owner_module_only	mmio_register_pointer	0x40490fdb	0x40490fdb	1	1	00024ec0_FUN_00024ec0.c	commissioning/sensor/config owner by address context	semantic_not_assigned_v49	not_patch_ready	v49 owner/module classification; do not treat owner bucket as source-level field name.				semantic_not_assigned_v50				semantic_not_assigned_v51	commissioning_sensor_config_mmio_40490fdb_ref	guarded	mmio_or_peripheral_pointer_analysis_label	semantic_named_v52
DAT_00025118	0x00025118	commissioning_sensor_config	owner_module_only	mmio_register_pointer	0x40c90fdb	0x40c90fdb	2	1	00024ec0_FUN_00024ec0.c	commissioning/sensor/config owner by address context	semantic_not_assigned_v49	not_patch_ready	v49 owner/module classification; do not treat owner bucket as source-level field name.				semantic_not_assigned_v50				semantic_not_assigned_v51	commissioning_sensor_config_mmio_40c90fdb_ref	guarded	mmio_or_peripheral_pointer_analysis_label	semantic_named_v52
DAT_0002511c	0x0002511c	commissioning_sensor_config	owner_module_only	float32_candidate_or_encoded_constant	0xc0490fdb	u32=0xc0490fdb; f32=-3.14159274	1	1	00024ec0_FUN_00024ec0.c	commissioning/sensor/config owner by address context	semantic_not_assigned_v49	not_patch_ready	v49 owner/module classification; do not treat owner bucket as source-level field name.				semantic_not_assigned_v50	commissioning_negative_pi_bound	high	float32_constant	semantic_named_v51	commissioning_negative_pi_bound	high	float32_constant	semantic_named_carried_v51
DAT_00025120	0x00025120	commissioning_sensor_config	owner_module_only	system_memory_1fff_pointer_or_table_ref	0x1ffff088	0x1ffff088	4	1	00024ec0_FUN_00024ec0.c	commissioning/sensor/config owner by address context	semantic_not_assigned_v49	not_patch_ready	v49 owner/module classification; do not treat owner bucket as source-level field name.				semantic_not_assigned_v50	commissioning_sensor_runtime_state_ptr_1ffff088_dat00025120	guarded	system_memory_or_table_pointer_analysis_label	semantic_named_v51	commissioning_sensor_runtime_state_ptr_1ffff088_dat00025120	guarded	system_memory_or_table_pointer_analysis_label	semantic_named_carried_v51
DAT_00025124	0x00025124	commissioning_sensor_config	owner_module_only	system_memory_1fff_pointer_or_table_ref	0x1ffff190	0x1ffff190	1	1	00024ec0_FUN_00024ec0.c	commissioning/sensor/config owner by address context	semantic_not_assigned_v49	not_patch_ready	v49 owner/module classification; do not treat owner bucket as source-level field name.				semantic_not_assigned_v50	commissioning_sensor_runtime_observer_state_ptr_1ffff190_dat00025124	guarded	system_memory_or_table_pointer_analysis_label	semantic_named_v51	commissioning_sensor_runtime_observer_state_ptr_1ffff190_dat00025124	guarded	system_memory_or_table_pointer_analysis_label	semantic_named_carried_v51
DAT_00025128	0x00025128	commissioning_sensor_config	owner_module_only	float32_candidate_or_encoded_constant	0xa5a50001	u32=0xa5a50001; f32=-2.862294e-16	1	1	00024ec0_FUN_00024ec0.c	commissioning/sensor/config owner by address context	semantic_not_assigned_v49	not_patch_ready	v49 owner/module classification; do not treat owner bucket as source-level field name.				semantic_not_assigned_v50	commissioning_sensor_magic_word_a5a50001	medium	float32_or_encoded_constant	semantic_named_v51	commissioning_sensor_magic_word_a5a50001	medium	float32_or_encoded_constant	semantic_named_carried_v51
DAT_0002512c	0x0002512c	commissioning_sensor_config	owner_module_only	mmio_register_pointer	0x40048000	0x40048000	1	1	00024ec0_FUN_00024ec0.c	commissioning/sensor/config owner by address context	semantic_not_assigned_v49	not_patch_ready	v49 owner/module classification; do not treat owner bucket as source-level field name.				semantic_not_assigned_v50	commissioning_sensor_peripheral_unlock_or_watchdog_block	guarded	mmio_or_peripheral_pointer_analysis_label	semantic_named_v51	commissioning_sensor_peripheral_unlock_or_watchdog_block	guarded	mmio_or_peripheral_pointer_analysis_label	semantic_named_carried_v51
DAT_00025130	0x00025130	commissioning_sensor_config	owner_module_only	float32_candidate_or_encoded_constant	0xa5a50000	u32=0xa5a50000; f32=-2.86229374e-16	1	1	00024ec0_FUN_00024ec0.c	commissioning/sensor/config owner by address context	semantic_not_assigned_v49	not_patch_ready	v49 owner/module classification; do not treat owner bucket as source-level field name.				semantic_not_assigned_v50	commissioning_sensor_magic_word_a5a50000	medium	float32_or_encoded_constant	semantic_named_v51	commissioning_sensor_magic_word_a5a50000	medium	float32_or_encoded_constant	semantic_named_carried_v51
DAT_00025134	0x00025134	commissioning_sensor_config	owner_module_only	mmio_register_pointer	0x40010878	0x40010878	1	1	00024ec0_FUN_00024ec0.c	commissioning/sensor/config owner by address context	semantic_not_assigned_v49	not_patch_ready	v49 owner/module classification; do not treat owner bucket as source-level field name.				semantic_not_assigned_v50				semantic_not_assigned_v51	commissioning_sensor_config_mmio_40010878_ref	guarded	mmio_or_peripheral_pointer_analysis_label	semantic_named_v52
DAT_000252a8	0x000252a8	commissioning_sensor_config	owner_module_only	system_memory_1fff_pointer_or_table_ref	0x1ffff104	0x1ffff104	1	1	00025138_FUN_00025138.c	commissioning/sensor/config owner by address context	semantic_not_assigned_v49	not_patch_ready	v49 owner/module classification; do not treat owner bucket as source-level field name.				semantic_not_assigned_v50	commissioning_sensor_runtime_state_ptr_1ffff104_dat000252a8	guarded	system_memory_or_table_pointer_analysis_label	semantic_named_v51	commissioning_sensor_runtime_state_ptr_1ffff104_dat000252a8	guarded	system_memory_or_table_pointer_analysis_label	semantic_named_carried_v51
DAT_000252ac	0x000252ac	commissioning_sensor_config	owner_module_only	system_memory_1fff_pointer_or_table_ref	0x1fffa5c8	0x1fffa5c8	1	1	00025138_FUN_00025138.c	commissioning/sensor/config owner by address context	semantic_not_assigned_v49	not_patch_ready	v49 owner/module classification; do not treat owner bucket as source-level field name.				semantic_not_assigned_v50	commissioning_sensor_working_config_shadow_1fffa5c8	guarded	system_memory_or_table_pointer_analysis_label	semantic_named_v51	commissioning_sensor_working_config_shadow_1fffa5c8	guarded	system_memory_or_table_pointer_analysis_label	semantic_named_carried_v51
DAT_000252b0	0x000252b0	commissioning_sensor_config	owner_module_only	system_memory_1fff_pointer_or_table_ref	0x1fffa510	0x1fffa510	3	1	00025138_FUN_00025138.c	commissioning/sensor/config owner by address context	semantic_not_assigned_v49	not_patch_ready	v49 owner/module classification; do not treat owner bucket as source-level field name.				semantic_not_assigned_v50	commissioning_sensor_system_memory_table_ref_1fffa510	guarded	system_memory_or_table_pointer_analysis_label	semantic_named_v51	commissioning_sensor_system_memory_table_ref_1fffa510	guarded	system_memory_or_table_pointer_analysis_label	semantic_named_carried_v51
DAT_000252b4	0x000252b4	commissioning_sensor_config	owner_module_only	system_memory_1fff_pointer_or_table_ref	0x1fffa538	0x1fffa538	1	1	00025138_FUN_00025138.c	commissioning/sensor/config owner by address context	semantic_not_assigned_v49	not_patch_ready	v49 owner/module classification; do not treat owner bucket as source-level field name.				semantic_not_assigned_v50	commissioning_sensor_system_memory_table_ref_1fffa538	guarded	system_memory_or_table_pointer_analysis_label	semantic_named_v51	commissioning_sensor_system_memory_table_ref_1fffa538	guarded	system_memory_or_table_pointer_analysis_label	semantic_named_carried_v51
DAT_000252b8	0x000252b8	commissioning_sensor_config	owner_module_only	system_memory_1fff_pointer_or_table_ref	0x1ffff23c	0x1ffff23c	4	1	00025138_FUN_00025138.c	commissioning/sensor/config owner by address context	semantic_not_assigned_v49	not_patch_ready	v49 owner/module classification; do not treat owner bucket as source-level field name.				semantic_not_assigned_v50	commissioning_sensor_runtime_config_or_limit_ptr_1ffff23c_dat000252b8	guarded	system_memory_or_table_pointer_analysis_label	semantic_named_v51	commissioning_sensor_runtime_config_or_limit_ptr_1ffff23c_dat000252b8	guarded	system_memory_or_table_pointer_analysis_label	semantic_named_carried_v51
DAT_000252bc	0x000252bc	commissioning_sensor_config	owner_module_only	integer_or_bitmask_constant	0x00000000	0x00000000	2	1	00025138_FUN_00025138.c	commissioning/sensor/config owner by address context	semantic_not_assigned_v49	not_patch_ready	v49 owner/module classification; do not treat owner bucket as source-level field name.				semantic_not_assigned_v50	commissioning_sensor_zero_literal_dat000252bc	medium	integer_or_bitmask_constant	semantic_named_v51	commissioning_sensor_zero_literal_dat000252bc	medium	integer_or_bitmask_constant	semantic_named_carried_v51
DAT_000252c0	0x000252c0	commissioning_sensor_config	owner_module_only	float32_candidate_or_encoded_constant	0x3fddb3d7	u32=0x3fddb3d7; f32=1.73205078	1	1	00025138_FUN_00025138.c	commissioning/sensor/config owner by address context	semantic_not_assigned_v49	not_patch_ready	v49 owner/module classification; do not treat owner bucket as source-level field name.				semantic_not_assigned_v50	commissioning_sqrt3_constant	high	float32_constant	semantic_named_v51	commissioning_sqrt3_constant	high	float32_constant	semantic_named_carried_v51
DAT_000252c4	0x000252c4	commissioning_sensor_config	owner_module_only	system_memory_1fff_pointer_or_table_ref	0x1fffc78c	0x1fffc78c	2	1	00025138_FUN_00025138.c	commissioning/sensor/config owner by address context	semantic_not_assigned_v49	not_patch_ready	v49 owner/module classification; do not treat owner bucket as source-level field name.				semantic_not_assigned_v50	commissioning_sensor_system_memory_table_ref_1fffc78c	guarded	system_memory_or_table_pointer_analysis_label	semantic_named_v51	commissioning_sensor_system_memory_table_ref_1fffc78c	guarded	system_memory_or_table_pointer_analysis_label	semantic_named_carried_v51
DAT_000252c8	0x000252c8	commissioning_sensor_config	owner_module_only	float32_candidate_or_encoded_constant	0x3f13cd3a	u32=0x3f13cd3a; f32=0.577350259	1	1	00025138_FUN_00025138.c	commissioning/sensor/config owner by address context	semantic_not_assigned_v49	not_patch_ready	v49 owner/module classification; do not treat owner bucket as source-level field name.				semantic_not_assigned_v50	commissioning_one_over_sqrt3_constant	high	float32_constant	semantic_named_v51	commissioning_one_over_sqrt3_constant	high	float32_constant	semantic_named_carried_v51
DAT_000252cc	0x000252cc	commissioning_sensor_config	owner_module_only	system_memory_1fff_pointer_or_table_ref	0x1fffc7d8	0x1fffc7d8	2	1	00025138_FUN_00025138.c	commissioning/sensor/config owner by address context	semantic_not_assigned_v49	not_patch_ready	v49 owner/module classification; do not treat owner bucket as source-level field name.				semantic_not_assigned_v50	commissioning_sensor_system_memory_table_ref_1fffc7d8	guarded	system_memory_or_table_pointer_analysis_label	semantic_named_v51	commissioning_sensor_system_memory_table_ref_1fffc7d8	guarded	system_memory_or_table_pointer_analysis_label	semantic_named_carried_v51
DAT_000252d0	0x000252d0	commissioning_sensor_config	owner_module_only	system_memory_1fff_pointer_or_table_ref	0x1ffff380	0x1ffff380	2	1	00025138_FUN_00025138.c	commissioning/sensor/config owner by address context	semantic_not_assigned_v49	not_patch_ready	v49 owner/module classification; do not treat owner bucket as source-level field name.				semantic_not_assigned_v50	commissioning_sensor_system_memory_table_ref_1ffff380	guarded	system_memory_or_table_pointer_analysis_label	semantic_named_v51	commissioning_sensor_system_memory_table_ref_1ffff380	guarded	system_memory_or_table_pointer_analysis_label	semantic_named_carried_v51
DAT_000252d4	0x000252d4	commissioning_sensor_config	owner_module_only	float32_candidate_or_encoded_constant	0x3a83126f	u32=0x3a83126f; f32=0.00100000005	1	1	00025138_FUN_00025138.c	commissioning/sensor/config owner by address context	semantic_not_assigned_v49	not_patch_ready	v49 owner/module classification; do not treat owner bucket as source-level field name.				semantic_not_assigned_v50	commissioning_control_step_0p001	high	float32_constant	semantic_named_v51	commissioning_control_step_0p001	high	float32_constant	semantic_named_carried_v51
DAT_000252ec	0x000252ec	commissioning_sensor_config	owner_module_only	system_memory_1fff_pointer_or_table_ref	0x1fffc824	0x1fffc824	2	1	000252d8_FUN_000252d8.c	commissioning/sensor/config owner by address context	semantic_not_assigned_v49	not_patch_ready	v49 owner/module classification; do not treat owner bucket as source-level field name.				semantic_not_assigned_v50	commissioning_sensor_protocol_or_config_table_1fffc824	guarded	system_memory_or_table_pointer_analysis_label	semantic_named_v51	commissioning_sensor_protocol_or_config_table_1fffc824	guarded	system_memory_or_table_pointer_analysis_label	semantic_named_carried_v51
DAT_000252f0	0x000252f0	commissioning_sensor_config	owner_module_only	integer_or_bitmask_constant	0x0001e000	0x0001e000	5	1	000252d8_FUN_000252d8.c	commissioning/sensor/config owner by address context	semantic_not_assigned_v49	not_patch_ready	v49 owner/module classification; do not treat owner bucket as source-level field name.				semantic_not_assigned_v50	commissioning_sensor_persistent_flash_base_0x1e000	medium	integer_or_bitmask_constant	semantic_named_v51	commissioning_sensor_persistent_flash_base_0x1e000	medium	integer_or_bitmask_constant	semantic_named_carried_v51
DAT_000255c4	0x000255c4	commissioning_sensor_config	owner_module_only	mmio_register_pointer	0xe000ed08	0xe000ed08	1	1	000252f4_FUN_000252f4.c	commissioning/sensor/config owner by address context	semantic_not_assigned_v49	not_patch_ready	v49 owner/module classification; do not treat owner bucket as source-level field name.				semantic_not_assigned_v50				semantic_not_assigned_v51	commissioning_sensor_config_mmio_e000ed08_ref	guarded	mmio_or_peripheral_pointer_analysis_label	semantic_named_v52
DAT_000255c8	0x000255c8	commissioning_sensor_config	owner_module_only	integer_or_bitmask_constant	0x0001e000	0x0001e000	1	1	000252f4_FUN_000252f4.c	commissioning/sensor/config owner by address context	semantic_not_assigned_v49	not_patch_ready	v49 owner/module classification; do not treat owner bucket as source-level field name.				semantic_not_assigned_v50	commissioning_sensor_persistent_flash_base_0x1e000_dat000255c8	medium	integer_or_bitmask_constant	semantic_named_v51	commissioning_sensor_persistent_flash_base_0x1e000_dat000255c8	medium	integer_or_bitmask_constant	semantic_named_carried_v51
DAT_000255cc	0x000255cc	commissioning_sensor_config	owner_module_only	float32_candidate_or_encoded_constant	0x37313035	u32=0x37313035; f32=1.05612462e-05	1	1	000252f4_FUN_000252f4.c	commissioning/sensor/config owner by address context	semantic_not_assigned_v49	not_patch_ready	v49 owner/module classification; do not treat owner bucket as source-level field name.				semantic_not_assigned_v50	commissioning_sensor_float_literal_1p05612462eneg05	medium	float32_or_encoded_constant	semantic_named_v51	commissioning_sensor_float_literal_1p05612462eneg05	medium	float32_or_encoded_constant	semantic_named_carried_v51
DAT_000255d4	0x000255d4	commissioning_sensor_config	owner_module_only	system_memory_1fff_pointer_or_table_ref	0x1fffa5bc	0x1fffa5bc	1	1	000252f4_FUN_000252f4.c	commissioning/sensor/config owner by address context	semantic_not_assigned_v49	not_patch_ready	v49 owner/module classification; do not treat owner bucket as source-level field name.				semantic_not_assigned_v50	commissioning_sensor_working_config_shadow_1fffa5bc	guarded	system_memory_or_table_pointer_analysis_label	semantic_named_v51	commissioning_sensor_working_config_shadow_1fffa5bc	guarded	system_memory_or_table_pointer_analysis_label	semantic_named_carried_v51
DAT_000255d8	0x000255d8	commissioning_sensor_config	owner_module_only	system_memory_1fff_pointer_or_table_ref	0x1ffff104	0x1ffff104	2	1	000252f4_FUN_000252f4.c	commissioning/sensor/config owner by address context	semantic_not_assigned_v49	not_patch_ready	v49 owner/module classification; do not treat owner bucket as source-level field name.				semantic_not_assigned_v50	commissioning_sensor_runtime_state_ptr_1ffff104_dat000255d8	guarded	system_memory_or_table_pointer_analysis_label	semantic_named_v51	commissioning_sensor_runtime_state_ptr_1ffff104_dat000255d8	guarded	system_memory_or_table_pointer_analysis_label	semantic_named_carried_v51
DAT_000255dc	0x000255dc	commissioning_sensor_config	owner_module_only	float32_candidate_or_encoded_constant	0x3c113333	u32=0x3c113333; f32=0.0088623045	1	1	000252f4_FUN_000252f4.c	commissioning/sensor/config owner by address context	semantic_not_assigned_v49	not_patch_ready	v49 owner/module classification; do not treat owner bucket as source-level field name.				semantic_not_assigned_v50				semantic_not_assigned_v51	commissioning_sensor_config_float_or_encoded_literal_255dc	guarded	float_or_encoded_literal_analysis_label	semantic_named_v52
DAT_000255e0	0x000255e0	commissioning_sensor_config	owner_module_only	integer_or_bitmask_constant	0x00000000	0x00000000	1	1	000252f4_FUN_000252f4.c	commissioning/sensor/config owner by address context	semantic_not_assigned_v49	not_patch_ready	v49 owner/module classification; do not treat owner bucket as source-level field name.				semantic_not_assigned_v50				semantic_not_assigned_v51	commissioning_sensor_config_integer_or_bitmask_literal_255e0	guarded	integer_or_bitmask_analysis_label	semantic_named_v52
DAT_000255e4	0x000255e4	commissioning_sensor_config	owner_module_only	system_memory_1fff_pointer_or_table_ref	0x1fffa5c8	0x1fffa5c8	2	1	000252f4_FUN_000252f4.c	commissioning/sensor/config owner by address context	semantic_not_assigned_v49	not_patch_ready	v49 owner/module classification; do not treat owner bucket as source-level field name.				semantic_not_assigned_v50				semantic_not_assigned_v51	commissioning_sensor_config_1fff_1fffa5c8_table_or_state_ref	guarded	system_memory_or_table_pointer_analysis_label	semantic_named_v52
DAT_000255e8	0x000255e8	commissioning_sensor_config	owner_module_only	mmio_register_pointer	0x4005382a	0x4005382a	3	1	000252f4_FUN_000252f4.c	commissioning/sensor/config owner by address context	semantic_not_assigned_v49	not_patch_ready	v49 owner/module classification; do not treat owner bucket as source-level field name.				semantic_not_assigned_v50				semantic_not_assigned_v51	commissioning_sensor_config_mmio_4005382a_ref	guarded	mmio_or_peripheral_pointer_analysis_label	semantic_named_v52
DAT_000255ec	0x000255ec	commissioning_sensor_config	owner_module_only	mmio_register_pointer	0x40053858	0x40053858	3	1	000252f4_FUN_000252f4.c	commissioning/sensor/config owner by address context	semantic_not_assigned_v49	not_patch_ready	v49 owner/module classification; do not treat owner bucket as source-level field name.				semantic_not_assigned_v50				semantic_not_assigned_v51	commissioning_sensor_config_mmio_40053858_ref	guarded	mmio_or_peripheral_pointer_analysis_label	semantic_named_v52
DAT_000255f0	0x000255f0	commissioning_sensor_config	owner_module_only	app_flash_pointer_or_literal_ref	0x00026734	0x00026734	1	1	000252f4_FUN_000252f4.c	commissioning/sensor/config owner by address context	semantic_not_assigned_v49	not_patch_ready	v49 owner/module classification; do not treat owner bucket as source-level field name.				semantic_not_assigned_v50				semantic_not_assigned_v51	commissioning_sensor_config_app_flash_00026734_ref	guarded	app_flash_or_literal_analysis_label	semantic_named_v52
DAT_000255f4	0x000255f4	commissioning_sensor_config	owner_module_only	mmio_register_pointer	0x40051000	0x40051000	1	1	000252f4_FUN_000252f4.c	commissioning/sensor/config owner by address context	semantic_not_assigned_v49	not_patch_ready	v49 owner/module classification; do not treat owner bucket as source-level field name.				semantic_not_assigned_v50				semantic_not_assigned_v51	commissioning_sensor_config_mmio_40051000_ref	guarded	mmio_or_peripheral_pointer_analysis_label	semantic_named_v52
DAT_000255f8	0x000255f8	commissioning_sensor_config	owner_module_only	mmio_register_pointer	0xe000e002	0xe000e002	2	1	000252f4_FUN_000252f4.c	commissioning/sensor/config owner by address context	semantic_not_assigned_v49	not_patch_ready	v49 owner/module classification; do not treat owner bucket as source-level field name.				semantic_not_assigned_v50				semantic_not_assigned_v51	commissioning_sensor_config_mmio_e000e002_ref	guarded	mmio_or_peripheral_pointer_analysis_label	semantic_named_v52
DAT_000255fc	0x000255fc	commissioning_sensor_config	owner_module_only	mmio_register_pointer	0x40053828	0x40053828	1	1	000252f4_FUN_000252f4.c	commissioning/sensor/config owner by address context	semantic_not_assigned_v49	not_patch_ready	v49 owner/module classification; do not treat owner bucket as source-level field name.				semantic_not_assigned_v50				semantic_not_assigned_v51	commissioning_sensor_config_mmio_40053828_ref	guarded	mmio_or_peripheral_pointer_analysis_label	semantic_named_v52
DAT_00025600	0x00025600	commissioning_sensor_config	owner_module_only	integer_or_bitmask_constant	0x00000d0a	0x00000d0a	1	1	000252f4_FUN_000252f4.c	commissioning/sensor/config owner by address context	semantic_not_assigned_v49	not_patch_ready	v49 owner/module classification; do not treat owner bucket as source-level field name.				semantic_not_assigned_v50				semantic_not_assigned_v51	commissioning_sensor_config_integer_or_bitmask_literal_25600	guarded	integer_or_bitmask_analysis_label	semantic_named_v52
DAT_00025674	0x00025674	commissioning_sensor_config	owner_module_only	system_memory_1fff_pointer_or_table_ref	0x1ffff1f0	0x1ffff1f0	4	1	000252f4_FUN_000252f4.c	commissioning/sensor/config owner by address context	semantic_not_assigned_v49	not_patch_ready	v49 owner/module classification; do not treat owner bucket as source-level field name.				semantic_not_assigned_v50				semantic_not_assigned_v51	commissioning_sensor_config_1fff_1ffff1f0_table_or_state_ref	guarded	system_memory_or_table_pointer_analysis_label	semantic_named_v52
DAT_0002569c	0x0002569c	commissioning_sensor_config	owner_module_only	app_flash_pointer_or_literal_ref	0x0003e000	0x0003e000	1	1	000252f4_FUN_000252f4.c	commissioning/sensor/config owner by address context	semantic_not_assigned_v49	not_patch_ready	v49 owner/module classification; do not treat owner bucket as source-level field name.				semantic_not_assigned_v50				semantic_not_assigned_v51	commissioning_sensor_config_app_flash_0003e000_ref	guarded	app_flash_or_literal_analysis_label	semantic_named_v52
DAT_000256a0	0x000256a0	commissioning_sensor_config	owner_module_only	mmio_register_pointer	0x40040000	0x40040000	2	1	000252f4_FUN_000252f4.c	commissioning/sensor/config owner by address context	semantic_not_assigned_v49	not_patch_ready	v49 owner/module classification; do not treat owner bucket as source-level field name.				semantic_not_assigned_v50				semantic_not_assigned_v51	commissioning_sensor_config_mmio_40040000_ref	guarded	mmio_or_peripheral_pointer_analysis_label	semantic_named_v52
DAT_000256a4	0x000256a4	commissioning_sensor_config	owner_module_only	mmio_register_pointer	0x40040446	0x40040446	2	1	000252f4_FUN_000252f4.c	commissioning/sensor/config owner by address context	semantic_not_assigned_v49	not_patch_ready	v49 owner/module classification; do not treat owner bucket as source-level field name.				semantic_not_assigned_v50				semantic_not_assigned_v51	commissioning_sensor_config_mmio_40040446_ref	guarded	mmio_or_peripheral_pointer_analysis_label	semantic_named_v52
DAT_000256a8	0x000256a8	commissioning_sensor_config	owner_module_only	mmio_register_pointer	0x40038000	0x40038000	4	1	000252f4_FUN_000252f4.c	commissioning/sensor/config owner by address context	semantic_not_assigned_v49	not_patch_ready	v49 owner/module classification; do not treat owner bucket as source-level field name.				semantic_not_assigned_v50				semantic_not_assigned_v51	commissioning_sensor_config_mmio_40038000_ref	guarded	mmio_or_peripheral_pointer_analysis_label	semantic_named_v52
DAT_000256ac	0x000256ac	commissioning_sensor_config	owner_module_only	system_memory_1fff_pointer_or_table_ref	0x1fffcc6c	0x1fffcc6c	1	1	000252f4_FUN_000252f4.c	commissioning/sensor/config owner by address context	semantic_not_assigned_v49	not_patch_ready	v49 owner/module classification; do not treat owner bucket as source-level field name.				semantic_not_assigned_v50				semantic_not_assigned_v51	commissioning_sensor_config_1fff_1fffcc6c_table_or_state_ref	guarded	system_memory_or_table_pointer_analysis_label	semantic_named_v52
DAT_000256b0	0x000256b0	commissioning_sensor_config	owner_module_only	app_flash_pointer_or_literal_ref	0x0003c000	0x0003c000	1	1	000252f4_FUN_000252f4.c	commissioning/sensor/config owner by address context	semantic_not_assigned_v49	not_patch_ready	v49 owner/module classification; do not treat owner bucket as source-level field name.				semantic_not_assigned_v50				semantic_not_assigned_v51	commissioning_sensor_config_app_flash_0003c000_ref	guarded	app_flash_or_literal_analysis_label	semantic_named_v52
DAT_000256b4	0x000256b4	commissioning_sensor_config	owner_module_only	system_memory_1fff_pointer_or_table_ref	0x1fffd078	0x1fffd078	1	1	000252f4_FUN_000252f4.c	commissioning/sensor/config owner by address context	semantic_not_assigned_v49	not_patch_ready	v49 owner/module classification; do not treat owner bucket as source-level field name.				semantic_not_assigned_v50				semantic_not_assigned_v51	commissioning_sensor_config_1fff_1fffd078_table_or_state_ref	guarded	system_memory_or_table_pointer_analysis_label	semantic_named_v52
DAT_000256b8	0x000256b8	commissioning_sensor_config	owner_module_only	app_flash_pointer_or_literal_ref	0x0003a000	0x0003a000	1	1	000252f4_FUN_000252f4.c	commissioning/sensor/config owner by address context	semantic_not_assigned_v49	not_patch_ready	v49 owner/module classification; do not treat owner bucket as source-level field name.				semantic_not_assigned_v50				semantic_not_assigned_v51	commissioning_sensor_config_app_flash_0003a000_ref	guarded	app_flash_or_literal_analysis_label	semantic_named_v52
DAT_000256bc	0x000256bc	commissioning_sensor_config	owner_module_only	system_memory_1fff_pointer_or_table_ref	0x1ffff078	0x1ffff078	1	1	000252f4_FUN_000252f4.c	commissioning/sensor/config owner by address context	semantic_not_assigned_v49	not_patch_ready	v49 owner/module classification; do not treat owner bucket as source-level field name.				semantic_not_assigned_v50				semantic_not_assigned_v51	commissioning_sensor_config_1fff_1ffff078_table_or_state_ref	guarded	system_memory_or_table_pointer_analysis_label	semantic_named_v52
DAT_000256c0	0x000256c0	commissioning_sensor_config	owner_module_only	app_flash_pointer_or_literal_ref	0x00038000	0x00038000	1	1	000252f4_FUN_000252f4.c	commissioning/sensor/config owner by address context	semantic_not_assigned_v49	not_patch_ready	v49 owner/module classification; do not treat owner bucket as source-level field name.				semantic_not_assigned_v50				semantic_not_assigned_v51	commissioning_sensor_config_app_flash_00038000_ref	guarded	app_flash_or_literal_analysis_label	semantic_named_v52
DAT_000256c4	0x000256c4	commissioning_sensor_config	owner_module_only	system_memory_1fff_pointer_or_table_ref	0x1ffff190	0x1ffff190	1	1	000252f4_FUN_000252f4.c	commissioning/sensor/config owner by address context	semantic_not_assigned_v49	not_patch_ready	v49 owner/module classification; do not treat owner bucket as source-level field name.				semantic_not_assigned_v50				semantic_not_assigned_v51	commissioning_sensor_config_1fff_1ffff190_table_or_state_ref	guarded	system_memory_or_table_pointer_analysis_label	semantic_named_v52
DAT_000257c0	0x000257c0	commissioning_sensor_config	owner_module_only	integer_or_bitmask_constant	0x00000a0d	0x00000a0d	1	1	000256c8_FUN_000256c8.c	commissioning/sensor/config owner by address context	semantic_not_assigned_v49	not_patch_ready	v49 owner/module classification; do not treat owner bucket as source-level field name.				semantic_not_assigned_v50				semantic_not_assigned_v51	commissioning_sensor_config_integer_or_bitmask_literal_257c0	guarded	integer_or_bitmask_analysis_label	semantic_named_v52
DAT_00025bd0	0x00025bd0	motor_identification	owner_module_only	integer_or_bitmask_constant	0x00000000	0x00000000	12	1	000257c4_FUN_000257c4.c	motor-ID owner via 0x257c4 stage map or function-module evidence	semantic_not_assigned_v49	not_patch_ready	v49 owner/module classification; do not treat owner bucket as source-level field name.	zero_float_or_accumulator_init	high	zero_or_accumulator_init	semantic_named_v50	zero_float_or_accumulator_init	high	zero_or_accumulator_init	semantic_named_carried_v50	zero_float_or_accumulator_init	high	zero_or_accumulator_init	semantic_named_carried_v51
DAT_00025bd4	0x00025bd4	motor_identification	owner_module_only	mmio_register_pointer	0x42c80000	0x42c80000	2	1	000257c4_FUN_000257c4.c	motor-ID owner via 0x257c4 stage map or function-module evidence	semantic_not_assigned_v49	not_patch_ready	v49 owner/module classification; do not treat owner bucket as source-level field name.	motor_id_ramp_or_sample_divisor_100	medium	float32_constant_corrected	semantic_named_v50	motor_id_ramp_or_sample_divisor_100	medium	float32_constant_corrected	semantic_named_carried_v50	motor_id_ramp_or_sample_divisor_100	medium	float32_constant_corrected	semantic_named_carried_v51
DAT_00025bd8	0x00025bd8	motor_identification	owner_module_only	integer_or_bitmask_constant	0x00000000	0x00000000	1	1	000257c4_FUN_000257c4.c	motor-ID owner via 0x257c4 stage map or function-module evidence	semantic_not_assigned_v49	not_patch_ready	v49 owner/module classification; do not treat owner bucket as source-level field name.	double_accumulator_zero_init	high	zero_or_accumulator_init	semantic_named_v50	double_accumulator_zero_init	high	zero_or_accumulator_init	semantic_named_carried_v50	double_accumulator_zero_init	high	zero_or_accumulator_init	semantic_named_carried_v51
DAT_00025be0	0x00025be0	motor_identification	owner_module_only	app_flash_pointer_or_literal_ref	0x000284a0	0x000284a0	2	1	000257c4_FUN_000257c4.c	motor-ID owner via 0x257c4 stage map or function-module evidence	semantic_not_assigned_v49	not_patch_ready	v49 owner/module classification; do not treat owner bucket as source-level field name.	motor_id_state28_template_pair_app_flash	guarded	app_flash_pointer	semantic_named_v50	motor_id_state28_template_pair_app_flash	guarded	app_flash_pointer	semantic_named_carried_v50	motor_id_state28_template_pair_app_flash	guarded	app_flash_pointer	semantic_named_carried_v51
DAT_00025be4	0x00025be4	motor_identification	owner_module_only	float32_candidate_or_encoded_constant	0x3dcccccd	u32=0x3dcccccd; f32=0.100000001	2	1	000257c4_FUN_000257c4.c	motor-ID owner via 0x257c4 stage map or function-module evidence	semantic_not_assigned_v49	not_patch_ready	v49 owner/module classification; do not treat owner bucket as source-level field name.	rotor_lock_normalized_vector_command_0p1	high	float32_constant	semantic_named_v50	rotor_lock_normalized_vector_command_0p1	high	float32_constant	semantic_named_carried_v50	rotor_lock_normalized_vector_command_0p1	high	float32_constant	semantic_named_carried_v51
DAT_00025be8	0x00025be8	motor_identification	owner_module_only	system_memory_1fff_pointer_or_table_ref	0x1ffff23c	0x1ffff23c	6	1	000257c4_FUN_000257c4.c	motor-ID owner via 0x257c4 stage map or function-module evidence	semantic_not_assigned_v49	not_patch_ready	v49 owner/module classification; do not treat owner bucket as source-level field name.	persistent_config_words_shadow_ptr_1ffff23c	guarded	system_memory_pointer	semantic_named_v50	persistent_config_words_shadow_ptr_1ffff23c	guarded	system_memory_pointer	semantic_named_carried_v50	persistent_config_words_shadow_ptr_1ffff23c	guarded	system_memory_pointer	semantic_named_carried_v51
DAT_00025bec	0x00025bec	motor_identification	owner_module_only	mmio_register_pointer	0x40040000	0x40040000	2	1	000257c4_FUN_000257c4.c	motor-ID owner via 0x257c4 stage map or function-module evidence	semantic_not_assigned_v49	not_patch_ready	v49 owner/module classification; do not treat owner bucket as source-level field name.	motor_id_adc_phase_u_base_40040000	guarded	mmio_adc_register_block	semantic_named_v50	motor_id_adc_phase_u_base_40040000	guarded	mmio_adc_register_block	semantic_named_carried_v50	motor_id_adc_phase_u_base_40040000	guarded	mmio_adc_register_block	semantic_named_carried_v51
DAT_00025bf0	0x00025bf0	motor_identification	owner_module_only	mmio_register_pointer	0x40040446	0x40040446	5	1	000257c4_FUN_000257c4.c	motor-ID owner via 0x257c4 stage map or function-module evidence	semantic_not_assigned_v49	not_patch_ready	v49 owner/module classification; do not treat owner bucket as source-level field name.	motor_id_adc_phase_v_ack_or_trigger_40040446	guarded	mmio_adc_trigger_ack_register	semantic_named_v50	motor_id_adc_phase_v_ack_or_trigger_40040446	guarded	mmio_adc_trigger_ack_register	semantic_named_carried_v50	motor_id_adc_phase_v_ack_or_trigger_40040446	guarded	mmio_adc_trigger_ack_register	semantic_named_carried_v51
DAT_00025bf4	0x00025bf4	motor_identification	owner_module_only	mmio_register_pointer	0x40040846	0x40040846	3	1	000257c4_FUN_000257c4.c	motor-ID owner via 0x257c4 stage map or function-module evidence	semantic_not_assigned_v49	not_patch_ready	v49 owner/module classification; do not treat owner bucket as source-level field name.	motor_id_adc_phase_w_ack_or_trigger_40040846	guarded	mmio_adc_trigger_ack_register	semantic_named_v50	motor_id_adc_phase_w_ack_or_trigger_40040846	guarded	mmio_adc_trigger_ack_register	semantic_named_carried_v50	motor_id_adc_phase_w_ack_or_trigger_40040846	guarded	mmio_adc_trigger_ack_register	semantic_named_carried_v51
DAT_00025bf8	0x00025bf8	motor_identification	owner_module_only	system_memory_1fff_pointer_or_table_ref	0x1ffff104	0x1ffff104	1	1	000257c4_FUN_000257c4.c	motor-ID owner via 0x257c4 stage map or function-module evidence	semantic_not_assigned_v49	not_patch_ready	v49 owner/module classification; do not treat owner bucket as source-level field name.	runtime_or_adc_sample_state_ptr_1ffff104	guarded	system_memory_pointer	semantic_named_v50	runtime_or_adc_sample_state_ptr_1ffff104	guarded	system_memory_pointer	semantic_named_carried_v50	runtime_or_adc_sample_state_ptr_1ffff104	guarded	system_memory_pointer	semantic_named_carried_v51
DAT_00025bfc	0x00025bfc	motor_identification	owner_module_only	mmio_register_pointer	0x40c90fdb	0x40c90fdb	1	1	000257c4_FUN_000257c4.c	motor-ID owner via 0x257c4 stage map or function-module evidence	semantic_not_assigned_v49	not_patch_ready	v49 owner/module classification; do not treat owner bucket as source-level field name.	two_pi_constant	high	float32_constant_corrected	semantic_named_v50	two_pi_constant	high	float32_constant_corrected	semantic_named_carried_v50	two_pi_constant	high	float32_constant_corrected	semantic_named_carried_v51
DAT_00025c00	0x00025c00	motor_identification	owner_module_only	system_memory_1fff_pointer_or_table_ref	0x1ffff088	0x1ffff088	1	1	000257c4_FUN_000257c4.c	motor-ID owner via 0x257c4 stage map or function-module evidence	semantic_not_assigned_v49	not_patch_ready	v49 owner/module classification; do not treat owner bucket as source-level field name.	control_sample_source_ptr_1ffff088	guarded	system_memory_pointer	semantic_named_v50	control_sample_source_ptr_1ffff088	guarded	system_memory_pointer	semantic_named_carried_v50	control_sample_source_ptr_1ffff088	guarded	system_memory_pointer	semantic_named_carried_v51
DAT_00025c04	0x00025c04	motor_identification	owner_module_only	float32_candidate_or_encoded_constant	0x39a4b5be	u32=0x39a4b5be; f32=0.000314159261	2	1	000257c4_FUN_000257c4.c	motor-ID owner via 0x257c4 stage map or function-module evidence	semantic_not_assigned_v49	not_patch_ready	v49 owner/module classification; do not treat owner bucket as source-level field name.	electrical_angle_step_2pi_over_20000	high	float32_constant	semantic_named_v50	electrical_angle_step_2pi_over_20000	high	float32_constant	semantic_named_carried_v50	electrical_angle_step_2pi_over_20000	high	float32_constant	semantic_named_carried_v51
DAT_00025c08	0x00025c08	motor_identification	owner_module_only	float32_candidate_or_encoded_constant	0x3e22f983	u32=0x3e22f983; f32=0.159154937	2	1	000257c4_FUN_000257c4.c	motor-ID owner via 0x257c4 stage map or function-module evidence	semantic_not_assigned_v49	not_patch_ready	v49 owner/module classification; do not treat owner bucket as source-level field name.	inv_two_pi_constant	high	float32_constant	semantic_named_v50	inv_two_pi_constant	high	float32_constant	semantic_named_carried_v50	inv_two_pi_constant	high	float32_constant	semantic_named_carried_v51
DAT_00025c10	0x00025c10	motor_identification	owner_module_only	float32_candidate_or_encoded_constant	0xc0490fdb	u32=0xc0490fdb; f32=-3.14159274	5	1	000257c4_FUN_000257c4.c	motor-ID owner via 0x257c4 stage map or function-module evidence	semantic_not_assigned_v49	not_patch_ready	v49 owner/module classification; do not treat owner bucket as source-level field name.	negative_pi_angle_wrap_bound	high	float32_constant	semantic_named_v50	negative_pi_angle_wrap_bound	high	float32_constant	semantic_named_carried_v50	negative_pi_angle_wrap_bound	high	float32_constant	semantic_named_carried_v51
DAT_00025c14	0x00025c14	motor_identification	owner_module_only	float32_candidate_or_encoded_constant	0x3f13cd3a	u32=0x3f13cd3a; f32=0.577350259	3	1	000257c4_FUN_000257c4.c	motor-ID owner via 0x257c4 stage map or function-module evidence	semantic_not_assigned_v49	not_patch_ready	v49 owner/module classification; do not treat owner bucket as source-level field name.	one_over_sqrt3_current_transform_scale	high	float32_constant	semantic_named_v50	one_over_sqrt3_current_transform_scale	high	float32_constant	semantic_named_carried_v50	one_over_sqrt3_current_transform_scale	high	float32_constant	semantic_named_carried_v51
DAT_00025c18	0x00025c18	motor_identification	owner_module_only	float32_candidate_or_encoded_constant	0x3a000000	u32=0x3a000000; f32=0.00048828125	5	1	000257c4_FUN_000257c4.c	motor-ID owner via 0x257c4 stage map or function-module evidence	semantic_not_assigned_v49	not_patch_ready	v49 owner/module classification; do not treat owner bucket as source-level field name.	adc_count_scale_one_over_2048	high	float32_constant	semantic_named_v50	adc_count_scale_one_over_2048	high	float32_constant	semantic_named_carried_v50	adc_count_scale_one_over_2048	high	float32_constant	semantic_named_carried_v51
DAT_00025c1c	0x00025c1c	motor_identification	owner_module_only	system_memory_1fff_pointer_or_table_ref	0x1ffff190	0x1ffff190	5	1	000257c4_FUN_000257c4.c	motor-ID owner via 0x257c4 stage map or function-module evidence	semantic_not_assigned_v49	not_patch_ready	v49 owner/module classification; do not treat owner bucket as source-level field name.	observer_or_filter_state_ptr_1ffff190	guarded	system_memory_pointer	semantic_named_v50	observer_or_filter_state_ptr_1ffff190	guarded	system_memory_pointer	semantic_named_carried_v50	observer_or_filter_state_ptr_1ffff190	guarded	system_memory_pointer	semantic_named_carried_v51
DAT_00025c20	0x00025c20	motor_identification	owner_module_only	system_memory_1fff_pointer_or_table_ref	0x1fffa5c8	0x1fffa5c8	4	1	000257c4_FUN_000257c4.c	motor-ID owner via 0x257c4 stage map or function-module evidence	semantic_not_assigned_v49	not_patch_ready	v49 owner/module classification; do not treat owner bucket as source-level field name.	working_motor_config_state_ptr_1fffa5c8	guarded	system_memory_pointer	semantic_named_v50	working_motor_config_state_ptr_1fffa5c8	guarded	system_memory_pointer	semantic_named_carried_v50	working_motor_config_state_ptr_1fffa5c8	guarded	system_memory_pointer	semantic_named_carried_v51
DAT_00025c30	0x00025c30	motor_identification	owner_module_only	mmio_register_pointer	0x41733333	0x41733333	1	1	000257c4_FUN_000257c4.c	motor-ID owner via 0x257c4 stage map or function-module evidence	semantic_not_assigned_v49	not_patch_ready	v49 owner/module classification; do not treat owner bucket as source-level field name.	motor_id_initial_gain_or_covariance_15p2	medium	float32_constant_corrected	semantic_named_v50	motor_id_initial_gain_or_covariance_15p2	medium	float32_constant_corrected	semantic_named_carried_v50	motor_id_initial_gain_or_covariance_15p2	medium	float32_constant_corrected	semantic_named_carried_v51
DAT_00025c34	0x00025c34	motor_identification	owner_module_only	float32_candidate_or_encoded_constant	0x358637bd	u32=0x358637bd; f32=9.99999997e-07	1	1	000257c4_FUN_000257c4.c	motor-ID owner via 0x257c4 stage map or function-module evidence	semantic_not_assigned_v49	not_patch_ready	v49 owner/module classification; do not treat owner bucket as source-level field name.	rls_regularization_epsilon_1e_minus_6	medium	float32_constant	semantic_named_v50	rls_regularization_epsilon_1e_minus_6	medium	float32_constant	semantic_named_carried_v50	rls_regularization_epsilon_1e_minus_6	medium	float32_constant	semantic_named_carried_v51
DAT_00026150	0x00026150	motor_identification	owner_module_only	mmio_register_pointer	0x447a0000	0x447a0000	2	1	000257c4_FUN_000257c4.c	motor-ID owner via 0x257c4 stage map or function-module evidence	semantic_not_assigned_v49	not_patch_ready	v49 owner/module classification; do not treat owner bucket as source-level field name.	observer_current_scale_1000	medium	float32_constant_corrected	semantic_named_v50	observer_current_scale_1000	medium	float32_constant_corrected	semantic_named_carried_v50	observer_current_scale_1000	medium	float32_constant_corrected	semantic_named_carried_v51
DAT_00026154	0x00026154	motor_identification	owner_module_only	float32_candidate_or_encoded_constant	0x3a83126f	u32=0x3a83126f; f32=0.00100000005	1	1	000257c4_FUN_000257c4.c	motor-ID owner via 0x257c4 stage map or function-module evidence	semantic_not_assigned_v49	not_patch_ready	v49 owner/module classification; do not treat owner bucket as source-level field name.	flux_loop_ramp_increment_0p001	high	float32_constant	semantic_named_v50	flux_loop_ramp_increment_0p001	high	float32_constant	semantic_named_carried_v50	flux_loop_ramp_increment_0p001	high	float32_constant	semantic_named_carried_v51
DAT_00026158	0x00026158	motor_identification	owner_module_only	float32_candidate_or_encoded_constant	0x3e99999a	u32=0x3e99999a; f32=0.300000012	1	1	000257c4_FUN_000257c4.c	motor-ID owner via 0x257c4 stage map or function-module evidence	semantic_not_assigned_v49	not_patch_ready	v49 owner/module classification; do not treat owner bucket as source-level field name.	dq_command_limit_0p3	high	float32_constant	semantic_named_v50	dq_command_limit_0p3	high	float32_constant	semantic_named_carried_v50	dq_command_limit_0p3	high	float32_constant	semantic_named_carried_v51
DAT_00026160	0x00026160	motor_identification	owner_module_only	mmio_register_pointer	0x40040446	0x40040446	3	1	000257c4_FUN_000257c4.c	motor-ID owner via 0x257c4 stage map or function-module evidence	semantic_not_assigned_v49	not_patch_ready	v49 owner/module classification; do not treat owner bucket as source-level field name.	motor_id_adc_phase_v_ack_or_trigger_late	guarded	mmio_adc_trigger_ack_register	semantic_named_v50	motor_id_adc_phase_v_ack_or_trigger_late	guarded	mmio_adc_trigger_ack_register	semantic_named_carried_v50	motor_id_adc_phase_v_ack_or_trigger_late	guarded	mmio_adc_trigger_ack_register	semantic_named_carried_v51
DAT_00026164	0x00026164	motor_identification	owner_module_only	mmio_register_pointer	0x40040846	0x40040846	2	1	000257c4_FUN_000257c4.c	motor-ID owner via 0x257c4 stage map or function-module evidence	semantic_not_assigned_v49	not_patch_ready	v49 owner/module classification; do not treat owner bucket as source-level field name.	motor_id_adc_phase_w_ack_or_trigger_late	guarded	mmio_adc_trigger_ack_register	semantic_named_v50	motor_id_adc_phase_w_ack_or_trigger_late	guarded	mmio_adc_trigger_ack_register	semantic_named_carried_v50	motor_id_adc_phase_w_ack_or_trigger_late	guarded	mmio_adc_trigger_ack_register	semantic_named_carried_v51
DAT_00026168	0x00026168	motor_identification	owner_module_only	system_memory_1fff_pointer_or_table_ref	0x1fffa5c8	0x1fffa5c8	2	1	000257c4_FUN_000257c4.c	motor-ID owner via 0x257c4 stage map or function-module evidence	semantic_not_assigned_v49	not_patch_ready	v49 owner/module classification; do not treat owner bucket as source-level field name.	working_motor_config_state_ptr_late_1fffa5c8	guarded	system_memory_pointer	semantic_named_v50	working_motor_config_state_ptr_late_1fffa5c8	guarded	system_memory_pointer	semantic_named_carried_v50	working_motor_config_state_ptr_late_1fffa5c8	guarded	system_memory_pointer	semantic_named_carried_v51
DAT_0002616c	0x0002616c	motor_identification	owner_module_only	system_memory_1fff_pointer_or_table_ref	0x1ffff23c	0x1ffff23c	2	1	000257c4_FUN_000257c4.c	motor-ID owner via 0x257c4 stage map or function-module evidence	semantic_not_assigned_v49	not_patch_ready	v49 owner/module classification; do not treat owner bucket as source-level field name.	persistent_config_words_shadow_ptr_late_1ffff23c	guarded	system_memory_pointer	semantic_named_v50	persistent_config_words_shadow_ptr_late_1ffff23c	guarded	system_memory_pointer	semantic_named_carried_v50	persistent_config_words_shadow_ptr_late_1ffff23c	guarded	system_memory_pointer	semantic_named_carried_v51
DAT_00026170	0x00026170	motor_identification	owner_module_only	system_memory_1fff_pointer_or_table_ref	0x1ffff104	0x1ffff104	3	1	000257c4_FUN_000257c4.c	motor-ID owner via 0x257c4 stage map or function-module evidence	semantic_not_assigned_v49	not_patch_ready	v49 owner/module classification; do not treat owner bucket as source-level field name.	runtime_or_adc_sample_state_ptr_late_1ffff104	guarded	system_memory_pointer	semantic_named_v50	runtime_or_adc_sample_state_ptr_late_1ffff104	guarded	system_memory_pointer	semantic_named_carried_v50	runtime_or_adc_sample_state_ptr_late_1ffff104	guarded	system_memory_pointer	semantic_named_carried_v51
DAT_00026174	0x00026174	motor_identification	owner_module_only	float32_candidate_or_encoded_constant	0x3fddb3d7	u32=0x3fddb3d7; f32=1.73205078	1	1	000257c4_FUN_000257c4.c	motor-ID owner via 0x257c4 stage map or function-module evidence	semantic_not_assigned_v49	not_patch_ready	v49 owner/module classification; do not treat owner bucket as source-level field name.	sqrt3_constant	high	float32_constant	semantic_named_v50	sqrt3_constant	high	float32_constant	semantic_named_carried_v50	sqrt3_constant	high	float32_constant	semantic_named_carried_v51
DAT_00026178	0x00026178	motor_identification	owner_module_only	system_memory_1fff_pointer_or_table_ref	0x1ffff190	0x1ffff190	3	1	000257c4_FUN_000257c4.c	motor-ID owner via 0x257c4 stage map or function-module evidence	semantic_not_assigned_v49	not_patch_ready	v49 owner/module classification; do not treat owner bucket as source-level field name.	observer_or_filter_state_ptr_late_1ffff190	guarded	system_memory_pointer	semantic_named_v50	observer_or_filter_state_ptr_late_1ffff190	guarded	system_memory_pointer	semantic_named_carried_v50	observer_or_filter_state_ptr_late_1ffff190	guarded	system_memory_pointer	semantic_named_carried_v51
DAT_0002617c	0x0002617c	motor_identification	owner_module_only	mmio_register_pointer	0x40c90fdb	0x40c90fdb	1	1	000257c4_FUN_000257c4.c	motor-ID owner via 0x257c4 stage map or function-module evidence	semantic_not_assigned_v49	not_patch_ready	v49 owner/module classification; do not treat owner bucket as source-level field name.	two_pi_constant_late_loop	high	float32_constant_corrected	semantic_named_v50	two_pi_constant_late_loop	high	float32_constant_corrected	semantic_named_carried_v50	two_pi_constant_late_loop	high	float32_constant_corrected	semantic_named_carried_v51
DAT_00026180	0x00026180	motor_identification	owner_module_only	integer_or_bitmask_constant	0x00000000	0x00000000	3	1	000257c4_FUN_000257c4.c	motor-ID owner via 0x257c4 stage map or function-module evidence	semantic_not_assigned_v49	not_patch_ready	v49 owner/module classification; do not treat owner bucket as source-level field name.	mechanical_double_accumulator_zero_init	high	zero_or_accumulator_init	semantic_named_v50	mechanical_double_accumulator_zero_init	high	zero_or_accumulator_init	semantic_named_carried_v50	mechanical_double_accumulator_zero_init	high	zero_or_accumulator_init	semantic_named_carried_v51
DAT_00026188	0x00026188	motor_identification	owner_module_only	float32_candidate_or_encoded_constant	0x3f13cd3a	u32=0x3f13cd3a; f32=0.577350259	2	1	000257c4_FUN_000257c4.c	motor-ID owner via 0x257c4 stage map or function-module evidence	semantic_not_assigned_v49	not_patch_ready	v49 owner/module classification; do not treat owner bucket as source-level field name.	one_over_sqrt3_late_current_transform_scale	high	float32_constant	semantic_named_v50	one_over_sqrt3_late_current_transform_scale	high	float32_constant	semantic_named_carried_v50	one_over_sqrt3_late_current_transform_scale	high	float32_constant	semantic_named_carried_v51
DAT_00026190	0x00026190	motor_identification	owner_module_only	float32_candidate_or_encoded_constant	0xc0490fdb	u32=0xc0490fdb; f32=-3.14159274	2	1	000257c4_FUN_000257c4.c	motor-ID owner via 0x257c4 stage map or function-module evidence	semantic_not_assigned_v49	not_patch_ready	v49 owner/module classification; do not treat owner bucket as source-level field name.	negative_pi_angle_wrap_bound_late	high	float32_constant	semantic_named_v50	negative_pi_angle_wrap_bound_late	high	float32_constant	semantic_named_carried_v50	negative_pi_angle_wrap_bound_late	high	float32_constant	semantic_named_carried_v51
DAT_00026194	0x00026194	motor_identification	owner_module_only	integer_or_bitmask_constant	0x00000000	0x00000000	3	1	000257c4_FUN_000257c4.c	motor-ID owner via 0x257c4 stage map or function-module evidence	semantic_not_assigned_v49	not_patch_ready	v49 owner/module classification; do not treat owner bucket as source-level field name.	zero_drive_command_or_coast_command	high	zero_or_command_constant	semantic_named_v50	zero_drive_command_or_coast_command	high	zero_or_command_constant	semantic_named_carried_v50	zero_drive_command_or_coast_command	high	zero_or_command_constant	semantic_named_carried_v51
DAT_00026484	0x00026484	motor_identification	owner_module_only	mmio_register_pointer	0x40040446	0x40040446	4	1	000257c4_FUN_000257c4.c	motor-ID owner via 0x257c4 stage map or function-module evidence	semantic_not_assigned_v49	not_patch_ready	v49 owner/module classification; do not treat owner bucket as source-level field name.	motor_id_adc_phase_v_ack_or_trigger_final	guarded	mmio_adc_trigger_ack_register	semantic_named_v50	motor_id_adc_phase_v_ack_or_trigger_final	guarded	mmio_adc_trigger_ack_register	semantic_named_carried_v50	motor_id_adc_phase_v_ack_or_trigger_final	guarded	mmio_adc_trigger_ack_register	semantic_named_carried_v51
DAT_00026488	0x00026488	motor_identification	owner_module_only	mmio_register_pointer	0x40040846	0x40040846	3	1	000257c4_FUN_000257c4.c	motor-ID owner via 0x257c4 stage map or function-module evidence	semantic_not_assigned_v49	not_patch_ready	v49 owner/module classification; do not treat owner bucket as source-level field name.	motor_id_adc_phase_w_ack_or_trigger_final	guarded	mmio_adc_trigger_ack_register	semantic_named_v50	motor_id_adc_phase_w_ack_or_trigger_final	guarded	mmio_adc_trigger_ack_register	semantic_named_carried_v50	motor_id_adc_phase_w_ack_or_trigger_final	guarded	mmio_adc_trigger_ack_register	semantic_named_carried_v51
DAT_0002648c	0x0002648c	motor_identification	owner_module_only	integer_or_bitmask_constant	0x00013880	0x00013880	1	1	000257c4_FUN_000257c4.c	motor-ID owner via 0x257c4 stage map or function-module evidence	semantic_not_assigned_v49	not_patch_ready	v49 owner/module classification; do not treat owner bucket as source-level field name.	mechanical_driven_loop_count_80000	high	integer_loop_bound	semantic_named_v50	mechanical_driven_loop_count_80000	high	integer_loop_bound	semantic_named_carried_v50	mechanical_driven_loop_count_80000	high	integer_loop_bound	semantic_named_carried_v51
DAT_00026490	0x00026490	motor_identification	owner_module_only	system_memory_1fff_pointer_or_table_ref	0x1ffff23c	0x1ffff23c	3	1	000257c4_FUN_000257c4.c	motor-ID owner via 0x257c4 stage map or function-module evidence	semantic_not_assigned_v49	not_patch_ready	v49 owner/module classification; do not treat owner bucket as source-level field name.	persistent_config_words_shadow_commit_ptr_1ffff23c	guarded	system_memory_pointer	semantic_named_v50	persistent_config_words_shadow_commit_ptr_1ffff23c	guarded	system_memory_pointer	semantic_named_carried_v50	persistent_config_words_shadow_commit_ptr_1ffff23c	guarded	system_memory_pointer	semantic_named_carried_v51
DAT_00026494	0x00026494	motor_identification	owner_module_only	system_memory_1fff_pointer_or_table_ref	0x1fffa5c8	0x1fffa5c8	2	1	000257c4_FUN_000257c4.c	motor-ID owner via 0x257c4 stage map or function-module evidence	semantic_not_assigned_v49	not_patch_ready	v49 owner/module classification; do not treat owner bucket as source-level field name.	working_motor_config_state_commit_ptr_1fffa5c8	guarded	system_memory_pointer	semantic_named_v50	working_motor_config_state_commit_ptr_1fffa5c8	guarded	system_memory_pointer	semantic_named_carried_v50	working_motor_config_state_commit_ptr_1fffa5c8	guarded	system_memory_pointer	semantic_named_carried_v51
DAT_00026498	0x00026498	motor_identification	owner_module_only	system_memory_1fff_pointer_or_table_ref	0x1ffff1f0	0x1ffff1f0	1	1	000257c4_FUN_000257c4.c	motor-ID owner via 0x257c4 stage map or function-module evidence	semantic_not_assigned_v49	not_patch_ready	v49 owner/module classification; do not treat owner bucket as source-level field name.	commit_status_or_flag_state_ptr_1ffff1f0	guarded	system_memory_pointer	semantic_named_v50	commit_status_or_flag_state_ptr_1ffff1f0	guarded	system_memory_pointer	semantic_named_carried_v50	commit_status_or_flag_state_ptr_1ffff1f0	guarded	system_memory_pointer	semantic_named_carried_v51
DAT_0002649c	0x0002649c	motor_identification	owner_module_only	system_memory_1fff_pointer_or_table_ref	0x1fffa568	0x1fffa568	2	1	000257c4_FUN_000257c4.c	motor-ID owner via 0x257c4 stage map or function-module evidence	semantic_not_assigned_v49	not_patch_ready	v49 owner/module classification; do not treat owner bucket as source-level field name.	runtime_result_pair_a_ptr_1fffa568	guarded	system_memory_pointer	semantic_named_v50	runtime_result_pair_a_ptr_1fffa568	guarded	system_memory_pointer	semantic_named_carried_v50	runtime_result_pair_a_ptr_1fffa568	guarded	system_memory_pointer	semantic_named_carried_v51
DAT_000264a0	0x000264a0	motor_identification	owner_module_only	system_memory_1fff_pointer_or_table_ref	0x1fffa590	0x1fffa590	2	1	000257c4_FUN_000257c4.c	motor-ID owner via 0x257c4 stage map or function-module evidence	semantic_not_assigned_v49	not_patch_ready	v49 owner/module classification; do not treat owner bucket as source-level field name.	runtime_result_pair_b_ptr_1fffa590	guarded	system_memory_pointer	semantic_named_v50	runtime_result_pair_b_ptr_1fffa590	guarded	system_memory_pointer	semantic_named_carried_v50	runtime_result_pair_b_ptr_1fffa590	guarded	system_memory_pointer	semantic_named_carried_v51
DAT_000266a8	0x000266a8	motor_identification	owner_module_only	integer_or_bitmask_constant	0x00000000	0x00000000	1	1	000264a4_FUN_000264a4.c	motor-ID owner via 0x257c4 stage map or function-module evidence	semantic_not_assigned_v49	not_patch_ready	v49 owner/module classification; do not treat owner bucket as source-level field name.				semantic_not_assigned_v50				semantic_not_assigned_v51	motor_identification_guarded_integer_or_bitmask_literal_266a8	guarded	integer_or_bitmask_analysis_label	semantic_named_v52
DAT_000266ac	0x000266ac	motor_identification	owner_module_only	system_memory_1fff_pointer_or_table_ref	0x1fffc84c	0x1fffc84c	1	1	000264a4_FUN_000264a4.c	motor-ID owner via 0x257c4 stage map or function-module evidence	semantic_not_assigned_v49	not_patch_ready	v49 owner/module classification; do not treat owner bucket as source-level field name.				semantic_not_assigned_v50				semantic_not_assigned_v51	motor_identification_guarded_1fff_1fffc84c_table_or_state_ref	guarded	system_memory_or_table_pointer_analysis_label	semantic_named_v52
DAT_000266b0	0x000266b0	motor_identification	owner_module_only	system_memory_1fff_pointer_or_table_ref	0x1ffff088	0x1ffff088	2	1	000264a4_FUN_000264a4.c	motor-ID owner via 0x257c4 stage map or function-module evidence	semantic_not_assigned_v49	not_patch_ready	v49 owner/module classification; do not treat owner bucket as source-level field name.				semantic_not_assigned_v50				semantic_not_assigned_v51	motor_identification_guarded_1fff_1ffff088_table_or_state_ref	guarded	system_memory_or_table_pointer_analysis_label	semantic_named_v52
DAT_000266b4	0x000266b4	motor_identification	owner_module_only	system_memory_1fff_pointer_or_table_ref	0x1ffff23c	0x1ffff23c	1	1	000264a4_FUN_000264a4.c	motor-ID owner via 0x257c4 stage map or function-module evidence	semantic_not_assigned_v49	not_patch_ready	v49 owner/module classification; do not treat owner bucket as source-level field name.				semantic_not_assigned_v50				semantic_not_assigned_v51	motor_identification_guarded_1fff_1ffff23c_table_or_state_ref	guarded	system_memory_or_table_pointer_analysis_label	semantic_named_v52
DAT_000266b8	0x000266b8	motor_identification	owner_module_only	system_memory_1fff_pointer_or_table_ref	0x1ffff190	0x1ffff190	2	1	000264a4_FUN_000264a4.c	motor-ID owner via 0x257c4 stage map or function-module evidence	semantic_not_assigned_v49	not_patch_ready	v49 owner/module classification; do not treat owner bucket as source-level field name.				semantic_not_assigned_v50				semantic_not_assigned_v51	motor_identification_guarded_1fff_1ffff190_table_or_state_ref	guarded	system_memory_or_table_pointer_analysis_label	semantic_named_v52
DAT_000266bc	0x000266bc	motor_identification	owner_module_only	float32_candidate_or_encoded_constant	0x3b03126f	u32=0x3b03126f; f32=0.00200000009	1	1	000264a4_FUN_000264a4.c	motor-ID owner via 0x257c4 stage map or function-module evidence	semantic_not_assigned_v49	not_patch_ready	v49 owner/module classification; do not treat owner bucket as source-level field name.	angle_step_or_calibration_increment_0p002	medium	float32_constant	semantic_named_v50	angle_step_or_calibration_increment_0p002	medium	float32_constant	semantic_named_carried_v50	angle_step_or_calibration_increment_0p002	medium	float32_constant	semantic_named_carried_v51
DAT_000266c0	0x000266c0	motor_identification	owner_module_only	float32_candidate_or_encoded_constant	0x3e22f983	u32=0x3e22f983; f32=0.159154937	1	1	000264a4_FUN_000264a4.c	motor-ID owner via 0x257c4 stage map or function-module evidence	semantic_not_assigned_v49	not_patch_ready	v49 owner/module classification; do not treat owner bucket as source-level field name.	inv_two_pi_constant_helper	high	float32_constant	semantic_named_v50	inv_two_pi_constant_helper	high	float32_constant	semantic_named_carried_v50	inv_two_pi_constant_helper	high	float32_constant	semantic_named_carried_v51
DAT_000266c4	0x000266c4	motor_identification	owner_module_only	mmio_register_pointer	0x40c90fdb	0x40c90fdb	1	1	000264a4_FUN_000264a4.c	motor-ID owner via 0x257c4 stage map or function-module evidence	semantic_not_assigned_v49	not_patch_ready	v49 owner/module classification; do not treat owner bucket as source-level field name.	two_pi_constant_helper	high	float32_constant_corrected	semantic_named_v50	two_pi_constant_helper	high	float32_constant_corrected	semantic_named_carried_v50	two_pi_constant_helper	high	float32_constant_corrected	semantic_named_carried_v51
DAT_000266c8	0x000266c8	motor_identification	owner_module_only	mmio_register_pointer	0x40490fdb	0x40490fdb	1	1	000264a4_FUN_000264a4.c	motor-ID owner via 0x257c4 stage map or function-module evidence	semantic_not_assigned_v49	not_patch_ready	v49 owner/module classification; do not treat owner bucket as source-level field name.	pi_constant_helper	high	float32_constant_corrected	semantic_named_v50	pi_constant_helper	high	float32_constant_corrected	semantic_named_carried_v50	pi_constant_helper	high	float32_constant_corrected	semantic_named_carried_v51
DAT_000266cc	0x000266cc	motor_identification	owner_module_only	float32_candidate_or_encoded_constant	0xc0490fdb	u32=0xc0490fdb; f32=-3.14159274	1	1	000264a4_FUN_000264a4.c	motor-ID owner via 0x257c4 stage map or function-module evidence	semantic_not_assigned_v49	not_patch_ready	v49 owner/module classification; do not treat owner bucket as source-level field name.	negative_pi_constant_helper	high	float32_constant	semantic_named_v50	negative_pi_constant_helper	high	float32_constant	semantic_named_carried_v50	negative_pi_constant_helper	high	float32_constant	semantic_named_carried_v51
DAT_000266d0	0x000266d0	motor_identification	owner_module_only	float32_candidate_or_encoded_constant	0x3fc90fdb	u32=0x3fc90fdb; f32=1.57079637	1	1	000264a4_FUN_000264a4.c	motor-ID owner via 0x257c4 stage map or function-module evidence	semantic_not_assigned_v49	not_patch_ready	v49 owner/module classification; do not treat owner bucket as source-level field name.	half_pi_constant_helper	high	float32_constant	semantic_named_v50	half_pi_constant_helper	high	float32_constant	semantic_named_carried_v50	half_pi_constant_helper	high	float32_constant	semantic_named_carried_v51
DAT_000266d4	0x000266d4	motor_identification	owner_module_only	mmio_register_pointer	0x40490fdb	0x40490fdb	1	1	000264a4_FUN_000264a4.c	motor-ID owner via 0x257c4 stage map or function-module evidence	semantic_not_assigned_v49	not_patch_ready	v49 owner/module classification; do not treat owner bucket as source-level field name.				semantic_not_assigned_v50				semantic_not_assigned_v51	motor_identification_guarded_mmio_40490fdb_ref	guarded	mmio_or_peripheral_pointer_analysis_label	semantic_named_v52
DAT_000266d8	0x000266d8	motor_identification	owner_module_only	float32_candidate_or_encoded_constant	0xc0490fdb	u32=0xc0490fdb; f32=-3.14159274	1	1	000264a4_FUN_000264a4.c	motor-ID owner via 0x257c4 stage map or function-module evidence	semantic_not_assigned_v49	not_patch_ready	v49 owner/module classification; do not treat owner bucket as source-level field name.	negative_pi_constant_helper_b	high	float32_constant	semantic_named_v50	negative_pi_constant_helper_b	high	float32_constant	semantic_named_carried_v50	negative_pi_constant_helper_b	high	float32_constant	semantic_named_carried_v51
DAT_000266dc	0x000266dc	motor_identification	owner_module_only	float32_candidate_or_encoded_constant	0xbfc90fdb	u32=0xbfc90fdb; f32=-1.57079637	1	1	000264a4_FUN_000264a4.c	motor-ID owner via 0x257c4 stage map or function-module evidence	semantic_not_assigned_v49	not_patch_ready	v49 owner/module classification; do not treat owner bucket as source-level field name.	negative_half_pi_constant_helper	high	float32_constant	semantic_named_v50	negative_half_pi_constant_helper	high	float32_constant	semantic_named_carried_v50	negative_half_pi_constant_helper	high	float32_constant	semantic_named_carried_v51
DAT_000266e0	0x000266e0	motor_identification	owner_module_only	float32_candidate_or_encoded_constant	0x3be56042	u32=0x3be56042; f32=0.00700000022	1	1	000264a4_FUN_000264a4.c	motor-ID owner via 0x257c4 stage map or function-module evidence	semantic_not_assigned_v49	not_patch_ready	v49 owner/module classification; do not treat owner bucket as source-level field name.	angle_or_calibration_gain_0p007	medium	float32_constant	semantic_named_v50	angle_or_calibration_gain_0p007	medium	float32_constant	semantic_named_carried_v50	angle_or_calibration_gain_0p007	medium	float32_constant	semantic_named_carried_v51
DAT_000266e4	0x000266e4	motor_identification	owner_module_only	system_memory_1fff_pointer_or_table_ref	0x1fffa5c8	0x1fffa5c8	1	1	000264a4_FUN_000264a4.c	motor-ID owner via 0x257c4 stage map or function-module evidence	semantic_not_assigned_v49	not_patch_ready	v49 owner/module classification; do not treat owner bucket as source-level field name.				semantic_not_assigned_v50				semantic_not_assigned_v51	motor_identification_guarded_1fff_1fffa5c8_table_or_state_ref	guarded	system_memory_or_table_pointer_analysis_label	semantic_named_v52
DAT_00026a00	0x00026a00	motor_identification	owner_module_only	mmio_register_pointer	0x40029000	0x40029000	8	1	00026758_FUN_00026758.c	motor-ID owner via 0x257c4 stage map or function-module evidence	semantic_not_assigned_v49	not_patch_ready	v49 owner/module classification; do not treat owner bucket as source-level field name.				semantic_not_assigned_v50				semantic_not_assigned_v51	motor_identification_guarded_mmio_40029000_ref	guarded	mmio_or_peripheral_pointer_analysis_label	semantic_named_v52
DAT_00026a1c	0x00026a1c	motor_identification	owner_module_only	system_memory_1fff_pointer_or_table_ref	0x1fffa5bc	0x1fffa5bc	1	1	00026758_FUN_00026758.c	motor-ID owner via 0x257c4 stage map or function-module evidence	semantic_not_assigned_v49	not_patch_ready	v49 owner/module classification; do not treat owner bucket as source-level field name.				semantic_not_assigned_v50				semantic_not_assigned_v51	motor_identification_guarded_1fff_1fffa5bc_table_or_state_ref	guarded	system_memory_or_table_pointer_analysis_label	semantic_named_v52
DAT_00026a80	0x00026a80	motor_identification	owner_module_only	mmio_register_pointer	0x40000000	0x40000000	2	1	00026758_FUN_00026758.c	motor-ID owner via 0x257c4 stage map or function-module evidence	semantic_not_assigned_v49	not_patch_ready	v49 owner/module classification; do not treat owner bucket as source-level field name.				semantic_not_assigned_v50				semantic_not_assigned_v51	motor_identification_guarded_mmio_40000000_ref	guarded	mmio_or_peripheral_pointer_analysis_label	semantic_named_v52
DAT_00026a94	0x00026a94	motor_identification	owner_module_only	system_memory_1fff_pointer_or_table_ref	0x1ffff104	0x1ffff104	2	1	00026758_FUN_00026758.c	motor-ID owner via 0x257c4 stage map or function-module evidence	semantic_not_assigned_v49	not_patch_ready	v49 owner/module classification; do not treat owner bucket as source-level field name.				semantic_not_assigned_v50				semantic_not_assigned_v51	motor_identification_guarded_1fff_1ffff104_table_or_state_ref	guarded	system_memory_or_table_pointer_analysis_label	semantic_named_v52
DAT_00026b4c	0x00026b4c	motor_identification	owner_module_only	system_memory_1fff_pointer_or_table_ref	0x1fffa5c8	0x1fffa5c8	2	1	00026758_FUN_00026758.c	motor-ID owner via 0x257c4 stage map or function-module evidence	semantic_not_assigned_v49	not_patch_ready	v49 owner/module classification; do not treat owner bucket as source-level field name.				semantic_not_assigned_v50				semantic_not_assigned_v51	motor_identification_guarded_1fff_1fffa5c8_table_or_state_ref	guarded	system_memory_or_table_pointer_analysis_label	semantic_named_v52
DAT_00026bc8	0x00026bc8	motor_identification	owner_module_only	mmio_register_pointer	0x447a0000	0x447a0000	1	1	00026758_FUN_00026758.c	motor-ID owner via 0x257c4 stage map or function-module evidence	semantic_not_assigned_v49	not_patch_ready	v49 owner/module classification; do not treat owner bucket as source-level field name.				semantic_not_assigned_v50				semantic_not_assigned_v51	motor_identification_guarded_mmio_447a0000_ref	guarded	mmio_or_peripheral_pointer_analysis_label	semantic_named_v52
DAT_00026bcc	0x00026bcc	motor_identification	owner_module_only	float32_candidate_or_encoded_constant	0x20735220	u32=0x20735220; f32=2.06100735e-19	1	1	00026758_FUN_00026758.c	motor-ID owner via 0x257c4 stage map or function-module evidence	semantic_not_assigned_v49	not_patch_ready	v49 owner/module classification; do not treat owner bucket as source-level field name.				semantic_not_assigned_v50				semantic_not_assigned_v51	motor_identification_guarded_float_or_encoded_literal_26bcc	guarded	float_or_encoded_literal_analysis_label	semantic_named_v52
DAT_00026be0	0x00026be0	motor_identification	owner_module_only	mmio_register_pointer	0x49742400	0x49742400	1	1	00026758_FUN_00026758.c	motor-ID owner via 0x257c4 stage map or function-module evidence	semantic_not_assigned_v49	not_patch_ready	v49 owner/module classification; do not treat owner bucket as source-level field name.				semantic_not_assigned_v50				semantic_not_assigned_v51	motor_identification_guarded_mmio_49742400_ref	guarded	mmio_or_peripheral_pointer_analysis_label	semantic_named_v52
DAT_00026be4	0x00026be4	motor_identification	owner_module_only	float32_candidate_or_encoded_constant	0x20734c20	u32=0x20734c20; f32=2.06080883e-19	1	1	00026758_FUN_00026758.c	motor-ID owner via 0x257c4 stage map or function-module evidence	semantic_not_assigned_v49	not_patch_ready	v49 owner/module classification; do not treat owner bucket as source-level field name.				semantic_not_assigned_v50				semantic_not_assigned_v51	motor_identification_guarded_float_or_encoded_literal_26be4	guarded	float_or_encoded_literal_analysis_label	semantic_named_v52
DAT_00026bf8	0x00026bf8	motor_identification	owner_module_only	integer_or_bitmask_constant	0x66b7a620	0x66b7a620	1	1	00026758_FUN_00026758.c	motor-ID owner via 0x257c4 stage map or function-module evidence	semantic_not_assigned_v49	not_patch_ready	v49 owner/module classification; do not treat owner bucket as source-level field name.				semantic_not_assigned_v50				semantic_not_assigned_v51	motor_identification_guarded_integer_or_bitmask_literal_26bf8	guarded	integer_or_bitmask_analysis_label	semantic_named_v52
DAT_00026dcc	0x00026dcc	protocol_config_security_apply	owner_module_only	system_memory_1fff_pointer_or_table_ref	0x1fffa5c8	0x1fffa5c8	3	1	00026d00_FUN_00026d00.c	protocol/config apply/security/math support owner by late-app address context	semantic_not_assigned_v49	not_patch_ready	v49 owner/module classification; do not treat owner bucket as source-level field name.				semantic_not_assigned_v50	config_apply_working_config_shadow_1fffa5c8	guarded	system_memory_or_table_pointer_analysis_label	semantic_named_v51	config_apply_working_config_shadow_1fffa5c8	guarded	system_memory_or_table_pointer_analysis_label	semantic_named_carried_v51
DAT_00026dd0	0x00026dd0	protocol_config_security_apply	owner_module_only	app_flash_pointer_or_literal_ref	0x0003e000	0x0003e000	1	1	00026d00_FUN_00026d00.c	protocol/config apply/security/math support owner by late-app address context	semantic_not_assigned_v49	not_patch_ready	v49 owner/module classification; do not treat owner bucket as source-level field name.				semantic_not_assigned_v50	config_apply_flash_base_0x3e000	guarded	app_flash_config_region	semantic_named_v51	config_apply_flash_base_0x3e000	guarded	app_flash_config_region	semantic_named_carried_v51
DAT_00026dd4	0x00026dd4	protocol_config_security_apply	owner_module_only	mmio_register_pointer	0xe000ed0c	0xe000ed0c	2	1	00026d00_FUN_00026d00.c	protocol/config apply/security/math support owner by late-app address context	semantic_not_assigned_v49	not_patch_ready	v49 owner/module classification; do not treat owner bucket as source-level field name.				semantic_not_assigned_v50	config_apply_scb_aircr_reset_register	guarded	mmio_system_control	semantic_named_v51	config_apply_scb_aircr_reset_register	guarded	mmio_system_control	semantic_named_carried_v51
DAT_00026dd8	0x00026dd8	protocol_config_security_apply	owner_module_only	float32_candidate_or_encoded_constant	0x05fa0004	u32=0x05fa0004; f32=2.35098928e-35	1	1	00026d00_FUN_00026d00.c	protocol/config apply/security/math support owner by late-app address context	semantic_not_assigned_v49	not_patch_ready	v49 owner/module classification; do not treat owner bucket as source-level field name.				semantic_not_assigned_v50	config_apply_aircr_sysresetreq_key_value	medium	encoded_reset_key	semantic_named_v51	config_apply_aircr_sysresetreq_key_value	medium	encoded_reset_key	semantic_named_carried_v51
DAT_00026ddc	0x00026ddc	protocol_config_security_apply	owner_module_only	system_memory_1fff_pointer_or_table_ref	0x1ffff23c	0x1ffff23c	1	1	00026d00_FUN_00026d00.c	protocol/config apply/security/math support owner by late-app address context	semantic_not_assigned_v49	not_patch_ready	v49 owner/module classification; do not treat owner bucket as source-level field name.				semantic_not_assigned_v50	config_apply_runtime_config_or_limit_ptr_1ffff23c	guarded	system_memory_or_table_pointer_analysis_label	semantic_named_v51	config_apply_runtime_config_or_limit_ptr_1ffff23c	guarded	system_memory_or_table_pointer_analysis_label	semantic_named_carried_v51
DAT_00026de0	0x00026de0	protocol_config_security_apply	owner_module_only	system_memory_1fff_pointer_or_table_ref	0x1fffa568	0x1fffa568	2	1	00026d00_FUN_00026d00.c	protocol/config apply/security/math support owner by late-app address context	semantic_not_assigned_v49	not_patch_ready	v49 owner/module classification; do not treat owner bucket as source-level field name.				semantic_not_assigned_v50	config_apply_system_memory_table_ref_1fffa568	guarded	system_memory_or_table_pointer_analysis_label	semantic_named_v51	config_apply_system_memory_table_ref_1fffa568	guarded	system_memory_or_table_pointer_analysis_label	semantic_named_carried_v51
DAT_00026de4	0x00026de4	protocol_config_security_apply	owner_module_only	system_memory_1fff_pointer_or_table_ref	0x1fffa590	0x1fffa590	2	1	00026d00_FUN_00026d00.c	protocol/config apply/security/math support owner by late-app address context	semantic_not_assigned_v49	not_patch_ready	v49 owner/module classification; do not treat owner bucket as source-level field name.				semantic_not_assigned_v50	config_apply_system_memory_table_ref_1fffa590	guarded	system_memory_or_table_pointer_analysis_label	semantic_named_v51	config_apply_system_memory_table_ref_1fffa590	guarded	system_memory_or_table_pointer_analysis_label	semantic_named_carried_v51
DAT_00026e00	0x00026e00	protocol_config_security_apply	owner_module_only	system_memory_1fff_pointer_or_table_ref	0x1fffc824	0x1fffc824	2	1	00026de8_FUN_00026de8.c	protocol/config apply/security/math support owner by late-app address context	semantic_not_assigned_v49	not_patch_ready	v49 owner/module classification; do not treat owner bucket as source-level field name.				semantic_not_assigned_v50	config_apply_protocol_or_config_table_1fffc824	guarded	system_memory_or_table_pointer_analysis_label	semantic_named_v51	config_apply_protocol_or_config_table_1fffc824	guarded	system_memory_or_table_pointer_analysis_label	semantic_named_carried_v51
DAT_00026e1c	0x00026e1c	protocol_config_security_apply	owner_module_only	system_memory_1fff_pointer_or_table_ref	0x1fffc824	0x1fffc824	2	1	00026e04_FUN_00026e04.c	protocol/config apply/security/math support owner by late-app address context	semantic_not_assigned_v49	not_patch_ready	v49 owner/module classification; do not treat owner bucket as source-level field name.				semantic_not_assigned_v50	config_apply_protocol_or_config_table_1fffc824_dat00026e1c	guarded	system_memory_or_table_pointer_analysis_label	semantic_named_v51	config_apply_protocol_or_config_table_1fffc824_dat00026e1c	guarded	system_memory_or_table_pointer_analysis_label	semantic_named_carried_v51
DAT_00026eb0	0x00026eb0	protocol_config_security_apply	owner_module_only	integer_or_bitmask_constant	0x0001e000	0x0001e000	1	1	00026e90_FUN_00026e90.c	protocol/config apply/security/math support owner by late-app address context	semantic_not_assigned_v49	not_patch_ready	v49 owner/module classification; do not treat owner bucket as source-level field name.				semantic_not_assigned_v50	config_apply_persistent_flash_base_0x1e000	medium	integer_or_bitmask_constant	semantic_named_v51	config_apply_persistent_flash_base_0x1e000	medium	integer_or_bitmask_constant	semantic_named_carried_v51
DAT_00026eb4	0x00026eb4	protocol_config_security_apply	owner_module_only	system_memory_1fff_pointer_or_table_ref	0x1fffc824	0x1fffc824	1	1	00026e90_FUN_00026e90.c	protocol/config apply/security/math support owner by late-app address context	semantic_not_assigned_v49	not_patch_ready	v49 owner/module classification; do not treat owner bucket as source-level field name.				semantic_not_assigned_v50	config_apply_protocol_or_config_table_1fffc824_dat00026eb4	guarded	system_memory_or_table_pointer_analysis_label	semantic_named_v51	config_apply_protocol_or_config_table_1fffc824_dat00026eb4	guarded	system_memory_or_table_pointer_analysis_label	semantic_named_carried_v51
DAT_00026fd8	0x00026fd8	protocol_config_security_apply	owner_module_only	float32_candidate_or_encoded_constant	0x2f661162	u32=0x2f661162; f32=2.09245538e-10	1	1	00026eb8_FUN_00026eb8.c	protocol/config apply/security/math support owner by late-app address context	semantic_not_assigned_v49	not_patch_ready	v49 owner/module classification; do not treat owner bucket as source-level field name.				semantic_not_assigned_v50	config_security_tiny_float_or_encoded_nonce	low_guarded	float32_or_encoded_constant	semantic_named_v51	config_security_tiny_float_or_encoded_nonce	low_guarded	float32_or_encoded_constant	semantic_named_carried_v51
DAT_00026ff8	0x00026ff8	protocol_config_security_apply	owner_module_only	mmio_register_pointer	0x40010450	0x40010450	1	1	00026eb8_FUN_00026eb8.c	protocol/config apply/security/math support owner by late-app address context	semantic_not_assigned_v49	not_patch_ready	v49 owner/module classification; do not treat owner bucket as source-level field name.				semantic_not_assigned_v50	config_apply_mmio_register_40010450	guarded	mmio_or_peripheral_pointer_analysis_label	semantic_named_v51	config_apply_mmio_register_40010450	guarded	mmio_or_peripheral_pointer_analysis_label	semantic_named_carried_v51
DAT_00026ffc	0x00026ffc	protocol_config_security_apply	owner_module_only	float32_candidate_or_encoded_constant	0x03000c00	u32=0x03000c00; f32=3.76295946e-37	12	1	00026eb8_FUN_00026eb8.c	protocol/config apply/security/math support owner by late-app address context	semantic_not_assigned_v49	not_patch_ready	v49 owner/module classification; do not treat owner bucket as source-level field name.				semantic_not_assigned_v50	config_apply_encoded_literal_03000c00	medium	float32_or_encoded_constant	semantic_named_v51	config_apply_encoded_literal_03000c00	medium	float32_or_encoded_constant	semantic_named_carried_v51
DAT_0002706c	0x0002706c	protocol_config_security_apply	owner_module_only	integer_or_bitmask_constant	0x0000160e	0x0000160e	1	1	00027048_FUN_00027048.c	protocol/config apply/security/math support owner by late-app address context	semantic_not_assigned_v49	not_patch_ready	v49 owner/module classification; do not treat owner bucket as source-level field name.				semantic_not_assigned_v50	config_apply_integer_or_mask_0000160e	medium	integer_or_bitmask_constant	semantic_named_v51	config_apply_integer_or_mask_0000160e	medium	integer_or_bitmask_constant	semantic_named_carried_v51
DAT_00027070	0x00027070	protocol_config_security_apply	owner_module_only	integer_or_bitmask_constant	0x00001606	0x00001606	1	1	00027048_FUN_00027048.c	protocol/config apply/security/math support owner by late-app address context	semantic_not_assigned_v49	not_patch_ready	v49 owner/module classification; do not treat owner bucket as source-level field name.				semantic_not_assigned_v50	config_apply_integer_or_mask_00001606	medium	integer_or_bitmask_constant	semantic_named_v51	config_apply_integer_or_mask_00001606	medium	integer_or_bitmask_constant	semantic_named_carried_v51
DAT_00027224	0x00027224	protocol_config_security_apply	owner_module_only	integer_or_bitmask_constant	0xffe00000	0xffe00000	15	3	000270d8_FUN_000270d8.c,00027754_FUN_00027754.c,00027904_FUN_00027904.c	protocol/config apply/security/math support owner by late-app address context	semantic_not_assigned_v49	not_patch_ready	v49 owner/module classification; do not treat owner bucket as source-level field name.				semantic_not_assigned_v50	config_apply_integer_or_mask_ffe00000	medium	integer_or_bitmask_constant	semantic_named_v51	config_apply_integer_or_mask_ffe00000	medium	integer_or_bitmask_constant	semantic_named_carried_v51
DAT_000274d0	0x000274d0	protocol_config_security_apply	owner_module_only	float32_candidate_or_encoded_constant	0x07ff0000	u32=0x07ff0000; f32=3.83681356e-34	6	1	00027228_FUN_00027228.c	protocol/config apply/security/math support owner by late-app address context	semantic_not_assigned_v49	not_patch_ready	v49 owner/module classification; do not treat owner bucket as source-level field name.				semantic_not_assigned_v50	config_apply_encoded_literal_07ff0000	medium	float32_or_encoded_constant	semantic_named_v51	config_apply_encoded_literal_07ff0000	medium	float32_or_encoded_constant	semantic_named_carried_v51
DAT_000274d4	0x000274d4	protocol_config_security_apply	owner_module_only	integer_or_bitmask_constant	0x7ff80000	0x7ff80000	1	1	00027228_FUN_00027228.c	protocol/config apply/security/math support owner by late-app address context	semantic_not_assigned_v49	not_patch_ready	v49 owner/module classification; do not treat owner bucket as source-level field name.				semantic_not_assigned_v50	config_apply_integer_or_mask_7ff80000	medium	integer_or_bitmask_constant	semantic_named_v51	config_apply_integer_or_mask_7ff80000	medium	integer_or_bitmask_constant	semantic_named_carried_v51
DAT_000276a4	0x000276a4	protocol_config_security_apply	owner_module_only	float32_candidate_or_encoded_constant	0x07ff0000	u32=0x07ff0000; f32=3.83681356e-34	9	1	00027558_FUN_00027558.c	protocol/config apply/security/math support owner by late-app address context	semantic_not_assigned_v49	not_patch_ready	v49 owner/module classification; do not treat owner bucket as source-level field name.				semantic_not_assigned_v50	config_apply_encoded_literal_07ff0000_dat000276a4	medium	float32_or_encoded_constant	semantic_named_v51	config_apply_encoded_literal_07ff0000_dat000276a4	medium	float32_or_encoded_constant	semantic_named_carried_v51
DAT_00027900	0x00027900	protocol_config_security_apply	owner_module_only	integer_or_bitmask_constant	0x7ff80000	0x7ff80000	1	1	0002776c_FUN_0002776c.c	protocol/config apply/security/math support owner by late-app address context	semantic_not_assigned_v49	not_patch_ready	v49 owner/module classification; do not treat owner bucket as source-level field name.				semantic_not_assigned_v50	config_apply_integer_or_mask_7ff80000_dat00027900	medium	integer_or_bitmask_constant	semantic_named_v51	config_apply_integer_or_mask_7ff80000_dat00027900	medium	integer_or_bitmask_constant	semantic_named_carried_v51
DAT_00027ad4	0x00027ad4	protocol_config_security_apply	owner_module_only	integer_or_bitmask_constant	0xffe00000	0xffe00000	18	3	000270d8_FUN_000270d8.c,00027754_FUN_00027754.c,00027904_FUN_00027904.c	protocol/config apply/security/math support owner by late-app address context	semantic_not_assigned_v49	not_patch_ready	v49 owner/module classification; do not treat owner bucket as source-level field name.				semantic_not_assigned_v50	config_apply_integer_or_mask_ffe00000_dat00027ad4	medium	integer_or_bitmask_constant	semantic_named_v51	config_apply_integer_or_mask_ffe00000_dat00027ad4	medium	integer_or_bitmask_constant	semantic_named_carried_v51
DAT_00028a78	0x00028a78	protocol_config_security_apply	owner_module_only	system_memory_1fff_pointer_or_table_ref	0x1ffff1f0	0x1ffff1f0	3	1	00028680_FUN_00028680.c	protocol/config apply/security/math support owner by late-app address context	semantic_not_assigned_v49	not_patch_ready	v49 owner/module classification; do not treat owner bucket as source-level field name.				semantic_not_assigned_v50	config_apply_runtime_status_flags_ptr_1ffff1f0	guarded	system_memory_or_table_pointer_analysis_label	semantic_named_v51	config_apply_runtime_status_flags_ptr_1ffff1f0	guarded	system_memory_or_table_pointer_analysis_label	semantic_named_carried_v51
DAT_00028a7c	0x00028a7c	protocol_config_security_apply	owner_module_only	system_memory_1fff_pointer_or_table_ref	0x1fffa5c8	0x1fffa5c8	2	1	00028680_FUN_00028680.c	protocol/config apply/security/math support owner by late-app address context	semantic_not_assigned_v49	not_patch_ready	v49 owner/module classification; do not treat owner bucket as source-level field name.				semantic_not_assigned_v50	config_apply_working_config_shadow_1fffa5c8_dat00028a7c	guarded	system_memory_or_table_pointer_analysis_label	semantic_named_v51	config_apply_working_config_shadow_1fffa5c8_dat00028a7c	guarded	system_memory_or_table_pointer_analysis_label	semantic_named_carried_v51
DAT_00028a80	0x00028a80	protocol_config_security_apply	owner_module_only	system_memory_1fff_pointer_or_table_ref	0x1ffff104	0x1ffff104	1	1	00028680_FUN_00028680.c	protocol/config apply/security/math support owner by late-app address context	semantic_not_assigned_v49	not_patch_ready	v49 owner/module classification; do not treat owner bucket as source-level field name.				semantic_not_assigned_v50	config_apply_runtime_state_ptr_1ffff104	guarded	system_memory_or_table_pointer_analysis_label	semantic_named_v51	config_apply_runtime_state_ptr_1ffff104	guarded	system_memory_or_table_pointer_analysis_label	semantic_named_carried_v51
DAT_00028a84	0x00028a84	protocol_config_security_apply	owner_module_only	system_memory_1fff_pointer_or_table_ref	0x1ffff088	0x1ffff088	2	1	00028680_FUN_00028680.c	protocol/config apply/security/math support owner by late-app address context	semantic_not_assigned_v49	not_patch_ready	v49 owner/module classification; do not treat owner bucket as source-level field name.				semantic_not_assigned_v50	config_apply_runtime_state_ptr_1ffff088	guarded	system_memory_or_table_pointer_analysis_label	semantic_named_v51	config_apply_runtime_state_ptr_1ffff088	guarded	system_memory_or_table_pointer_analysis_label	semantic_named_carried_v51
DAT_00028a88	0x00028a88	protocol_config_security_apply	owner_module_only	mmio_register_pointer	0x42f00000	0x42f00000	1	1	00028680_FUN_00028680.c	protocol/config apply/security/math support owner by late-app address context	semantic_not_assigned_v49	not_patch_ready	v49 owner/module classification; do not treat owner bucket as source-level field name.				semantic_not_assigned_v50	config_apply_mmio_register_42f00000	guarded	mmio_or_peripheral_pointer_analysis_label	semantic_named_v51	config_apply_mmio_register_42f00000	guarded	mmio_or_peripheral_pointer_analysis_label	semantic_named_carried_v51
DAT_0002a3cc	0x0002a3cc	control_runtime_math_helpers	owner_module_only	float32_candidate_or_encoded_constant	0x3f5db3d7	u32=0x3f5db3d7; f32=0.866025388	1	1	0002a2c0_FUN_0002a2c0.c	closed-loop/control runtime math helper owner	semantic_not_assigned_v49	not_patch_ready	v49 owner/module classification; do not treat owner bucket as source-level field name.	svpwm_sqrt3_over_2_constant	high	float32_constant	semantic_named_v50	svpwm_sqrt3_over_2_constant	high	float32_constant	semantic_named_carried_v50	svpwm_sqrt3_over_2_constant	high	float32_constant	semantic_named_carried_v51
DAT_0002a3d0	0x0002a3d0	control_runtime_math_helpers	owner_module_only	mmio_register_pointer	0x451c4000	0x451c4000	2	1	0002a2c0_FUN_0002a2c0.c	closed-loop/control runtime math helper owner	semantic_not_assigned_v49	not_patch_ready	v49 owner/module classification; do not treat owner bucket as source-level field name.	svpwm_timer_compare_scale_2500	medium	float32_constant_corrected	semantic_named_v50	svpwm_timer_compare_scale_2500	medium	float32_constant_corrected	semantic_named_carried_v50	svpwm_timer_compare_scale_2500	medium	float32_constant_corrected	semantic_named_carried_v51
DAT_0002a3d4	0x0002a3d4	control_runtime_math_helpers	owner_module_only	mmio_register_pointer	0x40038000	0x40038000	2	1	0002a2c0_FUN_0002a2c0.c	closed-loop/control runtime math helper owner	semantic_not_assigned_v49	not_patch_ready	v49 owner/module classification; do not treat owner bucket as source-level field name.	svpwm_timer_compare_register_base_40038000	guarded	mmio_pwm_compare_block	semantic_named_v50	svpwm_timer_compare_register_base_40038000	guarded	mmio_pwm_compare_block	semantic_named_carried_v50	svpwm_timer_compare_register_base_40038000	guarded	mmio_pwm_compare_block	semantic_named_carried_v51
DAT_0002a3d8	0x0002a3d8	control_runtime_math_helpers	owner_module_only	integer_or_bitmask_constant	0x00000000	0x00000000	2	1	0002a2c0_FUN_0002a2c0.c	closed-loop/control runtime math helper owner	semantic_not_assigned_v49	not_patch_ready	v49 owner/module classification; do not treat owner bucket as source-level field name.	svpwm_zero_duty_fallback	high	zero_or_accumulator_init	semantic_named_v50	svpwm_zero_duty_fallback	high	zero_or_accumulator_init	semantic_named_carried_v50	svpwm_zero_duty_fallback	high	zero_or_accumulator_init	semantic_named_carried_v51
DAT_0002a798	0x0002a798	control_runtime_math_helpers	owner_module_only	integer_or_bitmask_constant	0x00000000	0x00000000	2	1	0002a448_FUN_0002a448.c	closed-loop/control runtime math helper owner	semantic_not_assigned_v49	not_patch_ready	v49 owner/module classification; do not treat owner bucket as source-level field name.	control_runtime_clear_zero_value	high	zero_or_accumulator_init	semantic_named_v50	control_runtime_clear_zero_value	high	zero_or_accumulator_init	semantic_named_carried_v50	control_runtime_clear_zero_value	high	zero_or_accumulator_init	semantic_named_carried_v51
DAT_0002a79c	0x0002a79c	control_runtime_math_helpers	owner_module_only	system_memory_1fff_pointer_or_table_ref	0x1ffff104	0x1ffff104	2	1	0002a448_FUN_0002a448.c	closed-loop/control runtime math helper owner	semantic_not_assigned_v49	not_patch_ready	v49 owner/module classification; do not treat owner bucket as source-level field name.	control_runtime_state_primary_ptr_1ffff104	guarded	system_memory_pointer	semantic_named_v50	control_runtime_state_primary_ptr_1ffff104	guarded	system_memory_pointer	semantic_named_carried_v50	control_runtime_state_primary_ptr_1ffff104	guarded	system_memory_pointer	semantic_named_carried_v51
DAT_0002a7a8	0x0002a7a8	control_runtime_math_helpers	owner_module_only	system_memory_1fff_pointer_or_table_ref	0x1fffa568	0x1fffa568	1	1	0002a448_FUN_0002a448.c	closed-loop/control runtime math helper owner	semantic_not_assigned_v49	not_patch_ready	v49 owner/module classification; do not treat owner bucket as source-level field name.	control_aux_state_a_ptr_1fffa568	guarded	system_memory_pointer	semantic_named_v50	control_aux_state_a_ptr_1fffa568	guarded	system_memory_pointer	semantic_named_carried_v50	control_aux_state_a_ptr_1fffa568	guarded	system_memory_pointer	semantic_named_carried_v51
DAT_0002a7ac	0x0002a7ac	control_runtime_math_helpers	owner_module_only	system_memory_1fff_pointer_or_table_ref	0x1fffa590	0x1fffa590	2	1	0002a448_FUN_0002a448.c	closed-loop/control runtime math helper owner	semantic_not_assigned_v49	not_patch_ready	v49 owner/module classification; do not treat owner bucket as source-level field name.	control_aux_state_b_ptr_1fffa590	guarded	system_memory_pointer	semantic_named_v50	control_aux_state_b_ptr_1fffa590	guarded	system_memory_pointer	semantic_named_carried_v50	control_aux_state_b_ptr_1fffa590	guarded	system_memory_pointer	semantic_named_carried_v51
DAT_0002a7b0	0x0002a7b0	control_runtime_math_helpers	owner_module_only	system_memory_1fff_pointer_or_table_ref	0x1fffc78c	0x1fffc78c	2	1	0002a448_FUN_0002a448.c	closed-loop/control runtime math helper owner	semantic_not_assigned_v49	not_patch_ready	v49 owner/module classification; do not treat owner bucket as source-level field name.	control_runtime_vector_state_a_ptr_1fffc78c	guarded	system_memory_pointer	semantic_named_v50	control_runtime_vector_state_a_ptr_1fffc78c	guarded	system_memory_pointer	semantic_named_carried_v50	control_runtime_vector_state_a_ptr_1fffc78c	guarded	system_memory_pointer	semantic_named_carried_v51
DAT_0002a7b4	0x0002a7b4	control_runtime_math_helpers	owner_module_only	system_memory_1fff_pointer_or_table_ref	0x1fffc7d8	0x1fffc7d8	1	1	0002a448_FUN_0002a448.c	closed-loop/control runtime math helper owner	semantic_not_assigned_v49	not_patch_ready	v49 owner/module classification; do not treat owner bucket as source-level field name.	control_runtime_vector_state_b_ptr_1fffc7d8	guarded	system_memory_pointer	semantic_named_v50	control_runtime_vector_state_b_ptr_1fffc7d8	guarded	system_memory_pointer	semantic_named_carried_v50	control_runtime_vector_state_b_ptr_1fffc7d8	guarded	system_memory_pointer	semantic_named_carried_v51
DAT_0002a7dc	0x0002a7dc	control_runtime_math_helpers	owner_module_only	mmio_register_pointer	0x447a0000	0x447a0000	1	1	0002a65e_FUN_0002a65e.c	closed-loop/control runtime math helper owner	semantic_not_assigned_v49	not_patch_ready	v49 owner/module classification; do not treat owner bucket as source-level field name.	control_runtime_scale_1000	medium	float32_constant_corrected	semantic_named_v50	control_runtime_scale_1000	medium	float32_constant_corrected	semantic_named_carried_v50	control_runtime_scale_1000	medium	float32_constant_corrected	semantic_named_carried_v51
DAT_e000e180	0xe000e180	platform_commissioning_io_support	owner_module_only	unreadable_or_non_app_addr			1	1	00023830_FUN_00023830.c	UART/CAN/platform support or commissioning support owner by address/function context	semantic_not_assigned_v49	not_patch_ready	v49 owner/module classification; do not treat owner bucket as source-level field name.				semantic_not_assigned_v50				semantic_not_assigned_v51	commissioning_io_support_unreadable_or_non_app_addr_e000e180	guarded	unreadable_or_non_app_addr_analysis_label	semantic_named_v52
DAT_e000e280	0xe000e280	platform_commissioning_io_support	owner_module_only	unreadable_or_non_app_addr			1	1	00023816_FUN_00023816.c	UART/CAN/platform support or commissioning support owner by address/function context	semantic_not_assigned_v49	not_patch_ready	v49 owner/module classification; do not treat owner bucket as source-level field name.				semantic_not_assigned_v50				semantic_not_assigned_v51	commissioning_io_support_unreadable_or_non_app_addr_e000e280	guarded	unreadable_or_non_app_addr_analysis_label	semantic_named_v52
DAT_e000e400	0xe000e400	platform_commissioning_io_support	owner_module_only	unreadable_or_non_app_addr			2	2	00022fac_FUN_00022fac.c,0002386c_FUN_0002386c.c	UART/CAN/platform support or commissioning support owner by address/function context	semantic_not_assigned_v49	not_patch_ready	v49 owner/module classification; do not treat owner bucket as source-level field name.				semantic_not_assigned_v50				semantic_not_assigned_v51	commissioning_io_support_unreadable_or_non_app_addr_e000e400	guarded	unreadable_or_non_app_addr_analysis_label	semantic_named_v52
