canonical_address	target_address
0x00020250	0x00020250
0x00020254	0x00020254
0x00020258	0x00020258
0x0002025a	0x0002025a
0x0002025e	0x0002025e
0x00020260	0x00020260
0x00020262	0x00020262
0x00020266	0x00020266
0x00020268	0x00020268
0x0002026a	0x0002026a
0x0002026e	0x0002026e
0x00020272	0x00020272
0x00020276	0x00020276
0x0002027a	0x0002027a
0x0002027c	0x0002027c
0x0002027e	0x0002027e
0x00020282	0x00020282
0x00020328	0x00020328
0x0002032a	0x0002032a
0x0002032e	0x0002032e
0x00020330	0x00020330
0x00020334	0x00020334
0x00020336	0x00020336
0x0002033a	0x0002033a
0x0002033c	0x0002033c
0x00020340	0x00020340
0x00020342	0x00020342
0x00020344	0x00020344
0x00020346	0x00020346
0x0002034a	0x0002034a
0x0002034e	0x0002034e
0x00020352	0x00020352
0x00020356	0x00020356
0x00020358	0x00020358
0x0002035a	0x0002035a
0x0002035c	0x0002035c
0x00020360	0x00020360
0x00020362	0x00020362
0x00020364	0x00020364
0x00020366	0x00020366
0x00020368	0x00020368
0x0002036c	0x0002036c
0x0002036e	0x0002036e
0x00020372	0x00020372
0x00020376	0x00020376
0x0002037a	0x0002037a
0x0002037c	0x0002037c
0x00020380	0x00020380
0x00020382	0x00020382
0x00020386	0x00020386
0x00020388	0x00020388
0x0002038a	0x0002038a
0x0002038c	0x0002038c
0x0002038e	0x0002038e
0x00020390	0x00020390
0x00020392	0x00020392
0x00020394	0x00020394
0x00020396	0x00020396
0x00020398	0x00020398
0x0002039a	0x0002039a
0x0002039c	0x0002039c
0x0002039e	0x0002039e
0x000203a0	0x000203a0
0x000203a2	0x000203a2
0x000203a4	0x000203a4
0x000203a6	0x000203a6
0x000203a8	0x000203a8
0x000203aa	0x000203aa
0x000203ac	0x000203ac
0x000203c8	0x000203c8
0x000203ca	0x000203ca
0x000203cc	0x000203cc
0x000203d0	0x000203d0
0x000203d2	0x000203d2
0x000203d6	0x000203d6
0x000203da	0x000203da
0x000203dc	0x000203dc
0x000203de	0x000203de
0x000203e0	0x000203e0
0x000203e2	0x000203e2
0x000203e4	0x000203e4
0x000203e6	0x000203e6
0x000203e8	0x000203e8
0x000203ea	0x000203ea
0x000203ec	0x000203ec
0x000203ee	0x000203ee
0x000203f2	0x000203f2
0x000203f4	0x000203f4
0x000203f6	0x000203f6
0x000203f8	0x000203f8
0x000203fa	0x000203fa
0x000203fc	0x000203fc
0x000203fe	0x000203fe
0x00020400	0x00020400
0x00020402	0x00020402
0x00020404	0x00020404
0x00020406	0x00020406
0x00020408	0x00020408
0x0002040a	0x0002040a
0x0002040c	0x0002040c
0x0002040e	0x0002040e
0x00020410	0x00020410
0x00020412	0x00020412
0x00020414	0x00020414
0x00020416	0x00020416
0x00020418	0x00020418
0x0002041a	0x0002041a
0x0002041c	0x0002041c
0x00020420	0x00020420
0x00020422	0x00020422
0x00020424	0x00020424
0x00020426	0x00020426
0x00020428	0x00020428
0x0002042a	0x0002042a
0x0002042c	0x0002042c
0x00020430	0x00020430
0x00020432	0x00020432
0x00020434	0x00020434
0x00020436	0x00020436
0x00020438	0x00020438
0x0002043a	0x0002043a
0x0002043c	0x0002043c
0x0002043e	0x0002043e
0x00020440	0x00020440
0x00020442	0x00020442
0x00020444	0x00020444
0x00020446	0x00020446
0x00020448	0x00020448
0x0002044a	0x0002044a
0x0002044c	0x0002044c
0x0002044e	0x0002044e
0x00020450	0x00020450
0x00020452	0x00020452
0x00020454	0x00020454
0x00020456	0x00020456
0x00020458	0x00020458
0x0002045a	0x0002045a
0x0002045c	0x0002045c
0x0002045e	0x0002045e
0x00020460	0x00020460
0x00020462	0x00020462
0x00020464	0x00020464
0x00020466	0x00020466
0x00020468	0x00020468
0x0002046a	0x0002046a
0x0002046c	0x0002046c
0x0002046e	0x0002046e
0x00020470	0x00020470
0x00020472	0x00020472
0x00020474	0x00020474
0x00020476	0x00020476
0x00020478	0x00020478
0x0002047a	0x0002047a
0x0002047c	0x0002047c
0x0002047e	0x0002047e
0x00020482	0x00020482
0x00020484	0x00020484
0x0002048c	0x0002048c
0x0002048e	0x0002048e
0x00020490	0x00020490
0x00020492	0x00020492
0x00020494	0x00020494
0x00020496	0x00020496
0x00020498	0x00020498
0x0002049a	0x0002049a
0x0002049c	0x0002049c
0x0002049e	0x0002049e
0x000204a0	0x000204a0
0x000204a2	0x000204a2
0x000204a4	0x000204a4
0x000204a8	0x000204a8
0x000204aa	0x000204aa
0x000204ac	0x000204ac
0x000204ae	0x000204ae
0x000204b0	0x000204b0
0x000204b2	0x000204b2
0x000204b4	0x000204b4
0x000204b6	0x000204b6
0x000204b8	0x000204b8
0x000204ba	0x000204ba
0x000204bc	0x000204bc
0x000204be	0x000204be
0x000204c0	0x000204c0
0x000204c2	0x000204c2
0x000204c4	0x000204c4
0x000204c6	0x000204c6
0x000204ca	0x000204ca
0x000204cc	0x000204cc
0x000204ce	0x000204ce
0x000204d0	0x000204d0
0x000204d2	0x000204d2
0x000204d4	0x000204d4
0x000204d6	0x000204d6
0x000204d8	0x000204d8
0x000204da	0x000204da
0x000204dc	0x000204dc
0x000204de	0x000204de
0x000204e0	0x000204e0
0x000204e2	0x000204e2
0x000204e4	0x000204e4
0x000204e6	0x000204e6
0x000204e8	0x000204e8
0x000204ea	0x000204ea
0x000204ec	0x000204ec
0x000204ee	0x000204ee
0x000204f0	0x000204f0
0x000204f2	0x000204f2
0x000204f4	0x000204f4
0x000204f6	0x000204f6
0x000204f8	0x000204f8
0x000204fa	0x000204fa
0x000204fc	0x000204fc
0x000204fe	0x000204fe
0x00020500	0x00020500
0x00020502	0x00020502
0x00020504	0x00020504
0x00020506	0x00020506
0x00020508	0x00020508
0x0002050a	0x0002050a
0x0002050c	0x0002050c
0x0002050e	0x0002050e
0x00020510	0x00020510
0x00020514	0x00020514
0x00020516	0x00020516
0x0002051a	0x0002051a
0x0002051e	0x0002051e
0x00020520	0x00020520
0x00020522	0x00020522
0x00020524	0x00020524
0x00020526	0x00020526
0x0002052a	0x0002052a
0x0002052c	0x0002052c
0x00020530	0x00020530
0x00020532	0x00020532
0x00020534	0x00020534
0x00020536	0x00020536
0x00020538	0x00020538
0x0002053a	0x0002053a
0x0002053c	0x0002053c
0x0002053e	0x0002053e
0x00020542	0x00020542
0x00020544	0x00020544
0x00020546	0x00020546
0x00020548	0x00020548
0x0002054a	0x0002054a
0x0002054c	0x0002054c
0x0002054e	0x0002054e
0x00020550	0x00020550
0x00020552	0x00020552
0x00020554	0x00020554
0x00020556	0x00020556
0x00020558	0x00020558
0x0002055a	0x0002055a
0x0002055c	0x0002055c
0x0002055e	0x0002055e
0x00020560	0x00020560
0x00020564	0x00020564
0x00020566	0x00020566
0x00020568	0x00020568
0x0002056c	0x0002056c
0x0002056e	0x0002056e
0x00020572	0x00020572
0x00020576	0x00020576
0x0002057a	0x0002057a
0x0002057c	0x0002057c
0x0002057e	0x0002057e
0x00020580	0x00020580
0x00020582	0x00020582
0x00020584	0x00020584
0x00020586	0x00020586
0x00020588	0x00020588
0x0002058a	0x0002058a
0x0002058c	0x0002058c
0x00020590	0x00020590
0x000205a4	0x000205a4
0x000205a6	0x000205a6
0x000205a8	0x000205a8
0x000205aa	0x000205aa
0x000205ac	0x000205ac
0x000205ae	0x000205ae
0x000205b2	0x000205b2
0x000205b4	0x000205b4
0x000205b6	0x000205b6
0x000205b8	0x000205b8
0x000205ba	0x000205ba
0x000205bc	0x000205bc
0x000205be	0x000205be
0x000205c0	0x000205c0
0x000205c2	0x000205c2
0x000205c4	0x000205c4
0x000205c6	0x000205c6
0x000205ca	0x000205ca
0x000205cc	0x000205cc
0x000205d0	0x000205d0
0x000205d2	0x000205d2
0x000205d4	0x000205d4
0x000205d6	0x000205d6
0x000205d8	0x000205d8
0x000205da	0x000205da
0x000205dc	0x000205dc
0x000205de	0x000205de
0x000205e0	0x000205e0
0x000205e2	0x000205e2
0x000205e4	0x000205e4
0x000205e6	0x000205e6
0x000205e8	0x000205e8
0x000205ea	0x000205ea
0x000205ec	0x000205ec
0x000205ee	0x000205ee
0x000205f0	0x000205f0
0x000205f4	0x000205f4
0x000205fc	0x000205fc
0x00020600	0x00020600
0x00020602	0x00020602
0x00020604	0x00020604
0x00020608	0x00020608
0x0002060c	0x0002060c
0x0002060e	0x0002060e
0x00020612	0x00020612
0x00020614	0x00020614
0x00020616	0x00020616
0x00020618	0x00020618
0x0002061a	0x0002061a
0x0002061c	0x0002061c
0x0002061e	0x0002061e
0x00020620	0x00020620
0x00020624	0x00020624
0x00020626	0x00020626
0x00020628	0x00020628
0x0002062a	0x0002062a
0x0002062c	0x0002062c
0x0002062e	0x0002062e
0x00020630	0x00020630
0x00020632	0x00020632
0x00020634	0x00020634
0x00020636	0x00020636
0x00020638	0x00020638
0x0002063a	0x0002063a
0x0002063c	0x0002063c
0x0002063e	0x0002063e
0x00020640	0x00020640
0x00020642	0x00020642
0x00020644	0x00020644
0x00020648	0x00020648
0x0002064a	0x0002064a
0x0002064c	0x0002064c
0x0002064e	0x0002064e
0x00020650	0x00020650
0x00020652	0x00020652
0x00020656	0x00020656
0x0002065a	0x0002065a
0x0002065c	0x0002065c
0x00020660	0x00020660
0x00020662	0x00020662
0x00020664	0x00020664
0x00020666	0x00020666
0x0002066a	0x0002066a
0x0002066c	0x0002066c
0x00020670	0x00020670
0x00020672	0x00020672
0x00020676	0x00020676
0x00020678	0x00020678
0x0002067c	0x0002067c
0x0002067e	0x0002067e
0x00020682	0x00020682
0x00020684	0x00020684
0x00020686	0x00020686
0x00020688	0x00020688
0x0002068a	0x0002068a
0x0002068c	0x0002068c
0x0002068e	0x0002068e
0x00020690	0x00020690
0x00020692	0x00020692
0x00020694	0x00020694
0x00020698	0x00020698
0x0002069a	0x0002069a
0x0002069e	0x0002069e
0x000206a2	0x000206a2
0x000206a6	0x000206a6
0x000206a8	0x000206a8
0x000206ac	0x000206ac
0x000206ae	0x000206ae
0x000206b0	0x000206b0
0x000206b2	0x000206b2
0x000206b4	0x000206b4
0x000206b8	0x000206b8
0x000206ba	0x000206ba
0x000206bc	0x000206bc
0x000206be	0x000206be
0x000206c0	0x000206c0
0x000206c2	0x000206c2
0x000206c4	0x000206c4
0x000206c6	0x000206c6
0x000206c8	0x000206c8
0x000206ca	0x000206ca
0x000206cc	0x000206cc
0x000206ce	0x000206ce
0x000206d0	0x000206d0
0x000206d4	0x000206d4
0x000206d6	0x000206d6
0x000206d8	0x000206d8
0x000206da	0x000206da
0x000206dc	0x000206dc
0x000206de	0x000206de
0x000206e2	0x000206e2
0x000206e4	0x000206e4
0x000206e6	0x000206e6
0x000206e8	0x000206e8
0x000206ec	0x000206ec
0x000206ee	0x000206ee
0x000206f2	0x000206f2
0x000206f4	0x000206f4
0x000206f6	0x000206f6
0x000206f8	0x000206f8
0x000206fc	0x000206fc
0x000206fe	0x000206fe
0x00020700	0x00020700
0x00020702	0x00020702
0x00020704	0x00020704
0x00020706	0x00020706
0x0002070a	0x0002070a
0x0002070c	0x0002070c
0x0002070e	0x0002070e
0x00020710	0x00020710
0x00020712	0x00020712
0x00020716	0x00020716
0x00020718	0x00020718
0x0002071a	0x0002071a
0x0002071e	0x0002071e
0x00020720	0x00020720
0x00020724	0x00020724
0x00020726	0x00020726
0x00020728	0x00020728
0x0002072a	0x0002072a
0x0002072c	0x0002072c
0x00020734	0x00020734
0x00020736	0x00020736
0x0002073a	0x0002073a
0x0002073e	0x0002073e
0x00020742	0x00020742
0x00020746	0x00020746
0x0002074a	0x0002074a
0x0002074c	0x0002074c
0x0002074e	0x0002074e
0x00020752	0x00020752
0x00020756	0x00020756
0x00020758	0x00020758
0x0002075c	0x0002075c
0x00020760	0x00020760
0x00020762	0x00020762
0x00020766	0x00020766
0x00020768	0x00020768
0x0002076c	0x0002076c
0x00020770	0x00020770
0x00020774	0x00020774
0x00020776	0x00020776
0x0002077a	0x0002077a
0x0002077e	0x0002077e
0x00020780	0x00020780
0x00020784	0x00020784
0x00020788	0x00020788
0x0002078a	0x0002078a
0x0002078c	0x0002078c
0x0002078e	0x0002078e
0x00020792	0x00020792
0x00020796	0x00020796
0x0002079a	0x0002079a
0x0002079c	0x0002079c
0x0002079e	0x0002079e
0x000207a2	0x000207a2
0x000207a6	0x000207a6
0x000207a8	0x000207a8
0x000207ac	0x000207ac
0x000207ae	0x000207ae
0x000207b2	0x000207b2
0x000207b6	0x000207b6
0x000207b8	0x000207b8
0x000207bc	0x000207bc
0x000207be	0x000207be
0x000207c0	0x000207c0
0x000207c2	0x000207c2
0x000207c6	0x000207c6
0x000207ca	0x000207ca
0x000207cc	0x000207cc
0x000207d0	0x000207d0
0x000207d4	0x000207d4
0x000207d8	0x000207d8
0x000207dc	0x000207dc
0x000207e0	0x000207e0
0x000207e2	0x000207e2
0x000207e6	0x000207e6
0x000207ea	0x000207ea
0x000207ec	0x000207ec
0x000207ee	0x000207ee
0x000207f0	0x000207f0
0x000207f4	0x000207f4
0x000207f8	0x000207f8
0x000207fa	0x000207fa
0x000207fe	0x000207fe
0x00020802	0x00020802
0x00020804	0x00020804
0x00020806	0x00020806
0x00020808	0x00020808
0x0002080a	0x0002080a
0x0002080e	0x0002080e
0x00020810	0x00020810
0x00020814	0x00020814
0x00020816	0x00020816
0x0002081a	0x0002081a
0x0002081c	0x0002081c
0x00020820	0x00020820
0x00020828	0x00020828
0x0002082a	0x0002082a
0x00020838	0x00020838
0x0002083a	0x0002083a
0x0002083c	0x0002083c
0x0002083e	0x0002083e
0x00020840	0x00020840
0x00020842	0x00020842
0x00020846	0x00020846
0x00020848	0x00020848
0x0002084a	0x0002084a
0x0002084c	0x0002084c
0x0002084e	0x0002084e
0x00020850	0x00020850
0x00020852	0x00020852
0x00020856	0x00020856
0x00020858	0x00020858
0x00020860	0x00020860
0x00020862	0x00020862
0x00020866	0x00020866
0x00020868	0x00020868
0x0002086a	0x0002086a
0x0002086c	0x0002086c
0x0002086e	0x0002086e
0x00020870	0x00020870
0x00020872	0x00020872
0x00020874	0x00020874
0x00020876	0x00020876
0x00020878	0x00020878
0x0002087a	0x0002087a
0x0002087c	0x0002087c
0x0002087e	0x0002087e
0x00020882	0x00020882
0x00020884	0x00020884
0x00020886	0x00020886
0x0002088a	0x0002088a
0x0002088c	0x0002088c
0x0002088e	0x0002088e
0x00020890	0x00020890
0x00020892	0x00020892
0x00020894	0x00020894
0x00020898	0x00020898
0x0002089a	0x0002089a
0x0002089c	0x0002089c
0x0002089e	0x0002089e
0x000208a2	0x000208a2
0x000208a4	0x000208a4
0x000208a6	0x000208a6
0x000208aa	0x000208aa
0x000208ac	0x000208ac
0x000208ae	0x000208ae
0x000208b0	0x000208b0
0x000208b2	0x000208b2
0x000208b4	0x000208b4
0x000208b6	0x000208b6
0x000208ba	0x000208ba
0x000208be	0x000208be
0x000208c0	0x000208c0
0x000208c2	0x000208c2
0x000208c6	0x000208c6
0x000208d6	0x000208d6
0x000208d8	0x000208d8
0x000208da	0x000208da
0x000208de	0x000208de
0x000208e0	0x000208e0
0x000208e2	0x000208e2
0x000208e6	0x000208e6
0x000208e8	0x000208e8
0x000208ea	0x000208ea
0x000208ec	0x000208ec
0x000208ee	0x000208ee
0x000208f2	0x000208f2
0x000208f4	0x000208f4
0x000208f6	0x000208f6
0x000208f8	0x000208f8
0x000208fa	0x000208fa
0x000208fe	0x000208fe
0x00020900	0x00020900
0x00020902	0x00020902
0x00020904	0x00020904
0x00020906	0x00020906
0x00020908	0x00020908
0x0002090a	0x0002090a
0x0002090c	0x0002090c
0x0002090e	0x0002090e
0x00020910	0x00020910
0x00020912	0x00020912
0x00020916	0x00020916
0x00020918	0x00020918
0x0002091a	0x0002091a
0x0002091c	0x0002091c
0x0002091e	0x0002091e
0x00020920	0x00020920
0x00020922	0x00020922
0x00020926	0x00020926
0x00020928	0x00020928
0x0002092a	0x0002092a
0x0002092e	0x0002092e
0x00020932	0x00020932
0x00020934	0x00020934
0x00020936	0x00020936
0x00020938	0x00020938
0x0002093a	0x0002093a
0x0002093c	0x0002093c
0x0002093e	0x0002093e
0x00020940	0x00020940
0x00020942	0x00020942
0x00020944	0x00020944
0x00020946	0x00020946
0x00020948	0x00020948
0x0002094c	0x0002094c
0x0002094e	0x0002094e
0x00020952	0x00020952
0x00020954	0x00020954
0x00020956	0x00020956
0x00020958	0x00020958
0x0002095a	0x0002095a
0x0002095c	0x0002095c
0x0002095e	0x0002095e
0x00020962	0x00020962
0x00020964	0x00020964
0x00020966	0x00020966
0x0002096a	0x0002096a
0x0002096e	0x0002096e
0x00020970	0x00020970
0x00020972	0x00020972
0x00020974	0x00020974
0x00020976	0x00020976
0x00020978	0x00020978
0x0002097c	0x0002097c
0x0002097e	0x0002097e
0x00020980	0x00020980
0x00020984	0x00020984
0x00020986	0x00020986
0x00020988	0x00020988
0x0002098a	0x0002098a
0x0002098c	0x0002098c
0x00020990	0x00020990
0x00020992	0x00020992
0x00020996	0x00020996
0x0002099a	0x0002099a
0x0002099c	0x0002099c
0x0002099e	0x0002099e
0x000209a2	0x000209a2
0x000209a4	0x000209a4
0x000209a8	0x000209a8
0x000209ac	0x000209ac
0x000209ae	0x000209ae
0x000209b0	0x000209b0
0x000209b4	0x000209b4
0x000209b6	0x000209b6
0x000209b8	0x000209b8
0x000209ba	0x000209ba
0x000209bc	0x000209bc
0x000209c0	0x000209c0
0x000209c4	0x000209c4
0x000209c8	0x000209c8
0x000209ca	0x000209ca
0x000209ce	0x000209ce
0x000209d2	0x000209d2
0x000209d6	0x000209d6
0x000209da	0x000209da
0x000209de	0x000209de
0x000209e0	0x000209e0
0x000209e2	0x000209e2
0x000209e4	0x000209e4
0x000209e8	0x000209e8
0x000209ea	0x000209ea
0x000209ee	0x000209ee
0x000209f2	0x000209f2
0x000209f4	0x000209f4
0x000209f6	0x000209f6
0x000209fa	0x000209fa
0x000209fc	0x000209fc
0x000209fe	0x000209fe
0x00020a00	0x00020a00
0x00020a02	0x00020a02
0x00020a06	0x00020a06
0x00020a08	0x00020a08
0x00020a0c	0x00020a0c
0x00020a10	0x00020a10
0x00020a12	0x00020a12
0x00020a14	0x00020a14
0x00020a16	0x00020a16
0x00020a18	0x00020a18
0x00020a1a	0x00020a1a
0x00020a1c	0x00020a1c
0x00020a1e	0x00020a1e
0x00020a20	0x00020a20
0x00020a22	0x00020a22
0x00020a24	0x00020a24
0x00020a26	0x00020a26
0x00020a28	0x00020a28
0x00020a2a	0x00020a2a
0x00020a2c	0x00020a2c
0x00020a30	0x00020a30
0x00020a34	0x00020a34
0x00020a36	0x00020a36
0x00020a3a	0x00020a3a
0x00020a3c	0x00020a3c
0x00020a3e	0x00020a3e
0x00020a40	0x00020a40
0x00020a42	0x00020a42
0x00020a44	0x00020a44
0x00020a46	0x00020a46
0x00020a48	0x00020a48
0x00020a4c	0x00020a4c
0x00020a4e	0x00020a4e
0x00020a52	0x00020a52
0x00020a54	0x00020a54
0x00020a58	0x00020a58
0x00020a5a	0x00020a5a
0x00020a5c	0x00020a5c
0x00020a60	0x00020a60
0x00020a64	0x00020a64
0x00020a68	0x00020a68
0x00020a6a	0x00020a6a
0x00020a6c	0x00020a6c
0x00020a6e	0x00020a6e
0x00020a70	0x00020a70
0x00020a72	0x00020a72
0x00020a76	0x00020a76
0x00020a78	0x00020a78
0x00020a7a	0x00020a7a
0x00020a7c	0x00020a7c
0x00020a7e	0x00020a7e
0x00020a80	0x00020a80
0x00020a82	0x00020a82
0x00020a86	0x00020a86
0x00020a88	0x00020a88
0x00020a8c	0x00020a8c
0x00020a8e	0x00020a8e
0x00020a90	0x00020a90
0x00020a92	0x00020a92
0x00020a94	0x00020a94
0x00020a96	0x00020a96
0x00020a98	0x00020a98
0x00020a9c	0x00020a9c
0x00020aa0	0x00020aa0
0x00020aa2	0x00020aa2
0x00020aa4	0x00020aa4
0x00020aa6	0x00020aa6
0x00020aaa	0x00020aaa
0x00020aac	0x00020aac
0x00020aae	0x00020aae
0x00020ab0	0x00020ab0
0x00020ab4	0x00020ab4
0x00020ab6	0x00020ab6
0x00020ab8	0x00020ab8
0x00020aba	0x00020aba
0x00020abc	0x00020abc
0x00020abe	0x00020abe
0x00020ac0	0x00020ac0
0x00020ac2	0x00020ac2
0x00020ac6	0x00020ac6
0x00020ac8	0x00020ac8
0x00020aca	0x00020aca
0x00020acc	0x00020acc
0x00020ace	0x00020ace
0x00020ad0	0x00020ad0
0x00020ad2	0x00020ad2
0x00020ad4	0x00020ad4
0x00020ad6	0x00020ad6
0x00020ad8	0x00020ad8
0x00020ada	0x00020ada
0x00020adc	0x00020adc
0x00020ade	0x00020ade
0x00020ae0	0x00020ae0
0x00020ae2	0x00020ae2
0x00020ae4	0x00020ae4
0x00020ae6	0x00020ae6
0x00020ae8	0x00020ae8
0x00020aea	0x00020aea
0x00020aec	0x00020aec
0x00020aee	0x00020aee
0x00020af0	0x00020af0
0x00020af2	0x00020af2
0x00020af6	0x00020af6
0x00020af8	0x00020af8
0x00020afa	0x00020afa
0x00020afc	0x00020afc
0x00020b00	0x00020b00
0x00020b02	0x00020b02
0x00020b04	0x00020b04
0x00020b06	0x00020b06
0x00020b08	0x00020b08
0x00020b0a	0x00020b0a
0x00020b0c	0x00020b0c
0x00020b0e	0x00020b0e
0x00020b10	0x00020b10
0x00020b12	0x00020b12
0x00020b14	0x00020b14
0x00020b16	0x00020b16
0x00020b18	0x00020b18
0x00020b1a	0x00020b1a
0x00020b1c	0x00020b1c
0x00020b1e	0x00020b1e
0x00020b20	0x00020b20
0x00020b22	0x00020b22
0x00020b24	0x00020b24
0x00020b26	0x00020b26
0x00020b28	0x00020b28
0x00020b2a	0x00020b2a
0x00020b2c	0x00020b2c
0x00020b30	0x00020b30
0x00020b32	0x00020b32
0x00020b34	0x00020b34
0x00020b38	0x00020b38
0x00020b3c	0x00020b3c
0x00020b3e	0x00020b3e
0x00020b40	0x00020b40
0x00020b44	0x00020b44
0x00020b46	0x00020b46
0x00020b4a	0x00020b4a
0x00020b4c	0x00020b4c
0x00020b4e	0x00020b4e
0x00020b50	0x00020b50
0x00020b54	0x00020b54
0x00020b56	0x00020b56
0x00020b5a	0x00020b5a
0x00020b5e	0x00020b5e
0x00020b62	0x00020b62
0x00020b64	0x00020b64
0x00020b66	0x00020b66
0x00020b68	0x00020b68
0x00020b6a	0x00020b6a
0x00020b6c	0x00020b6c
0x00020b6e	0x00020b6e
0x00020b70	0x00020b70
0x00020b72	0x00020b72
0x00020b74	0x00020b74
0x00020b76	0x00020b76
0x00020b78	0x00020b78
0x00020b7a	0x00020b7a
0x00020b7e	0x00020b7e
0x00020b80	0x00020b80
0x00020b82	0x00020b82
0x00020b84	0x00020b84
0x00020b86	0x00020b86
0x00020b88	0x00020b88
0x00020b8a	0x00020b8a
0x00020b8c	0x00020b8c
0x00020b8e	0x00020b8e
0x00020b92	0x00020b92
0x00020b94	0x00020b94
0x00020b96	0x00020b96
0x00020b98	0x00020b98
0x00020b9a	0x00020b9a
0x00020b9c	0x00020b9c
0x00020b9e	0x00020b9e
0x00020ba0	0x00020ba0
0x00020ba4	0x00020ba4
0x00020ba6	0x00020ba6
0x00020ba8	0x00020ba8
0x00020bac	0x00020bac
0x00020bae	0x00020bae
0x00020bb2	0x00020bb2
0x00020bb4	0x00020bb4
0x00020bb6	0x00020bb6
0x00020bb8	0x00020bb8
0x00020bbc	0x00020bbc
0x00020bbe	0x00020bbe
0x00020bc0	0x00020bc0
0x00020bc2	0x00020bc2
0x00020bc4	0x00020bc4
0x00020bc8	0x00020bc8
0x00020bca	0x00020bca
0x00020bcc	0x00020bcc
0x00020bce	0x00020bce
0x00020bd2	0x00020bd2
0x00020bd6	0x00020bd6
0x00020bd8	0x00020bd8
0x00020bdc	0x00020bdc
0x00020bde	0x00020bde
0x00020be0	0x00020be0
0x00020be2	0x00020be2
0x00020be4	0x00020be4
0x00020be6	0x00020be6
0x00020bea	0x00020bea
0x00020bec	0x00020bec
0x00020bee	0x00020bee
0x00020bf0	0x00020bf0
0x00020bf4	0x00020bf4
0x00020bf8	0x00020bf8
0x00020bfa	0x00020bfa
0x00020bfc	0x00020bfc
0x00020bfe	0x00020bfe
0x00020c00	0x00020c00
0x00020c04	0x00020c04
0x00020c06	0x00020c06
0x00020c0a	0x00020c0a
0x00020c0c	0x00020c0c
0x00020c10	0x00020c10
0x00020c14	0x00020c14
0x00020c18	0x00020c18
0x00020c1a	0x00020c1a
0x00020c1e	0x00020c1e
0x00020c20	0x00020c20
0x00020c24	0x00020c24
0x00020c26	0x00020c26
0x00020c2a	0x00020c2a
0x00020c2c	0x00020c2c
0x00020c2e	0x00020c2e
0x00020c30	0x00020c30
0x00020c32	0x00020c32
0x00020c34	0x00020c34
0x00020c36	0x00020c36
0x00020c38	0x00020c38
0x00020c3a	0x00020c3a
0x00020c3c	0x00020c3c
0x00020c40	0x00020c40
0x00020c44	0x00020c44
0x00020c46	0x00020c46
0x00020c48	0x00020c48
0x00020c4a	0x00020c4a
0x00020c4c	0x00020c4c
0x00020c4e	0x00020c4e
0x00020c50	0x00020c50
0x00020c52	0x00020c52
0x00020c54	0x00020c54
0x00020c56	0x00020c56
0x00020c58	0x00020c58
0x00020c5a	0x00020c5a
0x00020c5c	0x00020c5c
0x00020c5e	0x00020c5e
0x00020c62	0x00020c62
0x00020c64	0x00020c64
0x00020c66	0x00020c66
0x00020c68	0x00020c68
0x00020c6a	0x00020c6a
0x00020c6e	0x00020c6e
0x00020c70	0x00020c70
0x00020c72	0x00020c72
0x00020c74	0x00020c74
0x00020c76	0x00020c76
0x00020c78	0x00020c78
0x00020c7a	0x00020c7a
0x00020c7c	0x00020c7c
0x00020c7e	0x00020c7e
0x00020c80	0x00020c80
0x00020c82	0x00020c82
0x00020c84	0x00020c84
0x00020c86	0x00020c86
0x00020c88	0x00020c88
0x00020c8a	0x00020c8a
0x00020c8c	0x00020c8c
0x00020c8e	0x00020c8e
0x00020c92	0x00020c92
0x00020c96	0x00020c96
0x00020c98	0x00020c98
0x00020c9a	0x00020c9a
0x00020c9c	0x00020c9c
0x00020c9e	0x00020c9e
0x00020ca0	0x00020ca0
0x00020ca4	0x00020ca4
0x00020ca6	0x00020ca6
0x00020caa	0x00020caa
0x00020cae	0x00020cae
0x00020cb2	0x00020cb2
0x00020cb4	0x00020cb4
0x00020cb6	0x00020cb6
0x00020cb8	0x00020cb8
0x00020cba	0x00020cba
0x00020cbc	0x00020cbc
0x00020cbe	0x00020cbe
0x00020cc0	0x00020cc0
0x00020cc2	0x00020cc2
0x00020cc4	0x00020cc4
0x00020cc8	0x00020cc8
0x00020cca	0x00020cca
0x00020ccc	0x00020ccc
0x00020cd0	0x00020cd0
0x00020cd4	0x00020cd4
0x00020cd8	0x00020cd8
0x00020cda	0x00020cda
0x00020cde	0x00020cde
0x00020ce2	0x00020ce2
0x00020ce4	0x00020ce4
0x00020ce8	0x00020ce8
0x00020cea	0x00020cea
0x00020cec	0x00020cec
0x00020cee	0x00020cee
0x00020cf0	0x00020cf0
0x00020cf2	0x00020cf2
0x00020cf4	0x00020cf4
0x00020cf6	0x00020cf6
0x00020cfa	0x00020cfa
0x00020cfe	0x00020cfe
0x00020d00	0x00020d00
0x00020d02	0x00020d02
0x00020d06	0x00020d06
0x00020d08	0x00020d08
0x00020d0a	0x00020d0a
0x00020d0c	0x00020d0c
0x00020d0e	0x00020d0e
0x00020d12	0x00020d12
0x00020d14	0x00020d14
0x00020d16	0x00020d16
0x00020d18	0x00020d18
0x00020d1a	0x00020d1a
0x00020d1c	0x00020d1c
0x00020d1e	0x00020d1e
0x00020d20	0x00020d20
0x00020d22	0x00020d22
0x00020d24	0x00020d24
0x00020d28	0x00020d28
0x00020d2a	0x00020d2a
0x00020d2c	0x00020d2c
0x00020d30	0x00020d30
0x00020d32	0x00020d32
0x00020d34	0x00020d34
0x00020d36	0x00020d36
0x00020d38	0x00020d38
0x00020d3a	0x00020d3a
0x00020d3c	0x00020d3c
0x00020d3e	0x00020d3e
0x00020d40	0x00020d40
0x00020d44	0x00020d44
0x00020d46	0x00020d46
0x00020d48	0x00020d48
0x00020d4a	0x00020d4a
0x00020d4c	0x00020d4c
0x00020d4e	0x00020d4e
0x00020d50	0x00020d50
0x00020d52	0x00020d52
0x00020d54	0x00020d54
0x00020d56	0x00020d56
0x00020d5a	0x00020d5a
0x00020d5c	0x00020d5c
0x00020d5e	0x00020d5e
0x00020d60	0x00020d60
0x00020d62	0x00020d62
0x00020d64	0x00020d64
0x00020d68	0x00020d68
0x00020d6c	0x00020d6c
0x00020d6e	0x00020d6e
0x00020d72	0x00020d72
0x00020d74	0x00020d74
0x00020d76	0x00020d76
0x00020d78	0x00020d78
0x00020d7c	0x00020d7c
0x00020d7e	0x00020d7e
0x00020d80	0x00020d80
0x00020d82	0x00020d82
0x00020d84	0x00020d84
0x00020d86	0x00020d86
0x00020d8a	0x00020d8a
0x00020d8c	0x00020d8c
0x00020d8e	0x00020d8e
0x00020d92	0x00020d92
0x00020d96	0x00020d96
0x00020d98	0x00020d98
0x00020d9a	0x00020d9a
0x00020d9c	0x00020d9c
0x00020d9e	0x00020d9e
0x00020da0	0x00020da0
0x00020da4	0x00020da4
0x00020da6	0x00020da6
0x00020da8	0x00020da8
0x00020dac	0x00020dac
0x00020dae	0x00020dae
0x00020db0	0x00020db0
0x00020db2	0x00020db2
0x00020db4	0x00020db4
0x00020db6	0x00020db6
0x00020db8	0x00020db8
0x00020dbc	0x00020dbc
0x00020dbe	0x00020dbe
0x00020dc2	0x00020dc2
0x00020dc4	0x00020dc4
0x00020dd6	0x00020dd6
0x00020dd8	0x00020dd8
0x00020ddc	0x00020ddc
0x00020de0	0x00020de0
0x00020de2	0x00020de2
0x00020de4	0x00020de4
0x00020de6	0x00020de6
0x00020de8	0x00020de8
0x00020dec	0x00020dec
0x00020dee	0x00020dee
0x00020df0	0x00020df0
0x00020df4	0x00020df4
0x00020df6	0x00020df6
0x00020dfa	0x00020dfa
0x00020dfc	0x00020dfc
0x00020dfe	0x00020dfe
0x00020e04	0x00020e04
0x00020e06	0x00020e06
0x00020e0c	0x00020e0c
0x00020e0e	0x00020e0e
0x00020e14	0x00020e14
0x00020e16	0x00020e16
0x00020e1c	0x00020e1c
0x00020e1e	0x00020e1e
0x00020e20	0x00020e20
0x00020e22	0x00020e22
0x00020e24	0x00020e24
0x00020e26	0x00020e26
0x00020e28	0x00020e28
0x00020e2a	0x00020e2a
0x00020e2c	0x00020e2c
0x00020e2e	0x00020e2e
0x00020e30	0x00020e30
0x00020e32	0x00020e32
0x00020e34	0x00020e34
0x00020e36	0x00020e36
0x00020e38	0x00020e38
0x00020e3c	0x00020e3c
0x00020e40	0x00020e40
0x00020e42	0x00020e42
0x00020e44	0x00020e44
0x00020e46	0x00020e46
0x00020e48	0x00020e48
0x00020e4a	0x00020e4a
0x00020e4c	0x00020e4c
0x00020e50	0x00020e50
0x00020e52	0x00020e52
0x00020e56	0x00020e56
0x00020e5a	0x00020e5a
0x00020e5e	0x00020e5e
0x00020e62	0x00020e62
0x00020e66	0x00020e66
0x00020e6a	0x00020e6a
0x00020e6e	0x00020e6e
0x00020e72	0x00020e72
0x00020e76	0x00020e76
0x00020e7a	0x00020e7a
0x00020e7e	0x00020e7e
0x00020e82	0x00020e82
0x00020e86	0x00020e86
0x00020e8a	0x00020e8a
0x00020e8e	0x00020e8e
0x00020e92	0x00020e92
0x00020e96	0x00020e96
0x00020e9a	0x00020e9a
0x00020e9c	0x00020e9c
0x00020ea0	0x00020ea0
0x00020ea4	0x00020ea4
0x00020ea8	0x00020ea8
0x00020eac	0x00020eac
0x00020eb0	0x00020eb0
0x00020eb4	0x00020eb4
0x00020eb8	0x00020eb8
0x00020ebc	0x00020ebc
0x00020ebe	0x00020ebe
0x00020ec2	0x00020ec2
0x00020ec4	0x00020ec4
0x00020ec6	0x00020ec6
0x00020eca	0x00020eca
0x00020ecc	0x00020ecc
0x00020ece	0x00020ece
0x00020ed0	0x00020ed0
0x00020ed2	0x00020ed2
0x00020ed4	0x00020ed4
0x00020ed8	0x00020ed8
0x00020ee6	0x00020ee6
0x00020ee8	0x00020ee8
0x00020eea	0x00020eea
0x00020eee	0x00020eee
0x00020ef0	0x00020ef0
0x00020ef2	0x00020ef2
0x00020ef4	0x00020ef4
0x00020ef6	0x00020ef6
0x00020efa	0x00020efa
0x00020efc	0x00020efc
0x00020efe	0x00020efe
0x00020f02	0x00020f02
0x00020f04	0x00020f04
0x00020f0c	0x00020f0c
0x00020f10	0x00020f10
0x00020f12	0x00020f12
0x00020f14	0x00020f14
0x00020f16	0x00020f16
0x00020f18	0x00020f18
0x00020f1a	0x00020f1a
0x00020f1e	0x00020f1e
0x00020f20	0x00020f20
0x00020f22	0x00020f22
0x00020f24	0x00020f24
0x00020f26	0x00020f26
0x00020f28	0x00020f28
0x00020f2a	0x00020f2a
0x00020f2c	0x00020f2c
0x00020f2e	0x00020f2e
0x00020f30	0x00020f30
0x00020f32	0x00020f32
0x00020f36	0x00020f36
0x00020f38	0x00020f38
0x00020f3a	0x00020f3a
0x00020f3c	0x00020f3c
0x00020f3e	0x00020f3e
0x00020f40	0x00020f40
0x00020f42	0x00020f42
0x00020f44	0x00020f44
0x00020f46	0x00020f46
0x00020f4a	0x00020f4a
0x00020f4c	0x00020f4c
0x00020f50	0x00020f50
0x00020f52	0x00020f52
0x00020f54	0x00020f54
0x00020f56	0x00020f56
0x00020f58	0x00020f58
0x00020f5a	0x00020f5a
0x00020f5c	0x00020f5c
0x00020f5e	0x00020f5e
0x00020f60	0x00020f60
0x00020f62	0x00020f62
0x00020f64	0x00020f64
0x00020f68	0x00020f68
0x00020f6c	0x00020f6c
0x00020f6e	0x00020f6e
0x00020f70	0x00020f70
0x00020f72	0x00020f72
0x00020f74	0x00020f74
0x00020f78	0x00020f78
0x00020f8c	0x00020f8c
0x00020f90	0x00020f90
0x00020f92	0x00020f92
0x00020f94	0x00020f94
0x00020f96	0x00020f96
0x00020f98	0x00020f98
0x00020f9a	0x00020f9a
0x00020f9c	0x00020f9c
0x00020fa0	0x00020fa0
0x00020fa2	0x00020fa2
0x00020fa4	0x00020fa4
0x00020fa6	0x00020fa6
0x00020fa8	0x00020fa8
0x00020faa	0x00020faa
0x00020fae	0x00020fae
0x00020fb2	0x00020fb2
0x00020fb4	0x00020fb4
0x00020fb6	0x00020fb6
0x00020fba	0x00020fba
0x00020fbe	0x00020fbe
0x00020fc2	0x00020fc2
0x00020fc6	0x00020fc6
0x00020fc8	0x00020fc8
0x00020fca	0x00020fca
0x00020fcc	0x00020fcc
0x00020fce	0x00020fce
0x00020fd0	0x00020fd0
0x00020fd2	0x00020fd2
0x00020fd6	0x00020fd6
0x00020fd8	0x00020fd8
0x00020fda	0x00020fda
0x00020fdc	0x00020fdc
0x00020fe0	0x00020fe0
0x00020fe2	0x00020fe2
0x00020fe4	0x00020fe4
0x00020fe6	0x00020fe6
0x00020fe8	0x00020fe8
0x00020fea	0x00020fea
0x00020fee	0x00020fee
0x00020ff0	0x00020ff0
0x00020ff4	0x00020ff4
0x00020ff8	0x00020ff8
0x00020ffc	0x00020ffc
0x00020ffe	0x00020ffe
0x00021000	0x00021000
0x00021002	0x00021002
0x00021004	0x00021004
0x00021006	0x00021006
0x00021008	0x00021008
0x0002100a	0x0002100a
0x0002100c	0x0002100c
0x0002100e	0x0002100e
0x00021010	0x00021010
0x00021014	0x00021014
0x00021018	0x00021018
0x0002101c	0x0002101c
0x00021020	0x00021020
0x00021022	0x00021022
0x00021024	0x00021024
0x00021026	0x00021026
0x00021028	0x00021028
0x0002102a	0x0002102a
0x0002102c	0x0002102c
0x0002102e	0x0002102e
0x00021030	0x00021030
0x00021032	0x00021032
0x00021036	0x00021036
0x00021038	0x00021038
0x0002103c	0x0002103c
0x0002103e	0x0002103e
0x00021040	0x00021040
0x00021042	0x00021042
0x00021044	0x00021044
0x00021048	0x00021048
0x0002104a	0x0002104a
0x0002104c	0x0002104c
0x00021050	0x00021050
0x00021052	0x00021052
0x00021054	0x00021054
0x00021058	0x00021058
0x0002105a	0x0002105a
0x0002105e	0x0002105e
0x00021062	0x00021062
0x00021066	0x00021066
0x00021068	0x00021068
0x00021070	0x00021070
0x00021072	0x00021072
0x00021076	0x00021076
0x00021078	0x00021078
0x0002107a	0x0002107a
0x0002107e	0x0002107e
0x00021082	0x00021082
0x00021088	0x00021088
0x0002108a	0x0002108a
0x0002108e	0x0002108e
0x00021090	0x00021090
0x00021092	0x00021092
0x00021094	0x00021094
0x00021096	0x00021096
0x0002109a	0x0002109a
0x0002109c	0x0002109c
0x0002109e	0x0002109e
0x000210a0	0x000210a0
0x000210a4	0x000210a4
0x000210a8	0x000210a8
0x000210ac	0x000210ac
0x000210b0	0x000210b0
0x000210b4	0x000210b4
0x000210b8	0x000210b8
0x000210bc	0x000210bc
0x000210be	0x000210be
0x000210c2	0x000210c2
0x000210c6	0x000210c6
0x000210ca	0x000210ca
0x000210ce	0x000210ce
0x000210d0	0x000210d0
0x000210d2	0x000210d2
0x000210d4	0x000210d4
0x000210d6	0x000210d6
0x000210da	0x000210da
0x000210dc	0x000210dc
0x000210e0	0x000210e0
0x000210e4	0x000210e4
0x000210e6	0x000210e6
0x000210e8	0x000210e8
0x000210ec	0x000210ec
0x000210f0	0x000210f0
0x000210f2	0x000210f2
0x000210f4	0x000210f4
0x000210f6	0x000210f6
0x000210f8	0x000210f8
0x000210fa	0x000210fa
0x000210fe	0x000210fe
0x00021100	0x00021100
0x00021102	0x00021102
0x00021104	0x00021104
0x00021140	0x00021140
0x00021144	0x00021144
0x00021148	0x00021148
0x0002114c	0x0002114c
0x0002114e	0x0002114e
0x00021150	0x00021150
0x00021154	0x00021154
0x00021156	0x00021156
0x0002115a	0x0002115a
0x0002115c	0x0002115c
0x00021160	0x00021160
0x00021164	0x00021164
0x00021166	0x00021166
0x00021168	0x00021168
0x0002116c	0x0002116c
0x0002116e	0x0002116e
0x00021172	0x00021172
0x00021174	0x00021174
0x00021178	0x00021178
0x0002117c	0x0002117c
0x0002117e	0x0002117e
0x00021180	0x00021180
0x00021184	0x00021184
0x00021186	0x00021186
0x0002118a	0x0002118a
0x0002118c	0x0002118c
0x00021190	0x00021190
0x00021194	0x00021194
0x00021196	0x00021196
0x00021198	0x00021198
0x0002119c	0x0002119c
0x000211a0	0x000211a0
0x000211a4	0x000211a4
0x000211a6	0x000211a6
0x000211aa	0x000211aa
0x000211ac	0x000211ac
0x000211ae	0x000211ae
0x000211b0	0x000211b0
0x000211b4	0x000211b4
0x000211b6	0x000211b6
0x000211b8	0x000211b8
0x000211bc	0x000211bc
0x000211be	0x000211be
0x000211c0	0x000211c0
0x000211c2	0x000211c2
0x000211c4	0x000211c4
0x000211c6	0x000211c6
0x000211cc	0x000211cc
0x000211ce	0x000211ce
0x000211d0	0x000211d0
0x000211d2	0x000211d2
0x000211d4	0x000211d4
0x000211d6	0x000211d6
0x000211d8	0x000211d8
0x000211dc	0x000211dc
0x000211de	0x000211de
0x000211e0	0x000211e0
0x000211e2	0x000211e2
0x000211e4	0x000211e4
0x000211e6	0x000211e6
0x000211e8	0x000211e8
0x000211ec	0x000211ec
0x000211ee	0x000211ee
0x000211f0	0x000211f0
0x000211f2	0x000211f2
0x000211f4	0x000211f4
0x000211f8	0x000211f8
0x000211fa	0x000211fa
0x000211fe	0x000211fe
0x00021200	0x00021200
0x00021202	0x00021202
0x00021206	0x00021206
0x00021208	0x00021208
0x0002120a	0x0002120a
0x0002120c	0x0002120c
0x00021210	0x00021210
0x00021212	0x00021212
0x00021216	0x00021216
0x0002121a	0x0002121a
0x0002121e	0x0002121e
0x00021222	0x00021222
0x00021226	0x00021226
0x00021228	0x00021228
0x0002122c	0x0002122c
0x00021230	0x00021230
0x00021232	0x00021232
0x00021236	0x00021236
0x0002123a	0x0002123a
0x0002123e	0x0002123e
0x00021242	0x00021242
0x00021244	0x00021244
0x00021248	0x00021248
0x0002124a	0x0002124a
0x0002124c	0x0002124c
0x0002124e	0x0002124e
0x00021250	0x00021250
0x00021254	0x00021254
0x00021258	0x00021258
0x0002125a	0x0002125a
0x0002125c	0x0002125c
0x0002125e	0x0002125e
0x00021262	0x00021262
0x00021264	0x00021264
0x00021266	0x00021266
0x00021268	0x00021268
0x0002126c	0x0002126c
0x0002126e	0x0002126e
0x00021270	0x00021270
0x00021272	0x00021272
0x00021276	0x00021276
0x00021278	0x00021278
0x0002127a	0x0002127a
0x0002127c	0x0002127c
0x00021280	0x00021280
0x00021282	0x00021282
0x00021286	0x00021286
0x0002128a	0x0002128a
0x0002128e	0x0002128e
0x00021290	0x00021290
0x00021294	0x00021294
0x00021296	0x00021296
0x00021298	0x00021298
0x0002129c	0x0002129c
0x000212a0	0x000212a0
0x000212a2	0x000212a2
0x000212a4	0x000212a4
0x000212a6	0x000212a6
0x000212aa	0x000212aa
0x000212ae	0x000212ae
0x000212b0	0x000212b0
0x000212b2	0x000212b2
0x000212b4	0x000212b4
0x000212b8	0x000212b8
0x000212ba	0x000212ba
0x000212bc	0x000212bc
0x000212be	0x000212be
0x000212c2	0x000212c2
0x000212c4	0x000212c4
0x000212c6	0x000212c6
0x000212c8	0x000212c8
0x000212cc	0x000212cc
0x000212ce	0x000212ce
0x000212d0	0x000212d0
0x000212d2	0x000212d2
0x000212d6	0x000212d6
0x000212da	0x000212da
0x000212de	0x000212de
0x000212e2	0x000212e2
0x000212e6	0x000212e6
0x000212ea	0x000212ea
0x000212ee	0x000212ee
0x000212f0	0x000212f0
0x000212f4	0x000212f4
0x000212f8	0x000212f8
0x000212fc	0x000212fc
0x00021300	0x00021300
0x00021304	0x00021304
0x00021308	0x00021308
0x0002130c	0x0002130c
0x00021310	0x00021310
0x00021314	0x00021314
0x00021316	0x00021316
0x0002131a	0x0002131a
0x0002131e	0x0002131e
0x00021322	0x00021322
0x00021326	0x00021326
0x0002132a	0x0002132a
0x0002132c	0x0002132c
0x0002132e	0x0002132e
0x00021332	0x00021332
0x00021336	0x00021336
0x0002133a	0x0002133a
0x0002133e	0x0002133e
0x00021342	0x00021342
0x00021346	0x00021346
0x0002134a	0x0002134a
0x0002134e	0x0002134e
0x00021352	0x00021352
0x00021356	0x00021356
0x0002135a	0x0002135a
0x0002135e	0x0002135e
0x00021362	0x00021362
0x00021366	0x00021366
0x0002136a	0x0002136a
0x0002136c	0x0002136c
0x0002136e	0x0002136e
0x00021372	0x00021372
0x00021376	0x00021376
0x0002137a	0x0002137a
0x0002137e	0x0002137e
0x00021382	0x00021382
0x00021384	0x00021384
0x00021388	0x00021388
0x0002138c	0x0002138c
0x00021390	0x00021390
0x00021394	0x00021394
0x00021398	0x00021398
0x0002139c	0x0002139c
0x0002139e	0x0002139e
0x000213a2	0x000213a2
0x000213a6	0x000213a6
0x000213aa	0x000213aa
0x000213ae	0x000213ae
0x000213b2	0x000213b2
0x000213b6	0x000213b6
0x000213ba	0x000213ba
0x000213be	0x000213be
0x000213c2	0x000213c2
0x000213c6	0x000213c6
0x000213ca	0x000213ca
0x000213cc	0x000213cc
0x000213d0	0x000213d0
0x000213d4	0x000213d4
0x000213d8	0x000213d8
0x000213dc	0x000213dc
0x000213e0	0x000213e0
0x000213e4	0x000213e4
0x000213e8	0x000213e8
0x000213ea	0x000213ea
0x000213ee	0x000213ee
0x000213f2	0x000213f2
0x000213f6	0x000213f6
0x000213f8	0x000213f8
0x000213fc	0x000213fc
0x00021400	0x00021400
0x00021404	0x00021404
0x00021408	0x00021408
0x0002140c	0x0002140c
0x00021410	0x00021410
0x00021414	0x00021414
0x00021418	0x00021418
0x0002141c	0x0002141c
0x00021420	0x00021420
0x00021422	0x00021422
0x00021426	0x00021426
0x0002142a	0x0002142a
0x0002142e	0x0002142e
0x00021432	0x00021432
0x00021436	0x00021436
0x0002143a	0x0002143a
0x0002143c	0x0002143c
0x00021440	0x00021440
0x00021444	0x00021444
0x00021448	0x00021448
0x0002144c	0x0002144c
0x00021450	0x00021450
0x00021454	0x00021454
0x00021458	0x00021458
0x0002145c	0x0002145c
0x00021460	0x00021460
0x00021464	0x00021464
0x00021468	0x00021468
0x0002146c	0x0002146c
0x0002146e	0x0002146e
0x00021472	0x00021472
0x00021476	0x00021476
0x0002147a	0x0002147a
0x0002147e	0x0002147e
0x00021482	0x00021482
0x00021486	0x00021486
0x0002148a	0x0002148a
0x0002148c	0x0002148c
0x00021490	0x00021490
0x00021494	0x00021494
0x00021498	0x00021498
0x0002149c	0x0002149c
0x000214a0	0x000214a0
0x000214a4	0x000214a4
0x000214a8	0x000214a8
0x000214ac	0x000214ac
0x000214b0	0x000214b0
0x000214b4	0x000214b4
0x000214b8	0x000214b8
0x000214bc	0x000214bc
0x000214c0	0x000214c0
0x000214c4	0x000214c4
0x000214c6	0x000214c6
0x000214ca	0x000214ca
0x000214ce	0x000214ce
0x000214d2	0x000214d2
0x000214d6	0x000214d6
0x000214da	0x000214da
0x000214de	0x000214de
0x000214e0	0x000214e0
0x000214e4	0x000214e4
0x000214e8	0x000214e8
0x000214ec	0x000214ec
0x000214f0	0x000214f0
0x000214f4	0x000214f4
0x000214f8	0x000214f8
0x000214fc	0x000214fc
0x00021500	0x00021500
0x00021504	0x00021504
0x00021508	0x00021508
0x0002150c	0x0002150c
0x00021510	0x00021510
0x00021514	0x00021514
0x00021518	0x00021518
0x0002151c	0x0002151c
0x00021520	0x00021520
0x00021522	0x00021522
0x00021524	0x00021524
0x00021526	0x00021526
0x0002152a	0x0002152a
0x0002152e	0x0002152e
0x00021530	0x00021530
0x00021532	0x00021532
0x00021534	0x00021534
0x00021538	0x00021538
0x0002153c	0x0002153c
0x00021540	0x00021540
0x00021544	0x00021544
0x00021546	0x00021546
0x00021548	0x00021548
0x0002154a	0x0002154a
0x0002154e	0x0002154e
0x00021552	0x00021552
0x00021554	0x00021554
0x00021556	0x00021556
0x00021558	0x00021558
0x0002155c	0x0002155c
0x00021560	0x00021560
0x00021564	0x00021564
0x00021568	0x00021568
0x0002156a	0x0002156a
0x0002156c	0x0002156c
0x0002156e	0x0002156e
0x00021572	0x00021572
0x00021576	0x00021576
0x00021578	0x00021578
0x0002157c	0x0002157c
0x00021580	0x00021580
0x00021584	0x00021584
0x00021588	0x00021588
0x0002158a	0x0002158a
0x0002158e	0x0002158e
0x00021592	0x00021592
0x00021596	0x00021596
0x0002159a	0x0002159a
0x0002159c	0x0002159c
0x0002159e	0x0002159e
0x000215a2	0x000215a2
0x000215a6	0x000215a6
0x00021628	0x00021628
0x0002162a	0x0002162a
0x0002162c	0x0002162c
0x0002162e	0x0002162e
0x00021630	0x00021630
0x00021632	0x00021632
0x00021634	0x00021634
0x00021638	0x00021638
0x0002163a	0x0002163a
0x0002163e	0x0002163e
0x00021642	0x00021642
0x00021646	0x00021646
0x00021648	0x00021648
0x0002164c	0x0002164c
0x0002164e	0x0002164e
0x00021652	0x00021652
0x00021656	0x00021656
0x0002165a	0x0002165a
0x0002165c	0x0002165c
0x00021660	0x00021660
0x00021664	0x00021664
0x00021668	0x00021668
0x0002166a	0x0002166a
0x0002166e	0x0002166e
0x00021670	0x00021670
0x00021674	0x00021674
0x00021678	0x00021678
0x0002167c	0x0002167c
0x00021680	0x00021680
0x00021684	0x00021684
0x00021688	0x00021688
0x0002168a	0x0002168a
0x0002168c	0x0002168c
0x0002168e	0x0002168e
0x00021690	0x00021690
0x00021694	0x00021694
0x00021698	0x00021698
0x0002169c	0x0002169c
0x0002169e	0x0002169e
0x000216a2	0x000216a2
0x000216a4	0x000216a4
0x000216a6	0x000216a6
0x000216a8	0x000216a8
0x000216aa	0x000216aa
0x000216ac	0x000216ac
0x000216ae	0x000216ae
0x000216b0	0x000216b0
0x000216b4	0x000216b4
0x000216b8	0x000216b8
0x000216bc	0x000216bc
0x000216c0	0x000216c0
0x000216c4	0x000216c4
0x000216c8	0x000216c8
0x000216cc	0x000216cc
0x000216d0	0x000216d0
0x000216d4	0x000216d4
0x000216d8	0x000216d8
0x000216dc	0x000216dc
0x000216de	0x000216de
0x000216e2	0x000216e2
0x000216e6	0x000216e6
0x000216ea	0x000216ea
0x000216ee	0x000216ee
0x000216f0	0x000216f0
0x000216f4	0x000216f4
0x000216f6	0x000216f6
0x000216fa	0x000216fa
0x000216fe	0x000216fe
0x00021702	0x00021702
0x00021704	0x00021704
0x00021708	0x00021708
0x0002170a	0x0002170a
0x0002170c	0x0002170c
0x0002170e	0x0002170e
0x00021712	0x00021712
0x00021714	0x00021714
0x00021718	0x00021718
0x0002171a	0x0002171a
0x0002171e	0x0002171e
0x00021720	0x00021720
0x00021724	0x00021724
0x00021728	0x00021728
0x0002172a	0x0002172a
0x0002172e	0x0002172e
0x00021732	0x00021732
0x00021734	0x00021734
0x00021736	0x00021736
0x00021738	0x00021738
0x0002173c	0x0002173c
0x0002173e	0x0002173e
0x00021742	0x00021742
0x00021744	0x00021744
0x00021748	0x00021748
0x0002174a	0x0002174a
0x0002174e	0x0002174e
0x00021752	0x00021752
0x00021754	0x00021754
0x00021758	0x00021758
0x0002175c	0x0002175c
0x00021760	0x00021760
0x00021764	0x00021764
0x00021768	0x00021768
0x0002176c	0x0002176c
0x00021770	0x00021770
0x00021774	0x00021774
0x00021778	0x00021778
0x0002177c	0x0002177c
0x00021780	0x00021780
0x00021784	0x00021784
0x00021788	0x00021788
0x0002178c	0x0002178c
0x00021790	0x00021790
0x00021794	0x00021794
0x00021798	0x00021798
0x0002179c	0x0002179c
0x000217a0	0x000217a0
0x000217a4	0x000217a4
0x000217a8	0x000217a8
0x000217ac	0x000217ac
0x000217b0	0x000217b0
0x000217b4	0x000217b4
0x000217b8	0x000217b8
0x000217bc	0x000217bc
0x000217c0	0x000217c0
0x000217c4	0x000217c4
0x000217c8	0x000217c8
0x000217cc	0x000217cc
0x000217d0	0x000217d0
0x000217d4	0x000217d4
0x000217d8	0x000217d8
0x000217dc	0x000217dc
0x000217e0	0x000217e0
0x000217e4	0x000217e4
0x000217e8	0x000217e8
0x000217ec	0x000217ec
0x000217f0	0x000217f0
0x000217f4	0x000217f4
0x000217f8	0x000217f8
0x000217fc	0x000217fc
0x00021800	0x00021800
0x00021802	0x00021802
0x00021806	0x00021806
0x00021808	0x00021808
0x0002180a	0x0002180a
0x0002180c	0x0002180c
0x0002180e	0x0002180e
0x00021812	0x00021812
0x00021814	0x00021814
0x00021816	0x00021816
0x00021818	0x00021818
0x0002181a	0x0002181a
0x0002181e	0x0002181e
0x00021822	0x00021822
0x00021826	0x00021826
0x0002182a	0x0002182a
0x0002182e	0x0002182e
0x00021832	0x00021832
0x00021836	0x00021836
0x0002183a	0x0002183a
0x0002183e	0x0002183e
0x00021842	0x00021842
0x00021846	0x00021846
0x0002184a	0x0002184a
0x0002184e	0x0002184e
0x00021852	0x00021852
0x00021856	0x00021856
0x00021858	0x00021858
0x0002185c	0x0002185c
0x0002185e	0x0002185e
0x00021862	0x00021862
0x00021864	0x00021864
0x00021866	0x00021866
0x0002186a	0x0002186a
0x0002186e	0x0002186e
0x00021872	0x00021872
0x00021876	0x00021876
0x0002187a	0x0002187a
0x0002187e	0x0002187e
0x00021882	0x00021882
0x00021886	0x00021886
0x0002188a	0x0002188a
0x0002188e	0x0002188e
0x00021892	0x00021892
0x00021896	0x00021896
0x0002189a	0x0002189a
0x0002189e	0x0002189e
0x000218a2	0x000218a2
0x000218a6	0x000218a6
0x000218aa	0x000218aa
0x000218ae	0x000218ae
0x000218b2	0x000218b2
0x000218b6	0x000218b6
0x000218ba	0x000218ba
0x000218be	0x000218be
0x000218c2	0x000218c2
0x000218c6	0x000218c6
0x000218ca	0x000218ca
0x000218cc	0x000218cc
0x000218d0	0x000218d0
0x000218d2	0x000218d2
0x000218d4	0x000218d4
0x000218d6	0x000218d6
0x000218d8	0x000218d8
0x000218dc	0x000218dc
0x000218e0	0x000218e0
0x000218e2	0x000218e2
0x000218e6	0x000218e6
0x000218e8	0x000218e8
0x000218ec	0x000218ec
0x000218f0	0x000218f0
0x000218f4	0x000218f4
0x000218f8	0x000218f8
0x000218fc	0x000218fc
0x00021900	0x00021900
0x00021904	0x00021904
0x00021908	0x00021908
0x0002190c	0x0002190c
0x00021910	0x00021910
0x00021914	0x00021914
0x00021918	0x00021918
0x0002191c	0x0002191c
0x00021920	0x00021920
0x00021924	0x00021924
0x00021928	0x00021928
0x0002192c	0x0002192c
0x00021930	0x00021930
0x00021934	0x00021934
0x00021938	0x00021938
0x0002193c	0x0002193c
0x00021940	0x00021940
0x00021942	0x00021942
0x00021946	0x00021946
0x00021948	0x00021948
0x0002194a	0x0002194a
0x0002194c	0x0002194c
0x0002194e	0x0002194e
0x00021952	0x00021952
0x00021956	0x00021956
0x00021958	0x00021958
0x0002195c	0x0002195c
0x00021960	0x00021960
0x00021964	0x00021964
0x00021968	0x00021968
0x0002196c	0x0002196c
0x00021970	0x00021970
0x00021974	0x00021974
0x00021978	0x00021978
0x0002197c	0x0002197c
0x00021980	0x00021980
0x00021984	0x00021984
0x00021988	0x00021988
0x0002198c	0x0002198c
0x0002198e	0x0002198e
0x00021990	0x00021990
0x00021992	0x00021992
0x00021996	0x00021996
0x0002199a	0x0002199a
0x0002199c	0x0002199c
0x000219a0	0x000219a0
0x000219a4	0x000219a4
0x000219a6	0x000219a6
0x000219aa	0x000219aa
0x000219ae	0x000219ae
0x000219b0	0x000219b0
0x000219b4	0x000219b4
0x000219b8	0x000219b8
0x000219ba	0x000219ba
0x000219be	0x000219be
0x000219c2	0x000219c2
0x000219c4	0x000219c4
0x000219c8	0x000219c8
0x000219cc	0x000219cc
0x000219ce	0x000219ce
0x000219d2	0x000219d2
0x000219d6	0x000219d6
0x000219d8	0x000219d8
0x000219dc	0x000219dc
0x000219e0	0x000219e0
0x000219e2	0x000219e2
0x000219e6	0x000219e6
0x000219ea	0x000219ea
0x000219ec	0x000219ec
0x000219f0	0x000219f0
0x000219f4	0x000219f4
0x000219f6	0x000219f6
0x000219fa	0x000219fa
0x000219fe	0x000219fe
0x00021a00	0x00021a00
0x00021a02	0x00021a02
0x00021a04	0x00021a04
0x00021a08	0x00021a08
0x00021a0c	0x00021a0c
0x00021a10	0x00021a12
0x00021a12	0x00021a14
0x00021a14	0x00021a16
0x00021a16	0x00021a18
0x00021a18	0x00021a1a
0x00021a1e	0x00021a1e
0x00021a20	0x00021a20
0x00021a22	0x00021a22
0x00021a24	0x00021a24
0x00021a26	0x00021a26
0x00021a28	0x00021a28
0x00021a2a	0x00021a2a
0x00021a2c	0x00021a2c
0x00021a2e	0x00021a2e
0x00021a30	0x00021a30
0x00021a32	0x00021a32
0x00021a36	0x00021a36
0x00021a38	0x00021a38
0x00021a3a	0x00021a3a
0x00021a3e	0x00021a3e
0x00021a42	0x00021a42
0x00021a44	0x00021a44
0x00021a48	0x00021a48
0x00021a4a	0x00021a4a
0x00021a4c	0x00021a4c
0x00021a4e	0x00021a4e
0x00021a50	0x00021a50
0x00021a52	0x00021a52
0x00021a54	0x00021a54
0x00021a56	0x00021a56
0x00021a58	0x00021a58
0x00021a5c	0x00021a5c
0x00021a60	0x00021a60
0x00021a64	0x00021a64
0x00021a68	0x00021a68
0x00021a6a	0x00021a6a
0x00021a6c	0x00021a6c
0x00021a70	0x00021a70
0x00021a72	0x00021a72
0x00021a74	0x00021a74
0x00021a78	0x00021a78
0x00021a7c	0x00021a7c
0x00021a84	0x00021a84
0x00021a86	0x00021a86
0x00021a88	0x00021a88
0x00021a8a	0x00021a8a
0x00021a8c	0x00021a8c
0x00021a8e	0x00021a8e
0x00021a90	0x00021a90
0x00021a92	0x00021a92
0x00021a94	0x00021a94
0x00021a96	0x00021a96
0x00021a98	0x00021a98
0x00021a9a	0x00021a9a
0x00021aa0	0x00021aa0
0x00021aa2	0x00021aa2
0x00021aa4	0x00021aa4
0x00021aa6	0x00021aa6
0x00021aa8	0x00021aa8
0x00021aaa	0x00021aaa
0x00021aac	0x00021aac
0x00021aae	0x00021aae
0x00021ab0	0x00021ab0
0x00021ab2	0x00021ab2
0x00021ab4	0x00021ab4
0x00021ab6	0x00021ab6
0x00021ab8	0x00021ab8
0x00021aba	0x00021aba
0x00021abc	0x00021abc
0x00021abe	0x00021abe
0x00021ac0	0x00021ac0
0x00021ac2	0x00021ac2
0x00021ac4	0x00021ac4
0x00021ac8	0x00021ac8
0x00021aca	0x00021aca
0x00021acc	0x00021acc
0x00021ace	0x00021ace
0x00021ad0	0x00021ad0
0x00021ad2	0x00021ad2
0x00021ad4	0x00021ad4
0x00021ad6	0x00021ad6
0x00021ad8	0x00021ad8
0x00021ada	0x00021ada
0x00021adc	0x00021adc
0x00021ade	0x00021ade
0x00021ae0	0x00021ae0
0x00021b00	0x00021b00
0x00021b02	0x00021b02
0x00021b04	0x00021b04
0x00021b08	0x00021b08
0x00021b0a	0x00021b0a
0x00021b0e	0x00021b0e
0x00021b12	0x00021b12
0x00021b16	0x00021b16
0x00021b1a	0x00021b1a
0x00021b1c	0x00021b1c
0x00021b1e	0x00021b1e
0x00021b22	0x00021b22
0x00021b24	0x00021b24
0x00021b26	0x00021b26
0x00021b28	0x00021b28
0x00021b2a	0x00021b2a
0x00021b2c	0x00021b2c
0x00021b2e	0x00021b2e
0x00021b32	0x00021b32
0x00021b34	0x00021b34
0x00021b36	0x00021b36
0x00021b3a	0x00021b3a
0x00021b3e	0x00021b3e
0x00021b42	0x00021b42
0x00021b46	0x00021b46
0x00021b48	0x00021b48
0x00021b4a	0x00021b4a
0x00021b4c	0x00021b4c
0x00021b4e	0x00021b4e
0x00021b50	0x00021b50
0x00021b52	0x00021b52
0x00021b54	0x00021b54
0x00021b56	0x00021b56
0x00021b5a	0x00021b5a
0x00021b5c	0x00021b5c
0x00021b5e	0x00021b5e
0x00021b60	0x00021b60
0x00021b64	0x00021b64
0x00021b66	0x00021b66
0x00021b68	0x00021b68
0x00021b6a	0x00021b6a
0x00021b6c	0x00021b6c
0x00021b6e	0x00021b6e
0x00021b70	0x00021b70
0x00021b72	0x00021b72
0x00021b74	0x00021b74
0x00021b78	0x00021b78
0x00021b7a	0x00021b7a
0x00021b7c	0x00021b7c
0x00021b7e	0x00021b7e
0x00021b82	0x00021b82
0x00021b86	0x00021b86
0x00021b8a	0x00021b8a
0x00021b8e	0x00021b8e
0x00021b92	0x00021b92
0x00021b96	0x00021b96
0x00021b9a	0x00021b9a
0x00021b9e	0x00021b9e
0x00021ba2	0x00021ba2
0x00021ba6	0x00021ba6
0x00021baa	0x00021baa
0x00021bae	0x00021bae
0x00021bb2	0x00021bb2
0x00021bb6	0x00021bb6
0x00021bba	0x00021bba
0x00021bbe	0x00021bbe
0x00021bc2	0x00021bc2
0x00021bc6	0x00021bc6
0x00021bc8	0x00021bc8
0x00021bca	0x00021bca
0x00021bcc	0x00021bcc
0x00021bd0	0x00021bd0
0x00021bd2	0x00021bd2
0x00021bd6	0x00021bd6
0x00021bda	0x00021bda
0x00021bdc	0x00021bdc
0x00021bde	0x00021bde
0x00021be2	0x00021be2
0x00021be6	0x00021be6
0x00021bea	0x00021bea
0x00021bee	0x00021bee
0x00021bf2	0x00021bf2
0x00021bf6	0x00021bf6
0x00021bfa	0x00021bfa
0x00021bfe	0x00021bfe
0x00021c02	0x00021c02
0x00021c04	0x00021c04
0x00021c1c	0x00021c1c
0x00021c20	0x00021c20
0x00021c22	0x00021c22
0x00021c24	0x00021c24
0x00021c26	0x00021c26
0x00021c28	0x00021c28
0x00021c2a	0x00021c2a
0x00021c2c	0x00021c2c
0x00021c2e	0x00021c2e
0x00021c30	0x00021c30
0x00021c34	0x00021c34
0x00021c36	0x00021c36
0x00021c38	0x00021c38
0x00021c3a	0x00021c3a
0x00021c3c	0x00021c3c
0x00021c3e	0x00021c3e
0x00021c42	0x00021c42
0x00021c46	0x00021c46
0x00021c4a	0x00021c4a
0x00021c4c	0x00021c4c
0x00021c4e	0x00021c4e
0x00021c52	0x00021c52
0x00021c54	0x00021c54
0x00021c56	0x00021c56
0x00021c58	0x00021c58
0x00021c5a	0x00021c5a
0x00021c5c	0x00021c5c
0x00021c5e	0x00021c5e
0x00021c60	0x00021c60
0x00021c62	0x00021c62
0x00021c66	0x00021c66
0x00021c68	0x00021c68
0x00021c6a	0x00021c6a
0x00021c6c	0x00021c6c
0x00021c6e	0x00021c6e
0x00021c70	0x00021c70
0x00021c72	0x00021c72
0x00021c74	0x00021c74
0x00021c76	0x00021c76
0x00021c78	0x00021c78
0x00021c7a	0x00021c7a
0x00021c7c	0x00021c7c
0x00021c80	0x00021c80
0x00021c82	0x00021c82
0x00021c84	0x00021c84
0x00021c86	0x00021c86
0x00021c98	0x00021c98
0x00021c9a	0x00021c9a
0x00021c9c	0x00021c9c
0x00021c9e	0x00021c9e
0x00021ca2	0x00021ca2
0x00021ca6	0x00021ca6
0x00021caa	0x00021caa
0x00021cac	0x00021cac
0x00021cb0	0x00021cb0
0x00021cb4	0x00021cb4
0x00021cb6	0x00021cb6
0x00021cb8	0x00021cb8
0x00021cba	0x00021cba
0x00021cbc	0x00021cbc
0x00021cbe	0x00021cbe
0x00021cc0	0x00021cc0
0x00021cc2	0x00021cc2
0x00021cc4	0x00021cc4
0x00021cc6	0x00021cc6
0x00021cc8	0x00021cc8
0x00021cca	0x00021cca
0x00021ccc	0x00021ccc
0x00021cce	0x00021cce
0x00021cd2	0x00021cd2
0x00021cd4	0x00021cd4
0x00021cd6	0x00021cd6
0x00021cda	0x00021cda
0x00021cdc	0x00021cdc
0x00021cde	0x00021cde
0x00021ce0	0x00021ce0
0x00021ce2	0x00021ce2
0x00021ce4	0x00021ce4
0x00021ce6	0x00021ce6
0x00021ce8	0x00021ce8
0x00021cea	0x00021cea
0x00021cec	0x00021cec
0x00021cee	0x00021cee
0x00021cf0	0x00021cf0
0x00021cf2	0x00021cf2
0x00021cf4	0x00021cf4
0x00021cf6	0x00021cf6
0x00021cf8	0x00021cf8
0x00021cfa	0x00021cfa
0x00021cfc	0x00021cfc
0x00021d00	0x00021d00
0x00021d02	0x00021d02
0x00021d06	0x00021d06
0x00021d08	0x00021d08
0x00021d0c	0x00021d0c
0x00021d10	0x00021d10
0x00021d12	0x00021d12
0x00021d16	0x00021d16
0x00021d1a	0x00021d1a
0x00021d1e	0x00021d1e
0x00021d22	0x00021d22
0x00021d24	0x00021d24
0x00021d26	0x00021d26
0x00021d2a	0x00021d2a
0x00021d2c	0x00021d2c
0x00021d2e	0x00021d2e
0x00021d30	0x00021d30
0x00021d32	0x00021d32
0x00021d34	0x00021d34
0x00021d38	0x00021d38
0x00021d3a	0x00021d3a
0x00021d3c	0x00021d3c
0x00021d3e	0x00021d3e
0x00021d40	0x00021d40
0x00021d42	0x00021d42
0x00021d46	0x00021d46
0x00021d48	0x00021d48
0x00021d4a	0x00021d4a
0x00021d4c	0x00021d4c
0x00021d4e	0x00021d4e
0x00021d50	0x00021d50
0x00021d52	0x00021d52
0x00021d5a	0x00021d5a
0x00021d5c	0x00021d5c
0x00021d5e	0x00021d5e
0x00021d60	0x00021d60
0x00021d62	0x00021d62
0x00021d64	0x00021d64
0x00021d66	0x00021d66
0x00021d68	0x00021d68
0x00021d6a	0x00021d6a
0x00021d6c	0x00021d6c
0x00021d6e	0x00021d6e
0x00021d72	0x00021d72
0x00021d74	0x00021d74
0x00021d76	0x00021d76
0x00021d7a	0x00021d7a
0x00021d7c	0x00021d7c
0x00021d7e	0x00021d7e
0x00021d82	0x00021d82
0x00021d84	0x00021d84
0x00021d86	0x00021d86
0x00021d8a	0x00021d8a
0x00021d8c	0x00021d8c
0x00021d90	0x00021d90
0x00021d92	0x00021d92
0x00021d96	0x00021d96
0x00021d9a	0x00021d9a
0x00021d9e	0x00021d9e
0x00021da2	0x00021da2
0x00021da4	0x00021da4
0x00021da8	0x00021da8
0x00021dac	0x00021dac
0x00021dae	0x00021dae
0x00021db2	0x00021db2
0x00021db6	0x00021db6
0x00021dba	0x00021dba
0x00021dbc	0x00021dbc
0x00021dc0	0x00021dc0
0x00021dc2	0x00021dc2
0x00021dc6	0x00021dc6
0x00021dc8	0x00021dc8
0x00021dca	0x00021dca
0x00021dce	0x00021dce
0x00021dd2	0x00021dd2
0x00021dd6	0x00021dd6
0x00021dd8	0x00021dd8
0x00021ddc	0x00021ddc
0x00021dde	0x00021dde
0x00021de2	0x00021de2
0x00021de4	0x00021de4
0x00021de6	0x00021de6
0x00021de8	0x00021de8
0x00021dea	0x00021dea
0x00021dec	0x00021dec
0x00021dee	0x00021dee
0x00021df0	0x00021df0
0x00021df2	0x00021df2
0x00021df4	0x00021df4
0x00021df8	0x00021df8
0x00021dfc	0x00021dfc
0x00021e00	0x00021e00
0x00021e04	0x00021e04
0x00021e08	0x00021e08
0x00021e0a	0x00021e0a
0x00021e0e	0x00021e0e
0x00021e10	0x00021e10
0x00021e12	0x00021e12
0x00021e14	0x00021e14
0x00021e16	0x00021e16
0x00021e18	0x00021e18
0x00021e1a	0x00021e1a
0x00021e1c	0x00021e1c
0x00021e1e	0x00021e1e
0x00021e20	0x00021e20
0x00021e22	0x00021e22
0x00021e24	0x00021e24
0x00021e28	0x00021e28
0x00021e2a	0x00021e2a
0x00021e2e	0x00021e2e
0x00021e30	0x00021e30
0x00021e32	0x00021e32
0x00021e34	0x00021e34
0x00021e36	0x00021e36
0x00021e38	0x00021e38
0x00021e3a	0x00021e3a
0x00021e3e	0x00021e3e
0x00021e40	0x00021e40
0x00021e42	0x00021e42
0x00021e44	0x00021e44
0x00021e48	0x00021e48
0x00021e4a	0x00021e4a
0x00021e4e	0x00021e4e
0x00021e52	0x00021e52
0x00021e54	0x00021e54
0x00021e88	0x00021e88
0x00021e8a	0x00021e8a
0x00021e8c	0x00021e8c
0x00021e90	0x00021e90
0x00021e92	0x00021e92
0x00021e94	0x00021e94
0x00021e96	0x00021e96
0x00021e98	0x00021e98
0x00021e9a	0x00021e9a
0x00021e9e	0x00021e9e
0x00021ea2	0x00021ea2
0x00021ea6	0x00021ea6
0x00021ea8	0x00021ea8
0x00021eaa	0x00021eaa
0x00021eb0	0x00021eb0
0x00021eb2	0x00021eb2
0x00021eb4	0x00021eb4
0x00021eb6	0x00021eb6
0x00021eb8	0x00021eb8
0x00021ebc	0x00021ebc
0x00021ebe	0x00021ebe
0x00021ec0	0x00021ec0
0x00021ec2	0x00021ec2
0x00021ec4	0x00021ec4
0x00021ed0	0x00021ed0
0x00021ed2	0x00021ed2
0x00021ed4	0x00021ed4
0x00021ed6	0x00021ed6
0x00021ed8	0x00021ed8
0x00021eda	0x00021eda
0x00021edc	0x00021edc
0x00021ee0	0x00021ee0
0x00021ee2	0x00021ee2
0x00021ee4	0x00021ee4
0x00021ee8	0x00021ee8
0x00021eea	0x00021eea
0x00021eee	0x00021eee
0x00021ef0	0x00021ef0
0x00021ef4	0x00021ef4
0x00021ef6	0x00021ef6
0x00021ef8	0x00021ef8
0x00021efa	0x00021efa
0x00021efe	0x00021efe
0x00021f00	0x00021f00
0x00021f02	0x00021f02
0x00021f04	0x00021f04
0x00021f06	0x00021f06
0x00021f08	0x00021f08
0x00021f0c	0x00021f0c
0x00021f0e	0x00021f0e
0x00021f12	0x00021f12
0x00021f14	0x00021f14
0x00021f16	0x00021f16
0x00021f1a	0x00021f1a
0x00021f1c	0x00021f1c
0x00021f20	0x00021f20
0x00021f22	0x00021f22
0x00021f24	0x00021f24
0x00021f28	0x00021f28
0x00021f2a	0x00021f2a
0x00021f2c	0x00021f2c
0x00021f30	0x00021f30
0x00021f32	0x00021f32
0x00021f34	0x00021f34
0x00021f38	0x00021f38
0x00021f3c	0x00021f3c
0x00021f40	0x00021f40
0x00021f44	0x00021f44
0x00021f46	0x00021f46
0x00021f48	0x00021f48
0x00021f4c	0x00021f4c
0x00021f50	0x00021f50
0x00021f54	0x00021f54
0x00021f56	0x00021f56
0x00021f58	0x00021f58
0x00021f5a	0x00021f5a
0x00021f60	0x00021f60
0x00021f62	0x00021f62
0x00021f64	0x00021f64
0x00021f68	0x00021f68
0x00021f6c	0x00021f6c
0x00021f6e	0x00021f6e
0x00021f70	0x00021f70
0x00021f74	0x00021f74
0x00021f78	0x00021f78
0x00021f7c	0x00021f7c
0x00021f80	0x00021f80
0x00021f82	0x00021f82
0x00021f84	0x00021f84
0x00021f88	0x00021f88
0x00021f8c	0x00021f8c
0x00021f90	0x00021f90
0x00021f94	0x00021f94
0x00021f96	0x00021f96
0x00021f98	0x00021f98
0x00021f9a	0x00021f9a
0x00021f9c	0x00021f9c
0x00021f9e	0x00021f9e
0x00021fa2	0x00021fa2
0x00021fa6	0x00021fa6
0x00021faa	0x00021faa
0x00021fae	0x00021fae
0x00021fb0	0x00021fb0
0x00021fb2	0x00021fb2
0x00021fb6	0x00021fb6
0x00021fba	0x00021fba
0x00021fbc	0x00021fbc
0x00021fc4	0x00021fc4
0x00021fc8	0x00021fc8
0x00021fca	0x00021fca
0x00021fcc	0x00021fcc
0x00021fd0	0x00021fd0
0x00021fd2	0x00021fd2
0x00021fd4	0x00021fd4
0x00021fd8	0x00021fd8
0x00021fda	0x00021fda
0x00021fdc	0x00021fdc
0x00021fde	0x00021fde
0x00021fe0	0x00021fe0
0x00021fe2	0x00021fe2
0x00021fe4	0x00021fe4
0x00021fe6	0x00021fe6
0x00021fe8	0x00021fe8
0x00021fea	0x00021fea
0x00021fec	0x00021fec
0x00021fee	0x00021fee
0x00021ff0	0x00021ff0
0x00021ff2	0x00021ff2
0x00021ff4	0x00021ff4
0x00021ff6	0x00021ff6
0x00021ff8	0x00021ff8
0x00021ffc	0x00021ffc
0x00021ffe	0x00021ffe
0x00022002	0x00022002
0x00022004	0x00022004
0x00022008	0x00022008
0x0002200c	0x0002200c
0x0002200e	0x0002200e
0x00022012	0x00022012
0x00022016	0x00022016
0x0002201a	0x0002201a
0x0002201e	0x0002201e
0x00022020	0x00022020
0x00022022	0x00022022
0x00022026	0x00022026
0x00022028	0x00022028
0x0002202a	0x0002202a
0x0002202c	0x0002202c
0x0002202e	0x0002202e
0x00022030	0x00022030
0x00022034	0x00022034
0x00022036	0x00022036
0x00022038	0x00022038
0x0002203a	0x0002203a
0x0002203c	0x0002203c
0x0002203e	0x0002203e
0x00022042	0x00022042
0x00022044	0x00022044
0x00022046	0x00022046
0x0002204a	0x0002204a
0x0002204c	0x0002204c
0x0002204e	0x0002204e
0x00022052	0x00022052
0x00022054	0x00022054
0x00022056	0x00022056
0x0002205a	0x0002205a
0x0002205c	0x0002205c
0x0002205e	0x0002205e
0x00022062	0x00022062
0x00022064	0x00022064
0x00022066	0x00022066
0x0002206a	0x0002206a
0x0002206c	0x0002206c
0x0002206e	0x0002206e
0x00022072	0x00022072
0x00022074	0x00022074
0x00022076	0x00022076
0x00022078	0x00022078
0x0002207a	0x0002207a
0x0002207c	0x0002207c
0x0002207e	0x0002207e
0x00022080	0x00022080
0x00022082	0x00022082
0x00022084	0x00022084
0x00022090	0x00022090
0x00022092	0x00022092
0x00022094	0x00022094
0x00022096	0x00022096
0x00022098	0x00022098
0x0002209a	0x0002209a
0x0002209c	0x0002209c
0x0002209e	0x0002209e
0x000220a0	0x000220a0
0x000220a2	0x000220a2
0x000220a4	0x000220a4
0x000220a6	0x000220a6
0x000220a8	0x000220a8
0x000220aa	0x000220aa
0x000220ac	0x000220ac
0x000220ae	0x000220ae
0x000220b0	0x000220b0
0x000220b2	0x000220b2
0x000220b4	0x000220b4
0x000220b6	0x000220b6
0x000220b8	0x000220b8
0x000220ba	0x000220ba
0x000220bc	0x000220bc
0x000220be	0x000220be
0x000220c0	0x000220c0
0x000220c2	0x000220c2
0x000220c4	0x000220c4
0x000220c6	0x000220c6
0x000220c8	0x000220c8
0x000220ca	0x000220ca
0x000220cc	0x000220cc
0x000220ce	0x000220ce
0x000220d0	0x000220d0
0x000220d4	0x000220d4
0x000220d8	0x000220d8
0x000220da	0x000220da
0x000220de	0x000220de
0x000220e2	0x000220e2
0x000220e6	0x000220e6
0x000220e8	0x000220e8
0x000220ea	0x000220ea
0x000220ec	0x000220ec
0x000220ee	0x000220ee
0x000220f2	0x000220f2
0x000220f4	0x000220f4
0x000220f6	0x000220f6
0x000220f8	0x000220f8
0x000220fa	0x000220fa
0x000220fc	0x000220fc
0x00022100	0x00022100
0x00022102	0x00022102
0x00022106	0x00022106
0x0002210a	0x0002210a
0x0002210c	0x0002210c
0x00022110	0x00022110
0x00022114	0x00022114
0x00022118	0x00022118
0x0002211a	0x0002211a
0x0002211e	0x0002211e
0x00022120	0x00022120
0x00022124	0x00022124
0x00022126	0x00022126
0x00022128	0x00022128
0x0002212c	0x0002212c
0x00022130	0x00022130
0x00022134	0x00022134
0x00022136	0x00022136
0x0002213a	0x0002213a
0x0002213c	0x0002213c
0x00022140	0x00022140
0x00022142	0x00022142
0x00022144	0x00022144
0x00022146	0x00022146
0x00022148	0x00022148
0x0002214a	0x0002214a
0x0002214c	0x0002214c
0x0002214e	0x0002214e
0x00022150	0x00022150
0x00022152	0x00022152
0x00022156	0x00022156
0x0002215a	0x0002215a
0x0002215e	0x0002215e
0x00022162	0x00022162
0x00022166	0x00022166
0x00022168	0x00022168
0x0002216c	0x0002216c
0x0002216e	0x0002216e
0x00022170	0x00022170
0x00022172	0x00022172
0x00022174	0x00022174
0x00022176	0x00022176
0x00022178	0x00022178
0x0002217a	0x0002217a
0x0002217c	0x0002217c
0x0002217e	0x0002217e
0x00022180	0x00022180
0x00022182	0x00022182
0x00022184	0x00022184
0x00022186	0x00022186
0x0002218a	0x0002218a
0x0002218c	0x0002218c
0x00022190	0x00022190
0x00022192	0x00022192
0x00022194	0x00022194
0x00022196	0x00022196
0x00022198	0x00022198
0x0002219a	0x0002219a
0x0002219c	0x0002219c
0x0002219e	0x0002219e
0x000221a2	0x000221a2
0x000221a4	0x000221a4
0x000221a6	0x000221a6
0x000221a8	0x000221a8
0x000221ac	0x000221ac
0x000221ae	0x000221ae
0x000221b2	0x000221b2
0x000221b6	0x000221b6
0x000221b8	0x000221b8
0x000221bc	0x000221bc
0x000221be	0x000221be
0x000221f4	0x000221f4
0x000221f6	0x000221f6
0x000221fa	0x000221fa
0x000221fc	0x000221fc
0x000221fe	0x000221fe
0x00022200	0x00022200
0x00022202	0x00022202
0x00022204	0x00022204
0x00022206	0x00022206
0x00022208	0x00022208
0x0002220a	0x0002220a
0x0002220c	0x0002220c
0x0002220e	0x0002220e
0x00022210	0x00022210
0x00022212	0x00022212
0x00022216	0x00022216
0x00022218	0x00022218
0x0002221a	0x0002221a
0x0002221c	0x0002221c
0x00022220	0x00022220
0x00022222	0x00022222
0x00022224	0x00022224
0x00022226	0x00022226
0x00022228	0x00022228
0x0002222c	0x0002222c
0x0002222e	0x0002222e
0x00022230	0x00022230
0x00022232	0x00022232
0x00022234	0x00022234
0x00022236	0x00022236
0x00022244	0x00022244
0x00022248	0x00022248
0x0002224a	0x0002224a
0x0002224c	0x0002224c
0x00022250	0x00022250
0x00022254	0x00022254
0x00022258	0x00022258
0x0002225c	0x0002225c
0x0002225e	0x0002225e
0x00022260	0x00022260
0x00022264	0x00022264
0x00022266	0x00022266
0x00022268	0x00022268
0x0002226a	0x0002226a
0x0002226e	0x0002226e
0x00022270	0x00022270
0x00022272	0x00022272
0x00022274	0x00022274
0x00022276	0x00022276
0x00022278	0x00022278
0x0002227c	0x0002227c
0x0002227e	0x0002227e
0x00022282	0x00022282
0x00022286	0x00022286
0x00022288	0x00022288
0x0002228c	0x0002228c
0x0002228e	0x0002228e
0x00022292	0x00022292
0x00022294	0x00022294
0x00022296	0x00022296
0x00022298	0x00022298
0x0002229a	0x0002229a
0x0002229c	0x0002229c
0x0002229e	0x0002229e
0x000222a2	0x000222a2
0x000222a4	0x000222a4
0x000222a6	0x000222a6
0x000222a8	0x000222a8
0x000222ac	0x000222ac
0x000222b0	0x000222b0
0x000222b4	0x000222b4
0x000222b6	0x000222b6
0x000222b8	0x000222b8
0x000222bc	0x000222bc
0x000222c0	0x000222c0
0x000222c2	0x000222c2
0x000222c4	0x000222c4
0x000222c6	0x000222c6
0x000222c8	0x000222c8
0x000222ca	0x000222ca
0x000222ce	0x000222ce
0x000222d2	0x000222d2
0x000222d4	0x000222d4
0x000222d8	0x000222d8
0x000222da	0x000222da
0x000222de	0x000222de
0x000222e2	0x000222e2
0x000222e4	0x000222e4
0x000222e6	0x000222e6
0x000222e8	0x000222e8
0x000222ec	0x000222ec
0x000222ee	0x000222ee
0x000222f0	0x000222f0
0x000222f4	0x000222f4
0x000222f6	0x000222f6
0x000222f8	0x000222f8
0x000222fc	0x000222fc
0x000222fe	0x000222fe
0x00022302	0x00022302
0x00022306	0x00022306
0x0002230a	0x0002230a
0x0002230e	0x0002230e
0x00022312	0x00022312
0x00022314	0x00022314
0x00022316	0x00022316
0x0002231a	0x0002231a
0x0002231c	0x0002231c
0x0002231e	0x0002231e
0x00022320	0x00022320
0x00022322	0x00022322
0x00022324	0x00022324
0x00022326	0x00022326
0x00022328	0x00022328
0x0002232a	0x0002232a
0x0002232c	0x0002232c
0x00022330	0x00022330
0x00022332	0x00022332
0x00022334	0x00022334
0x00022336	0x00022336
0x0002233a	0x0002233a
0x0002233c	0x0002233c
0x0002233e	0x0002233e
0x00022340	0x00022340
0x00022344	0x00022344
0x00022346	0x00022346
0x0002234a	0x0002234a
0x0002234c	0x0002234c
0x0002234e	0x0002234e
0x00022350	0x00022350
0x00022352	0x00022352
0x00022354	0x00022354
0x00022356	0x00022356
0x00022358	0x00022358
0x0002235a	0x0002235a
0x0002235c	0x0002235c
0x0002235e	0x0002235e
0x00022360	0x00022360
0x00022362	0x00022362
0x00022364	0x00022364
0x00022366	0x00022366
0x00022368	0x00022368
0x0002236a	0x0002236a
0x0002236e	0x0002236e
0x00022370	0x00022370
0x00022374	0x00022374
0x00022378	0x00022378
0x0002237a	0x0002237a
0x0002237c	0x0002237c
0x00022380	0x00022380
0x00022384	0x00022384
0x00022388	0x00022388
0x0002238c	0x0002238c
0x00022390	0x00022390
0x00022392	0x00022392
0x00022394	0x00022394
0x00022398	0x00022398
0x0002239a	0x0002239a
0x0002239c	0x0002239c
0x0002239e	0x0002239e
0x000223a2	0x000223a2
0x000223a6	0x000223a6
0x000223a8	0x000223a8
0x000223aa	0x000223aa
0x000223ac	0x000223ac
0x000223ae	0x000223ae
0x000223b2	0x000223b2
0x000223b6	0x000223b6
0x000223b8	0x000223b8
0x000223ba	0x000223ba
0x000223bc	0x000223bc
0x000223c0	0x000223c0
0x000223c2	0x000223c2
0x000223c6	0x000223c6
0x000223ca	0x000223ca
0x000223cc	0x000223cc
0x000223ce	0x000223ce
0x000223d2	0x000223d2
0x000223d6	0x000223d6
0x000223da	0x000223da
0x000223de	0x000223de
0x000223e2	0x000223e2
0x000223e4	0x000223e4
0x000223e6	0x000223e6
0x000223ea	0x000223ea
0x000223ec	0x000223ec
0x000223ee	0x000223ee
0x000223f0	0x000223f0
0x000223f4	0x000223f4
0x000223f8	0x000223f8
0x000223fa	0x000223fa
0x000223fc	0x000223fc
0x000223fe	0x000223fe
0x00022400	0x00022400
0x00022402	0x00022402
0x00022404	0x00022404
0x00022406	0x00022406
0x00022408	0x00022408
0x0002240a	0x0002240a
0x0002240e	0x0002240e
0x00022412	0x00022412
0x00022416	0x00022416
0x0002241a	0x0002241a
0x0002241e	0x0002241e
0x00022422	0x00022422
0x00022424	0x00022424
0x00022426	0x00022426
0x00022428	0x00022428
0x0002242a	0x0002242a
0x0002242e	0x0002242e
0x00022432	0x00022432
0x00022434	0x00022434
0x00022436	0x00022436
0x00022438	0x00022438
0x0002243a	0x0002243a
0x0002243c	0x0002243c
0x0002243e	0x0002243e
0x00022440	0x00022440
0x00022444	0x00022444
0x00022446	0x00022446
0x00022448	0x00022448
0x0002244a	0x0002244a
0x0002244c	0x0002244c
0x0002244e	0x0002244e
0x00022450	0x00022450
0x00022452	0x00022452
0x00022454	0x00022454
0x00022458	0x00022458
0x0002245a	0x0002245a
0x0002245e	0x0002245e
0x00022462	0x00022462
0x00022464	0x00022464
0x00022468	0x00022468
0x0002246c	0x0002246c
0x0002246e	0x0002246e
0x00022470	0x00022470
0x00022472	0x00022472
0x00022474	0x00022474
0x00022476	0x00022476
0x00022478	0x00022478
0x0002247a	0x0002247a
0x0002247c	0x0002247c
0x0002247e	0x0002247e
0x00022480	0x00022480
0x00022482	0x00022482
0x00022484	0x00022484
0x00022486	0x00022486
0x00022488	0x00022488
0x0002248a	0x0002248a
0x0002248c	0x0002248c
0x0002248e	0x0002248e
0x00022490	0x00022490
0x00022494	0x00022494
0x00022496	0x00022496
0x00022498	0x00022498
0x0002249c	0x0002249c
0x0002249e	0x0002249e
0x000224a0	0x000224a0
0x000224a2	0x000224a2
0x000224a4	0x000224a4
0x000224a8	0x000224a8
0x000224aa	0x000224aa
0x000224ac	0x000224ac
0x000224b0	0x000224b0
0x000224b2	0x000224b2
0x000224b4	0x000224b4
0x000224b8	0x000224b8
0x000224ba	0x000224ba
0x000224bc	0x000224bc
0x000224c0	0x000224c0
0x000224c2	0x000224c2
0x000224c4	0x000224c4
0x000224c6	0x000224c6
0x000224ca	0x000224ca
0x000224cc	0x000224cc
0x000224ce	0x000224ce
0x000224d0	0x000224d0
0x000224d2	0x000224d2
0x000224d4	0x000224d4
0x000224d8	0x000224d8
0x000224da	0x000224da
0x000224dc	0x000224dc
0x000224de	0x000224de
0x000224e0	0x000224e0
0x000224e2	0x000224e2
0x000224e4	0x000224e4
0x000224e6	0x000224e6
0x000224e8	0x000224e8
0x000224ea	0x000224ea
0x000224ec	0x000224ec
0x000224ee	0x000224ee
0x000224f0	0x000224f0
0x000224f2	0x000224f2
0x000224f4	0x000224f4
0x000224f8	0x000224f8
0x000224fa	0x000224fa
0x000224fc	0x000224fc
0x000224fe	0x000224fe
0x00022502	0x00022502
0x00022504	0x00022504
0x00022508	0x00022508
0x0002250a	0x0002250a
0x0002250e	0x0002250e
0x00022570	0x00022570
0x00022572	0x00022572
0x00022574	0x00022574
0x00022576	0x00022576
0x0002257a	0x0002257a
0x0002257c	0x0002257c
0x00022580	0x00022580
0x00022584	0x00022584
0x00022588	0x00022588
0x0002258c	0x0002258c
0x0002258e	0x0002258e
0x00022590	0x00022590
0x00022592	0x00022592
0x00022594	0x00022594
0x00022596	0x00022596
0x00022598	0x00022598
0x0002259a	0x0002259a
0x0002259c	0x0002259c
0x0002259e	0x0002259e
0x000225a0	0x000225a0
0x000225a2	0x000225a2
0x000225a4	0x000225a4
0x000225a6	0x000225a6
0x000225aa	0x000225aa
0x000225ac	0x000225ac
0x000225ae	0x000225ae
0x000225b2	0x000225b2
0x000225b6	0x000225b6
0x000225b8	0x000225b8
0x000225bc	0x000225bc
0x000225be	0x000225be
0x000225c2	0x000225c2
0x000225c6	0x000225c6
0x000225c8	0x000225c8
0x000225ca	0x000225ca
0x000225cc	0x000225cc
0x000225d0	0x000225d0
0x000225d2	0x000225d2
0x000225d6	0x000225d6
0x000225da	0x000225da
0x000225dc	0x000225dc
0x000225e0	0x000225e0
0x000225e4	0x000225e4
0x000225e6	0x000225e6
0x000225ea	0x000225ea
0x000225ee	0x000225ee
0x000225f2	0x000225f2
0x000225f4	0x000225f4
0x000225f6	0x000225f6
0x000225f8	0x000225f8
0x000225fa	0x000225fa
0x000225fe	0x000225fe
0x00022602	0x00022602
0x00022604	0x00022604
0x00022608	0x00022608
0x0002260c	0x0002260c
0x0002260e	0x0002260e
0x00022612	0x00022612
0x00022614	0x00022614
0x00022616	0x00022616
0x0002261a	0x0002261a
0x0002261e	0x0002261e
0x00022620	0x00022620
0x00022622	0x00022622
0x00022624	0x00022624
0x00022626	0x00022626
0x00022628	0x00022628
0x0002262a	0x0002262a
0x0002262c	0x0002262c
0x0002262e	0x0002262e
0x00022632	0x00022632
0x00022634	0x00022634
0x00022636	0x00022636
0x0002263a	0x0002263a
0x0002263c	0x0002263c
0x0002263e	0x0002263e
0x00022642	0x00022642
0x00022644	0x00022644
0x00022646	0x00022646
0x00022658	0x00022658
0x0002265a	0x0002265a
0x0002265e	0x0002265e
0x00022662	0x00022662
0x00022666	0x00022666
0x00022668	0x00022668
0x0002266a	0x0002266a
0x0002266e	0x0002266e
0x00022672	0x00022672
0x00022676	0x00022676
0x00022678	0x00022678
0x0002267c	0x0002267c
0x00022680	0x00022680
0x00022682	0x00022682
0x00022684	0x00022684
0x00022688	0x00022688
0x0002268a	0x0002268a
0x0002268c	0x0002268c
0x00022690	0x00022690
0x00022692	0x00022692
0x00022694	0x00022694
0x00022696	0x00022696
0x0002269a	0x0002269a
0x0002269c	0x0002269c
0x000226a0	0x000226a0
0x000226a4	0x000226a4
0x000226a8	0x000226a8
0x000226aa	0x000226aa
0x000226ac	0x000226ac
0x000226b0	0x000226b0
0x000226b2	0x000226b2
0x000226b4	0x000226b4
0x000226b8	0x000226b8
0x000226bc	0x000226bc
0x000226be	0x000226be
0x000226c0	0x000226c0
0x000226c4	0x000226c4
0x000226c8	0x000226c8
0x000226ca	0x000226ca
0x000226cc	0x000226cc
0x000226d0	0x000226d0
0x000226d4	0x000226d4
0x000226d6	0x000226d6
0x000226d8	0x000226d8
0x000226dc	0x000226dc
0x000226e0	0x000226e0
0x000226e2	0x000226e2
0x000226e4	0x000226e4
0x000226e8	0x000226e8
0x000226ea	0x000226ea
0x000226ee	0x000226ee
0x000226f2	0x000226f2
0x000226f4	0x000226f4
0x000226f6	0x000226f6
0x000226fa	0x000226fa
0x000226fe	0x000226fe
0x00022702	0x00022702
0x00022704	0x00022704
0x00022708	0x00022708
0x0002270a	0x0002270a
0x0002270e	0x0002270e
0x00022712	0x00022712
0x00022716	0x00022716
0x0002271a	0x0002271a
0x0002271e	0x0002271e
0x00022722	0x00022722
0x00022726	0x00022726
0x0002272a	0x0002272a
0x0002272e	0x0002272e
0x00022732	0x00022732
0x00022736	0x00022736
0x0002273a	0x0002273a
0x0002273c	0x0002273c
0x00022740	0x00022740
0x00022744	0x00022744
0x00022746	0x00022746
0x00022748	0x00022748
0x0002274c	0x0002274c
0x0002274e	0x0002274e
0x00022752	0x00022752
0x00022754	0x00022754
0x00022756	0x00022756
0x00022758	0x00022758
0x0002275c	0x0002275c
0x00022760	0x00022760
0x00022764	0x00022764
0x00022768	0x00022768
0x0002276c	0x0002276c
0x00022770	0x00022770
0x00022772	0x00022772
0x00022776	0x00022776
0x0002277a	0x0002277a
0x0002277e	0x0002277e
0x00022782	0x00022782
0x00022786	0x00022786
0x00022788	0x00022788
0x0002278a	0x0002278a
0x0002278c	0x0002278c
0x00022790	0x00022790
0x00022792	0x00022792
0x00022796	0x00022796
0x00022798	0x00022798
0x0002279a	0x0002279a
0x0002279c	0x0002279c
0x0002279e	0x0002279e
0x000227a2	0x000227a2
0x000227a4	0x000227a4
0x000227a6	0x000227a6
0x000227aa	0x000227aa
0x000227ae	0x000227ae
0x000227b2	0x000227b2
0x000227b4	0x000227b4
0x000227b6	0x000227b6
0x000227ba	0x000227ba
0x000227bc	0x000227bc
0x000227c0	0x000227c0
0x000227c2	0x000227c2
0x000227c4	0x000227c4
0x000227c8	0x000227c8
0x000227cc	0x000227cc
0x000227d0	0x000227d0
0x000227d2	0x000227d2
0x000227d6	0x000227d6
0x000227d8	0x000227d8
0x000227da	0x000227da
0x000227de	0x000227de
0x000227e0	0x000227e0
0x000227e2	0x000227e2
0x000227e6	0x000227e6
0x000227e8	0x000227e8
0x000227ea	0x000227ea
0x000227ec	0x000227ec
0x000227f0	0x000227f0
0x000227f4	0x000227f4
0x000227f8	0x000227f8
0x000227fa	0x000227fa
0x000227fe	0x000227fe
0x00022802	0x00022802
0x00022804	0x00022804
0x00022808	0x00022808
0x0002280c	0x0002280c
0x0002280e	0x0002280e
0x00022810	0x00022810
0x00022814	0x00022814
0x00022816	0x00022816
0x00022818	0x00022818
0x0002281c	0x0002281c
0x0002281e	0x0002281e
0x00022820	0x00022820
0x00022822	0x00022822
0x00022826	0x00022826
0x00022828	0x00022828
0x0002282c	0x0002282c
0x000228c0	0x000228c0
0x000228c2	0x000228c2
0x000228ce	0x000228ce
0x000228d0	0x000228d0
0x000228d2	0x000228d2
0x000228d6	0x000228d6
0x000228d8	0x000228d8
0x000228da	0x000228da
0x000228de	0x000228de
0x000228e0	0x000228e0
0x000228e4	0x000228e4
0x000228e6	0x000228e6
0x000228e8	0x000228e8
0x000228ec	0x000228ec
0x000228ee	0x000228ee
0x000228f0	0x000228f0
0x000228f4	0x000228f4
0x000228f6	0x000228f6
0x000228f8	0x000228f8
0x000228fa	0x000228fa
0x000228fc	0x000228fc
0x00022902	0x00022902
0x00022904	0x00022904
0x00022906	0x00022906
0x00022908	0x00022908
0x0002290c	0x0002290c
0x00022910	0x00022910
0x00022912	0x00022912
0x00022914	0x00022914
0x00022918	0x00022918
0x0002291c	0x0002291c
0x00022920	0x00022920
0x00022922	0x00022922
0x00022924	0x00022924
0x00022926	0x00022926
0x0002292a	0x0002292a
0x0002292e	0x0002292e
0x00022932	0x00022932
0x00022936	0x00022936
0x00022938	0x00022938
0x0002293e	0x0002293e
0x00022942	0x00022942
0x00022944	0x00022944
0x00022948	0x00022948
0x0002294a	0x0002294a
0x00022950	0x00022950
0x00022954	0x00022954
0x00022958	0x00022958
0x0002295c	0x0002295c
0x00022960	0x00022960
0x00022962	0x00022962
0x00022968	0x00022968
0x0002296c	0x0002296c
0x00022970	0x00022970
0x00022974	0x00022974
0x00022978	0x00022978
0x0002297a	0x0002297a
0x00022980	0x00022980
0x00022984	0x00022984
0x00022986	0x00022986
0x0002298a	0x0002298a
0x0002298c	0x0002298c
0x0002298e	0x0002298e
0x00022990	0x00022990
0x00022992	0x00022992
0x00022994	0x00022994
0x00022996	0x00022996
0x00022998	0x00022998
0x0002299a	0x0002299a
0x0002299c	0x0002299c
0x0002299e	0x0002299e
0x000229a0	0x000229a0
0x000229a6	0x000229a6
0x000229a8	0x000229a8
0x000229b0	0x000229b0
0x000229b8	0x000229b8
0x000229c0	0x000229c0
0x000229c8	0x000229c8
0x000229cc	0x000229cc
0x000229d0	0x000229d0
0x000229dc	0x000229dc
0x000229e0	0x000229e0
0x000229e4	0x000229e4
0x000229e8	0x000229ec
0x000229ec	0x000229f0
0x000229f0	0x000229f4
0x000229f4	0x000229f8
0x000229f8	0x000229fc
0x000229fc	0x00022a00
0x00022a00	0x00022a04
0x00022a04	0x00022a08
0x00022a08	0x00022a0c
0x00022a0c	0x00022a10
0x00022a10	0x00022a14
0x00022a14	0x00022a18
0x00022a18	0x00022a1c
0x00022a1c	0x00022a20
0x00022a20	0x00022a24
0x00022a24	0x00022a28
0x00022a28	0x00022a2c
0x00022a2c	0x00022a30
0x00022a30	0x00022a34
0x00022a34	0x00022a38
0x00022a38	0x00022a3c
0x00022a3c	0x00022a40
0x00022a40	0x00022a44
0x00022a44	0x00022a48
0x00022a48	0x00022a4c
0x00022a4c	0x00022a50
0x00022a50	0x00022a54
0x00022a54	0x00022a58
0x00022a58	0x00022a5c
0x00022a5c	0x00022a60
0x00022a60	0x00022a64
0x00022a64	0x00022a68
0x00022a66	0x00022a6a
0x00022a68	0x00022a6c
0x00022a6a	0x00022a6e
0x00022a6e	0x00022a72
0x00022a72	0x00022a76
0x00022a74	0x00022a78
0x00022a78	0x00022a7c
0x00022a7c	0x00022a80
0x00022a80	0x00022a84
0x00022a84	0x00022a88
0x00022a88	0x00022a8c
0x00022a8c	0x00022a90
0x00022a90	0x00022a94
0x00022a94	0x00022a98
0x00022a98	0x00022a9c
0x00022a9a	0x00022a9e
0x00022a9e	0x00022aa2
0x00022aa2	0x00022aa6
0x00022aa6	0x00022aaa
0x00022aaa	0x00022aae
0x00022aae	0x00022ab2
0x00022ab2	0x00022ab6
0x00022ab6	0x00022aba
0x00022aba	0x00022abe
0x00022abe	0x00022ac2
0x00022ac0	0x00022ac4
0x00022ac4	0x00022ac8
0x00022ac8	0x00022acc
0x00022acc	0x00022ad0
0x00022ad0	0x00022ad4
0x00022ad4	0x00022ad8
0x00022ad8	0x00022adc
0x00022adc	0x00022ae0
0x00022ade	0x00022ae2
0x00022ae2	0x00022ae6
0x00022ae4	0x00022ae8
0x00022ae8	0x00022aec
0x00022aec	0x00022af0
0x00022af0	0x00022af4
0x00022af4	0x00022af8
0x00022af8	0x00022afc
0x00022afc	0x00022b00
0x00022b00	0x00022b04
0x00022b04	0x00022b08
0x00022b08	0x00022b0c
0x00022b0c	0x00022b10
0x00022b10	0x00022b14
0x00022b14	0x00022b18
0x00022b18	0x00022b1c
0x00022b1c	0x00022b20
0x00022b20	0x00022b24
0x00022b24	0x00022b28
0x00022b28	0x00022b2c
0x00022b2c	0x00022b30
0x00022b30	0x00022b34
0x00022b34	0x00022b38
0x00022b38	0x00022b3c
0x00022b3a	0x00022b3e
0x00022b3c	0x00022b40
0x00022b40	0x00022b44
0x00022b42	0x00022b46
0x00022b48	0x00022b4c
0x00022b4e	0x00022b56
0x00022b5a	0x00022b62
0x00022b6a	0x00022b6e
0x00022b78	0x00022b7c
0x00022b7c	0x00022b80
0x00022b80	0x00022b84
0x00022c10	0x00022c14
0x00022c16	0x00022c1a
0x00022c18	0x00022c1c
0x00022c1c	0x00022c20
0x00022c20	0x00022c24
0x00022c22	0x00022c26
0x00022c24	0x00022c28
0x00022c28	0x00022c2c
0x00022c2a	0x00022c2e
0x00022c2c	0x00022c30
0x00022c30	0x00022c34
0x00022c34	0x00022c38
0x00022c36	0x00022c3a
0x00022c3a	0x00022c3e
0x00022c3c	0x00022c40
0x00022c40	0x00022c44
0x00022c42	0x00022c46
0x00022c44	0x00022c48
0x00022c46	0x00022c4a
0x00022c4a	0x00022c4e
0x00022c4c	0x00022c50
0x00022c4e	0x00022c52
0x00022c50	0x00022c54
0x00022c52	0x00022c56
0x00022c54	0x00022c58
0x00022c56	0x00022c5a
0x00022c5a	0x00022c5e
0x00022c5c	0x00022c60
0x00022c5e	0x00022c62
0x00022c60	0x00022c64
0x00022c62	0x00022c66
0x00022c64	0x00022c68
0x00022c68	0x00022c6c
0x00022c6a	0x00022c6e
0x00022c6e	0x00022c72
0x00022c70	0x00022c74
0x00022c74	0x00022c78
0x00022c76	0x00022c7a
0x00022c7a	0x00022c7e
0x00022c7c	0x00022c80
0x00022c7e	0x00022c82
0x00022c80	0x00022c84
0x00022c84	0x00022c88
0x00022c86	0x00022c8a
0x00022c88	0x00022c8c
0x00022c8a	0x00022c8e
0x00022c8c	0x00022c90
0x00022c90	0x00022c94
0x00022ca8	0x00022cac
0x00022cac	0x00022cb0
0x00022cae	0x00022cb2
0x00022cb2	0x00022cb6
0x00022cb4	0x00022cb8
0x00022cb6	0x00022cba
0x00022cb8	0x00022cbc
0x00022cba	0x00022cbe
0x00022cbc	0x00022cc0
0x00022cbe	0x00022cc2
0x00022cc0	0x00022cc4
0x00022cc2	0x00022cc6
0x00022cc4	0x00022cc8
0x00022cc6	0x00022cca
0x00022cc8	0x00022ccc
0x00022cca	0x00022cce
0x00022ccc	0x00022cd0
0x00022cce	0x00022cd2
0x00022cd0	0x00022cd4
0x00022cd2	0x00022cd6
0x00022cd4	0x00022cd8
0x00022cd6	0x00022cda
0x00022cd8	0x00022cdc
0x00022cdc	0x00022ce0
0x00022cde	0x00022ce2
0x00022ce2	0x00022ce6
0x00022ce6	0x00022cea
0x00022cea	0x00022cee
0x00022cee	0x00022cf2
0x00022cf2	0x00022cf6
0x00022cf6	0x00022cfa
0x00022cf8	0x00022cfc
0x00022cfa	0x00022cfe
0x00022cfe	0x00022d02
0x00022d02	0x00022d06
0x00022d04	0x00022d08
0x00022d08	0x00022d0c
0x00022d0a	0x00022d0e
0x00022d0c	0x00022d10
0x00022d10	0x00022d14
0x00022d14	0x00022d18
0x00022d16	0x00022d1a
0x00022d1a	0x00022d1e
0x00022d1c	0x00022d20
0x00022d1e	0x00022d22
0x00022d20	0x00022d24
0x00022d22	0x00022d26
0x00022d26	0x00022d2a
0x00022d28	0x00022d2c
0x00022d2a	0x00022d2e
0x00022d2e	0x00022d32
0x00022d30	0x00022d34
0x00022d32	0x00022d36
0x00022d34	0x00022d38
0x00022d36	0x00022d3a
0x00022d38	0x00022d3c
0x00022d3a	0x00022d3e
0x00022d3e	0x00022d42
0x00022d42	0x00022d46
0x00022d46	0x00022d4a
0x00022d48	0x00022d4c
0x00022d4a	0x00022d4e
0x00022d4e	0x00022d52
0x00022d52	0x00022d56
0x00022d56	0x00022d5a
0x00022d58	0x00022d5c
0x00022d5c	0x00022d60
0x00022d5e	0x00022d62
0x00022d62	0x00022d66
0x00022d64	0x00022d68
0x00022d66	0x00022d6a
0x00022d6a	0x00022d6e
0x00022d6e	0x00022d72
0x00022d70	0x00022d74
0x00022d72	0x00022d76
0x00022d74	0x00022d78
0x00022d76	0x00022d7a
0x00022d78	0x00022d7c
0x00022d7a	0x00022d7e
0x00022d7c	0x00022d80
0x00022d7e	0x00022d82
0x00022d80	0x00022d84
0x00022d84	0x00022d88
0x00022d86	0x00022d8a
0x00022d88	0x00022d8c
0x00022d8a	0x00022d8e
0x00022d8c	0x00022d90
0x00022d8e	0x00022d92
0x00022d90	0x00022d94
0x00022d92	0x00022d96
0x00022d94	0x00022d98
0x00022d96	0x00022d9a
0x00022d9a	0x00022d9e
0x00022d9e	0x00022da2
0x00022da0	0x00022da4
0x00022da4	0x00022da8
0x00022da8	0x00022dac
0x00022dac	0x00022db0
0x00022db0	0x00022db4
0x00022db2	0x00022db6
0x00022db6	0x00022dba
0x00022db8	0x00022dbc
0x00022dbc	0x00022dc0
0x00022dbe	0x00022dc2
0x00022dc0	0x00022dc4
0x00022dc4	0x00022dc8
0x00022dc8	0x00022dcc
0x00022dca	0x00022dce
0x00022dcc	0x00022dd0
0x00022dce	0x00022dd2
0x00022dd0	0x00022dd4
0x00022dd2	0x00022dd6
0x00022dd4	0x00022dd8
0x00022dd6	0x00022dda
0x00022dd8	0x00022ddc
0x00022dda	0x00022dde
0x00022dde	0x00022de2
0x00022de0	0x00022de4
0x00022de2	0x00022de6
0x00022de4	0x00022de8
0x00022de6	0x00022dea
0x00022de8	0x00022dec
0x00022dea	0x00022dee
0x00022dec	0x00022df0
0x00022dee	0x00022df2
0x00022df0	0x00022df4
0x00022df4	0x00022df8
0x00022df8	0x00022dfc
0x00022dfa	0x00022dfe
0x00022dfe	0x00022e02
0x00022e02	0x00022e06
0x00022e06	0x00022e0a
0x00022e0a	0x00022e0e
0x00022e0c	0x00022e10
0x00022e10	0x00022e14
0x00022e12	0x00022e16
0x00022e14	0x00022e18
0x00022e16	0x00022e1a
0x00022e1a	0x00022e1e
0x00022e1c	0x00022e20
0x00022e1e	0x00022e22
0x00022e22	0x00022e26
0x00022e24	0x00022e28
0x00022e28	0x00022e2c
0x00022e2a	0x00022e2e
0x00022e2c	0x00022e30
0x00022e2e	0x00022e32
0x00022e30	0x00022e34
0x00022e34	0x00022e38
0x00022e36	0x00022e3a
0x00022e38	0x00022e3c
0x00022e3c	0x00022e40
0x00022e3e	0x00022e42
0x00022e40	0x00022e44
0x00022e42	0x00022e46
0x00022e46	0x00022e4a
0x00022e4a	0x00022e4e
0x00022e4e	0x00022e52
0x00022e50	0x00022e54
0x00022e54	0x00022e58
0x00022e58	0x00022e5c
0x00022e5a	0x00022e5e
0x00022e5e	0x00022e62
0x00022e60	0x00022e64
0x00022e62	0x00022e66
0x00022e66	0x00022e6a
0x00022e68	0x00022e6c
0x00022e6a	0x00022e6e
0x00022e6e	0x00022e72
0x00022e72	0x00022e76
0x00022e76	0x00022e7a
0x00022e7a	0x00022e7e
0x00022e7e	0x00022e82
0x00022e80	0x00022e84
0x00022e84	0x00022e88
0x00022e86	0x00022e8a
0x00022e8a	0x00022e8e
0x00022e8c	0x00022e90
0x00022e8e	0x00022e92
0x00022e90	0x00022e94
0x00022e92	0x00022e96
0x00022e94	0x00022e98
0x00022e96	0x00022e9a
0x00022e98	0x00022e9c
0x00022e9c	0x00022ea0
0x00022ea0	0x00022ea4
0x00022ea4	0x00022ea8
0x00022ea8	0x00022eac
0x00022eac	0x00022eb0
0x00022eae	0x00022eb2
0x00022eb0	0x00022eb4
0x00022eb2	0x00022eb6
0x00022eb6	0x00022eba
0x00022eba	0x00022ebe
0x00022ebc	0x00022ec0
0x00022ec0	0x00022ec4
0x00022ec2	0x00022ec6
0x00022ec4	0x00022ec8
0x00022ec8	0x00022ecc
0x00022eca	0x00022ece
0x00022ecc	0x00022ed0
0x00022ed0	0x00022ed4
0x00022ed4	0x00022ed8
0x00022ed8	0x00022edc
0x00022edc	0x00022ee0
0x00022ede	0x00022ee2
0x00022ee2	0x00022ee6
0x00022ee4	0x00022ee8
0x00022ee8	0x00022eec
0x00022eea	0x00022eee
0x00022eec	0x00022ef0
0x00022eee	0x00022ef2
0x00022ef0	0x00022ef4
0x00022ef2	0x00022ef6
0x00022ef4	0x00022ef8
0x00022ef6	0x00022efa
0x00022efa	0x00022efe
0x00022efe	0x00022f02
0x00022f02	0x00022f06
0x00022f04	0x00022f08
0x00022f06	0x00022f0a
0x00022f08	0x00022f0c
0x00022f0c	0x00022f10
0x00022f10	0x00022f14
0x00022f12	0x00022f16
0x00022f16	0x00022f1a
0x00022f18	0x00022f1c
0x00022f1c	0x00022f20
0x00022f1e	0x00022f22
0x00022f20	0x00022f24
0x00022f24	0x00022f28
0x00022f26	0x00022f2a
0x00022f40	0x00022f44
0x00022f42	0x00022f46
0x00022f44	0x00022f48
0x00022f46	0x00022f4a
0x00022f4a	0x00022f4e
0x00022f4e	0x00022f52
0x00022f50	0x00022f54
0x00022f52	0x00022f56
0x00022f54	0x00022f58
0x00022f56	0x00022f5a
0x00022f58	0x00022f5c
0x00022f5c	0x00022f60
0x00022f60	0x00022f64
0x00022f64	0x00022f68
0x00022f66	0x00022f6a
0x00022f68	0x00022f6c
0x00022f6c	0x00022f70
0x00022f6e	0x00022f72
0x00022f70	0x00022f74
0x00022f72	0x00022f76
0x00022f76	0x00022f7a
0x00022f78	0x00022f7c
0x00022f7a	0x00022f7e
0x00022f7c	0x00022f80
0x00022f7e	0x00022f82
0x00022f80	0x00022f84
0x00022f82	0x00022f86
0x00022f84	0x00022f88
0x00022f88	0x00022f8c
0x00022f8a	0x00022f8e
0x00022f8c	0x00022f90
0x00022f8e	0x00022f92
0x00022f90	0x00022f94
0x00022f92	0x00022f96
0x00022f94	0x00022f98
0x00022f98	0x00022f9c
0x00022f9a	0x00022f9e
0x00022f9c	0x00022fa0
0x00022f9e	0x00022fa2
0x00022fa0	0x00022fa4
0x00022fa2	0x00022fa6
0x00022fa4	0x00022fa8
0x00022fa6	0x00022faa
0x00022fa8	0x00022fac
0x00022fac	0x00022fb0
0x00022fae	0x00022fb2
0x00022fb0	0x00022fb4
0x00022fb2	0x00022fb6
0x00022fb6	0x00022fba
0x00022fb8	0x00022fbc
0x00022fba	0x00022fbe
0x00022fbe	0x00022fc2
0x00022fc0	0x00022fc4
0x00022fc2	0x00022fc6
0x00022fc4	0x00022fc8
0x00022fc6	0x00022fca
0x00022fc8	0x00022fcc
0x00022fca	0x00022fce
0x00022fcc	0x00022fd0
0x00022fce	0x00022fd2
0x00022fd0	0x00022fd4
0x00022fd2	0x00022fd6
0x00022fd4	0x00022fd8
0x00022fd6	0x00022fda
0x00022fd8	0x00022fdc
0x00022fda	0x00022fde
0x00022fdc	0x00022fe0
0x00022fde	0x00022fe2
0x00022fe2	0x00022fe6
0x00022fe4	0x00022fe8
0x00022fe6	0x00022fea
0x00022fe8	0x00022fec
0x00022fec	0x00022ff0
0x00022fee	0x00022ff2
0x00022ff2	0x00022ff6
0x00022ff6	0x00022ffa
0x00022ffa	0x00022ffe
0x00022ffe	0x00023002
0x00023000	0x00023004
0x00023002	0x00023006
0x00023004	0x00023008
0x00023006	0x0002300a
0x00023008	0x0002300c
0x0002300a	0x0002300e
0x0002300c	0x00023010
0x00023010	0x00023014
0x00023012	0x00023016
0x00023014	0x00023018
0x00023016	0x0002301a
0x00023018	0x0002301c
0x0002301a	0x0002301e
0x0002301c	0x00023020
0x0002301e	0x00023022
0x00023022	0x00023026
0x00023024	0x00023028
0x00023026	0x0002302a
0x0002302a	0x0002302e
0x0002302c	0x00023030
0x0002302e	0x00023032
0x00023030	0x00023034
0x00023032	0x00023036
0x00023034	0x00023038
0x00023036	0x0002303a
0x00023038	0x0002303c
0x0002303c	0x00023040
0x00023040	0x00023044
0x00023044	0x00023048
0x00023048	0x0002304c
0x0002304a	0x0002304e
0x0002304e	0x00023052
0x00023052	0x00023056
0x00023056	0x0002305a
0x0002305a	0x0002305e
0x0002305e	0x00023062
0x00023062	0x00023066
0x00023068	0x0002306e
0x0002306a	0x00023070
0x0002306c	0x00023072
0x00023070	0x00023076
0x00023074	0x0002307a
0x00023078	0x0002307e
0x0002307c	0x00023082
0x0002307e	0x00023084
0x00023082	0x00023088
0x00023084	0x0002308a
0x00023086	0x0002308c
0x00023088	0x0002308e
0x0002309c	0x000230a2
0x0002309e	0x000230a4
0x000230a2	0x000230a8
0x000230a4	0x000230aa
0x000230a6	0x000230ac
0x000230aa	0x000230b0
0x000230ac	0x000230b2
0x000230c4	0x000230c8
0x000230c6	0x000230ca
0x000230c8	0x000230cc
0x000230ca	0x000230ce
0x000230cc	0x000230d0
0x000230ce	0x000230d2
0x000230d2	0x000230d6
0x000230d4	0x000230d8
0x000230d6	0x000230da
0x000230d8	0x000230dc
0x000230da	0x000230de
0x000230dc	0x000230e0
0x000230de	0x000230e2
0x000230e0	0x000230e4
0x000230e2	0x000230e6
0x000230e4	0x000230e8
0x000230e6	0x000230ea
0x000230e8	0x000230ec
0x000230ea	0x000230ee
0x000230ec	0x000230f0
0x000230ee	0x000230f2
0x000230f2	0x000230f6
0x000230f4	0x000230f8
0x000230f6	0x000230fa
0x000230fa	0x000230fe
0x000230fc	0x00023100
0x000230fe	0x00023102
0x00023100	0x00023104
0x00023102	0x00023106
0x00023104	0x00023108
0x00023106	0x0002310a
0x0002310a	0x0002310e
0x0002310c	0x00023110
0x0002310e	0x00023112
0x00023110	0x00023114
0x00023112	0x00023116
0x00023114	0x00023118
0x00023116	0x0002311a
0x00023118	0x0002311c
0x0002311a	0x0002311e
0x0002311c	0x00023120
0x0002311e	0x00023122
0x00023120	0x00023124
0x00023122	0x00023126
0x00023124	0x00023128
0x00023128	0x0002312c
0x0002312a	0x0002312e
0x0002312c	0x00023130
0x00023130	0x00023134
0x00023132	0x00023136
0x00023134	0x00023138
0x00023136	0x0002313a
0x00023138	0x0002313c
0x0002313a	0x0002313e
0x0002313c	0x00023140
0x0002313e	0x00023142
0x00023142	0x00023146
0x00023144	0x00023148
0x00023146	0x0002314a
0x0002314a	0x0002314e
0x0002314e	0x00023152
0x00023170	0x00023174
0x00023172	0x00023176
0x00023174	0x00023178
0x00023178	0x0002317c
0x0002317a	0x0002317e
0x0002317c	0x00023180
0x00023180	0x00023184
0x00023182	0x00023186
0x00023184	0x00023188
0x00023186	0x0002318a
0x00023188	0x0002318c
0x0002318a	0x0002318e
0x0002318c	0x00023190
0x0002318e	0x00023192
0x00023190	0x00023194
0x00023192	0x00023196
0x00023194	0x00023198
0x00023196	0x0002319a
0x00023198	0x0002319c
0x0002319a	0x0002319e
0x0002319e	0x000231a2
0x000231a0	0x000231a4
0x000231a2	0x000231a6
0x000231a4	0x000231a8
0x000231a6	0x000231aa
0x000231a8	0x000231ac
0x000231aa	0x000231ae
0x000231ac	0x000231b0
0x000231ae	0x000231b2
0x000231b0	0x000231b4
0x000231b2	0x000231b6
0x000231b4	0x000231b8
0x000231b6	0x000231ba
0x000231b8	0x000231bc
0x000231ba	0x000231be
0x000231bc	0x000231c0
0x000231c0	0x000231c4
0x000231c2	0x000231c6
0x000231c4	0x000231c8
0x000231c8	0x000231cc
0x000231ca	0x000231ce
0x000231ce	0x000231d2
0x000231d0	0x000231d4
0x000231d2	0x000231d6
0x000231d4	0x000231d8
0x000231d6	0x000231da
0x000231da	0x000231de
0x000231dc	0x000231e0
0x000231ec	0x000231f0
0x000231ee	0x000231f2
0x000231f0	0x000231f4
0x000231f2	0x000231f6
0x000231f4	0x000231f8
0x000231f6	0x000231fa
0x000231f8	0x000231fc
0x000231fa	0x000231fe
0x000231fc	0x00023200
0x000231fe	0x00023202
0x00023200	0x00023204
0x00023208	0x0002320c
0x0002320c	0x00023210
0x0002320e	0x00023212
0x00023212	0x00023216
0x00023216	0x0002321a
0x00023218	0x0002321c
0x0002321a	0x0002321e
0x0002321c	0x00023220
0x00023220	0x00023224
0x00023222	0x00023226
0x00023226	0x0002322a
0x00023228	0x0002322c
0x0002322c	0x00023230
0x00023230	0x00023234
0x00023234	0x00023238
0x00023236	0x0002323a
0x0002323a	0x0002323e
0x0002323c	0x00023240
0x0002323e	0x00023242
0x00023240	0x00023244
0x00023242	0x00023246
0x00023244	0x00023248
0x00023246	0x0002324a
0x00023248	0x0002324c
0x0002324a	0x0002324e
0x0002324c	0x00023250
0x0002324e	0x00023252
0x00023250	0x00023254
0x00023252	0x00023256
0x00023254	0x00023258
0x00023258	0x0002325c
0x0002325c	0x00023260
0x00023260	0x00023264
0x00023264	0x00023268
0x00023266	0x0002326a
0x00023268	0x0002326c
0x0002326c	0x00023270
0x00023270	0x00023274
0x00023274	0x00023278
0x00023278	0x0002327c
0x0002327a	0x0002327e
0x0002327c	0x00023280
0x0002327e	0x00023282
0x00023280	0x00023284
0x00023282	0x00023286
0x00023286	0x0002328a
0x0002328a	0x0002328e
0x0002328c	0x00023290
0x0002328e	0x00023292
0x00023290	0x00023294
0x00023292	0x00023296
0x00023294	0x00023298
0x00023296	0x0002329a
0x00023298	0x0002329c
0x0002329a	0x0002329e
0x0002329c	0x000232a0
0x0002329e	0x000232a2
0x000232a2	0x000232a6
0x000232a6	0x000232aa
0x000232aa	0x000232ae
0x000232ac	0x000232b0
0x000232ae	0x000232b2
0x000232b0	0x000232b4
0x000232b4	0x000232b8
0x000232b8	0x000232bc
0x000232bc	0x000232c0
0x000232c0	0x000232c4
0x000232c4	0x000232c8
0x000232c8	0x000232cc
0x000232cc	0x000232d0
0x000232d0	0x000232d4
0x000232d4	0x000232d8
0x000232d8	0x000232dc
0x000232da	0x000232de
0x000232dc	0x000232e0
0x000232e0	0x000232e4
0x000232e4	0x000232e8
0x000232e8	0x000232ec
0x000232ec	0x000232f0
0x000232ee	0x000232f2
0x000232f0	0x000232f4
0x000232f2	0x000232f6
0x000232f4	0x000232f8
0x000232f6	0x000232fa
0x000232f8	0x000232fc
0x000232fc	0x00023300
0x00023300	0x00023304
0x00023304	0x00023308
0x00023306	0x0002330a
0x00023308	0x0002330c
0x0002330a	0x0002330e
0x0002330c	0x00023310
0x00023310	0x00023314
0x00023312	0x00023316
0x00023314	0x00023318
0x00023316	0x0002331a
0x0002331a	0x0002331e
0x0002331c	0x00023320
0x00023320	0x00023324
0x00023322	0x00023326
0x00023326	0x0002332a
0x00023328	0x0002332c
0x0002332c	0x00023330
0x00023330	0x00023334
0x00023332	0x00023336
0x00023334	0x00023338
0x00023338	0x0002333c
0x0002333c	0x00023340
0x00023340	0x00023344
0x00023344	0x00023348
0x00023348	0x0002334c
0x0002334c	0x00023350
0x00023350	0x00023354
0x00023354	0x00023358
0x00023358	0x0002335c
0x0002335c	0x00023360
0x00023360	0x00023364
0x00023362	0x00023366
0x00023366	0x0002336a
0x0002336a	0x0002336e
0x0002336e	0x00023372
0x00023372	0x00023376
0x00023376	0x0002337a
0x0002337a	0x0002337e
0x0002337e	0x00023382
0x00023382	0x00023386
0x00023384	0x00023388
0x00023388	0x0002338c
0x0002338c	0x00023390
0x0002338e	0x00023392
0x00023390	0x00023394
0x00023394	0x00023398
0x00023398	0x0002339c
0x0002339c	0x000233a0
0x000233a0	0x000233a4
0x000233a4	0x000233a8
0x000233a6	0x000233aa
0x000233a8	0x000233ac
0x000233aa	0x000233ae
0x000233ac	0x000233b0
0x000233ae	0x000233b2
0x000233b0	0x000233b4
0x000233b2	0x000233b6
0x000233b4	0x000233b8
0x000233b6	0x000233ba
0x000233b8	0x000233bc
0x000233ba	0x000233be
0x000233be	0x000233c2
0x000233c2	0x000233c6
0x000233c6	0x000233ca
0x000233c8	0x000233cc
0x000233cc	0x000233d0
0x000233d0	0x000233d4
0x000233d4	0x000233d8
0x000233d8	0x000233dc
0x000233dc	0x000233e0
0x000233de	0x000233e2
0x000233e0	0x000233e4
0x000233e2	0x000233e6
0x000233e4	0x000233e8
0x000233e6	0x000233ea
0x000233ea	0x000233ee
0x000233ee	0x000233f2
0x000233f0	0x000233f4
0x000233f2	0x000233f6
0x000233f4	0x000233f8
0x000233f6	0x000233fa
0x000233f8	0x000233fc
0x000233fa	0x000233fe
0x000233fc	0x00023400
0x000233fe	0x00023402
0x00023400	0x00023404
0x00023402	0x00023406
0x00023406	0x0002340a
0x00023408	0x0002340c
0x0002340c	0x00023410
0x0002340e	0x00023412
0x00023410	0x00023414
0x00023412	0x00023416
0x00023416	0x0002341a
0x00023418	0x0002341c
0x0002341a	0x0002341e
0x0002341e	0x00023422
0x00023420	0x00023424
0x00023422	0x00023426
0x00023426	0x0002342a
0x00023428	0x0002342c
0x0002342a	0x0002342e
0x0002342c	0x00023430
0x0002342e	0x00023432
0x00023460	0x00023464
0x00023462	0x00023466
0x00023464	0x00023468
0x00023466	0x0002346a
0x00023468	0x0002346c
0x0002346a	0x0002346e
0x0002346c	0x00023470
0x0002346e	0x00023472
0x00023470	0x00023474
0x00023472	0x00023476
0x00023474	0x00023478
0x00023476	0x0002347a
0x00023478	0x0002347c
0x0002347a	0x0002347e
0x0002347c	0x00023480
0x0002347e	0x00023482
0x00023480	0x00023484
0x00023482	0x00023486
0x00023484	0x00023488
0x00023486	0x0002348a
0x00023488	0x0002348c
0x0002348a	0x0002348e
0x0002348c	0x00023490
0x0002348e	0x00023492
0x00023490	0x00023494
0x00023494	0x00023498
0x00023496	0x0002349a
0x00023498	0x0002349c
0x0002349a	0x0002349e
0x0002349c	0x000234a0
0x000234a0	0x000234a4
0x000234a2	0x000234a6
0x000234a4	0x000234a8
0x000234a6	0x000234aa
0x000234a8	0x000234ac
0x000234aa	0x000234ae
0x000234ac	0x000234b0
0x000234ae	0x000234b2
0x000234b0	0x000234b4
0x000234b2	0x000234b6
0x000234b4	0x000234b8
0x000234b6	0x000234ba
0x000234bc	0x000234c0
0x000234be	0x000234c2
0x000234c0	0x000234c4
0x000234c2	0x000234c6
0x000234c6	0x000234ca
0x000234c8	0x000234cc
0x000234ca	0x000234ce
0x000234cc	0x000234d0
0x000234ce	0x000234d2
0x000234d0	0x000234d4
0x000234d2	0x000234d6
0x000234d6	0x000234da
0x000234da	0x000234de
0x000234de	0x000234e2
0x000234e0	0x000234e4
0x000234e2	0x000234e6
0x000234e4	0x000234e8
0x000234e6	0x000234ea
0x000234e8	0x000234ec
0x000234f2	0x000234f6
0x000234f4	0x000234f8
0x000234f6	0x000234fa
0x000234f8	0x000234fc
0x000234fa	0x000234fe
0x000234fe	0x00023502
0x00023500	0x00023504
0x00023502	0x00023506
0x00023506	0x0002350a
0x0002350a	0x0002350e
0x0002350e	0x00023512
0x00023512	0x00023516
0x00023516	0x0002351a
0x0002351a	0x0002351e
0x0002351e	0x00023522
0x00023522	0x00023526
0x00023524	0x00023528
0x00023526	0x0002352a
0x00023528	0x0002352c
0x0002352c	0x00023530
0x0002352e	0x00023532
0x00023530	0x00023534
0x00023534	0x00023538
0x00023538	0x0002353c
0x00023554	0x00023558
0x00023556	0x0002355a
0x00023558	0x0002355c
0x0002355a	0x0002355e
0x0002355e	0x00023562
0x00023560	0x00023564
0x00023564	0x00023568
0x00023566	0x0002356a
0x00023568	0x0002356c
0x0002356a	0x0002356e
0x00023574	0x00023578
0x00023576	0x0002357a
0x00023578	0x0002357c
0x0002357c	0x00023580
0x0002357e	0x00023582
0x00023580	0x00023584
0x00023582	0x00023586
0x00023584	0x00023588
0x00023588	0x0002358c
0x0002358a	0x0002358e
0x0002358c	0x00023590
0x0002358e	0x00023592
0x00023590	0x00023594
0x0002359c	0x000235a0
0x000235a0	0x000235a4
0x000235a2	0x000235a6
0x000235a6	0x000235aa
0x000235aa	0x000235ae
0x000235ae	0x000235b2
0x000235b2	0x000235b6
0x000235b6	0x000235ba
0x000235ba	0x000235be
0x000235bc	0x000235c0
0x000235c0	0x000235c4
0x000235c2	0x000235c6
0x000235c4	0x000235c8
0x000235c6	0x000235ca
0x000235c8	0x000235cc
0x000235ca	0x000235ce
0x000235cc	0x000235d0
0x000235ce	0x000235d2
0x000235d0	0x000235d4
0x000235d4	0x000235d8
0x000235d6	0x000235da
0x000235d8	0x000235dc
0x000235da	0x000235de
0x000235dc	0x000235e0
0x000235de	0x000235e2
0x000235e0	0x000235e4
0x000235e2	0x000235e6
0x000235e4	0x000235e8
0x000235e6	0x000235ea
0x000235ea	0x000235ee
0x000235ee	0x000235f2
0x000235f2	0x000235f6
0x000235f4	0x000235f8
0x000235f6	0x000235fa
0x000235f8	0x000235fc
0x000235fc	0x00023600
0x000235fe	0x00023602
0x00023600	0x00023604
0x00023602	0x00023606
0x00023604	0x00023608
0x00023606	0x0002360a
0x00023608	0x0002360c
0x0002360a	0x0002360e
0x0002360c	0x00023610
0x00023610	0x00023614
0x00023614	0x00023618
0x00023618	0x0002361c
0x0002361c	0x00023620
0x00023620	0x00023624
0x00023624	0x00023628
0x00023628	0x0002362c
0x0002362c	0x00023630
0x00023630	0x00023634
0x00023634	0x00023638
0x00023638	0x0002363c
0x0002363c	0x00023640
0x00023640	0x00023644
0x00023644	0x00023648
0x00023648	0x0002364c
0x0002364c	0x00023650
0x00023650	0x00023654
0x00023654	0x00023658
0x00023656	0x0002365a
0x00023658	0x0002365c
0x0002365a	0x0002365e
0x0002365e	0x00023662
0x00023660	0x00023664
0x00023664	0x00023668
0x00023668	0x0002366c
0x0002366c	0x00023670
0x0002366e	0x00023672
0x00023670	0x00023674
0x00023672	0x00023676
0x00023674	0x00023678
0x00023678	0x0002367c
0x0002367c	0x00023680
0x0002367e	0x00023682
0x00023682	0x00023686
0x00023686	0x0002368a
0x0002368a	0x0002368e
0x0002368e	0x00023692
0x00023692	0x00023696
0x00023696	0x0002369a
0x0002369a	0x0002369e
0x0002369c	0x000236a0
0x000236a0	0x000236a4
0x000236a2	0x000236a6
0x000236a6	0x000236aa
0x000236aa	0x000236ae
0x000236ac	0x000236b0
0x000236b0	0x000236b4
0x000236b4	0x000236b8
0x000236b8	0x000236bc
0x000236bc	0x000236c0
0x000236c0	0x000236c4
0x000236c2	0x000236c6
0x000236c4	0x000236c8
0x000236c6	0x000236ca
0x000236c8	0x000236cc
0x000236cc	0x000236d0
0x000236ce	0x000236d2
0x000236d0	0x000236d4
0x000236d4	0x000236d8
0x000236d8	0x000236dc
0x000236da	0x000236de
0x000236dc	0x000236e0
0x000236e0	0x000236e4
0x000236e4	0x000236e8
0x000236e8	0x000236ec
0x000236ec	0x000236f0
0x000236ee	0x000236f2
0x000236f2	0x000236f6
0x000236f4	0x000236f8
0x000236f6	0x000236fa
0x000236f8	0x000236fc
0x000236fa	0x000236fe
0x000236fe	0x00023702
0x00023700	0x00023704
0x00023702	0x00023706
0x00023704	0x00023708
0x00023706	0x0002370a
0x00023708	0x0002370c
0x0002370a	0x0002370e
0x0002370c	0x00023710
0x0002370e	0x00023712
0x00023710	0x00023714
0x00023712	0x00023716
0x00023714	0x00023718
0x00023718	0x0002371c
0x0002371a	0x0002371e
0x0002371c	0x00023720
0x0002371e	0x00023722
0x00023720	0x00023724
0x00023724	0x00023728
0x00023726	0x0002372a
0x00023728	0x0002372c
0x0002372c	0x00023730
0x0002372e	0x00023732
0x00023730	0x00023734
0x00023732	0x00023736
0x00023736	0x0002373a
0x00023738	0x0002373c
0x0002373a	0x0002373e
0x0002373c	0x00023740
0x0002373e	0x00023742
0x00023740	0x00023744
0x00023742	0x00023746
0x00023746	0x0002374a
0x00023748	0x0002374c
0x0002374a	0x0002374e
0x0002374e	0x00023752
0x00023752	0x00023756
0x00023754	0x00023758
0x00023758	0x0002375c
0x0002375a	0x0002375e
0x0002375e	0x00023762
0x0002379c	0x000237a0
0x0002379e	0x000237a2
0x000237a0	0x000237a4
0x000237a2	0x000237a6
0x000237a4	0x000237a8
0x000237a6	0x000237aa
0x000237a8	0x000237ac
0x000237aa	0x000237ae
0x000237ac	0x000237b0
0x000237b0	0x000237b4
0x000237b2	0x000237b6
0x000237b4	0x000237b8
0x000237b6	0x000237ba
0x000237b8	0x000237bc
0x000237ba	0x000237be
0x000237c0	0x000237c4
0x000237c2	0x000237c6
0x000237c4	0x000237c8
0x000237c6	0x000237ca
0x000237c8	0x000237cc
0x000237cc	0x000237d0
0x000237ce	0x000237d2
0x000237d0	0x000237d4
0x000237d2	0x000237d6
0x000237d4	0x000237d8
0x000237d8	0x000237dc
0x000237dc	0x000237e0
0x000237e0	0x000237e4
0x000237e2	0x000237e6
0x000237e6	0x000237ea
0x000237e8	0x000237ec
0x000237ea	0x000237ee
0x000237ec	0x000237f0
0x000237ee	0x000237f2
0x000237f0	0x000237f4
0x000237f2	0x000237f6
0x000237f4	0x000237f8
0x000237f6	0x000237fa
0x000237f8	0x000237fc
0x000237fa	0x000237fe
0x000237fc	0x00023800
0x00023800	0x00023804
0x00023804	0x00023808
0x00023808	0x0002380c
0x0002380a	0x0002380e
0x0002380e	0x00023812
0x00023810	0x00023814
0x00023812	0x00023816
0x00023814	0x00023818
0x00023816	0x0002381a
0x00023818	0x0002381c
0x0002381a	0x0002381e
0x0002381e	0x00023822
0x00023820	0x00023824
0x00023822	0x00023826
0x00023824	0x00023828
0x00023826	0x0002382a
0x0002382a	0x0002382e
0x0002382e	0x00023832
0x00023830	0x00023834
0x00023832	0x00023836
0x00023834	0x00023838
0x00023838	0x0002383c
0x0002383a	0x0002383e
0x0002383c	0x00023840
0x0002383e	0x00023842
0x00023840	0x00023844
0x00023844	0x00023848
0x00023848	0x0002384c
0x0002384c	0x00023850
0x00023850	0x00023854
0x00023852	0x00023856
0x00023854	0x00023858
0x00023856	0x0002385a
0x0002385a	0x0002385e
0x0002385c	0x00023860
0x0002385e	0x00023862
0x00023860	0x00023864
0x00023862	0x00023866
0x00023866	0x0002386a
0x0002386a	0x0002386e
0x0002386c	0x00023870
0x0002386e	0x00023872
0x00023870	0x00023874
0x00023872	0x00023876
0x00023874	0x00023878
0x00023878	0x0002387c
0x0002387c	0x00023880
0x0002387e	0x00023882
0x00023882	0x00023886
0x00023886	0x0002388a
0x0002388a	0x0002388e
0x00023890	0x00023890
0x00023892	0x00023892
0x00023894	0x00023894
0x00023898	0x00023898
0x0002389c	0x0002389c
0x0002389e	0x0002389e
0x000238a0	0x000238a0
0x000238a4	0x000238a4
0x000238a8	0x000238a8
0x000238aa	0x000238aa
0x000238ac	0x000238ac
0x000238b0	0x000238b0
0x000238b2	0x000238b2
0x000238b6	0x000238b6
0x000238b8	0x000238b8
0x000238ba	0x000238ba
0x000238bc	0x000238bc
0x000238be	0x000238be
0x000238c0	0x000238c0
0x000238c2	0x000238c2
0x000238c4	0x000238c4
0x000238c6	0x000238c6
0x000238ca	0x000238ca
0x000238cc	0x000238cc
0x000238d0	0x000238d0
0x000238d2	0x000238d2
0x000238d6	0x000238d6
0x000238da	0x000238da
0x000238dc	0x000238dc
0x000238de	0x000238de
0x000238e2	0x000238e2
0x000238e4	0x000238e4
0x000238e8	0x000238e8
0x000238ea	0x000238ea
0x000238ec	0x000238ec
0x000238ee	0x000238ee
0x000238f0	0x000238f0
0x000238f2	0x000238f2
0x000238f6	0x000238f6
0x000238f8	0x000238f8
0x000238fc	0x000238fc
0x000238fe	0x000238fe
0x00023902	0x00023902
0x00023906	0x00023906
0x00023908	0x00023908
0x0002390c	0x0002390c
0x00023910	0x00023910
0x00023912	0x00023912
0x00023914	0x00023914
0x00023916	0x00023916
0x0002391a	0x0002391a
0x0002391c	0x0002391c
0x0002391e	0x0002391e
0x00023922	0x00023922
0x00023926	0x00023926
0x00023928	0x00023928
0x0002392c	0x0002392c
0x0002392e	0x0002392e
0x00023930	0x00023930
0x00023934	0x00023934
0x00023938	0x00023938
0x0002393c	0x0002393c
0x00023940	0x00023940
0x00023944	0x00023944
0x00023946	0x00023946
0x00023948	0x00023948
0x0002394c	0x0002394c
0x00023950	0x00023950
0x00023952	0x00023952
0x00023956	0x00023956
0x0002395a	0x0002395a
0x0002395e	0x0002395e
0x00023962	0x00023962
0x00023966	0x00023966
0x00023968	0x00023968
0x0002396c	0x0002396c
0x00023970	0x00023970
0x00023972	0x00023972
0x00023974	0x00023974
0x00023978	0x00023978
0x0002397c	0x0002397c
0x00023980	0x00023980
0x00023984	0x00023984
0x00023988	0x00023988
0x0002398c	0x0002398c
0x00023990	0x00023990
0x00023994	0x00023994
0x00023998	0x00023998
0x0002399c	0x0002399c
0x000239a0	0x000239a0
0x000239a4	0x000239a4
0x000239a8	0x000239a8
0x000239ac	0x000239ac
0x000239b0	0x000239b0
0x000239b4	0x000239b4
0x000239b8	0x000239b8
0x000239bc	0x000239bc
0x000239c0	0x000239c0
0x000239c4	0x000239c4
0x000239c8	0x000239c8
0x000239cc	0x000239cc
0x000239d0	0x000239d0
0x000239d2	0x000239d2
0x000239d6	0x000239d6
0x000239da	0x000239da
0x000239de	0x000239de
0x000239e0	0x000239e0
0x000239e4	0x000239e4
0x000239e8	0x000239e8
0x000239ea	0x000239ea
0x000239ee	0x000239ee
0x000239f2	0x000239f2
0x000239f6	0x000239f6
0x000239fa	0x000239fa
0x000239fc	0x000239fc
0x000239fe	0x000239fe
0x00023a02	0x00023a02
0x00023a06	0x00023a06
0x00023a08	0x00023a08
0x00023a0c	0x00023a0c
0x00023a10	0x00023a10
0x00023a14	0x00023a14
0x00023a18	0x00023a18
0x00023a1c	0x00023a1c
0x00023a1e	0x00023a1e
0x00023a22	0x00023a22
0x00023a26	0x00023a26
0x00023a28	0x00023a28
0x00023a2a	0x00023a2a
0x00023a2e	0x00023a2e
0x00023a32	0x00023a32
0x00023a36	0x00023a36
0x00023a3a	0x00023a3a
0x00023a3e	0x00023a3e
0x00023a42	0x00023a42
0x00023a46	0x00023a46
0x00023a4a	0x00023a4a
0x00023a4e	0x00023a4e
0x00023a52	0x00023a52
0x00023a56	0x00023a56
0x00023a5a	0x00023a5a
0x00023a5e	0x00023a5e
0x00023a62	0x00023a62
0x00023a66	0x00023a66
0x00023a6a	0x00023a6a
0x00023a6e	0x00023a6e
0x00023a72	0x00023a72
0x00023a76	0x00023a76
0x00023a7a	0x00023a7a
0x00023a7e	0x00023a7e
0x00023a82	0x00023a82
0x00023a86	0x00023a86
0x00023a8a	0x00023a8a
0x00023a8e	0x00023a8e
0x00023a90	0x00023a90
0x00023a94	0x00023a94
0x00023a98	0x00023a98
0x00023a9c	0x00023a9c
0x00023aa0	0x00023aa0
0x00023aa4	0x00023aa4
0x00023aa8	0x00023aa8
0x00023aaa	0x00023aaa
0x00023aae	0x00023aae
0x00023ab0	0x00023ab0
0x00023ab4	0x00023ab4
0x00023ab8	0x00023ab8
0x00023abc	0x00023abc
0x00023ac0	0x00023ac0
0x00023ac4	0x00023ac4
0x00023ac8	0x00023ac8
0x00023acc	0x00023acc
0x00023ad0	0x00023ad0
0x00023ad4	0x00023ad4
0x00023ad8	0x00023ad8
0x00023adc	0x00023adc
0x00023ae0	0x00023ae0
0x00023ae4	0x00023ae4
0x00023ae8	0x00023ae8
0x00023aea	0x00023aea
0x00023aee	0x00023aee
0x00023af2	0x00023af2
0x00023af4	0x00023af4
0x00023af6	0x00023af6
0x00023afa	0x00023afa
0x00023afe	0x00023afe
0x00023b02	0x00023b02
0x00023b06	0x00023b06
0x00023b0a	0x00023b0a
0x00023b0c	0x00023b0c
0x00023b10	0x00023b10
0x00023b14	0x00023b14
0x00023b16	0x00023b16
0x00023b18	0x00023b18
0x00023b1c	0x00023b1c
0x00023b20	0x00023b20
0x00023b24	0x00023b24
0x00023b28	0x00023b28
0x00023b2c	0x00023b2c
0x00023b30	0x00023b30
0x00023b34	0x00023b34
0x00023b38	0x00023b38
0x00023b3c	0x00023b3c
0x00023b40	0x00023b40
0x00023b44	0x00023b44
0x00023b48	0x00023b48
0x00023b4c	0x00023b4c
0x00023b50	0x00023b50
0x00023b54	0x00023b54
0x00023b58	0x00023b58
0x00023b5c	0x00023b5c
0x00023b60	0x00023b60
0x00023b64	0x00023b64
0x00023b68	0x00023b68
0x00023b6c	0x00023b6c
0x00023b70	0x00023b70
0x00023be8	0x00023be8
0x00023bea	0x00023bea
0x00023bee	0x00023bee
0x00023bf2	0x00023bf2
0x00023bf6	0x00023bf6
0x00023bfa	0x00023bfa
0x00023bfe	0x00023bfe
0x00023c02	0x00023c02
0x00023c06	0x00023c06
0x00023c0a	0x00023c0a
0x00023c0c	0x00023c0c
0x00023c10	0x00023c10
0x00023c14	0x00023c14
0x00023c16	0x00023c16
0x00023c18	0x00023c18
0x00023c1c	0x00023c1c
0x00023c20	0x00023c20
0x00023c22	0x00023c22
0x00023c24	0x00023c24
0x00023c26	0x00023c26
0x00023c2a	0x00023c2a
0x00023c2c	0x00023c2c
0x00023c30	0x00023c30
0x00023c34	0x00023c34
0x00023c38	0x00023c38
0x00023c3a	0x00023c3a
0x00023c3e	0x00023c3e
0x00023c40	0x00023c40
0x00023c44	0x00023c44
0x00023c46	0x00023c46
0x00023c4a	0x00023c4a
0x00023c4c	0x00023c4c
0x00023c50	0x00023c50
0x00023c54	0x00023c54
0x00023c58	0x00023c58
0x00023c5a	0x00023c5a
0x00023c5e	0x00023c5e
0x00023c62	0x00023c62
0x00023c66	0x00023c66
0x00023c68	0x00023c68
0x00023c6a	0x00023c6a
0x00023c6e	0x00023c6e
0x00023c72	0x00023c72
0x00023c76	0x00023c76
0x00023c78	0x00023c78
0x00023c7c	0x00023c7c
0x00023c80	0x00023c80
0x00023c82	0x00023c82
0x00023c86	0x00023c86
0x00023c8a	0x00023c8a
0x00023c8c	0x00023c8c
0x00023c8e	0x00023c8e
0x00023c90	0x00023c90
0x00023c92	0x00023c92
0x00023c94	0x00023c94
0x00023c96	0x00023c96
0x00023c98	0x00023c98
0x00023c9a	0x00023c9a
0x00023c9c	0x00023c9c
0x00023c9e	0x00023c9e
0x00023ca0	0x00023ca0
0x00023ca4	0x00023ca4
0x00023ca8	0x00023ca8
0x00023cac	0x00023cac
0x00023cae	0x00023cae
0x00023cb0	0x00023cb0
0x00023cb4	0x00023cb4
0x00023cb6	0x00023cb6
0x00023cba	0x00023cba
0x00023cbc	0x00023cbc
0x00023cc0	0x00023cc0
0x00023cc4	0x00023cc4
0x00023cc8	0x00023cc8
0x00023ccc	0x00023ccc
0x00023cd0	0x00023cd0
0x00023cd2	0x00023cd2
0x00023cd6	0x00023cd6
0x00023cda	0x00023cda
0x00023cde	0x00023cde
0x00023ce0	0x00023ce0
0x00023ce2	0x00023ce2
0x00023ce4	0x00023ce4
0x00023ce8	0x00023ce8
0x00023cea	0x00023cea
0x00023cec	0x00023cec
0x00023cf0	0x00023cf0
0x00023cf4	0x00023cf4
0x00023cf8	0x00023cf8
0x00023cfa	0x00023cfa
0x00023cfe	0x00023cfe
0x00023d02	0x00023d02
0x00023d06	0x00023d06
0x00023d0a	0x00023d0a
0x00023d0c	0x00023d0c
0x00023d10	0x00023d10
0x00023d12	0x00023d12
0x00023d14	0x00023d14
0x00023d16	0x00023d16
0x00023d1a	0x00023d1a
0x00023d1e	0x00023d1e
0x00023d22	0x00023d22
0x00023d26	0x00023d26
0x00023d2a	0x00023d2a
0x00023d2c	0x00023d2c
0x00023d30	0x00023d30
0x00023d32	0x00023d32
0x00023d36	0x00023d36
0x00023d3a	0x00023d3a
0x00023d3c	0x00023d3c
0x00023d40	0x00023d40
0x00023d42	0x00023d42
0x00023d46	0x00023d46
0x00023d4a	0x00023d4a
0x00023d4e	0x00023d4e
0x00023d52	0x00023d52
0x00023d54	0x00023d54
0x00023d58	0x00023d58
0x00023d5c	0x00023d5c
0x00023d60	0x00023d60
0x00023d64	0x00023d64
0x00023d68	0x00023d68
0x00023d6c	0x00023d6c
0x00023d70	0x00023d70
0x00023d74	0x00023d74
0x00023d78	0x00023d78
0x00023d7c	0x00023d7c
0x00023d80	0x00023d80
0x00023d84	0x00023d84
0x00023d88	0x00023d88
0x00023d8c	0x00023d8c
0x00023d90	0x00023d90
0x00023d94	0x00023d94
0x00023d96	0x00023d96
0x00023d9a	0x00023d9a
0x00023d9e	0x00023d9e
0x00023da0	0x00023da0
0x00023da4	0x00023da4
0x00023da6	0x00023da6
0x00023daa	0x00023daa
0x00023dae	0x00023dae
0x00023db2	0x00023db2
0x00023db6	0x00023db6
0x00023dba	0x00023dba
0x00023dbe	0x00023dbe
0x00023dc0	0x00023dc0
0x00023dc2	0x00023dc2
0x00023dc6	0x00023dc6
0x00023dc8	0x00023dc8
0x00023dcc	0x00023dcc
0x00023dce	0x00023dce
0x00023dd2	0x00023dd2
0x00023dd4	0x00023dd4
0x00023dd8	0x00023dd8
0x00023ddc	0x00023ddc
0x00023de0	0x00023de0
0x00023de4	0x00023de4
0x00023de6	0x00023de6
0x00023dea	0x00023dea
0x00023dec	0x00023dec
0x00023df0	0x00023df0
0x00023df4	0x00023df4
0x00023df8	0x00023df8
0x00023dfc	0x00023dfc
0x00023e00	0x00023e00
0x00023e02	0x00023e02
0x00023e06	0x00023e06
0x00023e0a	0x00023e0a
0x00023e0e	0x00023e0e
0x00023e12	0x00023e12
0x00023e14	0x00023e14
0x00023e18	0x00023e18
0x00023e1c	0x00023e1c
0x00023e1e	0x00023e1e
0x00023e20	0x00023e20
0x00023e24	0x00023e24
0x00023e28	0x00023e28
0x00023e2c	0x00023e2c
0x00023e30	0x00023e30
0x00023e34	0x00023e34
0x00023e38	0x00023e38
0x00023e94	0x00023e94
0x00023e96	0x00023e96
0x00023e9a	0x00023e9a
0x00023e9e	0x00023e9e
0x00023ea2	0x00023ea2
0x00023ea6	0x00023ea6
0x00023eaa	0x00023eaa
0x00023eae	0x00023eae
0x00023eb2	0x00023eb2
0x00023eb6	0x00023eb6
0x00023eba	0x00023eba
0x00023ebe	0x00023ebe
0x00023ec2	0x00023ec2
0x00023ec4	0x00023ec4
0x00023ec8	0x00023ec8
0x00023eca	0x00023eca
0x00023ece	0x00023ece
0x00023ed2	0x00023ed2
0x00023ed4	0x00023ed4
0x00023ed8	0x00023ed8
0x00023edc	0x00023edc
0x00023ede	0x00023ede
0x00023ee2	0x00023ee2
0x00023ee6	0x00023ee6
0x00023ee8	0x00023ee8
0x00023eea	0x00023eea
0x00023eee	0x00023eee
0x00023ef0	0x00023ef0
0x00023ef4	0x00023ef4
0x00023ef8	0x00023ef8
0x00023efa	0x00023efa
0x00023efe	0x00023efe
0x00023f00	0x00023f00
0x00023f04	0x00023f04
0x00023f08	0x00023f08
0x00023f0a	0x00023f0a
0x00023f0e	0x00023f0e
0x00023f12	0x00023f12
0x00023f14	0x00023f14
0x00023f18	0x00023f18
0x00023f1c	0x00023f1c
0x00023f20	0x00023f20
0x00023f22	0x00023f22
0x00023f26	0x00023f26
0x00023f2a	0x00023f2a
0x00023f2c	0x00023f2c
0x00023f30	0x00023f30
0x00023f34	0x00023f34
0x00023f36	0x00023f36
0x00023f3a	0x00023f3a
0x00023f3e	0x00023f3e
0x00023f40	0x00023f40
0x00023f42	0x00023f42
0x00023f46	0x00023f46
0x00023f4a	0x00023f4a
0x00023f4e	0x00023f4e
0x00023f52	0x00023f52
0x00023f56	0x00023f56
0x00023f58	0x00023f58
0x00023f5c	0x00023f5c
0x00023f60	0x00023f60
0x00023f64	0x00023f64
0x00023f66	0x00023f66
0x00023f6a	0x00023f6a
0x00023f6e	0x00023f6e
0x00023f72	0x00023f72
0x00023f76	0x00023f76
0x00023f7a	0x00023f7a
0x00023f7e	0x00023f7e
0x00023f80	0x00023f80
0x00023f82	0x00023f82
0x00023f84	0x00023f84
0x00023f86	0x00023f86
0x00023f8a	0x00023f8a
0x00023f8e	0x00023f8e
0x00023f92	0x00023f92
0x00023f94	0x00023f94
0x00023f96	0x00023f96
0x00023f9a	0x00023f9a
0x00023f9e	0x00023f9e
0x00023fa2	0x00023fa2
0x00023fa4	0x00023fa4
0x00023fa6	0x00023fa6
0x00023fa8	0x00023fa8
0x00023faa	0x00023faa
0x00023fae	0x00023fae
0x00023fb2	0x00023fb2
0x00023fb6	0x00023fb6
0x00023fb8	0x00023fb8
0x00023fba	0x00023fba
0x00023fbc	0x00023fbc
0x00023fc0	0x00023fc0
0x00023fc4	0x00023fc4
0x00023fc6	0x00023fc6
0x00023fca	0x00023fca
0x00023fce	0x00023fce
0x00023fd0	0x00023fd0
0x00023fd2	0x00023fd2
0x00023fd6	0x00023fd6
0x00023fda	0x00023fda
0x00023fde	0x00023fde
0x00023fe2	0x00023fe2
0x00023fe6	0x00023fe6
0x00023fe8	0x00023fe8
0x00023fea	0x00023fea
0x00023fee	0x00023fee
0x00023ff2	0x00023ff2
0x00023ff6	0x00023ff6
0x00023ff8	0x00023ff8
0x00023ffa	0x00023ffa
0x00023ffc	0x00023ffc
0x00024000	0x00024000
0x00024004	0x00024004
0x00024008	0x00024008
0x0002400c	0x0002400c
0x0002400e	0x0002400e
0x00024012	0x00024012
0x00024016	0x00024016
0x00024018	0x00024018
0x0002401a	0x0002401a
0x0002401c	0x0002401c
0x00024020	0x00024020
0x00024022	0x00024022
0x00024026	0x00024026
0x0002402a	0x0002402a
0x0002402c	0x0002402c
0x0002402e	0x0002402e
0x00024032	0x00024032
0x00024034	0x00024034
0x00024036	0x00024036
0x0002403a	0x0002403a
0x0002403c	0x0002403c
0x0002403e	0x0002403e
0x00024042	0x00024042
0x00024046	0x00024046
0x0002404a	0x0002404a
0x0002404e	0x0002404e
0x00024052	0x00024052
0x00024056	0x00024056
0x0002405a	0x0002405a
0x0002405e	0x0002405e
0x00024062	0x00024062
0x00024066	0x00024066
0x0002406a	0x0002406a
0x0002406e	0x0002406e
0x00024072	0x00024072
0x00024076	0x00024076
0x0002407a	0x0002407a
0x0002407e	0x0002407e
0x00024080	0x00024080
0x00024082	0x00024082
0x00024086	0x00024086
0x00024088	0x00024088
0x0002408c	0x0002408c
0x0002408e	0x0002408e
0x00024092	0x00024092
0x00024096	0x00024096
0x0002409a	0x0002409a
0x0002409c	0x0002409c
0x0002409e	0x0002409e
0x000240a2	0x000240a2
0x000240a4	0x000240a4
0x000240a6	0x000240a6
0x000240aa	0x000240aa
0x000240ae	0x000240ae
0x000240b2	0x000240b2
0x000240b6	0x000240b6
0x000240b8	0x000240b8
0x000240bc	0x000240bc
0x000240c0	0x000240c0
0x000240c4	0x000240c4
0x000240c8	0x000240c8
0x000240cc	0x000240cc
0x000240d0	0x000240d0
0x000240d4	0x000240d4
0x000240d8	0x000240d8
0x000240dc	0x000240dc
0x000240e0	0x000240e0
0x000240e2	0x000240e2
0x000240e6	0x000240e6
0x000240ea	0x000240ea
0x000240ee	0x000240ee
0x000240f2	0x000240f2
0x000240f6	0x000240f6
0x000240f8	0x000240f8
0x000240fc	0x000240fc
0x000240fe	0x000240fe
0x00024102	0x00024102
0x00024104	0x00024104
0x00024108	0x00024108
0x0002410a	0x0002410a
0x0002410e	0x0002410e
0x00024112	0x00024112
0x00024114	0x00024114
0x00024116	0x00024116
0x0002411a	0x0002411a
0x0002411e	0x0002411e
0x00024120	0x00024120
0x00024124	0x00024124
0x00024126	0x00024126
0x00024128	0x00024128
0x0002412a	0x0002412a
0x0002412e	0x0002412e
0x00024130	0x00024130
0x00024134	0x00024134
0x00024138	0x00024138
0x0002413c	0x0002413c
0x0002413e	0x0002413e
0x00024142	0x00024142
0x00024146	0x00024146
0x0002414a	0x0002414a
0x00024188	0x00024188
0x0002418a	0x0002418a
0x0002418c	0x0002418c
0x00024190	0x00024190
0x00024192	0x00024192
0x00024196	0x00024196
0x0002419a	0x0002419a
0x0002419e	0x0002419e
0x000241a2	0x000241a2
0x000241a6	0x000241a6
0x000241a8	0x000241a8
0x000241ac	0x000241ac
0x000241b0	0x000241b0
0x000241b4	0x000241b4
0x000241b8	0x000241b8
0x000241ba	0x000241ba
0x000241be	0x000241be
0x000241c2	0x000241c2
0x000241c6	0x000241c6
0x000241ca	0x000241ca
0x000241ce	0x000241ce
0x000241d2	0x000241d2
0x000241d6	0x000241d6
0x000241d8	0x000241d8
0x000241da	0x000241da
0x000241dc	0x000241dc
0x000241de	0x000241de
0x000241e0	0x000241e0
0x000241e2	0x000241e2
0x000241e4	0x000241e4
0x000241e8	0x000241e8
0x000241ea	0x000241ea
0x000241ee	0x000241ee
0x000241f2	0x000241f2
0x000241f6	0x000241f6
0x000241fa	0x000241fa
0x000241fe	0x000241fe
0x00024202	0x00024202
0x00024206	0x00024206
0x0002420a	0x0002420a
0x0002420e	0x0002420e
0x00024212	0x00024212
0x00024216	0x00024216
0x0002421a	0x0002421a
0x0002421e	0x0002421e
0x00024222	0x00024222
0x00024226	0x00024226
0x0002422a	0x0002422a
0x0002422e	0x0002422e
0x00024232	0x00024232
0x00024236	0x00024236
0x0002423a	0x0002423a
0x0002423e	0x0002423e
0x00024242	0x00024242
0x00024246	0x00024246
0x0002424a	0x0002424a
0x0002424e	0x0002424e
0x00024252	0x00024252
0x00024256	0x00024256
0x0002425a	0x0002425a
0x0002425e	0x0002425e
0x00024262	0x00024262
0x00024266	0x00024266
0x0002426a	0x0002426a
0x0002426e	0x0002426e
0x00024272	0x00024272
0x00024276	0x00024276
0x0002427a	0x0002427a
0x0002427e	0x0002427e
0x00024280	0x00024280
0x00024282	0x00024282
0x00024286	0x00024286
0x0002428a	0x0002428a
0x0002428e	0x0002428e
0x00024292	0x00024292
0x00024298	0x00024298
0x0002429c	0x0002429c
0x0002429e	0x0002429e
0x000242a2	0x000242a2
0x000242a6	0x000242a6
0x000242aa	0x000242aa
0x000242ae	0x000242ae
0x000242b8	0x000242b8
0x000242bc	0x000242bc
0x000242be	0x000242be
0x000242c2	0x000242c2
0x000242c4	0x000242c4
0x000242c8	0x000242c8
0x000242cc	0x000242cc
0x000242d4	0x000242d4
0x000242d8	0x000242d8
0x000242dc	0x000242dc
0x000242e4	0x000242e4
0x000242e8	0x000242e8
0x000242ec	0x000242ec
0x000242f0	0x000242f0
0x000242f2	0x000242f2
0x000242f6	0x000242f6
0x000242f8	0x000242f8
0x000242fc	0x000242fc
0x000242fe	0x000242fe
0x00024302	0x00024302
0x00024306	0x00024306
0x0002430a	0x0002430a
0x0002430c	0x0002430c
0x0002430e	0x0002430e
0x00024312	0x00024312
0x00024314	0x00024314
0x00024318	0x00024318
0x0002431a	0x0002431a
0x0002431e	0x0002431e
0x00024322	0x00024322
0x00024326	0x00024326
0x0002432a	0x0002432a
0x0002432e	0x0002432e
0x00024330	0x00024330
0x00024334	0x00024334
0x00024336	0x00024336
0x00024338	0x00024338
0x0002433c	0x0002433c
0x00024340	0x00024340
0x00024342	0x00024342
0x00024344	0x00024344
0x00024348	0x00024348
0x0002434c	0x0002434c
0x0002434e	0x0002434e
0x00024352	0x00024352
0x00024354	0x00024354
0x00024358	0x00024358
0x0002435c	0x0002435c
0x00024360	0x00024360
0x00024364	0x00024364
0x00024368	0x00024368
0x0002436a	0x0002436a
0x0002436c	0x0002436c
0x0002436e	0x0002436e
0x00024370	0x00024370
0x00024372	0x00024372
0x00024374	0x00024374
0x00024376	0x00024376
0x00024378	0x00024378
0x0002437a	0x0002437a
0x0002437c	0x0002437c
0x0002437e	0x0002437e
0x00024380	0x00024380
0x00024382	0x00024382
0x00024384	0x00024384
0x00024386	0x00024386
0x00024388	0x00024388
0x0002438a	0x0002438a
0x0002438e	0x0002438e
0x00024390	0x00024390
0x00024392	0x00024392
0x00024396	0x00024396
0x0002439a	0x0002439a
0x0002439c	0x0002439c
0x000243a0	0x000243a0
0x000243a4	0x000243a4
0x000243a8	0x000243a8
0x000243ac	0x000243ac
0x000243b0	0x000243b0
0x000243b4	0x000243b4
0x000243b8	0x000243b8
0x000243bc	0x000243bc
0x000243c0	0x000243c0
0x000243c4	0x000243c4
0x000243c8	0x000243c8
0x000243cc	0x000243cc
0x000243d0	0x000243d0
0x000243d4	0x000243d4
0x000243d8	0x000243d8
0x000243dc	0x000243dc
0x000243e0	0x000243e0
0x000243e4	0x000243e4
0x000243e8	0x000243e8
0x000243ec	0x000243ec
0x000243f0	0x000243f0
0x000243f4	0x000243f4
0x000243f8	0x000243f8
0x000243fc	0x000243fc
0x00024400	0x00024400
0x00024404	0x00024404
0x00024408	0x00024408
0x0002440a	0x0002440a
0x0002440e	0x0002440e
0x00024410	0x00024410
0x00024414	0x00024414
0x00024416	0x00024416
0x0002441a	0x0002441a
0x0002441e	0x0002441e
0x00024438	0x00024438
0x0002443a	0x0002443a
0x0002443c	0x0002443c
0x0002443e	0x0002443e
0x00024440	0x00024440
0x00024442	0x00024442
0x00024444	0x00024444
0x00024448	0x00024448
0x0002444c	0x0002444c
0x00024450	0x00024450
0x00024454	0x00024454
0x00024456	0x00024456
0x0002445a	0x0002445a
0x0002445e	0x0002445e
0x00024462	0x00024462
0x00024466	0x00024466
0x0002446a	0x0002446a
0x0002446e	0x0002446e
0x00024472	0x00024472
0x00024476	0x00024476
0x0002447a	0x0002447a
0x0002447e	0x0002447e
0x00024482	0x00024482
0x00024486	0x00024486
0x0002448a	0x0002448a
0x0002448e	0x0002448e
0x00024490	0x00024490
0x00024494	0x00024494
0x00024498	0x00024498
0x0002449a	0x0002449a
0x0002449e	0x0002449e
0x000244a2	0x000244a2
0x000244a6	0x000244a6
0x000244aa	0x000244aa
0x000244ac	0x000244ac
0x000244b0	0x000244b0
0x000244b2	0x000244b2
0x000244b4	0x000244b4
0x000244b6	0x000244b6
0x000244b8	0x000244b8
0x000244ba	0x000244ba
0x000244be	0x000244be
0x000244c2	0x000244c2
0x000244c6	0x000244c6
0x000244ca	0x000244ca
0x000244ce	0x000244ce
0x000244d2	0x000244d2
0x000244d6	0x000244d6
0x000244da	0x000244da
0x000244de	0x000244de
0x000244e0	0x000244e0
0x000244e4	0x000244e4
0x000244e8	0x000244e8
0x000244ec	0x000244ec
0x000244f0	0x000244f0
0x000244f4	0x000244f4
0x000244f8	0x000244f8
0x000244fc	0x000244fc
0x00024500	0x00024500
0x00024504	0x00024504
0x00024508	0x00024508
0x0002450c	0x0002450c
0x00024510	0x00024510
0x00024514	0x00024514
0x00024518	0x00024518
0x0002451c	0x0002451c
0x00024520	0x00024520
0x00024522	0x00024522
0x00024526	0x00024526
0x0002452a	0x0002452a
0x0002452e	0x0002452e
0x00024532	0x00024532
0x00024536	0x00024536
0x0002453a	0x0002453a
0x0002453e	0x0002453e
0x00024540	0x00024540
0x00024544	0x00024544
0x00024548	0x00024548
0x0002454c	0x0002454c
0x00024550	0x00024550
0x00024554	0x00024554
0x00024558	0x00024558
0x0002455c	0x0002455c
0x00024560	0x00024560
0x00024564	0x00024564
0x00024568	0x00024568
0x0002456c	0x0002456c
0x00024570	0x00024570
0x00024574	0x00024574
0x00024578	0x00024578
0x0002457c	0x0002457c
0x00024580	0x00024580
0x00024584	0x00024584
0x00024588	0x00024588
0x0002458c	0x0002458c
0x00024590	0x00024590
0x00024594	0x00024594
0x00024598	0x00024598
0x0002459c	0x0002459c
0x000245a0	0x000245a0
0x000245a4	0x000245a4
0x000245a8	0x000245a8
0x000245ac	0x000245ac
0x000245ae	0x000245ae
0x000245b2	0x000245b2
0x000245b6	0x000245b6
0x000245b8	0x000245b8
0x000245bc	0x000245bc
0x000245be	0x000245be
0x000245c0	0x000245c0
0x000245c4	0x000245c4
0x000245c8	0x000245c8
0x000245cc	0x000245cc
0x000245d0	0x000245d0
0x000245d4	0x000245d4
0x000245d8	0x000245d8
0x000245dc	0x000245dc
0x000245e0	0x000245e0
0x000245e4	0x000245e4
0x000245e8	0x000245e8
0x000245ec	0x000245ec
0x000245ee	0x000245ee
0x000245f2	0x000245f2
0x000245f4	0x000245f4
0x000245f8	0x000245f8
0x000245fc	0x000245fc
0x00024600	0x00024600
0x00024604	0x00024604
0x00024608	0x00024608
0x0002460c	0x0002460c
0x00024610	0x00024610
0x00024614	0x00024614
0x00024618	0x00024618
0x0002461c	0x0002461c
0x00024620	0x00024620
0x00024624	0x00024624
0x00024628	0x00024628
0x0002462c	0x0002462c
0x00024630	0x00024630
0x00024634	0x00024634
0x00024638	0x00024638
0x0002463a	0x0002463a
0x0002463e	0x0002463e
0x00024642	0x00024642
0x00024646	0x00024646
0x0002464a	0x0002464a
0x0002464e	0x0002464e
0x00024652	0x00024652
0x00024656	0x00024656
0x00024658	0x00024658
0x0002465a	0x0002465a
0x0002465e	0x0002465e
0x00024660	0x00024660
0x00024664	0x00024664
0x00024666	0x00024666
0x00024668	0x00024668
0x0002466a	0x0002466a
0x0002466e	0x0002466e
0x00024672	0x00024672
0x00024674	0x00024674
0x00024678	0x00024678
0x0002467c	0x0002467c
0x00024680	0x00024680
0x00024682	0x00024682
0x00024686	0x00024686
0x0002468a	0x0002468a
0x0002468c	0x0002468c
0x0002468e	0x0002468e
0x00024692	0x00024692
0x00024694	0x00024694
0x00024696	0x00024696
0x0002469a	0x0002469a
0x0002469e	0x0002469e
0x000246a2	0x000246a2
0x000246a6	0x000246a6
0x000246a8	0x000246a8
0x000246ac	0x000246ac
0x000246f8	0x000246f8
0x000246fc	0x000246fc
0x00024700	0x00024700
0x00024702	0x00024702
0x00024706	0x00024706
0x0002470a	0x0002470a
0x0002470e	0x0002470e
0x00024712	0x00024712
0x00024716	0x00024716
0x00024718	0x00024718
0x0002471a	0x0002471a
0x0002471c	0x0002471c
0x0002471e	0x0002471e
0x00024722	0x00024722
0x00024726	0x00024726
0x0002472a	0x0002472a
0x0002472e	0x0002472e
0x00024732	0x00024732
0x00024736	0x00024736
0x0002473a	0x0002473a
0x0002473c	0x0002473c
0x00024740	0x00024740
0x00024744	0x00024744
0x00024746	0x00024746
0x0002474a	0x0002474a
0x0002474e	0x0002474e
0x00024752	0x00024752
0x00024754	0x00024754
0x00024758	0x00024758
0x0002475c	0x0002475c
0x00024760	0x00024760
0x00024764	0x00024764
0x00024768	0x00024768
0x0002476c	0x0002476c
0x00024770	0x00024770
0x00024774	0x00024774
0x00024778	0x00024778
0x0002477c	0x0002477c
0x00024780	0x00024780
0x00024784	0x00024784
0x00024788	0x00024788
0x0002478c	0x0002478c
0x00024790	0x00024790
0x00024794	0x00024794
0x00024798	0x00024798
0x0002479c	0x0002479c
0x000247a0	0x000247a0
0x000247a4	0x000247a4
0x000247a8	0x000247a8
0x000247aa	0x000247aa
0x000247ae	0x000247ae
0x000247b2	0x000247b2
0x000247b4	0x000247b4
0x000247b8	0x000247b8
0x000247ba	0x000247ba
0x000247bc	0x000247bc
0x000247be	0x000247be
0x000247c2	0x000247c2
0x000247c6	0x000247c6
0x000247ca	0x000247ca
0x000247ce	0x000247ce
0x000247d2	0x000247d2
0x000247d6	0x000247d6
0x000247da	0x000247da
0x000247de	0x000247de
0x000247e2	0x000247e2
0x000247e6	0x000247e6
0x000247ea	0x000247ea
0x000247ee	0x000247ee
0x000247f2	0x000247f2
0x000247f6	0x000247f6
0x000247fa	0x000247fa
0x000247fe	0x000247fe
0x00024802	0x00024802
0x00024804	0x00024804
0x00024808	0x00024808
0x0002480a	0x0002480a
0x0002480c	0x0002480c
0x0002480e	0x0002480e
0x00024810	0x00024810
0x00024814	0x00024814
0x00024816	0x00024816
0x00024818	0x00024818
0x0002481a	0x0002481a
0x0002481e	0x0002481e
0x00024820	0x00024820
0x00024822	0x00024822
0x00024824	0x00024824
0x00024828	0x00024828
0x0002482a	0x0002482a
0x0002482c	0x0002482c
0x0002482e	0x0002482e
0x00024832	0x00024832
0x00024834	0x00024834
0x00024836	0x00024836
0x00024838	0x00024838
0x0002483a	0x0002483a
0x0002483c	0x0002483c
0x00024840	0x00024840
0x00024844	0x00024844
0x00024848	0x00024848
0x0002484c	0x0002484c
0x0002484e	0x0002484e
0x00024852	0x00024852
0x00024856	0x00024856
0x0002485a	0x0002485a
0x0002485e	0x0002485e
0x00024862	0x00024862
0x00024866	0x00024866
0x0002486a	0x0002486a
0x0002486e	0x0002486e
0x00024872	0x00024872
0x00024876	0x00024876
0x0002487a	0x0002487a
0x0002487c	0x0002487c
0x0002487e	0x0002487e
0x00024882	0x00024882
0x00024886	0x00024886
0x0002488a	0x0002488a
0x0002488e	0x0002488e
0x00024890	0x00024890
0x00024892	0x00024892
0x00024896	0x00024896
0x0002489a	0x0002489a
0x0002489e	0x0002489e
0x000248a2	0x000248a2
0x000248a6	0x000248a6
0x000248aa	0x000248aa
0x000248ae	0x000248ae
0x000248b0	0x000248b0
0x000248b2	0x000248b2
0x000248b6	0x000248b6
0x000248ba	0x000248ba
0x000248bc	0x000248bc
0x000248be	0x000248be
0x000248c2	0x000248c2
0x000248c6	0x000248c6
0x000248c8	0x000248c8
0x000248cc	0x000248cc
0x000248d0	0x000248d0
0x000248d2	0x000248d2
0x000248d6	0x000248d6
0x000248da	0x000248da
0x000248de	0x000248de
0x000248e2	0x000248e2
0x000248e6	0x000248e6
0x000248ea	0x000248ea
0x000248ee	0x000248ee
0x000248f2	0x000248f2
0x000248f6	0x000248f6
0x000248fa	0x000248fa
0x000248fc	0x000248fc
0x000248fe	0x000248fe
0x00024902	0x00024902
0x00024904	0x00024904
0x00024906	0x00024906
0x00024908	0x00024908
0x0002490a	0x0002490a
0x0002490e	0x0002490e
0x00024910	0x00024910
0x00024912	0x00024912
0x00024916	0x00024916
0x0002491a	0x0002491a
0x0002491e	0x0002491e
0x00024922	0x00024922
0x00024926	0x00024926
0x0002492a	0x0002492a
0x0002492c	0x0002492c
0x00024930	0x00024930
0x00024932	0x00024932
0x00024936	0x00024936
0x00024938	0x00024938
0x0002493c	0x0002493c
0x00024940	0x00024940
0x00024944	0x00024944
0x00024948	0x00024948
0x0002494c	0x0002494c
0x00024950	0x00024950
0x00024954	0x00024954
0x00024956	0x00024956
0x0002495a	0x0002495a
0x0002495e	0x0002495e
0x00024962	0x00024962
0x00024966	0x00024966
0x00024968	0x00024968
0x0002496a	0x0002496a
0x0002496e	0x0002496e
0x00024970	0x00024970
0x00024974	0x00024974
0x00024976	0x00024976
0x00024978	0x00024978
0x0002497c	0x0002497c
0x00024980	0x00024980
0x00024984	0x00024984
0x00024986	0x00024986
0x00024988	0x00024988
0x0002498c	0x0002498c
0x0002498e	0x0002498e
0x00024992	0x00024992
0x00024994	0x00024994
0x00024996	0x00024996
0x0002499a	0x0002499a
0x0002499e	0x0002499e
0x000249a2	0x000249a2
0x000249a4	0x000249a4
0x000249a8	0x000249a8
0x000249ac	0x000249ac
0x000249b0	0x000249b0
0x000249b4	0x000249b4
0x000249b6	0x000249b6
0x000249b8	0x000249b8
0x000249ba	0x000249ba
0x000249bc	0x000249bc
0x000249c0	0x000249c0
0x000249c4	0x000249c4
0x000249c8	0x000249c8
0x000249cc	0x000249cc
0x000249d0	0x000249d0
0x000249d4	0x000249d4
0x000249d8	0x000249d8
0x000249dc	0x000249dc
0x000249e0	0x000249e0
0x000249e4	0x000249e4
0x000249e8	0x000249e8
0x000249ec	0x000249ec
0x000249f0	0x000249f0
0x000249f4	0x000249f4
0x000249f8	0x000249f8
0x000249fc	0x000249fc
0x00024a00	0x00024a00
0x00024a02	0x00024a02
0x00024a06	0x00024a06
0x00024a0a	0x00024a0a
0x00024a0c	0x00024a0c
0x00024a0e	0x00024a0e
0x00024a12	0x00024a12
0x00024a14	0x00024a14
0x00024a18	0x00024a18
0x00024a1c	0x00024a1c
0x00024a1e	0x00024a1e
0x00024a22	0x00024a22
0x00024a26	0x00024a26
0x00024a2a	0x00024a2a
0x00024a2e	0x00024a2e
0x00024a32	0x00024a32
0x00024a36	0x00024a36
0x00024a3a	0x00024a3a
0x00024a3c	0x00024a3c
0x00024a3e	0x00024a3e
0x00024a42	0x00024a42
0x00024a46	0x00024a46
0x00024a48	0x00024a48
0x00024a4a	0x00024a4a
0x00024a4e	0x00024a4e
0x00024a50	0x00024a50
0x00024a54	0x00024a54
0x00024a58	0x00024a58
0x00024a5c	0x00024a5c
0x00024a5e	0x00024a5e
0x00024a60	0x00024a60
0x00024a62	0x00024a62
0x00024a66	0x00024a66
0x00024a68	0x00024a68
0x00024a6a	0x00024a6a
0x00024a6e	0x00024a6e
0x00024a72	0x00024a72
0x00024a74	0x00024a74
0x00024a76	0x00024a76
0x00024a7a	0x00024a7a
0x00024a7e	0x00024a7e
0x00024a82	0x00024a82
0x00024a86	0x00024a86
0x00024a88	0x00024a88
0x00024a8c	0x00024a8c
0x00024a90	0x00024a90
0x00024a92	0x00024a92
0x00024a94	0x00024a94
0x00024a98	0x00024a98
0x00024a9a	0x00024a9a
0x00024a9c	0x00024a9c
0x00024a9e	0x00024a9e
0x00024aa0	0x00024aa0
0x00024aa4	0x00024aa4
0x00024aa6	0x00024aa6
0x00024aaa	0x00024aaa
0x00024aae	0x00024aae
0x00024ab0	0x00024ab0
0x00024ab4	0x00024ab4
0x00024b20	0x00024b20
0x00024b24	0x00024b24
0x00024b28	0x00024b28
0x00024b2c	0x00024b2c
0x00024b2e	0x00024b2e
0x00024b32	0x00024b32
0x00024b36	0x00024b36
0x00024b38	0x00024b38
0x00024b3a	0x00024b3a
0x00024b3e	0x00024b3e
0x00024b42	0x00024b42
0x00024b46	0x00024b46
0x00024b48	0x00024b48
0x00024b4c	0x00024b4c
0x00024b50	0x00024b50
0x00024b54	0x00024b54
0x00024b58	0x00024b58
0x00024b5c	0x00024b5c
0x00024b60	0x00024b60
0x00024b64	0x00024b64
0x00024b68	0x00024b68
0x00024b6c	0x00024b6c
0x00024b6e	0x00024b6e
0x00024b72	0x00024b72
0x00024b76	0x00024b76
0x00024b78	0x00024b78
0x00024b7c	0x00024b7c
0x00024b80	0x00024b80
0x00024b84	0x00024b84
0x00024b88	0x00024b88
0x00024b8a	0x00024b8a
0x00024b8e	0x00024b8e
0x00024b90	0x00024b90
0x00024b92	0x00024b92
0x00024b94	0x00024b94
0x00024b98	0x00024b98
0x00024b9a	0x00024b9a
0x00024b9e	0x00024b9e
0x00024ba2	0x00024ba2
0x00024ba6	0x00024ba6
0x00024baa	0x00024baa
0x00024bac	0x00024bac
0x00024bae	0x00024bae
0x00024bb0	0x00024bb0
0x00024bb4	0x00024bb4
0x00024bb8	0x00024bb8
0x00024bbc	0x00024bbc
0x00024bc0	0x00024bc0
0x00024bc4	0x00024bc4
0x00024bc8	0x00024bc8
0x00024bcc	0x00024bcc
0x00024bd0	0x00024bd0
0x00024bd4	0x00024bd4
0x00024bd8	0x00024bd8
0x00024bdc	0x00024bdc
0x00024be0	0x00024be0
0x00024be4	0x00024be4
0x00024be8	0x00024be8
0x00024bec	0x00024bec
0x00024bee	0x00024bee
0x00024bf2	0x00024bf2
0x00024bf6	0x00024bf6
0x00024bf8	0x00024bf8
0x00024bfc	0x00024bfc
0x00024bfe	0x00024bfe
0x00024c00	0x00024c00
0x00024c04	0x00024c04
0x00024c08	0x00024c08
0x00024c0c	0x00024c0c
0x00024c10	0x00024c10
0x00024c14	0x00024c14
0x00024c18	0x00024c18
0x00024c1c	0x00024c1c
0x00024c20	0x00024c20
0x00024c24	0x00024c24
0x00024c28	0x00024c28
0x00024c2c	0x00024c2c
0x00024c2e	0x00024c2e
0x00024c32	0x00024c32
0x00024c34	0x00024c34
0x00024c36	0x00024c36
0x00024c38	0x00024c38
0x00024c3c	0x00024c3c
0x00024c3e	0x00024c3e
0x00024c42	0x00024c42
0x00024c46	0x00024c46
0x00024c4a	0x00024c4a
0x00024c4e	0x00024c4e
0x00024c50	0x00024c50
0x00024c54	0x00024c54
0x00024c58	0x00024c58
0x00024c5c	0x00024c5c
0x00024c60	0x00024c60
0x00024c62	0x00024c62
0x00024c66	0x00024c66
0x00024c6a	0x00024c6a
0x00024c6e	0x00024c6e
0x00024c72	0x00024c72
0x00024c76	0x00024c76
0x00024c7a	0x00024c7a
0x00024c7e	0x00024c7e
0x00024c82	0x00024c82
0x00024c84	0x00024c84
0x00024c86	0x00024c86
0x00024c8a	0x00024c8a
0x00024c8e	0x00024c8e
0x00024c92	0x00024c92
0x00024c96	0x00024c96
0x00024c9a	0x00024c9a
0x00024c9e	0x00024c9e
0x00024ca0	0x00024ca0
0x00024ca2	0x00024ca2
0x00024ca4	0x00024ca4
0x00024ca8	0x00024ca8
0x00024cac	0x00024cac
0x00024cb0	0x00024cb0
0x00024cb4	0x00024cb4
0x00024cb8	0x00024cb8
0x00024cbc	0x00024cbc
0x00024cc0	0x00024cc0
0x00024cc4	0x00024cc4
0x00024cc6	0x00024cc6
0x00024cca	0x00024cca
0x00024cce	0x00024cce
0x00024cd2	0x00024cd2
0x00024cd6	0x00024cd6
0x00024cda	0x00024cda
0x00024cdc	0x00024cdc
0x00024ce0	0x00024ce0
0x00024ce4	0x00024ce4
0x00024ce6	0x00024ce6
0x00024ce8	0x00024ce8
0x00024cec	0x00024cec
0x00024cee	0x00024cee
0x00024cf0	0x00024cf0
0x00024cf4	0x00024cf4
0x00024cf6	0x00024cf6
0x00024cf8	0x00024cf8
0x00024cfa	0x00024cfa
0x00024cfc	0x00024cfc
0x00024d00	0x00024d00
0x00024d04	0x00024d04
0x00024d08	0x00024d08
0x00024d0c	0x00024d0c
0x00024d10	0x00024d10
0x00024d14	0x00024d14
0x00024d18	0x00024d18
0x00024d1c	0x00024d1c
0x00024d20	0x00024d20
0x00024d24	0x00024d24
0x00024d28	0x00024d28
0x00024d2c	0x00024d2c
0x00024d30	0x00024d30
0x00024d34	0x00024d34
0x00024d38	0x00024d38
0x00024d3a	0x00024d3a
0x00024d3e	0x00024d3e
0x00024d42	0x00024d42
0x00024d44	0x00024d44
0x00024d48	0x00024d48
0x00024d4a	0x00024d4a
0x00024d4c	0x00024d4c
0x00024d50	0x00024d50
0x00024d54	0x00024d54
0x00024d58	0x00024d58
0x00024d5c	0x00024d5c
0x00024d60	0x00024d60
0x00024d64	0x00024d64
0x00024d68	0x00024d68
0x00024d6c	0x00024d6c
0x00024d70	0x00024d70
0x00024d74	0x00024d74
0x00024d78	0x00024d78
0x00024d7a	0x00024d7a
0x00024d7e	0x00024d7e
0x00024d80	0x00024d80
0x00024d82	0x00024d82
0x00024d84	0x00024d84
0x00024d88	0x00024d88
0x00024d8c	0x00024d8c
0x00024d90	0x00024d90
0x00024d94	0x00024d94
0x00024d98	0x00024d98
0x00024d9a	0x00024d9a
0x00024d9e	0x00024d9e
0x00024da2	0x00024da2
0x00024da6	0x00024da6
0x00024daa	0x00024daa
0x00024dac	0x00024dac
0x00024db0	0x00024db0
0x00024db4	0x00024db4
0x00024db8	0x00024db8
0x00024dbc	0x00024dbc
0x00024dc0	0x00024dc0
0x00024dc4	0x00024dc4
0x00024dc6	0x00024dc6
0x00024dca	0x00024dca
0x00024dce	0x00024dce
0x00024dd0	0x00024dd0
0x00024dd2	0x00024dd2
0x00024dd6	0x00024dd6
0x00024dda	0x00024dda
0x00024dde	0x00024dde
0x00024de2	0x00024de2
0x00024de6	0x00024de6
0x00024dea	0x00024dea
0x00024dec	0x00024dec
0x00024dee	0x00024dee
0x00024df0	0x00024df0
0x00024df4	0x00024df4
0x00024df8	0x00024df8
0x00024dfc	0x00024dfc
0x00024e00	0x00024e00
0x00024e04	0x00024e04
0x00024e08	0x00024e08
0x00024e0c	0x00024e0c
0x00024e10	0x00024e10
0x00024e12	0x00024e12
0x00024e16	0x00024e16
0x00024e1a	0x00024e1a
0x00024e1e	0x00024e1e
0x00024e22	0x00024e22
0x00024e26	0x00024e26
0x00024e2a	0x00024e2a
0x00024e2c	0x00024e2c
0x00024e30	0x00024e30
0x00024e34	0x00024e34
0x00024e36	0x00024e36
0x00024e38	0x00024e38
0x00024e3c	0x00024e3c
0x00024e3e	0x00024e3e
0x00024e40	0x00024e40
0x00024e44	0x00024e44
0x00024e48	0x00024e48
0x00024e4c	0x00024e4c
0x00024e50	0x00024e50
0x00024e52	0x00024e52
0x00024e54	0x00024e54
0x00024e58	0x00024e58
0x00024e5a	0x00024e5a
0x00024e5c	0x00024e5c
0x00024e60	0x00024e60
0x00024e62	0x00024e62
0x00024e66	0x00024e66
0x00024e6a	0x00024e6a
0x00024e6c	0x00024e6c
0x00024e70	0x00024e70
0x00024ec0	0x00024ec0
0x00024ec4	0x00024ec4
0x00024ec8	0x00024ec8
0x00024ecc	0x00024ecc
0x00024ece	0x00024ece
0x00024ed2	0x00024ed2
0x00024ed6	0x00024ed6
0x00024ed8	0x00024ed8
0x00024edc	0x00024edc
0x00024ee0	0x00024ee0
0x00024ee4	0x00024ee4
0x00024ee8	0x00024ee8
0x00024eea	0x00024eea
0x00024eec	0x00024eec
0x00024eee	0x00024eee
0x00024ef2	0x00024ef2
0x00024ef4	0x00024ef4
0x00024ef8	0x00024ef8
0x00024efa	0x00024efa
0x00024efc	0x00024efc
0x00024f00	0x00024f00
0x00024f02	0x00024f02
0x00024f06	0x00024f06
0x00024f0a	0x00024f0a
0x00024f0e	0x00024f0e
0x00024f10	0x00024f10
0x00024f14	0x00024f14
0x00024f18	0x00024f18
0x00024f1c	0x00024f1c
0x00024f20	0x00024f20
0x00024f24	0x00024f24
0x00024f28	0x00024f28
0x00024f2a	0x00024f2a
0x00024f2c	0x00024f2c
0x00024f2e	0x00024f2e
0x00024f32	0x00024f32
0x00024f36	0x00024f36
0x00024f3a	0x00024f3a
0x00024f3e	0x00024f3e
0x00024f40	0x00024f40
0x00024f42	0x00024f42
0x00024f44	0x00024f44
0x00024f46	0x00024f46
0x00024f48	0x00024f48
0x00024f4a	0x00024f4a
0x00024f4e	0x00024f4e
0x00024f50	0x00024f50
0x00024f58	0x00024f54
0x00024f5c	0x00024f5a
0x00024f60	0x00024f5e
0x00024f66	0x00024f66
0x00024f74	0x00024f72
0x00024f7c	0x00024f7a
0x00024f80	0x00024f7e
0x00024f86	0x00024f84
0x00024f8a	0x00024f88
0x00024f8e	0x00024f8c
0x00024f98	0x00024f98
0x00024fa0	0x00024fa0
0x00024fa4	0x00024fa4
0x00024faa	0x00024faa
0x00024fae	0x00024fae
0x00024fb2	0x00024fb2
0x00024fb6	0x00024fb6
0x00024fba	0x00024fba
0x00024fbe	0x00024fbe
0x00024fc0	0x00024fc0
0x00024fc4	0x00024fc4
0x00024fc8	0x00024fc8
0x00024fcc	0x00024fcc
0x00024fd0	0x00024fd0
0x00024fd4	0x00024fd4
0x00024fd8	0x00024fd8
0x00024fdc	0x00024fdc
0x00024fe0	0x00024fe0
0x00024fe4	0x00024fe4
0x00024fe6	0x00024fe6
0x00024fee	0x00024fee
0x00024ff0	0x00024ff0
0x00024ff2	0x00024ff2
0x00024ff6	0x00024ff6
0x00024ffa	0x00024ffa
0x00024ffc	0x00024ffc
0x00024ffe	0x00024ffe
0x00025000	0x00025000
0x00025004	0x00025004
0x00025006	0x00025006
0x00025008	0x00025008
0x0002500a	0x0002500a
0x0002500e	0x0002500e
0x00025012	0x00025012
0x00025014	0x00025014
0x00025016	0x00025016
0x00025018	0x0002501a
0x00025028	0x00025028
0x0002502c	0x0002502c
0x00025030	0x00025030
0x00025034	0x00025034
0x00025038	0x00025038
0x0002503c	0x0002503c
0x00025040	0x00025040
0x00025044	0x00025044
0x00025046	0x00025046
0x0002504a	0x0002504a
0x0002504e	0x0002504e
0x00025058	0x00025058
0x0002505c	0x0002505c
0x00025064	0x00025064
0x0002506e	0x0002506e
0x00025070	0x00025070
0x00025072	0x00025072
0x00025076	0x00025076
0x00025078	0x00025078
0x0002507a	0x0002507a
0x0002507c	0x0002507c
0x0002507e	0x0002507e
0x00025080	0x00025080
0x00025082	0x00025082
0x00025084	0x00025084
0x00025086	0x00025086
0x00025088	0x00025088
0x0002508c	0x0002508c
0x00025090	0x00025090
0x00025094	0x00025094
0x00025098	0x00025098
0x0002509c	0x0002509c
0x000250a0	0x000250a0
0x00025138	0x00025134
0x0002513a	0x00025136
0x0002513e	0x0002513a
0x00025140	0x0002513c
0x00025142	0x0002513e
0x00025144	0x00025140
0x00025148	0x00025144
0x0002514a	0x00025146
0x0002514e	0x0002514a
0x00025150	0x0002514c
0x00025154	0x00025150
0x00025158	0x00025154
0x0002515c	0x00025158
0x0002515e	0x0002515a
0x00025162	0x0002515e
0x00025166	0x00025162
0x0002516a	0x00025166
0x0002516e	0x0002516a
0x00025172	0x0002516e
0x00025176	0x00025172
0x0002517a	0x00025176
0x0002517e	0x0002517a
0x00025182	0x0002517e
0x00025186	0x00025182
0x0002518a	0x00025186
0x0002518e	0x0002518a
0x00025192	0x0002518e
0x00025196	0x00025192
0x0002519a	0x00025196
0x0002519e	0x0002519a
0x000251a0	0x0002519c
0x000251a4	0x000251a0
0x000251a8	0x000251a4
0x000251ac	0x000251a8
0x000251b0	0x000251ac
0x000251b2	0x000251ae
0x000251b6	0x000251b2
0x000251ba	0x000251b6
0x000251be	0x000251ba
0x000251c2	0x000251be
0x000251c6	0x000251c2
0x000251ca	0x000251c6
0x000251ce	0x000251ca
0x000251d2	0x000251ce
0x000251d6	0x000251d2
0x000251da	0x000251d6
0x000251de	0x000251da
0x000251e2	0x000251de
0x000251e6	0x000251e2
0x000251ea	0x000251e6
0x000251ee	0x000251ea
0x000251f2	0x000251ee
0x000251f6	0x000251f2
0x000251fa	0x000251f6
0x000251fe	0x000251fa
0x00025202	0x000251fe
0x00025206	0x00025202
0x0002520a	0x00025206
0x0002520e	0x0002520a
0x00025212	0x0002520e
0x00025216	0x00025212
0x0002521a	0x00025216
0x0002521e	0x0002521a
0x00025222	0x0002521e
0x00025224	0x00025220
0x00025228	0x00025224
0x0002522c	0x00025228
0x00025230	0x0002522c
0x00025234	0x00025230
0x00025238	0x00025234
0x0002523c	0x00025238
0x00025240	0x0002523c
0x00025244	0x00025240
0x00025248	0x00025244
0x0002524c	0x00025248
0x00025250	0x0002524c
0x00025254	0x00025250
0x00025258	0x00025254
0x0002525c	0x00025258
0x00025260	0x0002525c
0x00025262	0x0002525e
0x00025266	0x00025262
0x0002526a	0x00025266
0x0002526e	0x0002526a
0x00025272	0x0002526e
0x00025276	0x00025272
0x0002527a	0x00025276
0x0002527e	0x0002527a
0x00025282	0x0002527e
0x00025286	0x00025282
0x0002528a	0x00025286
0x0002528e	0x0002528a
0x00025292	0x0002528e
0x00025296	0x00025292
0x0002529a	0x00025296
0x0002529e	0x0002529a
0x000252a2	0x0002529e
0x000252a6	0x000252a2
0x000252d8	0x000252d4
0x000252da	0x000252d6
0x000252dc	0x000252d8
0x000252e0	0x000252dc
0x000252e2	0x000252de
0x000252e6	0x000252e2
0x000252e8	0x000252e4
0x000252f4	0x000252f0
0x000252f8	0x000252f4
0x000252fa	0x000252f6
0x000252fe	0x000252fa
0x00025300	0x000252fc
0x00025304	0x00025300
0x00025306	0x00025302
0x00025308	0x00025304
0x0002530a	0x00025306
0x0002530c	0x00025308
0x00025312	0x0002530e
0x00025314	0x00025310
0x00025316	0x00025312
0x0002531a	0x00025316
0x0002531e	0x0002531a
0x00025320	0x0002531c
0x00025324	0x00025320
0x00025328	0x00025324
0x0002532c	0x00025328
0x0002532e	0x0002532a
0x00025330	0x0002532c
0x00025334	0x00025330
0x00025338	0x00025334
0x0002533c	0x00025338
0x00025340	0x0002533c
0x00025344	0x00025340
0x00025348	0x00025344
0x0002534c	0x00025348
0x0002534e	0x0002534a
0x00025352	0x0002534e
0x00025356	0x00025352
0x0002535a	0x00025356
0x0002535e	0x0002535a
0x00025362	0x0002535e
0x00025366	0x00025362
0x0002536a	0x00025366
0x0002536e	0x0002536a
0x00025372	0x0002536e
0x00025374	0x00025370
0x00025378	0x00025374
0x0002537c	0x00025378
0x00025380	0x0002537c
0x00025384	0x00025380
0x00025388	0x00025384
0x0002538a	0x00025386
0x0002538e	0x0002538a
0x00025390	0x0002538c
0x00025394	0x00025390
0x00025398	0x00025394
0x0002539a	0x00025396
0x0002539c	0x00025398
0x0002539e	0x0002539a
0x000253a0	0x0002539c
0x000253a4	0x000253a0
0x000253a6	0x000253a2
0x000253aa	0x000253a6
0x000253ac	0x000253a8
0x000253b0	0x000253ac
0x000253b2	0x000253ae
0x000253b6	0x000253b2
0x000253ba	0x000253b6
0x000253be	0x000253ba
0x000253c0	0x000253bc
0x000253c4	0x000253c0
0x000253c6	0x000253c2
0x000253ca	0x000253c6
0x000253ce	0x000253ca
0x000253d0	0x000253cc
0x000253d4	0x000253d0
0x000253d8	0x000253d4
0x000253da	0x000253d6
0x000253de	0x000253da
0x000253e2	0x000253de
0x000253e4	0x000253e0
0x000253e8	0x000253e4
0x000253ea	0x000253e6
0x000253ee	0x000253ea
0x000253f0	0x000253ec
0x000253f2	0x000253ee
0x000253f4	0x000253f0
0x000253f8	0x000253f4
0x000253fa	0x000253f6
0x000253fe	0x000253fa
0x00025402	0x000253fe
0x00025406	0x00025402
0x0002540a	0x00025406
0x0002540c	0x00025408
0x0002540e	0x0002540a
0x00025410	0x0002540c
0x00025412	0x0002540e
0x00025414	0x00025410
0x00025416	0x00025412
0x00025418	0x00025414
0x0002541a	0x00025416
0x0002541c	0x00025418
0x0002541e	0x0002541a
0x00025420	0x0002541c
0x00025424	0x00025420
0x00025428	0x00025424
0x0002542c	0x00025428
0x00025430	0x0002542c
0x00025434	0x00025436
0x0002543c	0x00025438
0x00025440	0x0002543c
0x00025442	0x0002543e
0x00025448	0x00025444
0x0002544c	0x00025448
0x0002544e	0x0002544a
0x00025454	0x00025450
0x00025458	0x00025454
0x0002545a	0x00025456
0x00025460	0x0002545c
0x00025464	0x00025460
0x00025466	0x00025462
0x0002546a	0x00025466
0x0002546e	0x0002546a
0x00025472	0x0002546e
0x00025476	0x00025472
0x00025478	0x00025474
0x0002547a	0x00025476
0x0002547e	0x0002547a
0x00025480	0x0002547c
0x00025484	0x00025480
0x00025486	0x00025482
0x0002548a	0x00025486
0x0002548c	0x00025488
0x0002548e	0x0002548a
0x00025492	0x0002548e
0x00025494	0x00025490
0x00025496	0x00025492
0x00025498	0x00025494
0x0002549c	0x00025498
0x0002549e	0x0002549a
0x000254a0	0x0002549c
0x000254a2	0x0002549e
0x000254a4	0x000254a0
0x000254a8	0x000254a4
0x000254aa	0x000254a6
0x000254ac	0x000254a8
0x000254ae	0x000254aa
0x000254b0	0x000254ac
0x000254b2	0x000254ae
0x000254b4	0x000254b0
0x000254b6	0x000254b2
0x000254b8	0x000254b4
0x000254bc	0x000254b8
0x000254c0	0x000254bc
0x000254c4	0x000254c0
0x000254c6	0x000254c2
0x000254c8	0x000254c4
0x000254cc	0x000254c8
0x000254ce	0x000254ca
0x000254d0	0x000254cc
0x000254d2	0x000254ce
0x000254d4	0x000254d0
0x000254d6	0x000254d2
0x000254d8	0x000254d4
0x000254da	0x000254d6
0x000254de	0x000254da
0x000254e2	0x000254de
0x000254e4	0x000254e0
0x000254e8	0x000254e4
0x000254ec	0x000254e8
0x000254ee	0x000254ea
0x000254f0	0x000254ec
0x000254f2	0x000254ee
0x000254f4	0x000254f0
0x000254f6	0x000254f2
0x000254f8	0x000254f4
0x000254fa	0x000254f6
0x000254fe	0x000254fa
0x00025500	0x000254fc
0x00025502	0x000254fe
0x00025506	0x00025502
0x00025508	0x00025504
0x0002550c	0x00025508
0x00025510	0x0002550c
0x00025512	0x0002550e
0x00025516	0x00025512
0x0002551a	0x00025516
0x0002551c	0x00025518
0x00025520	0x0002551c
0x00025522	0x0002551e
0x00025524	0x00025520
0x00025526	0x00025522
0x00025528	0x00025524
0x0002552a	0x00025526
0x0002552c	0x00025528
0x0002552e	0x0002552a
0x00025532	0x0002552e
0x00025536	0x00025532
0x00025538	0x00025534
0x0002553a	0x00025536
0x0002553c	0x00025538
0x0002553e	0x0002553a
0x00025540	0x0002553c
0x00025542	0x0002553e
0x00025544	0x00025540
0x00025548	0x00025544
0x0002554a	0x00025546
0x0002554c	0x00025548
0x00025550	0x0002554c
0x00025552	0x0002554e
0x00025554	0x00025550
0x00025556	0x00025552
0x00025558	0x00025554
0x0002555a	0x00025556
0x0002555c	0x00025558
0x00025560	0x0002555c
0x00025562	0x0002555e
0x00025564	0x00025560
0x00025566	0x00025562
0x0002556a	0x00025566
0x0002556c	0x00025568
0x00025570	0x0002556c
0x00025572	0x0002556e
0x00025576	0x00025572
0x00025578	0x00025574
0x0002557c	0x00025578
0x0002557e	0x0002557a
0x00025582	0x0002557e
0x00025586	0x00025582
0x00025588	0x00025584
0x0002558c	0x00025588
0x00025590	0x0002558c
0x00025592	0x0002558e
0x00025596	0x00025592
0x00025598	0x00025594
0x0002559a	0x00025596
0x0002559c	0x00025598
0x0002559e	0x0002559a
0x000255a2	0x0002559e
0x000255a4	0x000255a0
0x000255a6	0x000255a2
0x000255a8	0x000255a4
0x000255aa	0x000255a6
0x000255ac	0x000255a8
0x000255b0	0x000255ac
0x000255b2	0x000255ae
0x000255b4	0x000255b0
0x000255b6	0x000255b2
0x000255b8	0x000255b4
0x000255bc	0x000255b8
0x000255c0	0x000255bc
0x000255c2	0x000255be
0x000256c8	0x000256c4
0x000256ca	0x000256c6
0x000256cc	0x000256c8
0x000256d0	0x000256cc
0x000256d2	0x000256ce
0x000256d6	0x000256d2
0x000256da	0x000256d6
0x000256dc	0x000256d8
0x000256de	0x000256da
0x000256e2	0x000256de
0x000256e6	0x000256e2
0x000256ea	0x000256e6
0x000256ec	0x000256e8
0x000256f0	0x000256ec
0x000256f4	0x000256f0
0x000256f6	0x000256f2
0x000256fa	0x000256f6
0x000256fe	0x000256fa
0x00025700	0x000256fc
0x00025704	0x00025700
0x00025708	0x00025704
0x0002570a	0x00025706
0x0002570e	0x0002570a
0x00025712	0x0002570e
0x00025714	0x00025710
0x00025718	0x00025714
0x0002571c	0x00025718
0x0002571e	0x0002571a
0x00025720	0x0002571c
0x00025722	0x0002571e
0x00025726	0x00025722
0x00025728	0x00025724
0x0002572e	0x0002572a
0x00025732	0x0002572e
0x00025736	0x00025732
0x0002573c	0x00025738
0x00025740	0x0002573c
0x00025742	0x0002573e
0x00025746	0x00025742
0x00025748	0x00025744
0x0002574a	0x00025746
0x0002574e	0x0002574a
0x00025750	0x0002574c
0x00025752	0x0002574e
0x00025756	0x00025752
0x00025758	0x00025754
0x0002575a	0x00025756
0x000257c4	0x000257c0
0x000257c8	0x000257c4
0x000257ca	0x000257c6
0x000257ce	0x000257ca
0x000257d0	0x000257cc
0x000257d2	0x000257ce
0x000257d4	0x000257d0
0x000257d8	0x000257d4
0x000257dc	0x000257d8
0x000257e0	0x000257dc
0x000257e4	0x000257e0
0x000257e8	0x000257e4
0x000257ec	0x000257e8
0x000257f0	0x000257ec
0x000257f4	0x000257f0
0x000257f8	0x000257f4
0x000257fc	0x000257f8
0x00025800	0x000257fc
0x00025804	0x00025800
0x00025806	0x00025802
0x00025808	0x00025804
0x0002580c	0x00025808
0x00025810	0x0002580c
0x00025814	0x00025810
0x00025818	0x00025814
0x0002581a	0x00025816
0x0002581e	0x0002581a
0x00025820	0x0002581c
0x00025822	0x0002581e
0x00025824	0x00025820
0x00025826	0x00025822
0x0002582a	0x00025826
0x0002582e	0x0002582a
0x00025830	0x0002582c
0x00025834	0x00025830
0x00025838	0x00025834
0x0002583c	0x00025838
0x00025840	0x0002583c
0x00025844	0x00025840
0x00025848	0x00025844
0x0002584c	0x00025848
0x00025850	0x0002584c
0x00025852	0x0002584e
0x00025856	0x00025852
0x00025858	0x00025854
0x0002585a	0x00025856
0x0002585c	0x00025858
0x00025860	0x0002585c
0x00025864	0x00025860
0x00025868	0x00025864
0x0002586c	0x00025868
0x00025870	0x0002586c
0x00025874	0x00025870
0x00025878	0x00025874
0x0002587a	0x00025876
0x0002587e	0x0002587a
0x00025882	0x0002587e
0x00025886	0x00025882
0x0002588a	0x00025886
0x0002588e	0x0002588a
0x00025892	0x0002588e
0x00025896	0x00025892
0x0002589a	0x00025896
0x0002589c	0x00025898
0x000258a0	0x0002589c
0x000258a2	0x0002589e
0x000258a4	0x000258a0
0x000258a6	0x000258a2
0x000258a8	0x000258a4
0x000258ac	0x000258a8
0x000258ae	0x000258aa
0x000258b2	0x000258ae
0x000258b6	0x000258b2
0x000258b8	0x000258b4
0x000258ba	0x000258b6
0x000258be	0x000258ba
0x000258c0	0x000258bc
0x000258c2	0x000258be
0x000258c6	0x000258c2
0x000258c8	0x000258c4
0x000258ca	0x000258c6
0x000258cc	0x000258c8
0x000258ce	0x000258ca
0x000258d2	0x000258ce
0x000258d6	0x000258d2
0x000258d8	0x000258d4
0x000258dc	0x000258d8
0x000258e0	0x000258dc
0x000258e2	0x000258de
0x000258e6	0x000258e2
0x000258ea	0x000258e6
0x000258ec	0x000258e8
0x000258f0	0x000258ec
0x000258f4	0x000258f0
0x000258f8	0x000258f4
0x000258fc	0x000258f8
0x00025900	0x000258fc
0x00025904	0x00025900
0x00025908	0x00025904
0x0002590c	0x00025908
0x00025910	0x0002590c
0x00025914	0x00025910
0x00025918	0x00025914
0x0002591c	0x00025918
0x00025920	0x0002591c
0x00025924	0x00025920
0x00025926	0x00025922
0x0002592a	0x00025926
0x0002592c	0x00025928
0x0002592e	0x0002592a
0x00025932	0x0002592e
0x00025936	0x00025932
0x0002593a	0x00025936
0x0002593e	0x0002593a
0x00025940	0x0002593c
0x00025942	0x0002593e
0x00025946	0x00025942
0x0002594a	0x00025946
0x0002594c	0x00025948
0x0002594e	0x0002594a
0x00025950	0x0002594c
0x00025954	0x00025950
0x00025956	0x00025952
0x00025958	0x00025954
0x0002595a	0x00025956
0x0002595e	0x0002595a
0x00025960	0x0002595c
0x00025964	0x00025960
0x00025968	0x00025964
0x0002596c	0x00025968
0x0002596e	0x0002596a
0x00025972	0x0002596e
0x00025976	0x00025972
0x0002597a	0x00025976
0x0002597e	0x0002597a
0x00025982	0x0002597e
0x00025986	0x00025982
0x0002598a	0x00025986
0x0002598e	0x0002598a
0x00025992	0x0002598e
0x00025996	0x00025992
0x0002599a	0x00025996
0x0002599e	0x0002599a
0x000259a2	0x0002599e
0x000259a6	0x000259a2
0x000259aa	0x000259a6
0x000259ae	0x000259aa
0x000259b2	0x000259ae
0x000259b4	0x000259b0
0x000259b8	0x000259b4
0x000259ba	0x000259b6
0x000259be	0x000259ba
0x000259c2	0x000259be
0x000259c6	0x000259c2
0x000259ca	0x000259c6
0x000259ce	0x000259ca
0x000259d2	0x000259ce
0x000259d4	0x000259d0
0x000259d6	0x000259d2
0x000259d8	0x000259d4
0x000259dc	0x000259d8
0x000259e0	0x000259dc
0x000259e4	0x000259e0
0x000259e8	0x000259e4
0x000259ec	0x000259e8
0x000259f0	0x000259ec
0x000259f4	0x000259f0
0x000259f8	0x000259f4
0x000259fc	0x000259f8
0x00025a00	0x000259fc
0x00025a04	0x00025a00
0x00025a08	0x00025a04
0x00025a0c	0x00025a08
0x00025a10	0x00025a0c
0x00025a12	0x00025a0e
0x00025a16	0x00025a12
0x00025a18	0x00025a14
0x00025a1a	0x00025a16
0x00025a1e	0x00025a1a
0x00025a22	0x00025a1e
0x00025a26	0x00025a22
0x00025a2a	0x00025a26
0x00025a2e	0x00025a2a
0x00025a32	0x00025a2e
0x00025a34	0x00025a30
0x00025a38	0x00025a34
0x00025a3c	0x00025a38
0x00025a40	0x00025a3c
0x00025a42	0x00025a3e
0x00025a46	0x00025a42
0x00025a48	0x00025a44
0x00025a4c	0x00025a48
0x00025a50	0x00025a4c
0x00025a54	0x00025a50
0x00025a58	0x00025a54
0x00025a5c	0x00025a58
0x00025a60	0x00025a5c
0x00025a64	0x00025a60
0x00025a68	0x00025a64
0x00025a6c	0x00025a68
0x00025a70	0x00025a6c
0x00025a74	0x00025a70
0x00025a78	0x00025a74
0x00025a7c	0x00025a78
0x00025a80	0x00025a7c
0x00025a84	0x00025a80
0x00025a88	0x00025a84
0x00025a8c	0x00025a88
0x00025a90	0x00025a8c
0x00025a94	0x00025a90
0x00025a98	0x00025a94
0x00025a9c	0x00025a98
0x00025aa0	0x00025a9c
0x00025aa4	0x00025aa0
0x00025aa6	0x00025aa2
0x00025aaa	0x00025aa6
0x00025aac	0x00025aa8
0x00025aae	0x00025aaa
0x00025ab0	0x00025aac
0x00025ab2	0x00025aae
0x00025ab6	0x00025ab2
0x00025ab8	0x00025ab4
0x00025aba	0x00025ab6
0x00025abe	0x00025aba
0x00025ac0	0x00025abc
0x00025ac4	0x00025ac0
0x00025ac8	0x00025ac4
0x00025acc	0x00025ac8
0x00025ad0	0x00025acc
0x00025ad4	0x00025ad0
0x00025ad8	0x00025ad4
0x00025adc	0x00025ad8
0x00025ade	0x00025ada
0x00025ae2	0x00025ade
0x00025ae6	0x00025ae2
0x00025aea	0x00025ae6
0x00025aee	0x00025aea
0x00025af2	0x00025aee
0x00025af6	0x00025af2
0x00025afa	0x00025af6
0x00025afe	0x00025afa
0x00025b02	0x00025afe
0x00025b04	0x00025b00
0x00025b08	0x00025b04
0x00025b0c	0x00025b08
0x00025b10	0x00025b0c
0x00025b14	0x00025b10
0x00025b16	0x00025b12
0x00025b1a	0x00025b16
0x00025b1e	0x00025b1a
0x00025b20	0x00025b1c
0x00025b24	0x00025b20
0x00025b26	0x00025b22
0x00025b2a	0x00025b26
0x00025b2e	0x00025b2a
0x00025b32	0x00025b2e
0x00025b34	0x00025b30
0x00025b38	0x00025b34
0x00025b3c	0x00025b38
0x00025b40	0x00025b3c
0x00025b44	0x00025b40
0x00025b48	0x00025b44
0x00025b4c	0x00025b48
0x00025b50	0x00025b4c
0x00025b54	0x00025b50
0x00025b58	0x00025b54
0x00025b5c	0x00025b58
0x00025b5e	0x00025b5a
0x00025b60	0x00025b5c
0x00025b64	0x00025b60
0x00025b68	0x00025b64
0x00025b6c	0x00025b68
0x00025b70	0x00025b6c
0x00025b72	0x00025b6e
0x00025b76	0x00025b72
0x00025b7a	0x00025b76
0x00025b7e	0x00025b7a
0x00025b80	0x00025b7c
0x00025b84	0x00025b80
0x00025b88	0x00025b84
0x00025b8a	0x00025b86
0x00025b8c	0x00025b88
0x00025b8e	0x00025b8a
0x00025b90	0x00025b8c
0x00025b92	0x00025b8e
0x00025b96	0x00025b92
0x00025b98	0x00025b94
0x00025b9a	0x00025b96
0x00025b9c	0x00025b98
0x00025ba0	0x00025b9c
0x00025ba2	0x00025b9e
0x00025ba4	0x00025ba0
0x00025ba6	0x00025ba2
0x00025baa	0x00025ba6
0x00025bae	0x00025baa
0x00025bb0	0x00025bac
0x00025bb2	0x00025bae
0x00025bb4	0x00025bb0
0x00025bb8	0x00025bb4
0x00025bba	0x00025bb6
0x00025bbc	0x00025bb8
0x00025bbe	0x00025bba
0x00025bc2	0x00025bbe
0x00025bc4	0x00025bc0
0x00025bc8	0x00025bc4
0x00025bcc	0x00025bc8
0x00025c38	0x00025c34
0x00025c3c	0x00025c38
0x00025c40	0x00025c3c
0x00025c44	0x00025c40
0x00025c48	0x00025c44
0x00025c4c	0x00025c48
0x00025c50	0x00025c4c
0x00025c54	0x00025c50
0x00025c58	0x00025c54
0x00025c5c	0x00025c58
0x00025c60	0x00025c5c
0x00025c64	0x00025c60
0x00025c68	0x00025c64
0x00025c6c	0x00025c68
0x00025c70	0x00025c6c
0x00025c74	0x00025c70
0x00025c78	0x00025c74
0x00025c7c	0x00025c78
0x00025c80	0x00025c7c
0x00025c84	0x00025c80
0x00025c86	0x00025c82
0x00025c88	0x00025c84
0x00025c8c	0x00025c88
0x00025c90	0x00025c8c
0x00025c94	0x00025c90
0x00025c98	0x00025c94
0x00025c9c	0x00025c98
0x00025ca0	0x00025c9c
0x00025ca4	0x00025ca0
0x00025ca6	0x00025ca2
0x00025ca8	0x00025ca4
0x00025caa	0x00025ca6
0x00025cae	0x00025caa
0x00025cb2	0x00025cae
0x00025cb6	0x00025cb2
0x00025cba	0x00025cb6
0x00025cbc	0x00025cb8
0x00025cc0	0x00025cbc
0x00025cc4	0x00025cc0
0x00025cc8	0x00025cc4
0x00025ccc	0x00025cc8
0x00025cd0	0x00025ccc
0x00025cd4	0x00025cd0
0x00025cd8	0x00025cd4
0x00025cdc	0x00025cd8
0x00025ce0	0x00025cdc
0x00025ce4	0x00025ce0
0x00025ce8	0x00025ce4
0x00025cea	0x00025ce6
0x00025cec	0x00025ce8
0x00025cf0	0x00025cec
0x00025cf4	0x00025cf0
0x00025cf8	0x00025cf4
0x00025cfc	0x00025cf8
0x00025cfe	0x00025cfa
0x00025d02	0x00025cfe
0x00025d06	0x00025d02
0x00025d0a	0x00025d06
0x00025d0c	0x00025d08
0x00025d10	0x00025d0c
0x00025d14	0x00025d10
0x00025d18	0x00025d14
0x00025d1c	0x00025d18
0x00025d20	0x00025d1c
0x00025d24	0x00025d20
0x00025d28	0x00025d24
0x00025d2c	0x00025d28
0x00025d30	0x00025d2c
0x00025d34	0x00025d30
0x00025d38	0x00025d34
0x00025d3c	0x00025d38
0x00025d40	0x00025d3c
0x00025d42	0x00025d3e
0x00025d44	0x00025d40
0x00025d48	0x00025d44
0x00025d4c	0x00025d48
0x00025d50	0x00025d4c
0x00025d54	0x00025d50
0x00025d58	0x00025d54
0x00025d5c	0x00025d58
0x00025d60	0x00025d5c
0x00025d64	0x00025d60
0x00025d68	0x00025d64
0x00025d6c	0x00025d68
0x00025d70	0x00025d6c
0x00025d74	0x00025d70
0x00025d78	0x00025d74
0x00025d7c	0x00025d78
0x00025d80	0x00025d7c
0x00025d84	0x00025d80
0x00025d88	0x00025d84
0x00025d8a	0x00025d86
0x00025d8e	0x00025d8a
0x00025d90	0x00025d8c
0x00025d94	0x00025d90
0x00025d98	0x00025d94
0x00025d9c	0x00025d98
0x00025da0	0x00025d9c
0x00025da4	0x00025da0
0x00025da8	0x00025da4
0x00025dac	0x00025da8
0x00025db0	0x00025dac
0x00025db4	0x00025db0
0x00025db8	0x00025db4
0x00025dbc	0x00025db8
0x00025dc0	0x00025dbc
0x00025dc4	0x00025dc0
0x00025dc8	0x00025dc4
0x00025dcc	0x00025dc8
0x00025dd0	0x00025dcc
0x00025dd4	0x00025dd0
0x00025dd8	0x00025dd4
0x00025ddc	0x00025dd8
0x00025de0	0x00025ddc
0x00025de2	0x00025dde
0x00025de6	0x00025de2
0x00025de8	0x00025de4
0x00025dec	0x00025de8
0x00025df0	0x00025dec
0x00025df2	0x00025dee
0x00025df4	0x00025df0
0x00025df8	0x00025df4
0x00025dfa	0x00025df6
0x00025dfe	0x00025dfa
0x00025e02	0x00025dfe
0x00025e06	0x00025e02
0x00025e0a	0x00025e06
0x00025e0e	0x00025e0a
0x00025e10	0x00025e0c
0x00025e14	0x00025e10
0x00025e16	0x00025e12
0x00025e1a	0x00025e16
0x00025e1e	0x00025e1a
0x00025e22	0x00025e1e
0x00025e26	0x00025e22
0x00025e28	0x00025e24
0x00025e2c	0x00025e28
0x00025e30	0x00025e2c
0x00025e34	0x00025e30
0x00025e38	0x00025e34
0x00025e3c	0x00025e38
0x00025e40	0x00025e3c
0x00025e44	0x00025e40
0x00025e48	0x00025e44
0x00025e4c	0x00025e48
0x00025e50	0x00025e4c
0x00025e54	0x00025e50
0x00025e58	0x00025e54
0x00025e5c	0x00025e58
0x00025e5e	0x00025e5a
0x00025e62	0x00025e5e
0x00025e66	0x00025e62
0x00025e6a	0x00025e66
0x00025e6e	0x00025e6a
0x00025e72	0x00025e6e
0x00025e76	0x00025e72
0x00025e7a	0x00025e76
0x00025e7e	0x00025e7a
0x00025e80	0x00025e7c
0x00025e84	0x00025e80
0x00025e88	0x00025e84
0x00025e8c	0x00025e88
0x00025e90	0x00025e8c
0x00025e94	0x00025e90
0x00025e98	0x00025e94
0x00025e9c	0x00025e98
0x00025ea0	0x00025e9c
0x00025ea4	0x00025ea0
0x00025ea8	0x00025ea4
0x00025eac	0x00025ea8
0x00025eb0	0x00025eac
0x00025eb4	0x00025eb0
0x00025eb8	0x00025eb4
0x00025ebc	0x00025eb8
0x00025ec0	0x00025ebc
0x00025ec4	0x00025ec0
0x00025ec8	0x00025ec4
0x00025ecc	0x00025ec8
0x00025ed0	0x00025ecc
0x00025ed4	0x00025ed0
0x00025ed8	0x00025ed4
0x00025edc	0x00025ed8
0x00025ee0	0x00025edc
0x00025ee4	0x00025ee0
0x00025ee6	0x00025ee2
0x00025eea	0x00025ee6
0x00025eec	0x00025ee8
0x00025eee	0x00025eea
0x00025ef2	0x00025eee
0x00025ef6	0x00025ef2
0x00025ef8	0x00025ef4
0x00025efa	0x00025ef6
0x00025efe	0x00025efa
0x00025f00	0x00025efc
0x00025f02	0x00025efe
0x00025f06	0x00025f02
0x00025f0a	0x00025f06
0x00025f0c	0x00025f08
0x00025f0e	0x00025f0a
0x00025f12	0x00025f0e
0x00025f16	0x00025f12
0x00025f1a	0x00025f16
0x00025f1e	0x00025f1a
0x00025f20	0x00025f1c
0x00025f22	0x00025f1e
0x00025f24	0x00025f20
0x00025f26	0x00025f22
0x00025f28	0x00025f24
0x00025f2a	0x00025f26
0x00025f2e	0x00025f2a
0x00025f30	0x00025f2c
0x00025f32	0x00025f2e
0x00025f34	0x00025f30
0x00025f38	0x00025f34
0x00025f3c	0x00025f38
0x00025f40	0x00025f3c
0x00025f44	0x00025f40
0x00025f48	0x00025f44
0x00025f4c	0x00025f48
0x00025f50	0x00025f4c
0x00025f54	0x00025f50
0x00025f58	0x00025f54
0x00025f5c	0x00025f58
0x00025f60	0x00025f5c
0x00025f64	0x00025f60
0x00025f68	0x00025f64
0x00025f6c	0x00025f68
0x00025f6e	0x00025f6a
0x00025f70	0x00025f6c
0x00025f74	0x00025f70
0x00025f76	0x00025f72
0x00025f78	0x00025f74
0x00025f7c	0x00025f78
0x00025f80	0x00025f7c
0x00025f84	0x00025f80
0x00025f88	0x00025f84
0x00025f8c	0x00025f88
0x00025f8e	0x00025f8a
0x00025f92	0x00025f8e
0x00025f94	0x00025f90
0x00025f96	0x00025f92
0x00025f9a	0x00025f96
0x00025f9e	0x00025f9a
0x00025fa2	0x00025f9e
0x00025fa6	0x00025fa2
0x00025faa	0x00025fa6
0x00025fae	0x00025faa
0x00025fb2	0x00025fae
0x00025fb6	0x00025fb2
0x00025fba	0x00025fb6
0x00025fbe	0x00025fba
0x00025fc2	0x00025fbe
0x00025fc6	0x00025fc2
0x00025fca	0x00025fc6
0x00025fce	0x00025fca
0x00025fd2	0x00025fce
0x00025fd6	0x00025fd2
0x00025fda	0x00025fd6
0x00025fde	0x00025fda
0x00025fe2	0x00025fde
0x00025fe6	0x00025fe2
0x00025fea	0x00025fe6
0x00025fee	0x00025fea
0x00025ff2	0x00025fee
0x00025ff6	0x00025ff2
0x00025ffa	0x00025ff6
0x00025ffe	0x00025ffa
0x00026000	0x00025ffc
0x00026004	0x00026000
0x00026008	0x00026004
0x0002600c	0x00026008
0x00026010	0x0002600c
0x00026012	0x0002600e
0x00026016	0x00026012
0x0002601a	0x00026016
0x0002601c	0x00026018
0x0002601e	0x0002601a
0x00026020	0x0002601c
0x00026024	0x00026020
0x00026026	0x00026022
0x00026028	0x00026024
0x0002602a	0x00026026
0x0002602e	0x0002602a
0x00026030	0x0002602c
0x00026034	0x00026030
0x00026036	0x00026032
0x0002603a	0x00026036
0x0002603e	0x0002603a
0x00026042	0x0002603e
0x00026046	0x00026042
0x0002604a	0x00026046
0x0002604e	0x0002604a
0x00026052	0x0002604e
0x00026056	0x00026052
0x0002605a	0x00026056
0x0002605e	0x0002605a
0x00026062	0x0002605e
0x00026066	0x00026062
0x0002606a	0x00026066
0x0002606e	0x0002606a
0x00026072	0x0002606e
0x00026076	0x00026072
0x00026078	0x00026074
0x0002607c	0x00026078
0x00026080	0x0002607c
0x00026084	0x00026080
0x00026088	0x00026084
0x0002608c	0x00026088
0x00026090	0x0002608c
0x00026094	0x00026090
0x00026098	0x00026094
0x0002609a	0x00026096
0x0002609c	0x00026098
0x0002609e	0x0002609a
0x000260a2	0x0002609e
0x000260a6	0x000260a2
0x000260aa	0x000260a6
0x000260ae	0x000260aa
0x000260b0	0x000260ac
0x000260b4	0x000260b0
0x000260b8	0x000260b4
0x000260bc	0x000260b8
0x000260c0	0x000260bc
0x000260c4	0x000260c0
0x000260c8	0x000260c4
0x000260cc	0x000260c8
0x000260d0	0x000260cc
0x000260d4	0x000260d0
0x000260d8	0x000260d4
0x000260dc	0x000260d8
0x000260de	0x000260da
0x000260e0	0x000260dc
0x000260e4	0x000260e0
0x000260e8	0x000260e4
0x000260ec	0x000260e8
0x000260f0	0x000260ec
0x000260f2	0x000260ee
0x000260f6	0x000260f2
0x000260fa	0x000260f6
0x000260fe	0x000260fa
0x00026102	0x000260fe
0x00026104	0x00026100
0x00026108	0x00026104
0x0002610c	0x00026108
0x0002610e	0x0002610a
0x00026112	0x0002610e
0x00026116	0x00026112
0x0002611a	0x00026116
0x0002611e	0x0002611a
0x00026122	0x0002611e
0x00026126	0x00026122
0x0002612a	0x00026126
0x0002612e	0x0002612a
0x00026132	0x0002612e
0x00026136	0x00026132
0x0002613a	0x00026136
0x0002613e	0x0002613a
0x00026142	0x0002613e
0x00026146	0x00026142
0x0002614a	0x00026146
0x0002614e	0x0002614a
0x00026198	0x00026194
0x0002619c	0x00026198
0x000261a0	0x0002619c
0x000261a4	0x000261a0
0x000261a8	0x000261a4
0x000261ac	0x000261a8
0x000261b0	0x000261ac
0x000261b4	0x000261b0
0x000261b8	0x000261b4
0x000261bc	0x000261b8
0x000261c0	0x000261bc
0x000261c4	0x000261c0
0x000261c8	0x000261c4
0x000261cc	0x000261c8
0x000261d0	0x000261cc
0x000261d4	0x000261d0
0x000261d6	0x000261d2
0x000261da	0x000261d6
0x000261de	0x000261da
0x000261e0	0x000261dc
0x000261e4	0x000261e0
0x000261e8	0x000261e4
0x000261ec	0x000261e8
0x000261f0	0x000261ec
0x000261f4	0x000261f0
0x000261f8	0x000261f4
0x000261fc	0x000261f8
0x00026200	0x000261fc
0x00026204	0x00026200
0x00026208	0x00026204
0x0002620c	0x00026208
0x00026210	0x0002620c
0x00026214	0x00026210
0x00026216	0x00026212
0x0002621a	0x00026216
0x0002621c	0x00026218
0x00026220	0x0002621c
0x00026222	0x0002621e
0x00026224	0x00026220
0x00026226	0x00026222
0x0002622a	0x00026226
0x0002622c	0x00026228
0x00026230	0x0002622c
0x00026232	0x0002622e
0x00026234	0x00026230
0x00026238	0x00026234
0x0002623c	0x00026238
0x00026240	0x0002623c
0x00026242	0x0002623e
0x00026244	0x00026240
0x00026246	0x00026242
0x0002624a	0x00026246
0x0002624c	0x00026248
0x0002624e	0x0002624a
0x00026250	0x0002624c
0x00026254	0x00026250
0x00026258	0x00026254
0x0002625c	0x00026258
0x0002625e	0x0002625a
0x00026262	0x0002625e
0x00026266	0x00026262
0x0002626a	0x00026266
0x0002626e	0x0002626a
0x00026272	0x0002626e
0x00026276	0x00026272
0x0002627a	0x00026276
0x0002627e	0x0002627a
0x00026282	0x0002627e
0x00026286	0x00026282
0x0002628a	0x00026286
0x0002628e	0x0002628a
0x00026292	0x0002628e
0x00026296	0x00026292
0x0002629a	0x00026296
0x0002629e	0x0002629a
0x000262a2	0x0002629e
0x000262a6	0x000262a2
0x000262aa	0x000262a6
0x000262ae	0x000262aa
0x000262b2	0x000262ae
0x000262b6	0x000262b2
0x000262b8	0x000262b4
0x000262bc	0x000262b8
0x000262be	0x000262ba
0x000262c0	0x000262bc
0x000262c2	0x000262be
0x000262c6	0x000262c2
0x000262ca	0x000262c6
0x000262ce	0x000262ca
0x000262d2	0x000262ce
0x000262d6	0x000262d2
0x000262da	0x000262d6
0x000262de	0x000262da
0x000262e2	0x000262de
0x000262e6	0x000262e2
0x000262ea	0x000262e6
0x000262ee	0x000262ea
0x000262f2	0x000262ee
0x000262f6	0x000262f2
0x000262fa	0x000262f6
0x000262fc	0x000262f8
0x00026300	0x000262fc
0x00026302	0x000262fe
0x00026304	0x00026300
0x00026308	0x00026304
0x0002630c	0x00026308
0x00026310	0x0002630c
0x00026314	0x00026310
0x00026316	0x00026312
0x0002631a	0x00026316
0x0002631e	0x0002631a
0x00026322	0x0002631e
0x00026326	0x00026322
0x0002632a	0x00026326
0x0002632e	0x0002632a
0x00026332	0x0002632e
0x00026336	0x00026332
0x0002633a	0x00026336
0x0002633c	0x00026338
0x00026340	0x0002633c
0x00026344	0x00026340
0x00026348	0x00026344
0x0002634c	0x00026348
0x00026350	0x0002634c
0x00026354	0x00026350
0x00026358	0x00026354
0x0002635c	0x00026358
0x00026360	0x0002635c
0x00026364	0x00026360
0x00026368	0x00026364
0x0002636c	0x00026368
0x0002636e	0x0002636a
0x00026372	0x0002636e
0x00026374	0x00026370
0x00026378	0x00026374
0x0002637c	0x00026378
0x0002637e	0x0002637a
0x00026380	0x0002637c
0x00026384	0x00026380
0x00026386	0x00026382
0x0002638a	0x00026386
0x0002638e	0x0002638a
0x00026392	0x0002638e
0x00026396	0x00026392
0x0002639a	0x00026396
0x0002639e	0x0002639a
0x000263a2	0x0002639e
0x000263a6	0x000263a2
0x000263aa	0x000263a6
0x000263ae	0x000263aa
0x000263b2	0x000263ae
0x000263b4	0x000263b0
0x000263b6	0x000263b2
0x000263ba	0x000263b6
0x000263bc	0x000263b8
0x000263be	0x000263ba
0x000263c2	0x000263be
0x000263c6	0x000263c2
0x000263ca	0x000263c6
0x000263ce	0x000263ca
0x000263d2	0x000263ce
0x000263d6	0x000263d2
0x000263d8	0x000263d4
0x000263dc	0x000263d8
0x000263de	0x000263da
0x000263e2	0x000263de
0x000263e4	0x000263e0
0x000263e8	0x000263e4
0x000263ea	0x000263e6
0x000263ee	0x000263ea
0x000263f0	0x000263ec
0x000263f4	0x000263f0
0x000263f6	0x000263f2
0x000263fa	0x000263f6
0x000263fc	0x000263f8
0x00026400	0x000263fc
0x00026404	0x00026400
0x00026406	0x00026402
0x0002640a	0x00026406
0x0002640e	0x0002640a
0x00026412	0x0002640e
0x00026416	0x00026412
0x0002641a	0x00026416
0x0002641e	0x0002641a
0x00026422	0x0002641e
0x00026426	0x00026422
0x0002642a	0x00026426
0x0002642e	0x0002642a
0x00026432	0x0002642e
0x00026436	0x00026432
0x0002643a	0x00026436
0x0002643c	0x00026438
0x00026440	0x0002643c
0x00026444	0x00026440
0x00026448	0x00026444
0x0002644c	0x00026448
0x0002644e	0x0002644a
0x00026452	0x0002644e
0x00026456	0x00026452
0x0002645a	0x00026456
0x0002645e	0x0002645a
0x00026462	0x0002645e
0x00026464	0x00026460
0x00026466	0x00026462
0x00026468	0x00026464
0x0002646a	0x00026466
0x0002646e	0x0002646a
0x00026470	0x0002646c
0x00026474	0x00026470
0x00026478	0x00026474
0x0002647a	0x00026476
0x0002647e	0x0002647a
0x000264a4	0x000264a0
0x000264a6	0x000264a2
0x000264aa	0x000264a6
0x000264ac	0x000264a8
0x000264b0	0x000264ac
0x000264b4	0x000264b0
0x000264b6	0x000264b2
0x000264ba	0x000264b6
0x000264be	0x000264ba
0x000264c2	0x000264be
0x000264c6	0x000264c2
0x000264ca	0x000264c6
0x000264cc	0x000264c8
0x000264ce	0x000264ca
0x000264d2	0x000264ce
0x000264d6	0x000264d2
0x000264d8	0x000264d4
0x000264dc	0x000264d8
0x000264de	0x000264da
0x000264e0	0x000264dc
0x000264e2	0x000264de
0x000264e4	0x000264e0
0x000264e8	0x000264e4
0x000264ec	0x000264e8
0x000264f0	0x000264ec
0x000264f2	0x000264ee
0x000264f6	0x000264f2
0x000264fa	0x000264f6
0x000264fe	0x000264fa
0x00026502	0x000264fe
0x00026504	0x00026500
0x00026508	0x00026504
0x0002650a	0x00026506
0x0002650c	0x00026508
0x0002650e	0x0002650a
0x00026510	0x0002650c
0x00026514	0x00026510
0x00026518	0x00026514
0x0002651c	0x00026518
0x00026520	0x0002651c
0x00026524	0x00026520
0x00026528	0x00026524
0x0002652a	0x00026526
0x0002652c	0x00026528
0x00026530	0x0002652c
0x00026532	0x0002652e
0x00026536	0x00026532
0x0002653a	0x00026536
0x0002653e	0x0002653a
0x00026542	0x0002653e
0x00026546	0x00026542
0x0002654a	0x00026546
0x0002654e	0x0002654a
0x00026552	0x0002654e
0x00026556	0x00026552
0x00026558	0x00026554
0x0002655a	0x00026556
0x0002655e	0x0002655a
0x00026562	0x0002655e
0x00026566	0x00026562
0x0002656a	0x00026566
0x0002656e	0x0002656a
0x00026572	0x0002656e
0x00026576	0x00026572
0x0002657a	0x00026576
0x0002657e	0x0002657a
0x00026582	0x0002657e
0x00026586	0x00026582
0x00026588	0x00026584
0x0002658c	0x00026588
0x00026590	0x0002658c
0x00026592	0x0002658e
0x00026596	0x00026592
0x0002659a	0x00026596
0x0002659c	0x00026598
0x0002659e	0x0002659a
0x000265a2	0x0002659e
0x000265a4	0x000265a0
0x000265a8	0x000265a4
0x000265aa	0x000265a6
0x000265ac	0x000265a8
0x000265b0	0x000265ac
0x000265b4	0x000265b0
0x000265b6	0x000265b2
0x000265b8	0x000265b4
0x000265bc	0x000265b8
0x000265be	0x000265ba
0x000265c0	0x000265bc
0x000265c2	0x000265be
0x000265c6	0x000265c2
0x000265ca	0x000265c6
0x000265cc	0x000265c8
0x000265d0	0x000265cc
0x000265d2	0x000265ce
0x000265d6	0x000265d2
0x000265d8	0x000265d4
0x000265dc	0x000265d8
0x000265e0	0x000265dc
0x000265e4	0x000265e0
0x000265e8	0x000265e4
0x000265ec	0x000265e8
0x000265f0	0x000265ec
0x000265f4	0x000265f0
0x000265f8	0x000265f4
0x000265fc	0x000265f8
0x000265fe	0x000265fa
0x00026600	0x000265fc
0x00026604	0x00026600
0x00026608	0x00026604
0x0002660c	0x00026608
0x00026610	0x0002660c
0x00026614	0x00026610
0x00026618	0x00026614
0x0002661c	0x00026618
0x00026620	0x0002661c
0x00026624	0x00026620
0x00026628	0x00026624
0x0002662c	0x00026628
0x0002662e	0x0002662a
0x00026632	0x0002662e
0x00026636	0x00026632
0x0002663a	0x00026636
0x0002663e	0x0002663a
0x00026642	0x0002663e
0x00026644	0x00026640
0x00026646	0x00026642
0x0002664a	0x00026646
0x0002664e	0x0002664a
0x00026652	0x0002664e
0x00026656	0x00026652
0x0002665a	0x00026656
0x0002665e	0x0002665a
0x00026662	0x0002665e
0x00026664	0x00026660
0x00026666	0x00026662
0x0002666a	0x00026666
0x0002666c	0x00026668
0x00026670	0x0002666c
0x00026674	0x00026670
0x00026678	0x00026674
0x0002667c	0x00026678
0x00026680	0x0002667c
0x00026682	0x0002667e
0x00026686	0x00026682
0x0002668a	0x00026686
0x0002668e	0x0002668a
0x00026690	0x0002668c
0x00026694	0x00026690
0x00026698	0x00026694
0x0002669a	0x00026696
0x0002669c	0x00026698
0x000266a0	0x0002669c
0x000266a2	0x0002669e
0x000266a6	0x000266a2
0x000266e8	0x000266e4
0x000266ea	0x000266e6
0x000266ec	0x000266e8
0x000266ee	0x000266ea
0x000266f2	0x000266ee
0x000266f4	0x000266f0
0x000266f6	0x000266f2
0x000266f8	0x000266f4
0x000266fa	0x000266f6
0x000266fc	0x000266f8
0x00026700	0x000266fc
0x00026702	0x000266fe
0x00026704	0x00026700
0x00026708	0x00026704
0x0002670a	0x00026706
0x0002670e	0x0002670a
0x00026712	0x0002670e
0x00026714	0x00026710
0x00026718	0x00026714
0x0002671e	0x0002671a
0x00026722	0x0002671e
0x00026726	0x00026722
0x00026758	0x00026750
0x0002675a	0x00026752
0x0002675c	0x00026754
0x00026760	0x00026758
0x00026762	0x0002675a
0x00026766	0x0002675e
0x0002676a	0x00026762
0x0002676c	0x00026764
0x0002676e	0x00026766
0x00026772	0x0002676a
0x00026776	0x0002676e
0x00026778	0x00026770
0x0002677a	0x00026772
0x0002677c	0x00026774
0x0002677e	0x00026776
0x00026782	0x0002677a
0x00026784	0x0002677c
0x00026788	0x00026780
0x0002678a	0x00026782
0x0002678e	0x00026786
0x00026790	0x00026788
0x00026792	0x0002678a
0x00026796	0x0002678e
0x00026798	0x00026790
0x0002679a	0x00026792
0x0002679c	0x00026794
0x000267a0	0x00026798
0x000267a4	0x0002679c
0x000267a8	0x000267a0
0x000267ac	0x000267a4
0x000267ae	0x000267a6
0x000267b0	0x000267a8
0x000267b2	0x000267aa
0x000267b6	0x000267ae
0x000267ba	0x000267b2
0x000267bc	0x000267b4
0x000267be	0x000267b6
0x000267c0	0x000267b8
0x000267c4	0x000267bc
0x000267c8	0x000267c0
0x000267ca	0x000267c2
0x000267ce	0x000267c6
0x000267d0	0x000267c8
0x000267d2	0x000267ca
0x000267d6	0x000267ce
0x000267da	0x000267d2
0x000267de	0x000267d6
0x000267e4	0x000267dc
0x000267e8	0x000267e0
0x000267ea	0x000267e2
0x000267ec	0x000267e4
0x000267ee	0x000267e6
0x000267f2	0x000267ea
0x000267f4	0x000267ec
0x000267f6	0x000267ee
0x000267fa	0x000267f2
0x000267fc	0x000267f4
0x000267fe	0x000267f6
0x00026802	0x000267fa
0x00026804	0x000267fc
0x00026806	0x000267fe
0x0002680a	0x00026802
0x0002680c	0x00026804
0x00026812	0x0002680a
0x0002681c	0x00026814
0x00026820	0x00026818
0x00026824	0x0002681c
0x00026828	0x00026820
0x0002682e	0x00026826
0x00026832	0x0002682a
0x00026836	0x0002682e
0x00026838	0x00026830
0x0002683a	0x00026832
0x0002683e	0x00026836
0x00026844	0x0002683c
0x00026848	0x00026840
0x0002684c	0x00026844
0x0002684e	0x00026846
0x00026852	0x0002684a
0x00026858	0x00026850
0x0002685c	0x00026854
0x00026860	0x00026858
0x00026862	0x0002685a
0x00026866	0x0002685e
0x0002686c	0x00026864
0x00026870	0x00026868
0x00026874	0x0002686c
0x00026878	0x00026870
0x0002687a	0x00026872
0x0002687e	0x00026876
0x00026884	0x0002687c
0x00026888	0x00026880
0x0002688c	0x00026884
0x0002688e	0x00026886
0x00026892	0x0002688a
0x00026898	0x00026890
0x0002689c	0x00026894
0x000268a0	0x00026898
0x000268a2	0x0002689a
0x000268a6	0x0002689e
0x000268ac	0x000268a4
0x000268b0	0x000268a8
0x000268b4	0x000268ac
0x000268b8	0x000268b0
0x000268ba	0x000268b2
0x000268c0	0x000268b8
0x000268c2	0x000268ba
0x000268c6	0x000268be
0x000268ca	0x000268c2
0x000268cc	0x000268c4
0x000268ce	0x000268c6
0x000268d0	0x000268c8
0x000268d6	0x000268ce
0x000268da	0x000268d2
0x000268de	0x000268d6
0x000268e0	0x000268d8
0x000268e4	0x000268dc
0x000268e8	0x000268e0
0x000268ec	0x000268e4
0x000268f0	0x000268e8
0x000268f6	0x000268ee
0x000268fa	0x000268f2
0x00026900	0x000268f8
0x00026904	0x000268fc
0x00026908	0x00026900
0x0002690c	0x00026904
0x00026910	0x00026908
0x00026914	0x0002690c
0x00026918	0x00026910
0x0002691e	0x00026916
0x00026922	0x0002691a
0x00026926	0x0002691e
0x0002692a	0x00026922
0x0002692e	0x00026926
0x00026932	0x0002692a
0x00026936	0x0002692e
0x0002693a	0x00026932
0x00026940	0x00026938
0x00026944	0x0002693c
0x00026948	0x00026940
0x0002694a	0x00026942
0x0002694e	0x00026946
0x00026954	0x0002694c
0x00026958	0x00026950
0x0002695c	0x00026954
0x0002695e	0x00026956
0x00026962	0x0002695a
0x00026968	0x00026960
0x0002696c	0x00026964
0x00026972	0x0002696a
0x00026976	0x0002696e
0x00026978	0x00026970
0x0002697a	0x00026972
0x0002697e	0x00026976
0x00026984	0x0002697c
0x0002698a	0x00026982
0x00026990	0x00026988
0x00026994	0x0002698c
0x00026996	0x0002698e
0x00026998	0x00026990
0x0002699c	0x00026994
0x000269a2	0x0002699a
0x000269a8	0x000269a0
0x000269ae	0x000269a6
0x000269b2	0x000269aa
0x000269b4	0x000269ac
0x000269b6	0x000269ae
0x000269ba	0x000269b2
0x000269c0	0x000269b8
0x000269c6	0x000269be
0x000269cc	0x000269c4
0x000269d0	0x000269c8
0x000269d2	0x000269ca
0x000269d4	0x000269cc
0x000269d6	0x000269ce
0x000269da	0x000269d2
0x000269de	0x000269d6
0x000269e4	0x000269dc
0x000269ea	0x000269e2
0x000269ee	0x000269e6
0x000269f4	0x000269ec
0x000269f8	0x000269f0
0x00026d00	0x00026cf8
0x00026d04	0x00026cfc
0x00026d06	0x00026cfe
0x00026d08	0x00026d00
0x00026d0a	0x00026d02
0x00026d0e	0x00026d06
0x00026d10	0x00026d08
0x00026d12	0x00026d0a
0x00026d14	0x00026d0c
0x00026d16	0x00026d0e
0x00026d18	0x00026d10
0x00026d1a	0x00026d12
0x00026d1c	0x00026d14
0x00026d1e	0x00026d16
0x00026d20	0x00026d18
0x00026d22	0x00026d1a
0x00026d24	0x00026d1c
0x00026d26	0x00026d1e
0x00026d28	0x00026d20
0x00026d2a	0x00026d22
0x00026d2e	0x00026d26
0x00026d30	0x00026d28
0x00026d34	0x00026d2c
0x00026d36	0x00026d2e
0x00026d38	0x00026d30
0x00026d3c	0x00026d34
0x00026d3e	0x00026d36
0x00026d40	0x00026d38
0x00026d42	0x00026d3a
0x00026d44	0x00026d3c
0x00026d46	0x00026d3e
0x00026d4a	0x00026d42
0x00026d4c	0x00026d44
0x00026d4e	0x00026d46
0x00026d50	0x00026d48
0x00026d52	0x00026d4a
0x00026d54	0x00026d4c
0x00026d56	0x00026d4e
0x00026d5a	0x00026d52
0x00026d5c	0x00026d54
0x00026d5e	0x00026d56
0x00026d62	0x00026d5a
0x00026d66	0x00026d5e
0x00026d68	0x00026d60
0x00026d6a	0x00026d62
0x00026d6c	0x00026d64
0x00026d70	0x00026d68
0x00026d72	0x00026d6a
0x00026d74	0x00026d6c
0x00026d78	0x00026d70
0x00026d7a	0x00026d72
0x00026d7c	0x00026d74
0x00026d7e	0x00026d76
0x00026d80	0x00026d78
0x00026d82	0x00026d7a
0x00026d84	0x00026d7c
0x00026d86	0x00026d7e
0x00026d88	0x00026d80
0x00026d8c	0x00026d84
0x00026d90	0x00026d88
0x00026d94	0x00026d8c
0x00026d96	0x00026d8e
0x00026d9a	0x00026d92
0x00026d9c	0x00026d94
0x00026da0	0x00026d98
0x00026da4	0x00026d9c
0x00026da8	0x00026da0
0x00026daa	0x00026da2
0x00026dae	0x00026da6
0x00026db2	0x00026daa
0x00026db6	0x00026dae
0x00026dba	0x00026db2
0x00026dbc	0x00026db4
0x00026dc0	0x00026db8
0x00026dc2	0x00026dba
0x00026dc6	0x00026dbe
0x00026de8	0x00026de0
0x00026dea	0x00026de2
0x00026dee	0x00026de6
0x00026df0	0x00026de8
0x00026df2	0x00026dea
0x00026df4	0x00026dec
0x00026df6	0x00026dee
0x00026df8	0x00026df0
0x00026dfc	0x00026df4
0x00026e04	0x00026dfc
0x00026e06	0x00026dfe
0x00026e0a	0x00026e02
0x00026e0c	0x00026e04
0x00026e0e	0x00026e06
0x00026e10	0x00026e08
0x00026e12	0x00026e0a
0x00026e14	0x00026e0c
0x00026e18	0x00026e10
0x00026e20	0x00026e18
0x00026e22	0x00026e1a
0x00026e26	0x00026e1e
0x00026e28	0x00026e20
0x00026e2c	0x00026e24
0x00026e30	0x00026e28
0x00026e34	0x00026e2c
0x00026e38	0x00026e30
0x00026e3c	0x00026e34
0x00026e40	0x00026e38
0x00026e42	0x00026e3a
0x00026e44	0x00026e3c
0x00026e46	0x00026e3e
0x00026e48	0x00026e40
0x00026e4c	0x00026e44
0x00026e50	0x00026e48
0x00026e54	0x00026e4c
0x00026e56	0x00026e4e
0x00026e58	0x00026e50
0x00026e5c	0x00026e54
0x00026e60	0x00026e58
0x00026e64	0x00026e5c
0x00026e66	0x00026e5e
0x00026e68	0x00026e60
0x00026e6a	0x00026e62
0x00026e6c	0x00026e64
0x00026e70	0x00026e68
0x00026e74	0x00026e6c
0x00026e78	0x00026e70
0x00026e7a	0x00026e72
0x00026e7c	0x00026e74
0x00026e7e	0x00026e76
0x00026e82	0x00026e7a
0x00026e86	0x00026e7e
0x00026e88	0x00026e80
0x00026e8c	0x00026e84
0x00026e90	0x00026e88
0x00026e92	0x00026e8a
0x00026e96	0x00026e8e
0x00026e98	0x00026e90
0x00026e9a	0x00026e92
0x00026e9c	0x00026e94
0x00026e9e	0x00026e96
0x00026ea0	0x00026e98
0x00026ea4	0x00026e9c
0x00026ea6	0x00026e9e
0x00026ea8	0x00026ea0
0x00026eac	0x00026ea4
0x00026eb8	0x00026eb0
0x00026eba	0x00026eb2
0x00026ebc	0x00026eb4
0x00026ec0	0x00026eb8
0x00026ec2	0x00026eba
0x00026ec6	0x00026ebe
0x00026ec8	0x00026ec0
0x00026eca	0x00026ec2
0x00026ecc	0x00026ec4
0x00026ed0	0x00026ec8
0x00026ed2	0x00026eca
0x00026ed4	0x00026ecc
0x00026ed6	0x00026ece
0x00026ed8	0x00026ed0
0x00026eda	0x00026ed2
0x00026edc	0x00026ed4
0x00026ee0	0x00026ed8
0x00026ee2	0x00026eda
0x00026ee6	0x00026ede
0x00026ee8	0x00026ee0
0x00026eec	0x00026ee4
0x00026eee	0x00026ee6
0x00026ef2	0x00026eea
0x00026ef4	0x00026eec
0x00026ef6	0x00026eee
0x00026efa	0x00026ef2
0x00026efc	0x00026ef4
0x00026efe	0x00026ef6
0x00026f00	0x00026ef8
0x00026f02	0x00026efa
0x00026f06	0x00026efe
0x00026f0a	0x00026f02
0x00026f0e	0x00026f06
0x00026f12	0x00026f0a
0x00026f16	0x00026f0e
0x00026f1a	0x00026f12
0x00026f1e	0x00026f16
0x00026f20	0x00026f18
0x00026f24	0x00026f1c
0x00026f28	0x00026f20
0x00026f2c	0x00026f24
0x00026f30	0x00026f28
0x00026f34	0x00026f2c
0x00026f38	0x00026f30
0x00026f3c	0x00026f34
0x00026f40	0x00026f38
0x00026f44	0x00026f3c
0x00026f46	0x00026f3e
0x00026f4a	0x00026f42
0x00026f4e	0x00026f46
0x00026f52	0x00026f4a
0x00026f54	0x00026f4c
0x00026f56	0x00026f4e
0x00026f58	0x00026f50
0x00026f5c	0x00026f54
0x00026f60	0x00026f58
0x00026f64	0x00026f5c
0x00026f68	0x00026f60
0x00026f6c	0x00026f64
0x00026f70	0x00026f68
0x00026f74	0x00026f6c
0x00026f76	0x00026f6e
0x00026f78	0x00026f70
0x00026f7a	0x00026f72
0x00026f7c	0x00026f74
0x00026f7e	0x00026f76
0x00026f80	0x00026f78
0x00026f82	0x00026f7a
0x00026f84	0x00026f7c
0x00026f86	0x00026f7e
0x00026f8a	0x00026f82
0x00026f8c	0x00026f84
0x00026f8e	0x00026f86
0x00026f90	0x00026f88
0x00026f92	0x00026f8a
0x00026f96	0x00026f8e
0x00026f98	0x00026f90
0x00026f9a	0x00026f92
0x00026f9c	0x00026f94
0x00026f9e	0x00026f96
0x00026fa2	0x00026f9a
0x00026fa4	0x00026f9c
0x00026fa6	0x00026f9e
0x00026fa8	0x00026fa0
0x00026faa	0x00026fa2
0x00026fae	0x00026fa6
0x00026fb0	0x00026fa8
0x00026fb2	0x00026faa
0x00026fb4	0x00026fac
0x00026fb6	0x00026fae
0x00026fba	0x00026fb2
0x00026fbc	0x00026fb4
0x00026fbe	0x00026fb6
0x00026fc0	0x00026fb8
0x00026fc2	0x00026fba
0x00026fc6	0x00026fbe
0x00026fc8	0x00026fc0
0x00026fce	0x00026fc6
0x00026fd2	0x00026fca
0x00026fd4	0x00026fcc
0x00026fd6	0x00026fce
0x00027034	0x0002702c
0x00027036	0x0002702e
0x0002703a	0x00027032
0x0002703e	0x00027036
0x00027042	0x0002703a
0x00027044	0x0002703c
0x00027048	0x00027040
0x0002704a	0x00027042
0x0002704c	0x00027044
0x0002704e	0x00027046
0x00027050	0x00027048
0x00027052	0x0002704a
0x00027054	0x0002704c
0x00027056	0x0002704e
0x00027058	0x00027050
0x0002705c	0x00027054
0x0002705e	0x00027056
0x00027060	0x00027058
0x00027062	0x0002705a
0x00027064	0x0002705c
0x00027066	0x0002705e
0x00027068	0x00027060
0x00027074	0x0002706c
0x00027078	0x00027070
0x0002707c	0x00027074
0x00027080	0x00027078
0x00027084	0x0002707c
0x00027086	0x0002707e
0x0002708a	0x00027082
0x0002708c	0x00027084
0x00027090	0x00027088
0x00027094	0x0002708c
0x00027098	0x00027090
0x0002709a	0x00027092
0x0002709c	0x00027094
0x0002709e	0x00027096
0x000270a2	0x0002709a
0x000270a4	0x0002709c
0x000270a8	0x000270a0
0x000270aa	0x000270a2
0x000270ac	0x000270a4
0x000270ae	0x000270a6
0x000270b2	0x000270aa
0x000270b6	0x000270ae
0x000270b8	0x000270b0
0x000270ba	0x000270b2
0x000270be	0x000270b6
0x000270c0	0x000270b8
0x000270c4	0x000270bc
0x000270c6	0x000270be
0x000270c8	0x000270c0
0x000270d8	0x000270d0
0x000270da	0x000270d2
0x000270de	0x000270d6
0x000270e0	0x000270d8
0x000270e4	0x000270dc
0x000270e8	0x000270e0
0x000270ea	0x000270e2
0x000270ee	0x000270e6
0x000270f0	0x000270e8
0x000270f2	0x000270ea
0x000270f6	0x000270ee
0x000270f8	0x000270f0
0x000270fc	0x000270f4
0x00027100	0x000270f8
0x00027104	0x000270fc
0x00027108	0x00027100
0x0002710c	0x00027104
0x0002710e	0x00027106
0x00027112	0x0002710a
0x00027114	0x0002710c
0x00027118	0x00027110
0x0002711c	0x00027114
0x00027120	0x00027118
0x00027124	0x0002711c
0x00027126	0x0002711e
0x0002712a	0x00027122
0x0002712e	0x00027126
0x00027132	0x0002712a
0x00027136	0x0002712e
0x0002713a	0x00027132
0x0002713e	0x00027136
0x00027142	0x0002713a
0x00027146	0x0002713e
0x0002714a	0x00027142
0x0002714e	0x00027146
0x00027150	0x00027148
0x00027154	0x0002714c
0x00027158	0x00027150
0x0002715c	0x00027154
0x0002715e	0x00027156
0x00027160	0x00027158
0x00027162	0x0002715a
0x00027164	0x0002715c
0x00027168	0x00027160
0x0002716a	0x00027162
0x0002716c	0x00027164
0x0002716e	0x00027166
0x00027170	0x00027168
0x00027174	0x0002716c
0x00027178	0x00027170
0x0002717c	0x00027174
0x00027180	0x00027178
0x00027182	0x0002717a
0x00027184	0x0002717c
0x00027188	0x00027180
0x0002718c	0x00027184
0x0002718e	0x00027186
0x00027192	0x0002718a
0x00027196	0x0002718e
0x0002719a	0x00027192
0x0002719c	0x00027194
0x000271a0	0x00027198
0x000271a4	0x0002719c
0x000271a8	0x000271a0
0x000271ac	0x000271a4
0x000271b0	0x000271a8
0x000271b2	0x000271aa
0x000271b6	0x000271ae
0x000271ba	0x000271b2
0x000271bc	0x000271b4
0x000271c0	0x000271b8
0x000271c4	0x000271bc
0x000271c6	0x000271be
0x000271ca	0x000271c2
0x000271cc	0x000271c4
0x000271d0	0x000271c8
0x000271d2	0x000271ca
0x000271d6	0x000271ce
0x000271e4	0x000271dc
0x000271e8	0x000271e0
0x000271ec	0x000271e4
0x000271f0	0x000271e8
0x000271f2	0x000271ea
0x000271f4	0x000271ec
0x000271f8	0x000271f0
0x000271fc	0x000271f4
0x00027200	0x000271f8
0x00027202	0x000271fa
0x00027206	0x000271fe
0x0002720a	0x00027202
0x0002720c	0x00027204
0x00027210	0x00027208
0x00027212	0x0002720a
0x00027214	0x0002720c
0x00027218	0x00027210
0x0002721a	0x00027212
0x0002721e	0x00027216
0x00027228	0x00027220
0x0002722c	0x00027224
0x0002722e	0x00027226
0x00027232	0x0002722a
0x00027236	0x0002722e
0x00027238	0x00027230
0x0002723c	0x00027234
0x00027240	0x00027238
0x00027244	0x0002723c
0x00027248	0x00027240
0x0002724c	0x00027244
0x0002724e	0x00027246
0x00027252	0x0002724a
0x00027256	0x0002724e
0x0002725a	0x00027252
0x0002725e	0x00027256
0x00027262	0x0002725a
0x00027266	0x0002725e
0x0002726a	0x00027262
0x0002726e	0x00027266
0x00027272	0x0002726a
0x00027274	0x0002726c
0x00027278	0x00027270
0x0002727c	0x00027274
0x00027280	0x00027278
0x00027282	0x0002727a
0x00027284	0x0002727c
0x00027288	0x00027280
0x00027290	0x00027288
0x00027292	0x0002728a
0x00027296	0x0002728e
0x0002729a	0x00027292
0x0002729e	0x00027296
0x000272a2	0x0002729a
0x000272a6	0x0002729e
0x000272aa	0x000272a2
0x000272ac	0x000272a4
0x000272b0	0x000272a8
0x000272b4	0x000272ac
0x000272b6	0x000272ae
0x000272ba	0x000272b2
0x000272be	0x000272b6
0x000272c2	0x000272ba
0x000272c6	0x000272be
0x000272ca	0x000272c2
0x000272ce	0x000272c6
0x000272d2	0x000272ca
0x000272d4	0x000272cc
0x000272d8	0x000272d0
0x000272dc	0x000272d4
0x000272e0	0x000272d8
0x000272e4	0x000272dc
0x000272e8	0x000272e0
0x000272ec	0x000272e4
0x000272f0	0x000272e8
0x000272f4	0x000272ec
0x000272f8	0x000272f0
0x000272fc	0x000272f4
0x00027300	0x000272f8
0x00027302	0x000272fa
0x00027306	0x000272fe
0x0002730a	0x00027302
0x0002730c	0x00027304
0x00027310	0x00027308
0x00027314	0x0002730c
0x00027318	0x00027310
0x0002731c	0x00027314
0x00027320	0x00027318
0x00027324	0x0002731c
0x00027328	0x00027320
0x0002732c	0x00027324
0x0002732e	0x00027326
0x00027330	0x00027328
0x00027334	0x0002732c
0x00027338	0x00027330
0x0002733c	0x00027334
0x00027340	0x00027338
0x00027342	0x0002733a
0x00027344	0x0002733c
0x00027348	0x00027340
0x0002734a	0x00027342
0x0002734c	0x00027344
0x00027350	0x00027348
0x00027354	0x0002734c
0x00027356	0x0002734e
0x00027358	0x00027350
0x0002735c	0x00027354
0x0002735e	0x00027356
0x00027360	0x00027358
0x00027362	0x0002735a
0x00027366	0x0002735e
0x0002736a	0x00027362
0x0002736e	0x00027366
0x00027372	0x0002736a
0x00027376	0x0002736e
0x0002737a	0x00027372
0x0002737e	0x00027376
0x00027382	0x0002737a
0x00027386	0x0002737e
0x0002738a	0x00027382
0x0002738e	0x00027386
0x00027392	0x0002738a
0x00027396	0x0002738e
0x00027398	0x00027390
0x0002739c	0x00027394
0x000273a0	0x00027398
0x000273a4	0x0002739c
0x000273a8	0x000273a0
0x000273ac	0x000273a4
0x000273b0	0x000273a8
0x000273b2	0x000273aa
0x000273b6	0x000273ae
0x000273b8	0x000273b0
0x000273ba	0x000273b2
0x000273be	0x000273b6
0x000273c0	0x000273b8
0x000273c4	0x000273bc
0x000273c8	0x000273c0
0x000273cc	0x000273c4
0x000273d0	0x000273c8
0x000273d2	0x000273ca
0x000273d4	0x000273cc
0x000273d8	0x000273d0
0x000273dc	0x000273d4
0x000273e0	0x000273d8
0x000273e4	0x000273dc
0x000273e8	0x000273e0
0x000273ec	0x000273e4
0x000273ee	0x000273e6
0x000273f0	0x000273e8
0x000273f4	0x000273ec
0x000273f8	0x000273f0
0x000273fc	0x000273f4
0x000273fe	0x000273f6
0x00027402	0x000273fa
0x00027406	0x000273fe
0x0002740a	0x00027402
0x0002740c	0x00027404
0x00027410	0x00027408
0x00027414	0x0002740c
0x00027418	0x00027410
0x0002741a	0x00027412
0x0002741e	0x00027416
0x00027420	0x00027418
0x00027424	0x0002741c
0x00027426	0x0002741e
0x00027428	0x00027420
0x0002743a	0x00027432
0x0002743e	0x00027436
0x00027442	0x0002743a
0x00027444	0x0002743c
0x00027448	0x00027440
0x0002744c	0x00027444
0x0002744e	0x00027446
0x000274d8	0x000274d0
0x000274dc	0x000274d4
0x000274e0	0x000274d8
0x000274e4	0x000274dc
0x000274e6	0x000274de
0x000274ea	0x000274e2
0x000274ec	0x000274e4
0x000274f0	0x000274e8
0x000274f4	0x000274ec
0x000274f8	0x000274f0
0x000274fc	0x000274f4
0x000274fe	0x000274f6
0x00027500	0x000274f8
0x00027502	0x000274fa
0x00027504	0x000274fc
0x00027506	0x000274fe
0x00027508	0x00027500
0x0002750a	0x00027502
0x0002750e	0x00027506
0x00027512	0x0002750a
0x00027514	0x0002750c
0x00027518	0x00027510
0x0002751a	0x00027512
0x0002751e	0x00027516
0x00027520	0x00027518
0x00027522	0x0002751a
0x00027526	0x0002751e
0x00027528	0x00027520
0x0002752a	0x00027522
0x0002752c	0x00027524
0x0002752e	0x00027526
0x00027532	0x0002752a
0x00027536	0x0002752e
0x0002753a	0x00027532
0x0002753c	0x00027534
0x00027540	0x00027538
0x00027544	0x0002753c
0x00027548	0x00027540
0x0002754c	0x00027544
0x00027550	0x00027548
0x00027552	0x0002754a
0x00027556	0x0002754e
0x00027558	0x00027550
0x0002755c	0x00027554
0x0002755e	0x00027556
0x00027562	0x0002755a
0x00027564	0x0002755c
0x00027568	0x00027560
0x0002756c	0x00027564
0x00027570	0x00027568
0x00027574	0x0002756c
0x00027578	0x00027570
0x0002757c	0x00027574
0x00027580	0x00027578
0x00027584	0x0002757c
0x00027588	0x00027580
0x0002758c	0x00027584
0x0002758e	0x00027586
0x00027592	0x0002758a
0x00027596	0x0002758e
0x0002759a	0x00027592
0x0002759c	0x00027594
0x000275a0	0x00027598
0x000275a4	0x0002759c
0x000275a8	0x000275a0
0x000275ac	0x000275a4
0x000275b0	0x000275a8
0x000275b2	0x000275aa
0x000275b6	0x000275ae
0x000275b8	0x000275b0
0x000275ba	0x000275b2
0x000275be	0x000275b6
0x000275c2	0x000275ba
0x000275c4	0x000275bc
0x000275c8	0x000275c0
0x000275cc	0x000275c4
0x000275ce	0x000275c6
0x000275d2	0x000275ca
0x000275d6	0x000275ce
0x000275da	0x000275d2
0x000275dc	0x000275d4
0x000275e0	0x000275d8
0x000275e4	0x000275dc
0x000275e6	0x000275de
0x000275ea	0x000275e2
0x000275ee	0x000275e6
0x000275f2	0x000275ea
0x000275f6	0x000275ee
0x000275fa	0x000275f2
0x000275fe	0x000275f6
0x00027600	0x000275f8
0x00027604	0x000275fc
0x00027606	0x000275fe
0x0002760a	0x00027602
0x0002760e	0x00027606
0x00027612	0x0002760a
0x00027616	0x0002760e
0x0002761a	0x00027612
0x0002761c	0x00027614
0x0002761e	0x00027616
0x00027620	0x00027618
0x00027622	0x0002761a
0x00027624	0x0002761c
0x00027628	0x00027620
0x0002762c	0x00027624
0x0002762e	0x00027626
0x00027630	0x00027628
0x00027632	0x0002762a
0x00027636	0x0002762e
0x00027638	0x00027630
0x0002763c	0x00027634
0x00027640	0x00027638
0x00027644	0x0002763c
0x00027648	0x00027640
0x0002764c	0x00027644
0x00027650	0x00027648
0x00027652	0x0002764a
0x00027656	0x0002764e
0x0002765a	0x00027652
0x0002765c	0x00027654
0x00027660	0x00027658
0x00027662	0x0002765a
0x00027666	0x0002765e
0x0002766a	0x00027662
0x0002766e	0x00027666
0x00027670	0x00027668
0x00027674	0x0002766c
0x00027676	0x0002766e
0x00027678	0x00027670
0x0002768a	0x00027682
0x0002768e	0x00027686
0x000276ac	0x000276a4
0x000276b0	0x000276a8
0x000276b4	0x000276ac
0x000276b8	0x000276b0
0x000276ba	0x000276b2
0x000276bc	0x000276b4
0x000276be	0x000276b6
0x000276c2	0x000276ba
0x000276c6	0x000276be
0x000276c8	0x000276c0
0x000276ca	0x000276c2
0x000276ce	0x000276c6
0x000276d2	0x000276ca
0x000276d4	0x000276cc
0x000276d6	0x000276ce
0x000276da	0x000276d2
0x000276de	0x000276d6
0x000276e2	0x000276da
0x000276e6	0x000276de
0x000276e8	0x000276e0
0x000276ec	0x000276e4
0x000276ee	0x000276e6
0x000276f2	0x000276ea
0x000276f4	0x000276ec
0x000276f8	0x000276f0
0x000276fc	0x000276f4
0x00027700	0x000276f8
0x00027704	0x000276fc
0x00027708	0x00027700
0x0002770a	0x00027702
0x0002770e	0x00027706
0x00027712	0x0002770a
0x00027716	0x0002770e
0x00027718	0x00027710
0x00027720	0x00027718
0x00027724	0x0002771c
0x00027728	0x00027720
0x0002772c	0x00027724
0x0002772e	0x00027726
0x00027730	0x00027728
0x00027732	0x0002772a
0x00027734	0x0002772c
0x00027738	0x00027730
0x0002773a	0x00027732
0x0002773e	0x00027736
0x00027740	0x00027738
0x00027742	0x0002773a
0x00027746	0x0002773e
0x00027748	0x00027740
0x0002774a	0x00027742
0x0002774e	0x00027746
0x00027752	0x0002774a
0x00027754	0x0002774c
0x00027758	0x00027750
0x0002775a	0x00027752
0x0002775e	0x00027756
0x00027762	0x0002775a
0x00027766	0x0002775e
0x0002776c	0x00027764
0x00027770	0x00027768
0x00027774	0x0002776c
0x00027778	0x00027770
0x0002777c	0x00027774
0x00027780	0x00027778
0x00027784	0x0002777c
0x00027788	0x00027780
0x0002778c	0x00027784
0x00027790	0x00027788
0x00027794	0x0002778c
0x00027796	0x0002778e
0x00027798	0x00027790
0x0002779c	0x00027794
0x0002779e	0x00027796
0x000277a2	0x0002779a
0x000277a4	0x0002779c
0x000277a6	0x0002779e
0x000277a8	0x000277a0
0x000277aa	0x000277a2
0x000277ae	0x000277a6
0x000277b2	0x000277aa
0x000277b6	0x000277ae
0x000277ba	0x000277b2
0x000277bc	0x000277b4
0x000277c0	0x000277b8
0x000277c4	0x000277bc
0x000277c8	0x000277c0
0x000277ca	0x000277c2
0x000277ce	0x000277c6
0x000277d0	0x000277c8
0x000277d2	0x000277ca
0x000277d6	0x000277ce
0x000277d8	0x000277d0
0x000277dc	0x000277d4
0x000277de	0x000277d6
0x000277e2	0x000277da
0x000277e6	0x000277de
0x000277ea	0x000277e2
0x000277ee	0x000277e6
0x000277f2	0x000277ea
0x000277f4	0x000277ec
0x000277f8	0x000277f0
0x000277fa	0x000277f2
0x000277fe	0x000277f6
0x00027802	0x000277fa
0x00027806	0x000277fe
0x0002780a	0x00027802
0x0002780e	0x00027806
0x00027810	0x00027808
0x00027814	0x0002780c
0x00027818	0x00027810
0x0002781c	0x00027814
0x00027820	0x00027818
0x00027822	0x0002781a
0x00027826	0x0002781e
0x00027828	0x00027820
0x0002782c	0x00027824
0x00027830	0x00027828
0x00027834	0x0002782c
0x00027838	0x00027830
0x0002783c	0x00027834
0x00027840	0x00027838
0x00027844	0x0002783c
0x00027848	0x00027840
0x0002784c	0x00027844
0x0002784e	0x00027846
0x00027852	0x0002784a
0x00027854	0x0002784c
0x00027858	0x00027850
0x0002785c	0x00027854
0x00027860	0x00027858
0x00027862	0x0002785a
0x00027866	0x0002785e
0x0002789c	0x00027894
0x000278a0	0x00027898
0x000278a4	0x0002789c
0x000278a8	0x000278a0
0x000278ac	0x000278a4
0x000278ae	0x000278a6
0x000278b0	0x000278a8
0x000278b4	0x000278ac
0x000278b6	0x000278ae
0x000278b8	0x000278b0
0x000278bc	0x000278b4
0x000278be	0x000278b6
0x000278c0	0x000278b8
0x000278c4	0x000278bc
0x000278c6	0x000278be
0x000278c8	0x000278c0
0x000278cc	0x000278c4
0x000278ce	0x000278c6
0x000278d2	0x000278ca
0x000278d6	0x000278ce
0x000278d8	0x000278d0
0x000278da	0x000278d2
0x000278de	0x000278d6
0x000278e2	0x000278da
0x000278e6	0x000278de
0x000278ea	0x000278e2
0x000278ec	0x000278e4
0x000278f0	0x000278e8
0x000278f2	0x000278ea
0x000278f4	0x000278ec
0x000278f8	0x000278f0
0x000278fc	0x000278f4
0x000278fe	0x000278f6
0x00027904	0x000278fc
0x00027906	0x000278fe
0x0002790a	0x00027902
0x0002790c	0x00027904
0x00027910	0x00027908
0x00027914	0x0002790c
0x00027916	0x0002790e
0x0002791a	0x00027912
0x0002791c	0x00027914
0x0002791e	0x00027916
0x00027922	0x0002791a
0x00027926	0x0002791e
0x00027928	0x00027920
0x0002792c	0x00027924
0x00027930	0x00027928
0x00027934	0x0002792c
0x00027938	0x00027930
0x0002793c	0x00027934
0x0002793e	0x00027936
0x00027942	0x0002793a
0x00027946	0x0002793e
0x0002794a	0x00027942
0x0002794c	0x00027944
0x00027950	0x00027948
0x00027954	0x0002794c
0x00027956	0x0002794e
0x00027958	0x00027950
0x0002795c	0x00027954
0x0002795e	0x00027956
0x00027962	0x0002795a
0x00027966	0x0002795e
0x0002796a	0x00027962
0x0002796e	0x00027966
0x00027972	0x0002796a
0x00027976	0x0002796e
0x0002797a	0x00027972
0x0002797e	0x00027976
0x00027982	0x0002797a
0x00027984	0x0002797c
0x00027988	0x00027980
0x0002798c	0x00027984
0x00027990	0x00027988
0x00027992	0x0002798a
0x00027994	0x0002798c
0x00027996	0x0002798e
0x00027998	0x00027990
0x0002799c	0x00027994
0x0002799e	0x00027996
0x000279a0	0x00027998
0x000279a2	0x0002799a
0x000279a4	0x0002799c
0x000279a8	0x000279a0
0x000279aa	0x000279a2
0x000279ae	0x000279a6
0x000279b2	0x000279aa
0x000279b4	0x000279ac
0x000279b8	0x000279b0
0x000279bc	0x000279b4
0x000279c0	0x000279b8
0x000279c4	0x000279bc
0x000279c6	0x000279be
0x000279ca	0x000279c2
0x000279ce	0x000279c6
0x000279d2	0x000279ca
0x000279d6	0x000279ce
0x000279d8	0x000279d0
0x000279dc	0x000279d4
0x000279e0	0x000279d8
0x000279e2	0x000279da
0x000279e6	0x000279de
0x000279ea	0x000279e2
0x000279ee	0x000279e6
0x000279f0	0x000279e8
0x000279f4	0x000279ec
0x000279f8	0x000279f0
0x000279fa	0x000279f2
0x000279fe	0x000279f6
0x00027a02	0x000279fa
0x00027a04	0x000279fc
0x00027a06	0x000279fe
0x00027a08	0x00027a00
0x00027a0a	0x00027a02
0x00027a0c	0x00027a04
0x00027a10	0x00027a08
0x00027a12	0x00027a0a
0x00027a14	0x00027a0c
0x00027a18	0x00027a10
0x00027a1c	0x00027a14
0x00027a20	0x00027a18
0x00027a22	0x00027a1a
0x00027a26	0x00027a1e
0x00027a28	0x00027a20
0x00027a2a	0x00027a22
0x00027a2c	0x00027a24
0x00027a30	0x00027a28
0x00027a32	0x00027a2a
0x00027a36	0x00027a2e
0x00027a38	0x00027a30
0x00027a3a	0x00027a32
0x00027a3e	0x00027a36
0x00027a40	0x00027a38
0x00027a44	0x00027a3c
0x00027a48	0x00027a40
0x00027a4a	0x00027a42
0x00027a4c	0x00027a44
0x00027a50	0x00027a48
0x00027a54	0x00027a4c
0x00027a58	0x00027a50
0x00027a5a	0x00027a52
0x00027a5e	0x00027a56
0x00027a62	0x00027a5a
0x00027a64	0x00027a5c
0x00027a66	0x00027a5e
0x00027a68	0x00027a60
0x00027a6a	0x00027a62
0x00027a6c	0x00027a64
0x00027a6e	0x00027a66
0x00027a70	0x00027a68
0x00027a74	0x00027a6c
0x00027a76	0x00027a6e
0x00027a78	0x00027a70
0x00027a7c	0x00027a74
0x00027a80	0x00027a78
0x00027a84	0x00027a7c
0x00027a86	0x00027a7e
0x00027a8a	0x00027a82
0x00027a8c	0x00027a84
0x00027a8e	0x00027a86
0x00027a90	0x00027a88
0x00027a92	0x00027a8a
0x00027a94	0x00027a8c
0x00027a98	0x00027a90
0x00027a9a	0x00027a92
0x00027a9c	0x00027a94
0x00027aa0	0x00027a98
0x00027aa4	0x00027a9c
0x00027aa6	0x00027a9e
0x00027aaa	0x00027aa2
0x00027aac	0x00027aa4
0x00027ab0	0x00027aa8
0x00027ab4	0x00027aac
0x00027ab6	0x00027aae
0x00027ab8	0x00027ab0
0x00027aba	0x00027ab2
0x00027abc	0x00027ab4
0x00027ac0	0x00027ab8
0x00027ac2	0x00027aba
0x00027ac6	0x00027abe
0x00027ac8	0x00027ac0
0x00027aca	0x00027ac2
0x00027acc	0x00027ac4
0x00027ad0	0x00027ac8
0x00027ad2	0x00027aca
0x00027ad8	0x00027ad0
0x00027ada	0x00027ad2
0x00027ade	0x00027ad6
0x00027ae2	0x00027ada
0x00027ae4	0x00027adc
0x00027ae6	0x00027ade
0x00027ae8	0x00027ae0
0x00027aec	0x00027ae4
0x00027af0	0x00027ae8
0x00027af2	0x00027aea
0x00027af6	0x00027aee
0x00027af8	0x00027af0
0x00027afa	0x00027af2
0x00027afe	0x00027af6
0x00027b00	0x00027af8
0x00027b04	0x00027afc
0x00027b08	0x00027b00
0x00027b0a	0x00027b02
0x00027b0e	0x00027b06
0x00027b12	0x00027b0a
0x00027b14	0x00027b0c
0x00027b16	0x00027b0e
0x00027b18	0x00027b10
0x00027b1c	0x00027b14
0x00027b2e	0x00027b26
0x00027b32	0x00027b2a
0x00027b36	0x00027b2e
0x00027b3a	0x00027b32
0x00027b3c	0x00027b34
0x00027b40	0x00027b38
0x00027b56	0x00027b4e
0x00027b58	0x00027b50
0x00027b5c	0x00027b54
0x00027b5e	0x00027b56
0x00027b60	0x00027b58
0x00027b64	0x00027b5c
0x00027b66	0x00027b5e
0x00027b6a	0x00027b62
0x00027b6e	0x00027b66
0x00027b72	0x00027b6a
0x00027b76	0x00027b6e
0x00027b7a	0x00027b72
0x00027b7e	0x00027b76
0x00027b82	0x00027b7a
0x00027b86	0x00027b7e
0x00027b8a	0x00027b82
0x00027b8e	0x00027b86
0x00027b90	0x00027b88
0x00027b94	0x00027b8c
0x00027b96	0x00027b8e
0x00027b9a	0x00027b92
0x00027b9c	0x00027b94
0x00027ba0	0x00027b98
0x00027ba4	0x00027b9c
0x00027ba8	0x00027ba0
0x00027baa	0x00027ba2
0x00027bac	0x00027ba4
0x00027bb0	0x00027ba8
0x00027bb4	0x00027bac
0x00027bb6	0x00027bae
0x00027bba	0x00027bb2
0x00027bbe	0x00027bb6
0x00027bc0	0x00027bb8
0x00027bc2	0x00027bba
0x00027bc6	0x00027bbe
0x00027bca	0x00027bc2
0x00027bce	0x00027bc6
0x00027bd2	0x00027bca
0x00027bd4	0x00027bcc
0x00027bd8	0x00027bd0
0x00027bda	0x00027bd2
0x00027bde	0x00027bd6
0x00027be0	0x00027bd8
0x00027be4	0x00027bdc
0x00027be8	0x00027be0
0x00027bec	0x00027be4
0x00027bf0	0x00027be8
0x00027bf4	0x00027bec
0x00027bf6	0x00027bee
0x00027bfa	0x00027bf2
0x00027bfe	0x00027bf6
0x00027c02	0x00027bfa
0x00027c04	0x00027bfc
0x00027c0c	0x00027c04
0x00027c10	0x00027c08
0x00027c14	0x00027c0c
0x00027c16	0x00027c0e
0x00027c18	0x00027c10
0x00027c1a	0x00027c12
0x00027c1c	0x00027c14
0x00027c20	0x00027c18
0x00027c22	0x00027c1a
0x00027c26	0x00027c1e
0x00027c28	0x00027c20
0x00027c2c	0x00027c24
0x00027c30	0x00027c28
0x00027c32	0x00027c2a
0x00027c34	0x00027c2c
0x00027c38	0x00027c30
0x00027c3a	0x00027c32
0x00027c3c	0x00027c34
0x00027c40	0x00027c38
0x00027c44	0x00027c3c
0x00027c48	0x00027c40
0x00027c4a	0x00027c42
0x00027c4e	0x00027c46
0x00027c52	0x00027c4a
0x00027c56	0x00027c4e
0x00027c5a	0x00027c52
0x00027c5e	0x00027c56
0x00027c60	0x00027c58
0x00027c64	0x00027c5c
0x00027c68	0x00027c60
0x00027c6a	0x00027c62
0x00027c6e	0x00027c66
0x00027c70	0x00027c68
0x00027c72	0x00027c6a
0x00027c74	0x00027c6c
0x00027c78	0x00027c70
0x00027c7a	0x00027c72
0x00027c7e	0x00027c76
0x00027c82	0x00027c7a
0x00027c84	0x00027c7c
0x00027c88	0x00027c80
0x00027c8a	0x00027c82
0x00027c8e	0x00027c86
0x00027c90	0x00027c88
0x00027c92	0x00027c8a
0x00027c94	0x00027c8c
0x00027c98	0x00027c90
0x00027c9a	0x00027c92
0x00027c9c	0x00027c94
0x00028680	0x00028678
0x00028682	0x0002867a
0x00028684	0x0002867c
0x00028686	0x0002867e
0x0002868a	0x00028682
0x0002868c	0x00028684
0x0002868e	0x00028686
0x00028690	0x00028688
0x00028692	0x0002868a
0x00028694	0x0002868c
0x00028696	0x0002868e
0x0002869a	0x00028692
0x0002869c	0x00028694
0x000286a0	0x00028698
0x000286a2	0x0002869a
0x000286a6	0x0002869e
0x000286a8	0x000286a0
0x000286ac	0x000286a4
0x000286b0	0x000286a8
0x000286b4	0x000286ac
0x000286b8	0x000286b0
0x000286ba	0x000286b2
0x000286bc	0x000286b4
0x000286be	0x000286b6
0x000286c0	0x000286b8
0x000286c4	0x000286bc
0x000286c6	0x000286be
0x000286c8	0x000286c0
0x000286cc	0x000286c4
0x000286ce	0x000286c6
0x000286d0	0x000286c8
0x000286d2	0x000286ca
0x000286d4	0x000286cc
0x000286d6	0x000286ce
0x000286d8	0x000286d0
0x000286da	0x000286d2
0x000286dc	0x000286d4
0x000286e0	0x000286d8
0x000286e2	0x000286da
0x000286e4	0x000286dc
0x000286e6	0x000286de
0x000286e8	0x000286e0
0x000286ea	0x000286e2
0x000286ee	0x000286e6
0x000286f0	0x000286e8
0x000286f2	0x000286ea
0x000286f6	0x000286ee
0x000286f8	0x000286f0
0x000286fa	0x000286f2
0x000286fc	0x000286f4
0x000286fe	0x000286f6
0x00028700	0x000286f8
0x00028702	0x000286fa
0x00028704	0x000286fc
0x00028708	0x00028700
0x0002870c	0x00028704
0x00028710	0x00028708
0x00028714	0x0002870c
0x00028718	0x00028710
0x0002871c	0x00028714
0x0002871e	0x00028716
0x00028720	0x00028718
0x00028722	0x0002871a
0x00028724	0x0002871c
0x00028726	0x0002871e
0x00028728	0x00028720
0x0002872a	0x00028722
0x0002872e	0x00028726
0x00028730	0x00028728
0x00028732	0x0002872a
0x00028734	0x0002872c
0x00028736	0x0002872e
0x00028738	0x00028730
0x0002873a	0x00028732
0x0002873c	0x00028734
0x00028740	0x00028738
0x00028744	0x0002873c
0x00028748	0x00028740
0x0002874c	0x00028744
0x0002874e	0x00028746
0x00028750	0x00028748
0x00028752	0x0002874a
0x00028754	0x0002874c
0x00028756	0x0002874e
0x00028758	0x00028750
0x0002875a	0x00028752
0x0002875e	0x00028756
0x00028760	0x00028758
0x00028762	0x0002875a
0x00028764	0x0002875c
0x00028766	0x0002875e
0x00028768	0x00028760
0x0002876a	0x00028762
0x0002876c	0x00028764
0x00028770	0x00028768
0x00028774	0x0002876c
0x00028778	0x00028770
0x0002877a	0x00028772
0x0002877c	0x00028774
0x00028780	0x00028778
0x00028782	0x0002877a
0x00028784	0x0002877c
0x00028786	0x0002877e
0x00028788	0x00028780
0x0002878a	0x00028782
0x0002878c	0x00028784
0x0002878e	0x00028786
0x00028792	0x0002878a
0x00028794	0x0002878c
0x00028796	0x0002878e
0x00028798	0x00028790
0x0002879a	0x00028792
0x0002879c	0x00028794
0x000287a0	0x00028798
0x000287a2	0x0002879a
0x000287a4	0x0002879c
0x000287a6	0x0002879e
0x000287a8	0x000287a0
0x000287aa	0x000287a2
0x000287ac	0x000287a4
0x000287ae	0x000287a6
0x000287b2	0x000287aa
0x000287b4	0x000287ac
0x000287b6	0x000287ae
0x000287ba	0x000287b2
0x000287bc	0x000287b4
0x000287c0	0x000287b8
0x000287c2	0x000287ba
0x000287c4	0x000287bc
0x000287c6	0x000287be
0x000287c8	0x000287c0
0x000287cc	0x000287c4
0x000287ce	0x000287c6
0x000287d0	0x000287c8
0x000287d2	0x000287ca
0x000287d4	0x000287cc
0x000287d6	0x000287ce
0x000287d8	0x000287d0
0x000287da	0x000287d2
0x000287dc	0x000287d4
0x000287de	0x000287d6
0x000287e0	0x000287d8
0x000287e2	0x000287da
0x000287e4	0x000287dc
0x000287e6	0x000287de
0x000287e8	0x000287e0
0x000287ea	0x000287e2
0x000287ec	0x000287e4
0x000287ee	0x000287e6
0x000287f0	0x000287e8
0x000287f2	0x000287ea
0x000287f4	0x000287ec
0x000287f6	0x000287ee
0x000287f8	0x000287f0
0x000287fa	0x000287f2
0x000287fc	0x000287f4
0x000287fe	0x000287f6
0x00028800	0x000287f8
0x00028804	0x000287fc
0x00028808	0x00028800
0x0002880c	0x00028804
0x00028810	0x00028808
0x00028812	0x0002880a
0x00028816	0x0002880e
0x00028818	0x00028810
0x0002881c	0x00028814
0x00028820	0x00028818
0x00028824	0x0002881c
0x00028828	0x00028820
0x0002882c	0x00028824
0x00028830	0x00028828
0x00028834	0x0002882c
0x00028838	0x00028830
0x0002883c	0x00028834
0x00028840	0x00028838
0x00028842	0x0002883a
0x00028846	0x0002883e
0x0002884a	0x00028842
0x0002884e	0x00028846
0x00028852	0x0002884a
0x00028856	0x0002884e
0x0002885a	0x00028852
0x0002885e	0x00028856
0x00028862	0x0002885a
0x00028864	0x0002885c
0x00028868	0x00028860
0x0002886c	0x00028864
0x00028870	0x00028868
0x00028874	0x0002886c
0x00028878	0x00028870
0x0002887c	0x00028874
0x00028880	0x00028878
0x00028882	0x0002887a
0x00028886	0x0002887e
0x0002888a	0x00028882
0x0002888e	0x00028886
0x00028892	0x0002888a
0x00028896	0x0002888e
0x0002889a	0x00028892
0x0002889e	0x00028896
0x000288a2	0x0002889a
0x000288a6	0x0002889e
0x000288aa	0x000288a2
0x000288ae	0x000288a6
0x000288b2	0x000288aa
0x000288b6	0x000288ae
0x000288ba	0x000288b2
0x000288be	0x000288b6
0x000288c0	0x000288b8
0x000288c2	0x000288ba
0x000288c6	0x000288be
0x000288ca	0x000288c2
0x000288ce	0x000288c6
0x000288d2	0x000288ca
0x000288d6	0x000288ce
0x000288da	0x000288d2
0x000288de	0x000288d6
0x000288e2	0x000288da
0x000288e6	0x000288de
0x000288e8	0x000288e0
0x000288ec	0x000288e4
0x000288f0	0x000288e8
0x000288f4	0x000288ec
0x000288f8	0x000288f0
0x000288fc	0x000288f4
0x00028900	0x000288f8
0x00028904	0x000288fc
0x00028908	0x00028900
0x0002890c	0x00028904
0x00028910	0x00028908
0x00028914	0x0002890c
0x00028918	0x00028910
0x0002891c	0x00028914
0x00028920	0x00028918
0x00028922	0x0002891a
0x00028926	0x0002891e
0x00028928	0x00028920
0x0002892a	0x00028922
0x0002892e	0x00028926
0x00028932	0x0002892a
0x00028936	0x0002892e
0x0002893a	0x00028932
0x0002893e	0x00028936
0x00028942	0x0002893a
0x00028946	0x0002893e
0x0002894a	0x00028942
0x0002894e	0x00028946
0x00028952	0x0002894a
0x00028956	0x0002894e
0x0002895a	0x00028952
0x0002895e	0x00028956
0x00028962	0x0002895a
0x00028966	0x0002895e
0x0002896a	0x00028962
0x0002896e	0x00028966
0x00028972	0x0002896a
0x00028976	0x0002896e
0x0002897a	0x00028972
0x0002897c	0x00028974
0x00028980	0x00028978
0x00028984	0x0002897c
0x00028988	0x00028980
0x0002898c	0x00028984
0x00028990	0x00028988
0x00028994	0x0002898c
0x00028998	0x00028990
0x0002899c	0x00028994
0x0002899e	0x00028996
0x000289a2	0x0002899a
0x000289a6	0x0002899e
0x000289aa	0x000289a2
0x000289ae	0x000289a6
0x000289b2	0x000289aa
0x000289b6	0x000289ae
0x000289ba	0x000289b2
0x000289be	0x000289b6
0x000289c2	0x000289ba
0x000289c6	0x000289be
0x000289ca	0x000289c2
0x000289ce	0x000289c6
0x000289d0	0x000289c8
0x000289d2	0x000289ca
0x000289d4	0x000289cc
0x000289d8	0x000289d0
0x000289dc	0x000289d4
0x000289de	0x000289d6
0x000289e2	0x000289da
0x000289e6	0x000289de
0x000289ea	0x000289e2
0x000289ee	0x000289e6
0x000289f2	0x000289ea
0x000289f6	0x000289ee
0x000289fa	0x000289f2
0x000289fe	0x000289f6
0x00028a02	0x000289fa
0x00028a06	0x000289fe
0x00028a0a	0x00028a02
0x00028a0e	0x00028a06
0x00028a12	0x00028a0a
0x00028a16	0x00028a0e
0x00028a1a	0x00028a12
0x00028a1e	0x00028a16
0x00028a22	0x00028a1a
0x00028a26	0x00028a1e
0x00028a2a	0x00028a22
0x00028a2e	0x00028a26
0x00028a32	0x00028a2a
0x00028a36	0x00028a2e
0x00028a38	0x00028a30
0x00028a3a	0x00028a32
0x00028a3c	0x00028a34
0x00028a3e	0x00028a36
0x00028a40	0x00028a38
0x00028a42	0x00028a3a
0x00028a44	0x00028a3c
0x00028a46	0x00028a3e
0x00028a4a	0x00028a42
0x00028a4e	0x00028a46
0x00028a52	0x00028a4a
0x00028a56	0x00028a4e
0x00028a58	0x00028a50
0x00028a5c	0x00028a54
0x00028a60	0x00028a58
0x00028a64	0x00028a5c
0x00028a68	0x00028a60
0x00028a6c	0x00028a64
0x00028a70	0x00028a68
0x00028a74	0x00028a6c
0x00028a76	0x00028a6e
0x00028ae0	0x00028ad8
0x00028ae4	0x00028adc
0x00028ae8	0x00028ae0
0x00028aec	0x00028ae4
0x00028af0	0x00028ae8
0x00028af4	0x00028aec
0x00028af6	0x00028aee
0x00028afa	0x00028af2
0x00028afe	0x00028af6
0x00028b02	0x00028afa
0x00028b04	0x00028afc
0x00028b08	0x00028b00
0x00028b0a	0x00028b02
0x00028b0e	0x00028b06
0x00028b12	0x00028b0a
0x00028b16	0x00028b0e
0x00028b1a	0x00028b12
0x00028b1e	0x00028b16
0x00028b20	0x00028b18
0x00028b24	0x00028b1c
0x00028b28	0x00028b20
0x00028b2a	0x00028b22
0x00028b2e	0x00028b26
0x00028b32	0x00028b2a
0x00028b36	0x00028b2e
0x00028b3a	0x00028b32
0x00028b3e	0x00028b36
0x00028b42	0x00028b3a
0x00028b46	0x00028b3e
0x00028b4a	0x00028b42
0x00028b4e	0x00028b46
0x00028b52	0x00028b4a
0x00028b56	0x00028b4e
0x00028b5a	0x00028b52
0x00028b5e	0x00028b56
0x00028b62	0x00028b5a
0x00028b66	0x00028b5e
0x00028b6a	0x00028b62
0x00028b6e	0x00028b66
0x00028b70	0x00028b68
0x00028b72	0x00028b6a
0x00028b74	0x00028b6c
0x00028b76	0x00028b6e
0x00028b78	0x00028b70
0x00028b7a	0x00028b72
0x00028b7c	0x00028b74
0x00028b7e	0x00028b76
0x00028b80	0x00028b78
0x00028b84	0x00028b7c
0x00028b86	0x00028b7e
0x00028b88	0x00028b80
0x00028b8c	0x00028b84
0x00028b90	0x00028b88
0x00028b94	0x00028b8c
0x00028b98	0x00028b90
0x00028b9c	0x00028b94
0x00028b9e	0x00028b96
0x00028ba2	0x00028b9a
0x00028ba6	0x00028b9e
0x00028baa	0x00028ba2
0x00028bae	0x00028ba6
0x00028bb2	0x00028baa
0x00028bb6	0x00028bae
0x00028bba	0x00028bb2
0x00028bbc	0x00028bb4
0x00028bbe	0x00028bb6
0x00028bc0	0x00028bb8
0x00028bc4	0x00028bbc
0x00028bc8	0x00028bc0
0x00028bca	0x00028bc2
0x00028bce	0x00028bc6
0x00028bd2	0x00028bca
0x00028bd6	0x00028bce
0x00028bda	0x00028bd2
0x00028bde	0x00028bd6
0x00028be2	0x00028bda
0x00028be6	0x00028bde
0x00028bea	0x00028be2
0x00028bee	0x00028be6
0x00028bf2	0x00028bea
0x00028bf6	0x00028bee
0x00028bfa	0x00028bf2
0x00028bfe	0x00028bf6
0x00028c02	0x00028bfa
0x00028c06	0x00028bfe
0x00028c0a	0x00028c02
0x00028c0e	0x00028c06
0x00028c12	0x00028c0a
0x00028c16	0x00028c0e
0x00028c1a	0x00028c12
0x00028c1c	0x00028c14
0x00028c20	0x00028c18
0x00028c24	0x00028c1c
0x00028c28	0x00028c20
0x00028c2c	0x00028c24
0x00028c30	0x00028c28
0x00028c34	0x00028c2c
0x00028c36	0x00028c2e
0x00028c3a	0x00028c32
0x00028c3e	0x00028c36
0x00028c42	0x00028c3a
0x00028c46	0x00028c3e
0x00028c4a	0x00028c42
0x00028c4e	0x00028c46
0x00028c50	0x00028c48
0x00028c54	0x00028c4c
0x00028c56	0x00028c4e
0x00028c5a	0x00028c52
0x00028c5e	0x00028c56
0x00028c62	0x00028c5a
0x00028c66	0x00028c5e
0x00028c6a	0x00028c62
0x00028c6e	0x00028c66
0x00028c72	0x00028c6a
0x00028c76	0x00028c6e
0x00028c7a	0x00028c72
0x00028c7e	0x00028c76
0x00028c82	0x00028c7a
0x00028c86	0x00028c7e
0x00028c8a	0x00028c82
0x00028c8e	0x00028c86
0x00028c92	0x00028c8a
0x00028c96	0x00028c8e
0x00028c98	0x00028c90
0x00028c9a	0x00028c92
0x00028c9e	0x00028c96
0x00028ca2	0x00028c9a
0x00028ca4	0x00028c9c
0x00028ca8	0x00028ca0
0x00028cac	0x00028ca4
0x00028cc0	0x00028cb8
0x00028cc4	0x00028cbc
0x00028cc6	0x00028cbe
0x00028cca	0x00028cc2
0x00028cce	0x00028cc6
0x00028cd2	0x00028cca
0x00028cd6	0x00028cce
0x00028cda	0x00028cd2
0x00028cde	0x00028cd6
0x00028ce0	0x00028cd8
0x00028ce2	0x00028cda
0x00028ce4	0x00028cdc
0x00028ce6	0x00028cde
0x00028ce8	0x00028ce0
0x00028cea	0x00028ce2
0x00028cee	0x00028ce6
0x00028cf0	0x00028ce8
0x00028cf4	0x00028cec
0x00028cf6	0x00028cee
0x00028cfa	0x00028cf2
0x00028cfc	0x00028cf4
0x00028d00	0x00028cf8
0x00028d04	0x00028cfc
0x00028d06	0x00028cfe
0x00028d0a	0x00028d02
0x00028d0c	0x00028d04
0x00028d0e	0x00028d06
0x00028d10	0x00028d08
0x00028d14	0x00028d0c
0x00028d18	0x00028d10
0x00028d1a	0x00028d12
0x00028d1e	0x00028d16
0x00028d22	0x00028d1a
0x00028d26	0x00028d1e
0x00028d28	0x00028d20
0x00028d2c	0x00028d24
0x00028d30	0x00028d28
0x00028d32	0x00028d2a
0x00028d36	0x00028d2e
0x00028d38	0x00028d30
0x00028d3c	0x00028d34
0x00028d40	0x00028d38
0x00028d42	0x00028d3a
0x00028d46	0x00028d3e
0x00028d4a	0x00028d42
0x00028d4c	0x00028d44
0x00028d4e	0x00028d46
0x00028d50	0x00028d48
0x00028d52	0x00028d4a
0x00028d56	0x00028d4e
0x00028d5a	0x00028d52
0x00028d5c	0x00028d54
0x00028d60	0x00028d58
0x00028d62	0x00028d5a
0x00028d66	0x00028d5e
0x00028d68	0x00028d60
0x00028d6a	0x00028d62
0x00028d6c	0x00028d64
0x00028d6e	0x00028d66
0x00028d72	0x00028d6a
0x00028d74	0x00028d6c
0x00028d76	0x00028d6e
0x00028d7a	0x00028d72
0x00028d7c	0x00028d74
0x00028d80	0x00028d78
0x00028d82	0x00028d7a
0x00028d86	0x00028d7e
0x00028d88	0x00028d80
0x00028d8c	0x00028d84
0x00028d8e	0x00028d86
0x00028d90	0x00028d88
0x00028d92	0x00028d8a
0x00028d94	0x00028d8c
0x00028d98	0x00028d90
0x00028d9a	0x00028d92
0x00028d9e	0x00028d96
0x00028da0	0x00028d98
0x00029efc	0x00029ef4
0x00029efe	0x00029ef6
0x00029f02	0x00029efa
0x00029f06	0x00029efe
0x00029f0a	0x00029f02
0x00029f0c	0x00029f04
0x00029f10	0x00029f08
0x00029f14	0x00029f0c
0x00029f18	0x00029f10
0x00029f1c	0x00029f14
0x00029f20	0x00029f18
0x00029f24	0x00029f1c
0x00029f28	0x00029f20
0x00029f2c	0x00029f24
0x00029f30	0x00029f28
0x00029f34	0x00029f2c
0x00029f36	0x00029f2e
0x00029f38	0x00029f30
0x00029f3c	0x00029f34
0x00029f40	0x00029f38
0x00029f42	0x00029f3a
0x00029f46	0x00029f3e
0x00029f48	0x00029f40
0x00029f4c	0x00029f44
0x00029f50	0x00029f48
0x00029f52	0x00029f4a
0x00029f56	0x00029f4e
0x00029f5a	0x00029f52
0x00029f5e	0x00029f56
0x00029f62	0x00029f5a
0x00029f66	0x00029f5e
0x00029f6a	0x00029f62
0x00029f6e	0x00029f66
0x00029f72	0x00029f6a
0x00029f76	0x00029f6e
0x00029f78	0x00029f70
0x00029f7a	0x00029f72
0x00029f7c	0x00029f74
0x00029f7e	0x00029f76
0x00029f80	0x00029f78
0x00029f84	0x00029f7c
0x00029f86	0x00029f7e
0x00029f88	0x00029f80
0x00029f8a	0x00029f82
0x00029f8c	0x00029f84
0x00029f8e	0x00029f86
0x00029f90	0x00029f88
0x00029f94	0x00029f8c
0x00029f98	0x00029f90
0x00029f9c	0x00029f94
0x00029fa0	0x00029f98
0x00029fa4	0x00029f9c
0x00029fa8	0x00029fa0
0x00029fac	0x00029fa4
0x00029fb0	0x00029fa8
0x0002a2c0	0x0002a2b8
0x0002a2c2	0x0002a2ba
0x0002a2c6	0x0002a2be
0x0002a2ca	0x0002a2c2
0x0002a2ce	0x0002a2c6
0x0002a2d2	0x0002a2ca
0x0002a2d6	0x0002a2ce
0x0002a2da	0x0002a2d2
0x0002a2de	0x0002a2d6
0x0002a2e0	0x0002a2d8
0x0002a2e2	0x0002a2da
0x0002a2e4	0x0002a2dc
0x0002a2e6	0x0002a2de
0x0002a2ea	0x0002a2e2
0x0002a2ee	0x0002a2e6
0x0002a2f2	0x0002a2ea
0x0002a2f6	0x0002a2ee
0x0002a2f8	0x0002a2f0
0x0002a2fa	0x0002a2f2
0x0002a2fe	0x0002a2f6
0x0002a302	0x0002a2fa
0x0002a306	0x0002a2fe
0x0002a30a	0x0002a302
0x0002a30c	0x0002a304
0x0002a310	0x0002a308
0x0002a314	0x0002a30c
0x0002a318	0x0002a310
0x0002a31a	0x0002a312
0x0002a31c	0x0002a314
0x0002a328	0x0002a320
0x0002a32c	0x0002a324
0x0002a330	0x0002a328
0x0002a332	0x0002a32a
0x0002a336	0x0002a32e
0x0002a33a	0x0002a332
0x0002a33e	0x0002a336
0x0002a342	0x0002a33a
0x0002a346	0x0002a33e
0x0002a34a	0x0002a342
0x0002a34e	0x0002a346
0x0002a352	0x0002a34a
0x0002a356	0x0002a34e
0x0002a35a	0x0002a352
0x0002a35e	0x0002a356
0x0002a362	0x0002a35a
0x0002a366	0x0002a35e
0x0002a368	0x0002a360
0x0002a36a	0x0002a362
0x0002a36e	0x0002a366
0x0002a372	0x0002a36a
0x0002a376	0x0002a36e
0x0002a37a	0x0002a372
0x0002a37e	0x0002a376
0x0002a382	0x0002a37a
0x0002a386	0x0002a37e
0x0002a388	0x0002a380
0x0002a38c	0x0002a384
0x0002a390	0x0002a388
0x0002a394	0x0002a38c
0x0002a398	0x0002a390
0x0002a39c	0x0002a394
0x0002a3a0	0x0002a398
0x0002a3a4	0x0002a39c
0x0002a3a6	0x0002a39e
0x0002a3a8	0x0002a3a0
0x0002a3ac	0x0002a3a4
0x0002a3b0	0x0002a3a8
0x0002a3b4	0x0002a3ac
0x0002a3b8	0x0002a3b0
0x0002a3bc	0x0002a3b4
0x0002a3be	0x0002a3b6
0x0002a3c2	0x0002a3ba
0x0002a3c6	0x0002a3be
0x0002a3ca	0x0002a3c2
0x0002a448	0x0002a440
0x0002a44c	0x0002a444
0x0002a44e	0x0002a446
0x0002a450	0x0002a448
0x0002a454	0x0002a44c
0x0002a458	0x0002a450
0x0002a45c	0x0002a454
0x0002a45e	0x0002a456
0x0002a462	0x0002a45a
0x0002a466	0x0002a45e
0x0002a46a	0x0002a462
0x0002a46e	0x0002a466
0x0002a472	0x0002a46a
0x0002a476	0x0002a46e
0x0002a47a	0x0002a472
0x0002a47e	0x0002a476
0x0002a482	0x0002a47a
0x0002a486	0x0002a47e
0x0002a48a	0x0002a482
0x0002a48e	0x0002a486
0x0002a492	0x0002a48a
0x0002a494	0x0002a48c
0x0002a498	0x0002a490
0x0002a49c	0x0002a494
0x0002a4a0	0x0002a498
0x0002a4a4	0x0002a49c
0x0002a4a8	0x0002a4a0
0x0002a4ac	0x0002a4a4
0x0002a4ae	0x0002a4a6
0x0002a4b2	0x0002a4aa
0x0002a4b6	0x0002a4ae
0x0002a4ba	0x0002a4b2
0x0002a4be	0x0002a4b6
0x0002a4c2	0x0002a4ba
0x0002a65e	0x0002a656
0x0002a662	0x0002a65a
0x0002a666	0x0002a65e
0x0002a66a	0x0002a662
0x0002a66e	0x0002a666
0x0002a672	0x0002a66a
0x0002a676	0x0002a66e
0x0002a67a	0x0002a672
0x0002a67e	0x0002a676
0x0002a682	0x0002a67a
0x0002a686	0x0002a67e
0x0002a68a	0x0002a682
0x0002a68e	0x0002a686
0x0002a692	0x0002a68a
0x0002a696	0x0002a68e
0x0002a69a	0x0002a692
0x0002a69e	0x0002a696
0x0002a6a2	0x0002a69a
0x0002a6a6	0x0002a69e
0x0002a6aa	0x0002a6a2
0x0002a6ae	0x0002a6a6
0x0002a6b2	0x0002a6aa
0x0002a6b6	0x0002a6ae
0x0002a6ba	0x0002a6b2
0x0002a6be	0x0002a6b6
0x0002a6c2	0x0002a6ba
0x0002a6c6	0x0002a6be
0x0002a6ca	0x0002a6c2
0x0002a6ce	0x0002a6c6
0x0002a6d2	0x0002a6ca
0x0002a6d6	0x0002a6ce
0x0002a6da	0x0002a6d2
0x0002a6dc	0x0002a6d4
0x0002a6e0	0x0002a6d8
0x0002a6e2	0x0002a6da
0x0002a6e6	0x0002a6de
0x0002a6ea	0x0002a6e2
0x0002a6ee	0x0002a6e6
0x0002a6f2	0x0002a6ea
0x0002a6f4	0x0002a6ec
0x0002a6f8	0x0002a6f0
0x0002a6fa	0x0002a6f2
0x0002a6fe	0x0002a6f6
0x0002a702	0x0002a6fa
0x0002a706	0x0002a6fe
0x0002a70a	0x0002a702
0x0002a70e	0x0002a706
0x0002a712	0x0002a70a
0x0002a716	0x0002a70e
0x0002a71a	0x0002a712
0x0002a71e	0x0002a716
0x0002a722	0x0002a71a
0x0002a726	0x0002a71e
0x0002a72a	0x0002a722
0x0002a72e	0x0002a726
0x0002a732	0x0002a72a
0x0002a736	0x0002a72e
0x0002a73a	0x0002a732
0x0002a73e	0x0002a736
0x0002a742	0x0002a73a
0x0002a746	0x0002a73e
0x0002a74a	0x0002a742
0x0002a74e	0x0002a746
0x0002a752	0x0002a74a
0x0002a756	0x0002a74e
0x0002a75a	0x0002a752
0x0002a75e	0x0002a756
0x0002a762	0x0002a75a
0x0002a766	0x0002a75e
0x0002a76a	0x0002a762
0x0002a76e	0x0002a766
0x0002a770	0x0002a768
0x0002a774	0x0002a76c
0x0002a776	0x0002a76e
0x0002a77a	0x0002a772
0x0002a77e	0x0002a776
0x0002a782	0x0002a77a
0x0002a786	0x0002a77e
0x0002a788	0x0002a780
0x0002a78c	0x0002a784
0x0002a78e	0x0002a786
0x0002a792	0x0002a78a
0x0002a796	0x0002a78e
0x0002a98c	0x0002a984
0x0002a98e	0x0002a986
0x0002a992	0x0002a98a
0x0002a996	0x0002a98e
0x0002a99a	0x0002a992
0x0002a99e	0x0002a996
0x0002a9a2	0x0002a99a
0x0002a9a4	0x0002a99c
0x0002a9a8	0x0002a9a0
0x0002a9ac	0x0002a9a4
0x0002a9ae	0x0002a9a6
0x0002a9b2	0x0002a9aa
0x0002a9b6	0x0002a9ae
0x0002a9ba	0x0002a9b2
0x0002a9be	0x0002a9b6
0x0002a9c0	0x0002a9b8
0x0002a9c4	0x0002a9bc
0x0002a9c6	0x0002a9be
0x0002a9ca	0x0002a9c2
0x0002a9cc	0x0002a9c4
0x0002a9d0	0x0002a9c8
0x0002a9d4	0x0002a9cc
0x0002a9d8	0x0002a9d0
0x0002a9dc	0x0002a9d4
0x0002a9e0	0x0002a9d8
0x0002a9e4	0x0002a9dc
0x0002a9e8	0x0002a9e0
0x0002a9ec	0x0002a9e4
0x0002a9f0	0x0002a9e8
0x0002a9f4	0x0002a9ec
0x0002a9f8	0x0002a9f0
0x0002a9fc	0x0002a9f4
0x0002aa00	0x0002a9f8
0x0002aa04	0x0002a9fc
0x0002aa08	0x0002aa00
0x0002aa0a	0x0002aa02
0x0002aa0e	0x0002aa06
0x0002aa12	0x0002aa0a
0x0002aa14	0x0002aa0c
0x0002aa18	0x0002aa10
0x0002aa1a	0x0002aa12
0x0002aa1e	0x0002aa16
0x0002aa22	0x0002aa1a
0x0002aa24	0x0002aa1c
0x0002aa28	0x0002aa20
0x0002aa2a	0x0002aa22
0x0002aa2e	0x0002aa26
0x0002aa32	0x0002aa2a
0x0002aa36	0x0002aa2e
0x0002aa3a	0x0002aa32
0x0002aa3c	0x0002aa34
0x0002aa40	0x0002aa38
0x0002aa42	0x0002aa3a
0x0002aa46	0x0002aa3e
0x0002aa4a	0x0002aa42
0x0002aa4e	0x0002aa46
0x0002aa52	0x0002aa4a
0x0002aa54	0x0002aa4c
0x0002aa58	0x0002aa50
0x0002aa5c	0x0002aa54
0x0002aa94	0x0002aa8c
0x0002aa96	0x0002aa8e
0x0002aa98	0x0002aa90
0x0002aa9c	0x0002aa94
0x0002aaa0	0x0002aa98
0x0002aaa4	0x0002aa9c
0x0002aaa6	0x0002aa9e
0x0002aaaa	0x0002aaa2
0x0002aaae	0x0002aaa6
0x0002aab2	0x0002aaaa
0x0002aab6	0x0002aaae
0x0002aaba	0x0002aab2
0x0002aabe	0x0002aab6
0x0002aac2	0x0002aaba
0x0002aac4	0x0002aabc
0x0002aac8	0x0002aac0
0x0002aacc	0x0002aac4
0x0002aad0	0x0002aac8
0x0002aad4	0x0002aacc
0x0002aad8	0x0002aad0
0x0002aadc	0x0002aad4
0x0002aae0	0x0002aad8
0x0002aae4	0x0002aadc
0x0002aae8	0x0002aae0
0x0002ab7a	0x0002ab72
0x0002ab7e	0x0002ab76
0x0002ab82	0x0002ab7a
0x0002ab84	0x0002ab7c
0x0002ab88	0x0002ab80
0x0002ab8c	0x0002ab84
0x1fff8000	0x1fff8000
0x1fff8002	0x1fff8002
0x1fff8004	0x1fff8004
0x1fff8006	0x1fff8006
0x1fff800a	0x1fff800a
0x1fff800c	0x1fff800c
0x1fff800e	0x1fff800e
0x1fff8010	0x1fff8010
0x1fff8012	0x1fff8012
0x1fff8014	0x1fff8014
0x1fff8016	0x1fff8016
0x1fff801a	0x1fff801a
0x1fff801c	0x1fff801c
0x1fff8020	0x1fff8020
0x1fff8022	0x1fff8022
0x1fff8026	0x1fff8026
0x1fff8028	0x1fff8028
0x1fff802c	0x1fff802c
0x1fff8030	0x1fff8030
0x1fff8034	0x1fff8034
0x1fff8038	0x1fff8038
0x1fff803a	0x1fff803a
0x1fff803c	0x1fff803c
0x1fff803e	0x1fff803e
0x1fff8040	0x1fff8040
0x1fff8044	0x1fff8044
0x1fff8046	0x1fff8046
0x1fff8048	0x1fff8048
0x1fff804c	0x1fff804c
0x1fff804e	0x1fff804e
0x1fff8050	0x1fff8050
0x1fff8052	0x1fff8052
0x1fff8054	0x1fff8054
0x1fff8056	0x1fff8056
0x1fff8058	0x1fff8058
0x1fff805a	0x1fff805a
0x1fff805c	0x1fff805c
0x1fff8060	0x1fff8060
0x1fff8062	0x1fff8062
0x1fff8064	0x1fff8064
0x1fff8066	0x1fff8066
0x1fff8068	0x1fff8068
0x1fff806a	0x1fff806a
0x1fff806e	0x1fff806e
0x1fff8070	0x1fff8070
0x1fff8072	0x1fff8072
0x1fff8076	0x1fff8076
0x1fff8078	0x1fff8078
0x1fff807a	0x1fff807a
0x1fff807c	0x1fff807c
0x1fff807e	0x1fff807e
0x1fff8080	0x1fff8080
0x1fff8082	0x1fff8082
0x1fff8084	0x1fff8084
0x1fff8088	0x1fff8088
0x1fff808c	0x1fff808c
0x1fff8090	0x1fff8090
0x1fff8094	0x1fff8094
0x1fff8098	0x1fff8098
0x1fff809c	0x1fff809c
0x1fff809e	0x1fff809e
0x1fff80a0	0x1fff80a0
0x1fff80a2	0x1fff80a2
0x1fff80a4	0x1fff80a4
0x1fff80a6	0x1fff80a6
0x1fff80a8	0x1fff80a8
0x1fff80aa	0x1fff80aa
0x1fff80ae	0x1fff80ae
0x1fff80b0	0x1fff80b0
0x1fff80b2	0x1fff80b2
0x1fff80b4	0x1fff80b4
0x1fff80b6	0x1fff80b6
0x1fff80b8	0x1fff80b8
0x1fff80ba	0x1fff80ba
0x1fff80bc	0x1fff80bc
0x1fff80c0	0x1fff80c0
0x1fff80c4	0x1fff80c4
0x1fff80c8	0x1fff80c8
0x1fff80cc	0x1fff80cc
0x1fff80ce	0x1fff80ce
0x1fff80d0	0x1fff80d0
0x1fff80d2	0x1fff80d2
0x1fff80d4	0x1fff80d4
0x1fff80d6	0x1fff80d6
0x1fff80d8	0x1fff80d8
0x1fff80da	0x1fff80da
0x1fff80de	0x1fff80de
0x1fff80e0	0x1fff80e0
0x1fff80e2	0x1fff80e2
0x1fff80e4	0x1fff80e4
0x1fff80e6	0x1fff80e6
0x1fff80e8	0x1fff80e8
0x1fff80ea	0x1fff80ea
0x1fff80ec	0x1fff80ec
0x1fff80f0	0x1fff80f0
0x1fff80f4	0x1fff80f4
0x1fff80f8	0x1fff80f8
0x1fff80fa	0x1fff80fa
0x1fff80fc	0x1fff80fc
0x1fff8100	0x1fff8100
0x1fff8102	0x1fff8102
0x1fff8104	0x1fff8104
0x1fff8106	0x1fff8106
0x1fff8108	0x1fff8108
0x1fff810a	0x1fff810a
0x1fff810c	0x1fff810c
0x1fff810e	0x1fff810e
0x1fff8112	0x1fff8112
0x1fff8114	0x1fff8114
0x1fff8116	0x1fff8116
0x1fff8118	0x1fff8118
0x1fff811a	0x1fff811a
0x1fff811c	0x1fff811c
0x1fff8120	0x1fff8120
0x1fff8122	0x1fff8122
0x1fff8124	0x1fff8124
0x1fff8126	0x1fff8126
0x1fff8128	0x1fff8128
0x1fff812a	0x1fff812a
0x1fff812c	0x1fff812c
0x1fff812e	0x1fff812e
0x1fff8132	0x1fff8132
0x1fff8134	0x1fff8134
0x1fff8136	0x1fff8136
0x1fff813a	0x1fff813a
0x1fff813c	0x1fff813c
0x1fff8140	0x1fff8140
0x1fff8142	0x1fff8142
0x1fff8144	0x1fff8144
0x1fff8146	0x1fff8146
0x1fff8148	0x1fff8148
0x1fff814c	0x1fff814c
0x1fff814e	0x1fff814e
0x1fff8150	0x1fff8150
0x1fff8152	0x1fff8152
0x1fff8154	0x1fff8154
0x1fff8156	0x1fff8156
0x1fff8158	0x1fff8158
0x1fff815a	0x1fff815a
0x1fff815c	0x1fff815c
0x1fff815e	0x1fff815e
0x1fff8160	0x1fff8160
0x1fff8162	0x1fff8162
0x1fff8164	0x1fff8164
0x1fff8166	0x1fff8166
0x1fff8168	0x1fff8168
0x1fff816a	0x1fff816a
0x1fff816c	0x1fff816c
0x1fff816e	0x1fff816e
0x1fff8170	0x1fff8170
0x1fff8172	0x1fff8172
0x1fff8174	0x1fff8174
0x1fff8176	0x1fff8176
0x1fff8178	0x1fff8178
0x1fff817a	0x1fff817a
0x1fff817c	0x1fff817c
0x1fff817e	0x1fff817e
0x1fff8180	0x1fff8180
0x1fff8184	0x1fff8184
0x1fff8188	0x1fff8188
0x1fff818c	0x1fff818c
0x1fff8190	0x1fff8190
0x1fff8192	0x1fff8192
0x1fff8196	0x1fff8196
0x1fff8198	0x1fff8198
0x1fff819c	0x1fff819c
0x1fff81a0	0x1fff81a0
0x1fff81a4	0x1fff81a4
0x1fff81a8	0x1fff81a8
0x1fff81ac	0x1fff81ac
0x1fff81b0	0x1fff81b0
0x1fff81b4	0x1fff81b4
0x1fff81b8	0x1fff81b8
0x1fff81bc	0x1fff81bc
0x1fff81c0	0x1fff81c0
0x1fff81c2	0x1fff81c2
0x1fff81c6	0x1fff81c6
0x1fff81ca	0x1fff81ca
0x1fff81ce	0x1fff81ce
0x1fff81d2	0x1fff81d2
0x1fff81d6	0x1fff81d6
0x1fff81da	0x1fff81da
0x1fff81de	0x1fff81de
0x1fff81e2	0x1fff81e2
0x1fff81e4	0x1fff81e4
0x1fff81e8	0x1fff81e8
0x1fff81ec	0x1fff81ec
0x1fff81f0	0x1fff81f0
0x1fff81f4	0x1fff81f4
0x1fff81f8	0x1fff81f8
0x1fff81fc	0x1fff81fc
0x1fff8200	0x1fff8200
0x1fff8202	0x1fff8202
0x1fff8206	0x1fff8206
0x1fff820a	0x1fff820a
0x1fff820e	0x1fff820e
0x1fff8212	0x1fff8212
0x1fff8216	0x1fff8216
0x1fff821a	0x1fff821a
0x1fff821e	0x1fff821e
0x1fff8222	0x1fff8222
0x1fff8226	0x1fff8226
0x1fff822a	0x1fff822a
0x1fff822e	0x1fff822e
0x1fff8232	0x1fff8232
0x1fff8236	0x1fff8236
0x1fff823a	0x1fff823a
0x1fff823e	0x1fff823e
0x1fff8240	0x1fff8240
0x1fff8242	0x1fff8242
0x1fff8246	0x1fff8246
0x1fff824a	0x1fff824a
0x1fff824e	0x1fff824e
0x1fff8252	0x1fff8252
0x1fff8256	0x1fff8256
0x1fff825a	0x1fff825a
0x1fff825e	0x1fff825e
0x1fff8262	0x1fff8262
0x1fff8266	0x1fff8266
0x1fff8268	0x1fff8268
0x1fff826c	0x1fff826c
0x1fff8270	0x1fff8270
0x1fff8274	0x1fff8274
0x1fff8278	0x1fff8278
0x1fff827c	0x1fff827c
0x1fff8280	0x1fff8280
0x1fff8284	0x1fff8284
0x1fff8288	0x1fff8288
0x1fff828c	0x1fff828c
0x1fff8290	0x1fff8290
0x1fff8294	0x1fff8294
0x1fff8298	0x1fff8298
0x1fff829c	0x1fff829c
0x1fff82a0	0x1fff82a0
0x1fff82a2	0x1fff82a2
0x1fff82a6	0x1fff82a6
0x1fff82a8	0x1fff82a8
0x1fff82aa	0x1fff82aa
0x1fff82ae	0x1fff82ae
0x1fff82b2	0x1fff82b2
0x1fff82b6	0x1fff82b6
0x1fff82ba	0x1fff82ba
0x1fff82be	0x1fff82be
0x1fff82c2	0x1fff82c2
0x1fff82c6	0x1fff82c6
0x1fff82ca	0x1fff82ca
0x1fff82ce	0x1fff82ce
0x1fff82d2	0x1fff82d2
0x1fff82d6	0x1fff82d6
0x1fff82da	0x1fff82da
0x1fff82de	0x1fff82de
0x1fff82e2	0x1fff82e2
0x1fff82e6	0x1fff82e6
0x1fff82ea	0x1fff82ea
0x1fff82ee	0x1fff82ee
0x1fff82f2	0x1fff82f2
0x1fff82f6	0x1fff82f6
0x1fff82fa	0x1fff82fa
0x1fff82fc	0x1fff82fc
0x1fff8300	0x1fff8300
0x1fff8304	0x1fff8304
0x1fff8308	0x1fff8308
0x1fff830c	0x1fff830c
0x1fff8310	0x1fff8310
0x1fff8314	0x1fff8314
0x1fff8318	0x1fff8318
0x1fff831c	0x1fff831c
0x1fff831e	0x1fff831e
0x1fff8322	0x1fff8322
0x1fff8326	0x1fff8326
0x1fff832a	0x1fff832a
0x1fff832e	0x1fff832e
0x1fff8332	0x1fff8332
0x1fff8336	0x1fff8336
0x1fff833a	0x1fff833a
0x1fff833e	0x1fff833e
0x1fff8342	0x1fff8342
0x1fff8346	0x1fff8346
0x1fff834a	0x1fff834a
0x1fff834e	0x1fff834e
0x1fff8350	0x1fff8350
0x1fff8352	0x1fff8352
0x1fff8354	0x1fff8354
0x1fff8358	0x1fff8358
0x1fff835c	0x1fff835c
0x1fff835e	0x1fff835e
0x1fff8362	0x1fff8362
0x1fff8366	0x1fff8366
0x1fff836a	0x1fff836a
0x1fff836e	0x1fff836e
0x1fff8372	0x1fff8372
0x1fff8376	0x1fff8376
0x1fff837a	0x1fff837a
0x1fff837e	0x1fff837e
0x1fff8382	0x1fff8382
0x1fff8386	0x1fff8386
0x1fff838a	0x1fff838a
0x1fff838e	0x1fff838e
0x1fff8392	0x1fff8392
0x1fff8396	0x1fff8396
0x1fff839a	0x1fff839a
0x1fff839e	0x1fff839e
0x1fff83a2	0x1fff83a2
0x1fff83a6	0x1fff83a6
0x1fff83aa	0x1fff83aa
0x1fff83ae	0x1fff83ae
0x1fff83b2	0x1fff83b2
0x1fff83b6	0x1fff83b6
0x1fff83b8	0x1fff83b8
0x1fff83ba	0x1fff83ba
0x1fff83bc	0x1fff83bc
0x1fff83be	0x1fff83be
0x1fff83c0	0x1fff83c0
0x1fff83c2	0x1fff83c2
0x1fff83c4	0x1fff83c4
0x1fff83c6	0x1fff83c6
0x1fff83ca	0x1fff83ca
0x1fff83ce	0x1fff83ce
0x1fff83d2	0x1fff83d2
0x1fff83d6	0x1fff83d6
0x1fff83d8	0x1fff83d8
0x1fff83dc	0x1fff83dc
0x1fff83e0	0x1fff83e0
0x1fff83e4	0x1fff83e4
0x1fff83e8	0x1fff83e8
0x1fff83ec	0x1fff83ec
0x1fff83f0	0x1fff83f0
0x1fff83f4	0x1fff83f4
0x1fff83f6	0x1fff83f6
0x1fff8460	0x1fff8460
0x1fff8464	0x1fff8464
0x1fff8468	0x1fff8468
0x1fff846c	0x1fff846c
0x1fff8470	0x1fff8470
0x1fff8474	0x1fff8474
0x1fff8476	0x1fff8476
0x1fff847a	0x1fff847a
0x1fff847e	0x1fff847e
0x1fff8482	0x1fff8482
0x1fff8484	0x1fff8484
0x1fff8488	0x1fff8488
0x1fff848a	0x1fff848a
0x1fff848e	0x1fff848e
0x1fff8492	0x1fff8492
0x1fff8496	0x1fff8496
0x1fff849a	0x1fff849a
0x1fff849e	0x1fff849e
0x1fff84a0	0x1fff84a0
0x1fff84a4	0x1fff84a4
0x1fff84a8	0x1fff84a8
0x1fff84aa	0x1fff84aa
0x1fff84ae	0x1fff84ae
0x1fff84b2	0x1fff84b2
0x1fff84b6	0x1fff84b6
0x1fff84ba	0x1fff84ba
0x1fff84be	0x1fff84be
0x1fff84c2	0x1fff84c2
0x1fff84c6	0x1fff84c6
0x1fff84ca	0x1fff84ca
0x1fff84ce	0x1fff84ce
0x1fff84d2	0x1fff84d2
0x1fff84d6	0x1fff84d6
0x1fff84da	0x1fff84da
0x1fff84de	0x1fff84de
0x1fff84e2	0x1fff84e2
0x1fff84e6	0x1fff84e6
0x1fff84ea	0x1fff84ea
0x1fff84ee	0x1fff84ee
0x1fff84f0	0x1fff84f0
0x1fff84f2	0x1fff84f2
0x1fff84f4	0x1fff84f4
0x1fff84f6	0x1fff84f6
0x1fff84f8	0x1fff84f8
0x1fff84fa	0x1fff84fa
0x1fff84fc	0x1fff84fc
0x1fff84fe	0x1fff84fe
0x1fff8500	0x1fff8500
0x1fff8504	0x1fff8504
0x1fff8506	0x1fff8506
0x1fff8508	0x1fff8508
0x1fff850c	0x1fff850c
0x1fff8510	0x1fff8510
0x1fff8514	0x1fff8514
0x1fff8518	0x1fff8518
0x1fff851c	0x1fff851c
0x1fff851e	0x1fff851e
0x1fff8522	0x1fff8522
0x1fff8526	0x1fff8526
0x1fff852a	0x1fff852a
0x1fff852e	0x1fff852e
0x1fff8532	0x1fff8532
0x1fff8536	0x1fff8536
0x1fff853a	0x1fff853a
0x1fff853c	0x1fff853c
0x1fff853e	0x1fff853e
0x1fff8540	0x1fff8540
0x1fff8544	0x1fff8544
0x1fff8548	0x1fff8548
0x1fff854a	0x1fff854a
0x1fff854e	0x1fff854e
0x1fff8552	0x1fff8552
0x1fff8556	0x1fff8556
0x1fff855a	0x1fff855a
0x1fff855e	0x1fff855e
0x1fff8562	0x1fff8562
0x1fff8566	0x1fff8566
0x1fff856a	0x1fff856a
0x1fff856e	0x1fff856e
0x1fff8572	0x1fff8572
0x1fff8576	0x1fff8576
0x1fff857a	0x1fff857a
0x1fff857e	0x1fff857e
0x1fff8582	0x1fff8582
0x1fff8586	0x1fff8586
0x1fff858a	0x1fff858a
0x1fff858e	0x1fff858e
0x1fff8592	0x1fff8592
0x1fff8596	0x1fff8596
0x1fff859a	0x1fff859a
0x1fff859c	0x1fff859c
0x1fff85a0	0x1fff85a0
0x1fff85a4	0x1fff85a4
0x1fff85a8	0x1fff85a8
0x1fff85ac	0x1fff85ac
0x1fff85b0	0x1fff85b0
0x1fff85b4	0x1fff85b4
0x1fff85b6	0x1fff85b6
0x1fff85ba	0x1fff85ba
0x1fff85be	0x1fff85be
0x1fff85c2	0x1fff85c2
0x1fff85c6	0x1fff85c6
0x1fff85ca	0x1fff85ca
0x1fff85ce	0x1fff85ce
0x1fff85d0	0x1fff85d0
0x1fff85d4	0x1fff85d4
0x1fff85d6	0x1fff85d6
0x1fff85da	0x1fff85da
0x1fff85de	0x1fff85de
0x1fff85e2	0x1fff85e2
0x1fff85e6	0x1fff85e6
0x1fff85ea	0x1fff85ea
0x1fff85ee	0x1fff85ee
0x1fff85f2	0x1fff85f2
0x1fff85f6	0x1fff85f6
0x1fff85fa	0x1fff85fa
0x1fff85fe	0x1fff85fe
0x1fff8602	0x1fff8602
0x1fff8606	0x1fff8606
0x1fff860a	0x1fff860a
0x1fff860e	0x1fff860e
0x1fff8612	0x1fff8612
0x1fff8616	0x1fff8616
0x1fff8618	0x1fff8618
0x1fff861a	0x1fff861a
0x1fff861e	0x1fff861e
0x1fff8622	0x1fff8622
0x1fff8624	0x1fff8624
0x1fff8628	0x1fff8628
0x1fff862c	0x1fff862c
0x1fff8744	0x1fff8744
0x1fff8746	0x1fff8746
0x1fff874a	0x1fff874a
0x1fff874e	0x1fff874e
0x1fff8752	0x1fff8752
0x1fff8754	0x1fff8754
0x1fff8756	0x1fff8756
0x1fff8758	0x1fff8758
0x1fff875c	0x1fff875c
0x1fff8760	0x1fff8760
0x1fff8764	0x1fff8764
0x1fff8768	0x1fff8768
0x1fff876a	0x1fff876a
0x1fff876e	0x1fff876e
0x1fff8770	0x1fff8770
0x1fff8772	0x1fff8772
0x1fff8776	0x1fff8776
0x1fff877a	0x1fff877a
0x1fff877c	0x1fff877c
0x1fff877e	0x1fff877e
0x1fff8782	0x1fff8782
0x1fff8786	0x1fff8786
0x1fff8788	0x1fff8788
0x1fff878a	0x1fff878a
0x1fff878c	0x1fff878c
0x1fff878e	0x1fff878e
0x1fff8790	0x1fff8790
0x1fff8792	0x1fff8792
0x1fff8796	0x1fff8796
0x1fff8798	0x1fff8798
0x1fff879c	0x1fff879c
0x1fff87a0	0x1fff87a0
0x1fff87a2	0x1fff87a2
0x1fff87a4	0x1fff87a4
0x1fff87a6	0x1fff87a6
0x1fff87a8	0x1fff87a8
0x1fff87ac	0x1fff87ac
0x1fff87b0	0x1fff87b0
0x1fff87b2	0x1fff87b2
0x1fff87b6	0x1fff87b6
0x1fff87b8	0x1fff87b8
0x1fff87bc	0x1fff87bc
0x1fff87c0	0x1fff87c0
0x1fff87c4	0x1fff87c4
0x1fff87c8	0x1fff87c8
0x1fff87cc	0x1fff87cc
0x1fff87d0	0x1fff87d0
0x1fff87d4	0x1fff87d4
0x1fff87d8	0x1fff87d8
0x1fff87dc	0x1fff87dc
0x1fff87de	0x1fff87de
0x1fff87e2	0x1fff87e2
0x1fff87e6	0x1fff87e6
0x1fff87ea	0x1fff87ea
0x1fff87ee	0x1fff87ee
0x1fff87f2	0x1fff87f2
0x1fff87f6	0x1fff87f6
0x1fff87fa	0x1fff87fa
0x1fff87fe	0x1fff87fe
0x1fff8802	0x1fff8802
0x1fff8806	0x1fff8806
0x1fff880a	0x1fff880a
0x1fff880e	0x1fff880e
0x1fff8812	0x1fff8812
0x1fff8816	0x1fff8816
0x1fff881a	0x1fff881a
0x1fff881e	0x1fff881e
0x1fff8822	0x1fff8822
0x1fff8826	0x1fff8826
0x1fff8828	0x1fff8828
0x1fff882c	0x1fff882c
0x1fff8830	0x1fff8830
0x1fff8832	0x1fff8832
0x1fff8834	0x1fff8834
0x1fff8836	0x1fff8836
0x1fff883a	0x1fff883a
0x1fff883c	0x1fff883c
0x1fff883e	0x1fff883e
0x1fff8842	0x1fff8842
0x1fff8844	0x1fff8844
0x1fff8846	0x1fff8846
0x1fff8848	0x1fff8848
0x1fff884a	0x1fff884a
0x1fff884e	0x1fff884e
0x1fff8850	0x1fff8850
0x1fff8852	0x1fff8852
0x1fff8856	0x1fff8856
0x1fff885a	0x1fff885a
0x1fff885e	0x1fff885e
0x1fff8862	0x1fff8862
0x1fff8866	0x1fff8866
0x1fff886a	0x1fff886a
0x1fff886e	0x1fff886e
0x1fff8872	0x1fff8872
0x1fff8876	0x1fff8876
0x1fff887a	0x1fff887a
0x1fff887e	0x1fff887e
0x1fff8882	0x1fff8882
0x1fff8884	0x1fff8884
0x1fff8886	0x1fff8886
0x1fff888a	0x1fff888a
0x1fff888c	0x1fff888c
0x1fff8890	0x1fff8890
0x1fff8892	0x1fff8892
0x1fff8894	0x1fff8894
0x1fff8896	0x1fff8896
0x1fff889a	0x1fff889a
0x1fff889c	0x1fff889c
0x1fff889e	0x1fff889e
0x1fff88a0	0x1fff88a0
0x1fff88a2	0x1fff88a2
0x1fff88a6	0x1fff88a6
0x1fff88a8	0x1fff88a8
0x1fff88ac	0x1fff88ac
0x1fff88ae	0x1fff88ae
0x1fff88b2	0x1fff88b2
0x1fff88b6	0x1fff88b6
0x1fff88b8	0x1fff88b8
0x1fff88bc	0x1fff88bc
0x1fff88c0	0x1fff88c0
0x1fff88c4	0x1fff88c4
0x1fff88c8	0x1fff88c8
0x1fff88cc	0x1fff88cc
0x1fff88d0	0x1fff88d0
0x1fff88d4	0x1fff88d4
0x1fff88d8	0x1fff88d8
0x1fff88dc	0x1fff88dc
0x1fff88e0	0x1fff88e0
0x1fff88e4	0x1fff88e4
0x1fff88e8	0x1fff88e8
0x1fff88ec	0x1fff88ec
0x1fff88ee	0x1fff88ee
0x1fff88f2	0x1fff88f2
0x1fff88f6	0x1fff88f6
0x1fff88fa	0x1fff88fa
0x1fff88fc	0x1fff88fc
0x1fff8900	0x1fff8900
0x1fff8904	0x1fff8904
0x1fff8906	0x1fff8906
0x1fff890a	0x1fff890a
0x1fff890c	0x1fff890c
0x1fff8910	0x1fff8910
0x1fff8912	0x1fff8912
0x1fff8916	0x1fff8916
0x1fff8918	0x1fff8918
0x1fff891a	0x1fff891a
0x1fff891e	0x1fff891e
0x1fff8920	0x1fff8920
0x1fff8924	0x1fff8924
0x1fff8928	0x1fff8928
0x1fff892c	0x1fff892c
0x1fff892e	0x1fff892e
0x1fff8930	0x1fff8930
0x1fff8932	0x1fff8932
0x1fff8936	0x1fff8936
0x1fff893a	0x1fff893a
0x1fff893c	0x1fff893c
0x1fff893e	0x1fff893e
0x1fff8942	0x1fff8942
0x1fff8946	0x1fff8946
0x1fff8948	0x1fff8948
0x1fff894c	0x1fff894c
0x1fff894e	0x1fff894e
0x1fff8950	0x1fff8950
0x1fff8954	0x1fff8954
0x1fff8958	0x1fff8958
0x1fff895c	0x1fff895c
0x1fff8960	0x1fff8960
0x1fff8964	0x1fff8964
0x1fff8966	0x1fff8966
0x1fff8968	0x1fff8968
0x1fff896c	0x1fff896c
0x1fff896e	0x1fff896e
0x1fff8970	0x1fff8970
0x1fff8974	0x1fff8974
0x1fff8976	0x1fff8976
0x1fff8978	0x1fff8978
0x1fff897a	0x1fff897a
0x1fff897c	0x1fff897c
0x1fff897e	0x1fff897e
0x1fff8982	0x1fff8982
0x1fff8986	0x1fff8986
0x1fff8988	0x1fff8988
0x1fff898c	0x1fff898c
0x1fff898e	0x1fff898e
0x1fff8990	0x1fff8990
0x1fff8994	0x1fff8994
0x1fff8996	0x1fff8996
0x1fff899a	0x1fff899a
0x1fff899e	0x1fff899e
0x1fff89a2	0x1fff89a2
0x1fff89a4	0x1fff89a4
0x1fff89a6	0x1fff89a6
0x1fff89aa	0x1fff89aa
0x1fff89ac	0x1fff89ac
0x1fff89ae	0x1fff89ae
0x1fff89b2	0x1fff89b2
0x1fff89b4	0x1fff89b4
0x1fff89b8	0x1fff89b8
0x1fff89bc	0x1fff89bc
0x1fff89c0	0x1fff89c0
0x1fff89c4	0x1fff89c4
0x1fff89c8	0x1fff89c8
0x1fff89cc	0x1fff89cc
0x1fff89d0	0x1fff89d0
0x1fff89d4	0x1fff89d4
0x1fff89d6	0x1fff89d6
0x1fff89d8	0x1fff89d8
0x1fff89dc	0x1fff89dc
0x1fff89e0	0x1fff89e0
0x1fff89e4	0x1fff89e4
0x1fff89e8	0x1fff89e8
0x1fff89ec	0x1fff89ec
0x1fff89f0	0x1fff89f0
0x1fff89f4	0x1fff89f4
0x1fff89f8	0x1fff89f8
0x1fff89fc	0x1fff89fc
0x1fff89fe	0x1fff89fe
0x1fff8a02	0x1fff8a02
0x1fff8a06	0x1fff8a06
0x1fff8a0a	0x1fff8a0a
0x1fff8a0e	0x1fff8a0e
0x1fff8a12	0x1fff8a12
0x1fff8a16	0x1fff8a16
0x1fff8a1a	0x1fff8a1a
0x1fff8a1e	0x1fff8a1e
0x1fff8a22	0x1fff8a22
0x1fff8a24	0x1fff8a24
0x1fff8a26	0x1fff8a26
0x1fff8a28	0x1fff8a28
0x1fff8a2a	0x1fff8a2a
0x1fff8a2e	0x1fff8a2e
0x1fff8a30	0x1fff8a30
0x1fff8a32	0x1fff8a32
0x1fff8a36	0x1fff8a36
0x1fff8a38	0x1fff8a38
0x1fff8a3a	0x1fff8a3a
0x1fff8a3e	0x1fff8a3e
0x1fff8a40	0x1fff8a40
0x1fff8a44	0x1fff8a44
0x1fff8a48	0x1fff8a48
0x1fff8a4a	0x1fff8a4a
0x1fff8a4c	0x1fff8a4c
0x1fff8a4e	0x1fff8a4e
0x1fff8a50	0x1fff8a50
0x1fff8a52	0x1fff8a52
0x1fff8a56	0x1fff8a56
0x1fff8a58	0x1fff8a58
0x1fff8a5c	0x1fff8a5c
0x1fff8a60	0x1fff8a60
0x1fff8a64	0x1fff8a64
0x1fff8a66	0x1fff8a66
0x1fff8a68	0x1fff8a68
0x1fff8a6a	0x1fff8a6a
0x1fff8a6c	0x1fff8a6c
0x1fff8a6e	0x1fff8a6e
0x1fff8a70	0x1fff8a70
0x1fff8a72	0x1fff8a72
0x1fff8a74	0x1fff8a74
0x1fff8a76	0x1fff8a76
0x1fff8a78	0x1fff8a78
0x1fff8a7c	0x1fff8a7c
0x1fff8a7e	0x1fff8a7e
0x1fff8a82	0x1fff8a82
0x1fff8a86	0x1fff8a86
0x1fff8a8a	0x1fff8a8a
0x1fff8a8c	0x1fff8a8c
0x1fff8a90	0x1fff8a90
0x1fff8a94	0x1fff8a94
0x1fff8a98	0x1fff8a98
0x1fff8a9c	0x1fff8a9c
0x1fff8aa0	0x1fff8aa0
0x1fff8aa4	0x1fff8aa4
0x1fff8aa6	0x1fff8aa6
0x1fff8aaa	0x1fff8aaa
0x1fff8aae	0x1fff8aae
0x1fff8ab0	0x1fff8ab0
0x1fff8ab2	0x1fff8ab2
0x1fff8ab6	0x1fff8ab6
0x1fff8aba	0x1fff8aba
0x1fff8abc	0x1fff8abc
0x1fff8ac0	0x1fff8ac0
0x1fff8ac2	0x1fff8ac2
0x1fff8ac6	0x1fff8ac6
0x1fff8aca	0x1fff8aca
0x1fff8ace	0x1fff8ace
0x1fff8ad2	0x1fff8ad2
0x1fff8ad4	0x1fff8ad4
0x1fff8ad6	0x1fff8ad6
0x1fff8ada	0x1fff8ada
0x1fff8ade	0x1fff8ade
0x1fff8ae2	0x1fff8ae2
0x1fff8ae6	0x1fff8ae6
0x1fff8ae8	0x1fff8ae8
0x1fff8aea	0x1fff8aea
0x1fff8aee	0x1fff8aee
0x1fff8af2	0x1fff8af2
0x1fff8af6	0x1fff8af6
0x1fff8af8	0x1fff8af8
0x1fff8afc	0x1fff8afc
0x1fff8afe	0x1fff8afe
0x1fff8b02	0x1fff8b02
0x1fff8b06	0x1fff8b06
0x1fff8b0a	0x1fff8b0a
0x1fff8b0e	0x1fff8b0e
0x1fff8b12	0x1fff8b12
0x1fff8b16	0x1fff8b16
0x1fff8b1a	0x1fff8b1a
0x1fff8b1e	0x1fff8b1e
0x1fff8b22	0x1fff8b22
0x1fff8b26	0x1fff8b26
0x1fff8b2a	0x1fff8b2a
0x1fff8b2e	0x1fff8b2e
0x1fff8b32	0x1fff8b32
0x1fff8b36	0x1fff8b36
0x1fff8b38	0x1fff8b38
0x1fff8b3a	0x1fff8b3a
0x1fff8b3c	0x1fff8b3c
0x1fff8b3e	0x1fff8b3e
0x1fff8bac	0x1fff8bac
0x1fff8bae	0x1fff8bae
0x1fff8bb0	0x1fff8bb0
0x1fff8bb4	0x1fff8bb4
0x1fff8bb8	0x1fff8bb8
0x1fff8bbc	0x1fff8bbc
0x1fff8bc0	0x1fff8bc0
0x1fff8bc2	0x1fff8bc2
0x1fff8bc4	0x1fff8bc4
0x1fff8bc8	0x1fff8bc8
0x1fff8bcc	0x1fff8bcc
0x1fff8bd0	0x1fff8bd0
0x1fff8bd4	0x1fff8bd4
0x1fff8bd6	0x1fff8bd6
0x1fff8bd8	0x1fff8bd8
0x1fff8bda	0x1fff8bda
0x1fff8bde	0x1fff8bde
0x1fff8be2	0x1fff8be2
0x1fff8be4	0x1fff8be4
0x1fff8be8	0x1fff8be8
0x1fff8bec	0x1fff8bec
0x1fff8bf0	0x1fff8bf0
0x1fff8bf4	0x1fff8bf4
0x1fff8bf8	0x1fff8bf8
0x1fff8bfc	0x1fff8bfc
0x1fff8bfe	0x1fff8bfe
0x1fff8c00	0x1fff8c00
0x1fff8c02	0x1fff8c02
0x1fff8c06	0x1fff8c06
0x1fff8c08	0x1fff8c08
0x1fff8c0c	0x1fff8c0c
0x1fff8c10	0x1fff8c10
0x1fff8c14	0x1fff8c14
0x1fff8c16	0x1fff8c16
0x1fff8c1a	0x1fff8c1a
0x1fff8c1c	0x1fff8c1c
0x1fff8c20	0x1fff8c20
0x1fff8c22	0x1fff8c22
0x1fff8c26	0x1fff8c26
0x1fff8c2a	0x1fff8c2a
0x1fff8c2c	0x1fff8c2c
0x1fff8c30	0x1fff8c30
0x1fff8c34	0x1fff8c34
0x1fff8c38	0x1fff8c38
0x1fff8c3a	0x1fff8c3a
0x1fff8c3e	0x1fff8c3e
0x1fff8c42	0x1fff8c42
0x1fff8c44	0x1fff8c44
0x1fff8c48	0x1fff8c48
0x1fff8c4c	0x1fff8c4c
0x1fff8c50	0x1fff8c50
0x1fff8c52	0x1fff8c52
0x1fff8c56	0x1fff8c56
0x1fff8c5a	0x1fff8c5a
0x1fff8c5e	0x1fff8c5e
0x1fff8c60	0x1fff8c60
0x1fff8c64	0x1fff8c64
0x1fff8c66	0x1fff8c66
0x1fff8c68	0x1fff8c68
0x1fff8c6a	0x1fff8c6a
0x1fff8c6c	0x1fff8c6c
0x1fff8c6e	0x1fff8c6e
0x1fff8c70	0x1fff8c70
0x1fff8c72	0x1fff8c72
0x1fff8c74	0x1fff8c74
0x1fff8c76	0x1fff8c76
0x1fff8c7a	0x1fff8c7a
0x1fff8c7c	0x1fff8c7c
0x1fff8c7e	0x1fff8c7e
0x1fff8c82	0x1fff8c82
0x1fff8c84	0x1fff8c84
0x1fff8c88	0x1fff8c88
0x1fff8c8c	0x1fff8c8c
0x1fff8c8e	0x1fff8c8e
0x1fff8c92	0x1fff8c92
0x1fff8c96	0x1fff8c96
0x1fff8c9a	0x1fff8c9a
0x1fff8c9c	0x1fff8c9c
0x1fff8ca0	0x1fff8ca0
0x1fff8ca4	0x1fff8ca4
0x1fff8ca6	0x1fff8ca6
0x1fff8ca8	0x1fff8ca8
0x1fff8caa	0x1fff8caa
0x1fff8cae	0x1fff8cae
0x1fff8cb0	0x1fff8cb0
0x1fff8cb2	0x1fff8cb2
0x1fff8cb6	0x1fff8cb6
0x1fff8cba	0x1fff8cba
0x1fff8cbe	0x1fff8cbe
0x1fff8cc2	0x1fff8cc2
0x1fff8cc6	0x1fff8cc6
0x1fff8cc8	0x1fff8cc8
0x1fff8ccc	0x1fff8ccc
0x1fff8cd0	0x1fff8cd0
0x1fff8cd4	0x1fff8cd4
0x1fff8cd6	0x1fff8cd6
0x1fff8cda	0x1fff8cda
0x1fff8cde	0x1fff8cde
0x1fff8ce0	0x1fff8ce0
0x1fff8ce4	0x1fff8ce4
0x1fff8ce8	0x1fff8ce8
0x1fff8cea	0x1fff8cea
0x1fff8cee	0x1fff8cee
0x1fff8cf0	0x1fff8cf0
0x1fff8cf2	0x1fff8cf2
0x1fff8cf4	0x1fff8cf4
0x1fff8cf6	0x1fff8cf6
0x1fff8cf8	0x1fff8cf8
0x1fff8cfc	0x1fff8cfc
0x1fff8d00	0x1fff8d00
0x1fff8d04	0x1fff8d04
0x1fff8d06	0x1fff8d06
0x1fff8d0a	0x1fff8d0a
0x1fff8d0e	0x1fff8d0e
0x1fff8d12	0x1fff8d12
0x1fff8d14	0x1fff8d14
0x1fff8d16	0x1fff8d16
0x1fff8d18	0x1fff8d18
0x1fff8d1a	0x1fff8d1a
0x1fff8d1c	0x1fff8d1c
0x1fff8d1e	0x1fff8d1e
0x1fff8d20	0x1fff8d20
0x1fff8d24	0x1fff8d24
0x1fff8d28	0x1fff8d28
0x1fff8d2c	0x1fff8d2c
0x1fff8d30	0x1fff8d30
0x1fff8d34	0x1fff8d34
0x1fff8d36	0x1fff8d36
0x1fff8d38	0x1fff8d38
0x1fff8d3a	0x1fff8d3a
0x1fff8d3e	0x1fff8d3e
0x1fff8d40	0x1fff8d40
0x1fff8d44	0x1fff8d44
0x1fff8d48	0x1fff8d48
0x1fff8d4c	0x1fff8d4c
0x1fff8d4e	0x1fff8d4e
0x1fff8d50	0x1fff8d50
0x1fff8d52	0x1fff8d52
0x1fff8d56	0x1fff8d56
0x1fff8d58	0x1fff8d58
0x1fff8d5c	0x1fff8d5c
0x1fff8d5e	0x1fff8d5e
0x1fff8d60	0x1fff8d60
0x1fff8d62	0x1fff8d62
0x1fff8d64	0x1fff8d64
0x1fff8d68	0x1fff8d68
0x1fff8d6a	0x1fff8d6a
0x1fff8d6e	0x1fff8d6e
0x1fff8d70	0x1fff8d70
0x1fff8d72	0x1fff8d72
0x1fff8d74	0x1fff8d74
0x1fff8d76	0x1fff8d76
0x1fff8d7a	0x1fff8d7a
0x1fff8d7e	0x1fff8d7e
0x1fff8d82	0x1fff8d82
0x1fff8d86	0x1fff8d86
0x1fff8d88	0x1fff8d88
0x1fff8d8c	0x1fff8d8c
0x1fff8d90	0x1fff8d90
0x1fff8d92	0x1fff8d92
0x1fff8d96	0x1fff8d96
0x1fff8d9a	0x1fff8d9a
0x1fff8d9c	0x1fff8d9c
0x1fff8da0	0x1fff8da0
0x1fff8da4	0x1fff8da4
0x1fff8da6	0x1fff8da6
0x1fff8daa	0x1fff8daa
0x1fff8dae	0x1fff8dae
0x1fff8db0	0x1fff8db0
0x1fff8db2	0x1fff8db2
0x1fff8db4	0x1fff8db4
0x1fff8db6	0x1fff8db6
0x1fff8dba	0x1fff8dba
0x1fff8dc4	0x1fff8dc4
0x1fff8dc8	0x1fff8dc8
0x1fff8dca	0x1fff8dca
0x1fff8dce	0x1fff8dce
0x1fff8dd2	0x1fff8dd2
0x1fff8dd6	0x1fff8dd6
0x1fff8dd8	0x1fff8dd8
0x1fff8ddc	0x1fff8ddc
0x1fff8dde	0x1fff8dde
0x1fff8de2	0x1fff8de2
0x1fff8de6	0x1fff8de6
0x1fff8dea	0x1fff8dea
0x1fff8dee	0x1fff8dee
0x1fff8df0	0x1fff8df0
0x1fff8df4	0x1fff8df4
0x1fff8df8	0x1fff8df8
0x1fff8dfc	0x1fff8dfc
0x1fff8e00	0x1fff8e00
0x1fff8e04	0x1fff8e04
0x1fff8e08	0x1fff8e08
0x1fff8e0a	0x1fff8e0a
0x1fff8e0e	0x1fff8e0e
0x1fff8e12	0x1fff8e12
0x1fff8e16	0x1fff8e16
0x1fff8e1a	0x1fff8e1a
0x1fff8e1e	0x1fff8e1e
0x1fff8e22	0x1fff8e22
0x1fff8e26	0x1fff8e26
0x1fff8e28	0x1fff8e28
0x1fff8e2c	0x1fff8e2c
0x1fff8e2e	0x1fff8e2e
0x1fff8e30	0x1fff8e30
0x1fff8e32	0x1fff8e32
0x1fff8e36	0x1fff8e36
0x1fff8e38	0x1fff8e38
0x1fff8e3a	0x1fff8e3a
0x1fff8e3c	0x1fff8e3c
0x1fff8e40	0x1fff8e40
0x1fff8e42	0x1fff8e42
0x1fff8e46	0x1fff8e46
0x1fff8e48	0x1fff8e48
0x1fff8e4a	0x1fff8e4a
0x1fff8e4e	0x1fff8e4e
0x1fff8e52	0x1fff8e52
0x1fff8e56	0x1fff8e56
0x1fff8e58	0x1fff8e58
0x1fff8e5c	0x1fff8e5c
0x1fff8e60	0x1fff8e60
0x1fff8e64	0x1fff8e64
0x1fff8e66	0x1fff8e66
0x1fff8e6a	0x1fff8e6a
0x1fff8e6c	0x1fff8e6c
0x1fff8e6e	0x1fff8e6e
0x1fff8e72	0x1fff8e72
0x1fff8e74	0x1fff8e74
0x1fff8e78	0x1fff8e78
0x1fff8e7a	0x1fff8e7a
0x1fff8e7e	0x1fff8e7e
0x1fff8e82	0x1fff8e82
0x1fff8e86	0x1fff8e86
0x1fff8e8a	0x1fff8e8a
0x1fff8e8c	0x1fff8e8c
0x1fff8e90	0x1fff8e90
0x1fff8e94	0x1fff8e94
0x1fff8e98	0x1fff8e98
0x1fff8e9c	0x1fff8e9c
0x1fff8ea0	0x1fff8ea0
0x1fff8ea2	0x1fff8ea2
0x1fff8ea6	0x1fff8ea6
0x1fff8eaa	0x1fff8eaa
0x1fff8eae	0x1fff8eae
0x1fff8eb0	0x1fff8eb0
0x1fff8eb2	0x1fff8eb2
0x1fff8eb6	0x1fff8eb6
0x1fff8eb8	0x1fff8eb8
0x1fff8ebc	0x1fff8ebc
0x1fff8ec0	0x1fff8ec0
0x1fff8ec4	0x1fff8ec4
0x1fff8ec6	0x1fff8ec6
0x1fff8eca	0x1fff8eca
0x1fff8ece	0x1fff8ece
0x1fff8ed2	0x1fff8ed2
0x1fff8ed4	0x1fff8ed4
0x1fff8ed6	0x1fff8ed6
0x1fff8eda	0x1fff8eda
0x1fff8edc	0x1fff8edc
0x1fff8ede	0x1fff8ede
0x1fff8ee0	0x1fff8ee0
0x1fff8ee4	0x1fff8ee4
0x1fff8ee8	0x1fff8ee8
0x1fff8eec	0x1fff8eec
0x1fff8eee	0x1fff8eee
0x1fff8ef0	0x1fff8ef0
0x1fff8ef4	0x1fff8ef4
0x1fff8ef6	0x1fff8ef6
0x1fff8efa	0x1fff8efa
0x1fff8efe	0x1fff8efe
0x1fff8f02	0x1fff8f02
0x1fff8f04	0x1fff8f04
0x1fff8f08	0x1fff8f08
0x1fff8f0c	0x1fff8f0c
0x1fff8f10	0x1fff8f10
0x1fff8f12	0x1fff8f12
0x1fff8f14	0x1fff8f14
0x1fff8f18	0x1fff8f18
0x1fff8f1a	0x1fff8f1a
0x1fff8f1c	0x1fff8f1c
0x1fff8f1e	0x1fff8f1e
0x1fff8f22	0x1fff8f22
0x1fff8f26	0x1fff8f26
0x1fff8f2a	0x1fff8f2a
0x1fff8f2c	0x1fff8f2c
0x1fff8f2e	0x1fff8f2e
0x1fff8f32	0x1fff8f32
0x1fff8f34	0x1fff8f34
0x1fff8f38	0x1fff8f38
0x1fff8f3c	0x1fff8f3c
0x1fff8f40	0x1fff8f40
0x1fff8f42	0x1fff8f42
0x1fff8f46	0x1fff8f46
0x1fff8f4a	0x1fff8f4a
0x1fff8f4e	0x1fff8f4e
0x1fff8f50	0x1fff8f50
0x1fff8f52	0x1fff8f52
0x1fff8f56	0x1fff8f56
0x1fff8f58	0x1fff8f58
0x1fff8f5a	0x1fff8f5a
0x1fff8f5c	0x1fff8f5c
0x1fff8f60	0x1fff8f60
0x1fff8f64	0x1fff8f64
0x1fff8f68	0x1fff8f68
0x1fff8f6a	0x1fff8f6a
0x1fff8f6c	0x1fff8f6c
0x1fff8f6e	0x1fff8f6e
0x1fff8f70	0x1fff8f70
0x1fff8f72	0x1fff8f72
0x1fff8f74	0x1fff8f74
0x1fff8f76	0x1fff8f76
0x1fff8f7a	0x1fff8f7a
0x1fff8f7c	0x1fff8f7c
0x1fff8f7e	0x1fff8f7e
0x1fff8f80	0x1fff8f80
0x1fff8f84	0x1fff8f84
0x1fff8f86	0x1fff8f86
0x1fff8fa0	0x1fff8fa0
0x1fff8fa2	0x1fff8fa2
0x1fff8fa4	0x1fff8fa4
0x1fff8fa8	0x1fff8fa8
0x1fff8faa	0x1fff8faa
0x1fff8fae	0x1fff8fae
0x1fff8fb2	0x1fff8fb2
0x1fff8fb6	0x1fff8fb6
0x1fff8fba	0x1fff8fba
0x1fff8fbe	0x1fff8fbe
0x1fff8fc2	0x1fff8fc2
0x1fff8fc4	0x1fff8fc4
0x1fff8fc8	0x1fff8fc8
0x1fff8fcc	0x1fff8fcc
0x1fff8fd0	0x1fff8fd0
0x1fff8fd4	0x1fff8fd4
0x1fff8fd8	0x1fff8fd8
0x1fff8fdc	0x1fff8fdc
0x1fff8fe0	0x1fff8fe0
0x1fff8fe4	0x1fff8fe4
0x1fff8fe8	0x1fff8fe8
0x1fff8fea	0x1fff8fea
0x1fff8fec	0x1fff8fec
0x1fff8fee	0x1fff8fee
0x1fff8ff0	0x1fff8ff0
0x1fff8ff2	0x1fff8ff2
0x1fff8ff4	0x1fff8ff4
0x1fff8ff6	0x1fff8ff6
0x1fff8ffa	0x1fff8ffa
0x1fff8ffc	0x1fff8ffc
0x1fff8ffe	0x1fff8ffe
0x1fff9000	0x1fff9000
0x1fff9004	0x1fff9004
0x1fff9006	0x1fff9006
0x1fff9008	0x1fff9008
0x1fff900a	0x1fff900a
0x1fff900e	0x1fff900e
0x1fff9010	0x1fff9010
0x1fff9012	0x1fff9012
0x1fff9014	0x1fff9014
0x1fff9018	0x1fff9018
0x1fff901a	0x1fff901a
0x1fff901e	0x1fff901e
0x1fff9022	0x1fff9022
0x1fff9024	0x1fff9024
0x1fff9028	0x1fff9028
0x1fff902c	0x1fff902c
0x1fff902e	0x1fff902e
0x1fff9032	0x1fff9032
0x1fff9036	0x1fff9036
0x1fff903a	0x1fff903a
0x1fff903e	0x1fff903e
0x1fff9042	0x1fff9042
0x1fff9046	0x1fff9046
0x1fff904a	0x1fff904a
0x1fff904e	0x1fff904e
0x1fff9050	0x1fff9050
0x1fff9052	0x1fff9052
0x1fff9054	0x1fff9054
0x1fff90aa	0x1fff90aa
0x1fff90ae	0x1fff90ae
0x1fff90b0	0x1fff90b0
0x1fff90b4	0x1fff90b4
0x1fff90b6	0x1fff90b6
0x1fff90ba	0x1fff90ba
0x1fff90bc	0x1fff90bc
0x1fff90c0	0x1fff90c0
0x1fff90c2	0x1fff90c2
0x1fff90c6	0x1fff90c6
0x1fff90c8	0x1fff90c8
0x1fff90cc	0x1fff90cc
0x1fff90ce	0x1fff90ce
0x1fff90d2	0x1fff90d2
0x1fff90d4	0x1fff90d4
0x1fff90d8	0x1fff90d8
0x1fff90da	0x1fff90da
0x1fff90dc	0x1fff90dc
0x1fff90de	0x1fff90de
0x1fff90e2	0x1fff90e2
0x1fff90e4	0x1fff90e4
0x1fff90e8	0x1fff90e8
0x1fff90ea	0x1fff90ea
0x1fff90ee	0x1fff90ee
0x1fff90f0	0x1fff90f0
0x1fff90f4	0x1fff90f4
0x1fff90f6	0x1fff90f6
0x1fff90fa	0x1fff90fa
0x1fff90fc	0x1fff90fc
0x1fff9100	0x1fff9100
0x1fff9102	0x1fff9102
0x1fff9106	0x1fff9106
0x1fff9108	0x1fff9108
0x1fff910c	0x1fff910c
0x1fff910e	0x1fff910e
0x1fff9112	0x1fff9112
0x1fff9114	0x1fff9114
0x1fff9118	0x1fff9118
0x1fff911a	0x1fff911a
0x1fff911e	0x1fff911e
0x1fff9120	0x1fff9120
0x1fff9124	0x1fff9124
0x1fff9126	0x1fff9126
0x1fff912a	0x1fff912a
0x1fff912c	0x1fff912c
0x1fff9130	0x1fff9130
0x1fff9132	0x1fff9132
0x1fff9136	0x1fff9136
0x1fff9138	0x1fff9138
0x1fff913c	0x1fff913c
0x1fff913e	0x1fff913e
0x1fff9142	0x1fff9142
0x1fff9144	0x1fff9144
0x1fff9148	0x1fff9148
0x1fff914a	0x1fff914a
0x1fff914e	0x1fff914e
0x1fff9150	0x1fff9150
0x1fff9154	0x1fff9154
0x1fff9156	0x1fff9156
0x1fff915a	0x1fff915a
0x1fff915c	0x1fff915c
0x1fff9160	0x1fff9160
0x1fff9162	0x1fff9162
0x1fff9166	0x1fff9166
0x1fff9168	0x1fff9168
0x1fff916c	0x1fff916c
0x1fff916e	0x1fff916e
0x1fff9172	0x1fff9172
0x1fff9174	0x1fff9174
0x1fff9178	0x1fff9178
0x1fff917a	0x1fff917a
0x1fff917e	0x1fff917e
0x1fff9180	0x1fff9180
0x1fff9184	0x1fff9184
0x1fff9186	0x1fff9186
0x1fff9188	0x1fff9188
0x1fff918a	0x1fff918a
0x1fff918c	0x1fff918c
0x1fff9190	0x1fff9190
0x1fff9192	0x1fff9192
0x1fff9194	0x1fff9194
0x1fff9198	0x1fff9198
0x1fff919a	0x1fff919a
0x1fff919c	0x1fff919c
0x1fff91a0	0x1fff91a0
0x1fff91a2	0x1fff91a2
0x1fff91a4	0x1fff91a4
0x1fff91a8	0x1fff91a8
0x1fff91aa	0x1fff91aa
0x1fff91ae	0x1fff91ae
0x1fff91b0	0x1fff91b0
0x1fff91b2	0x1fff91b2
0x1fff91b6	0x1fff91b6
0x1fff91b8	0x1fff91b8
0x1fff91bc	0x1fff91bc
0x1fff91be	0x1fff91be
0x1fff91c2	0x1fff91c2
0x1fff91c6	0x1fff91c6
0x1fff91ca	0x1fff91ca
0x1fff91cc	0x1fff91cc
0x1fff91ce	0x1fff91ce
0x1fff91d2	0x1fff91d2
0x1fff91d4	0x1fff91d4
0x1fff91d6	0x1fff91d6
0x1fff91da	0x1fff91da
0x1fff91dc	0x1fff91dc
0x1fff91e0	0x1fff91e0
0x1fff91e4	0x1fff91e4
0x1fff91e8	0x1fff91e8
0x1fff91ea	0x1fff91ea
0x1fff91ec	0x1fff91ec
0x1fff91ee	0x1fff91ee
0x1fff91f0	0x1fff91f0
0x1fff91f2	0x1fff91f2
0x1fff91f4	0x1fff91f4
0x1fff91f8	0x1fff91f8
0x1fff91fc	0x1fff91fc
0x1fff91fe	0x1fff91fe
0x1fff9202	0x1fff9202
0x1fff9204	0x1fff9204
0x1fff9208	0x1fff9208
0x1fff920a	0x1fff920a
0x1fff920e	0x1fff920e
0x1fff9210	0x1fff9210
0x1fff9212	0x1fff9212
0x1fff9214	0x1fff9214
0x1fff9218	0x1fff9218
0x1fff921a	0x1fff921a
0x1fff921e	0x1fff921e
0x1fff9222	0x1fff9222
0x1fff9224	0x1fff9224
0x1fff9228	0x1fff9228
0x1fff9250	0x1fff9250
0x1fff9252	0x1fff9252
0x1fff9254	0x1fff9254
0x1fff9256	0x1fff9256
0x1fff9258	0x1fff9258
0x1fff925c	0x1fff925c
0x1fff9260	0x1fff9260
0x1fff9264	0x1fff9264
0x1fff9268	0x1fff9268
0x1fff926c	0x1fff926c
0x1fff9270	0x1fff9270
0x1fff9272	0x1fff9272
0x1fff9276	0x1fff9276
0x1fff927a	0x1fff927a
0x1fff927e	0x1fff927e
0x1fff9282	0x1fff9282
0x1fff9286	0x1fff9286
0x1fff928a	0x1fff928a
0x1fff928e	0x1fff928e
0x1fff9292	0x1fff9292
0x1fff9296	0x1fff9296
0x1fff929a	0x1fff929a
0x1fff929e	0x1fff929e
0x1fff92a2	0x1fff92a2
0x1fff92a6	0x1fff92a6
0x1fff92aa	0x1fff92aa
0x1fff92ae	0x1fff92ae
0x1fff92b2	0x1fff92b2
0x1fff92b6	0x1fff92b6
0x1fff92ba	0x1fff92ba
0x1fff92be	0x1fff92be
0x1fff92c2	0x1fff92c2
0x1fff92c6	0x1fff92c6
0x1fff92ca	0x1fff92ca
0x1fff92ce	0x1fff92ce
0x1fff92d0	0x1fff92d0
0x1fff92d4	0x1fff92d4
0x1fff92d8	0x1fff92d8
0x1fff92dc	0x1fff92dc
0x1fff92de	0x1fff92de
0x1fff92e0	0x1fff92e0
0x1fff92e4	0x1fff92e4
0x1fff92e8	0x1fff92e8
0x1fff92ec	0x1fff92ec
0x1fff92f0	0x1fff92f0
0x1fff92f4	0x1fff92f4
0x1fff92f8	0x1fff92f8
0x1fff92fa	0x1fff92fa
0x1fff92fe	0x1fff92fe
0x1fff9302	0x1fff9302
0x1fff9304	0x1fff9304
0x1fff9308	0x1fff9308
0x1fff930a	0x1fff930a
0x1fff930e	0x1fff930e
0x1fff9310	0x1fff9310
0x1fff9314	0x1fff9314
0x1fff9318	0x1fff9318
0x1fff931c	0x1fff931c
0x1fff931e	0x1fff931e
0x1fff9322	0x1fff9322
0x1fff9326	0x1fff9326
0x1fff9328	0x1fff9328
0x1fff932c	0x1fff932c
0x1fff9330	0x1fff9330
0x1fff9334	0x1fff9334
0x1fff9336	0x1fff9336
0x1fff933a	0x1fff933a
0x1fff933e	0x1fff933e
0x1fff9340	0x1fff9340
0x1fff9344	0x1fff9344
0x1fff9348	0x1fff9348
0x1fff934c	0x1fff934c
0x1fff934e	0x1fff934e
0x1fff9352	0x1fff9352
0x1fff9356	0x1fff9356
0x1fff9358	0x1fff9358
0x1fff935c	0x1fff935c
0x1fff9360	0x1fff9360
0x1fff9362	0x1fff9362
0x1fff9366	0x1fff9366
0x1fff9368	0x1fff9368
0x1fff936c	0x1fff936c
0x1fff9370	0x1fff9370
0x1fff9372	0x1fff9372
0x1fff9374	0x1fff9374
0x1fff9376	0x1fff9376
0x1fff937a	0x1fff937a
0x1fff937c	0x1fff937c
0x1fff9380	0x1fff9380
0x1fff9382	0x1fff9382
0x1fff9384	0x1fff9384
0x1fff9388	0x1fff9388
0x1fff938a	0x1fff938a
0x1fff938e	0x1fff938e
0x1fff9390	0x1fff9390
0x1fff9392	0x1fff9392
0x1fff9396	0x1fff9396
0x1fff939a	0x1fff939a
0x1fff939e	0x1fff939e
0x1fff93a2	0x1fff93a2
0x1fff93a6	0x1fff93a6
0x1fff93aa	0x1fff93aa
0x1fff93ae	0x1fff93ae
0x1fff93b0	0x1fff93b0
0x1fff93b4	0x1fff93b4
0x1fff93b8	0x1fff93b8
0x1fff93bc	0x1fff93bc
0x1fff93be	0x1fff93be
0x1fff93c2	0x1fff93c2
0x1fff93c6	0x1fff93c6
0x1fff93ec	0x1fff93ec
0x1fff93ee	0x1fff93ee
0x1fff93f0	0x1fff93f0
0x1fff93f2	0x1fff93f2
0x1fff93f4	0x1fff93f4
0x1fff93f6	0x1fff93f6
0x1fff93f8	0x1fff93f8
0x1fff93fa	0x1fff93fa
0x1fff93fc	0x1fff93fc
0x1fff93fe	0x1fff93fe
0x1fff9400	0x1fff9400
0x1fff9402	0x1fff9402
0x1fff9408	0x1fff9408
0x1fff940a	0x1fff940a
0x1fff940e	0x1fff940e
0x1fff9412	0x1fff9412
0x1fff9416	0x1fff9416
0x1fff9418	0x1fff9418
0x1fff941c	0x1fff941c
0x1fff9420	0x1fff9420
0x1fff9422	0x1fff9422
0x1fff9426	0x1fff9426
0x1fff942a	0x1fff942a
0x1fff942e	0x1fff942e
0x1fff9430	0x1fff9430
0x1fff9434	0x1fff9434
0x1fff9438	0x1fff9438
0x1fff943a	0x1fff943a
0x1fff943e	0x1fff943e
0x1fff9440	0x1fff9440
0x1fff9444	0x1fff9444
0x1fff9446	0x1fff9446
0x1fff9448	0x1fff9448
0x1fff944c	0x1fff944c
0x1fff944e	0x1fff944e
0x1fff9450	0x1fff9450
0x1fff9454	0x1fff9454
0x1fff9458	0x1fff9458
0x1fff945c	0x1fff945c
0x1fff945e	0x1fff945e
0x1fff9462	0x1fff9462
0x1fff9466	0x1fff9466
0x1fff946a	0x1fff946a
0x1fff946c	0x1fff946c
0x1fff9470	0x1fff9470
0x1fff9472	0x1fff9472
0x1fff9476	0x1fff9476
0x1fff9478	0x1fff9478
0x1fff947c	0x1fff947c
0x1fff947e	0x1fff947e
0x1fff9482	0x1fff9482
0x1fff9486	0x1fff9486
0x1fff948a	0x1fff948a
0x1fff948c	0x1fff948c
0x1fff9490	0x1fff9490
0x1fff9492	0x1fff9492
0x1fff9496	0x1fff9496
0x1fff9498	0x1fff9498
0x1fff949c	0x1fff949c
0x1fff949e	0x1fff949e
0x1fff94a2	0x1fff94a2
0x1fff94a6	0x1fff94a6
0x1fff94aa	0x1fff94aa
0x1fff94ac	0x1fff94ac
0x1fff94b0	0x1fff94b0
0x1fff94b2	0x1fff94b2
0x1fff94b6	0x1fff94b6
0x1fff94b8	0x1fff94b8
0x1fff94ba	0x1fff94ba
0x1fff94be	0x1fff94be
0x1fff94c2	0x1fff94c2
0x1fff94c6	0x1fff94c6
0x1fff94c8	0x1fff94c8
0x1fff94cc	0x1fff94cc
0x1fff94ce	0x1fff94ce
0x1fff94d2	0x1fff94d2
0x1fff94d4	0x1fff94d4
0x1fff94d6	0x1fff94d6
0x1fff94da	0x1fff94da
0x1fff94de	0x1fff94de
0x1fff94e2	0x1fff94e2
0x1fff94e6	0x1fff94e6
0x1fff94e8	0x1fff94e8
0x1fff94ec	0x1fff94ec
0x1fff94f0	0x1fff94f0
0x1fff94f2	0x1fff94f2
0x1fff94f6	0x1fff94f6
0x1fff94f8	0x1fff94f8
0x1fff94fc	0x1fff94fc
0x1fff94fe	0x1fff94fe
0x1fff9502	0x1fff9502
0x1fff9506	0x1fff9506
0x1fff950a	0x1fff950a
0x1fff950c	0x1fff950c
0x1fff9510	0x1fff9510
0x1fff9514	0x1fff9514
0x1fff9516	0x1fff9516
0x1fff951a	0x1fff951a
0x1fff951e	0x1fff951e
0x1fff9522	0x1fff9522
0x1fff9526	0x1fff9526
0x1fff9528	0x1fff9528
0x1fff952c	0x1fff952c
0x1fff9530	0x1fff9530
0x1fff9534	0x1fff9534
0x1fff9538	0x1fff9538
0x1fff953c	0x1fff953c
0x1fff9540	0x1fff9540
0x1fff9544	0x1fff9544
0x1fff9548	0x1fff9548
0x1fff954c	0x1fff954c
0x1fff9550	0x1fff9550
0x1fff9554	0x1fff9554
0x1fff9558	0x1fff9558
0x1fff955c	0x1fff955c
0x1fff9560	0x1fff9560
0x1fff9564	0x1fff9564
0x1fff9566	0x1fff9566
0x1fff956a	0x1fff956a
0x1fff956c	0x1fff956c
0x1fff9570	0x1fff9570
0x1fff9574	0x1fff9574
0x1fff9576	0x1fff9576
0x1fff9578	0x1fff9578
0x1fff957c	0x1fff957c
0x1fff9580	0x1fff9580
0x1fff9582	0x1fff9582
0x1fff9586	0x1fff9586
0x1fff958a	0x1fff958a
0x1fff958e	0x1fff958e
0x1fff9590	0x1fff9590
0x1fff9594	0x1fff9594
0x1fff9596	0x1fff9596
0x1fff9598	0x1fff9598
0x1fff959a	0x1fff959a
0x1fff959e	0x1fff959e
0x1fff95a2	0x1fff95a2
0x1fff95a6	0x1fff95a6
0x1fff95aa	0x1fff95aa
0x1fff95ae	0x1fff95ae
0x1fff95b2	0x1fff95b2
0x1fff95b6	0x1fff95b6
0x1fff95ba	0x1fff95ba
0x1fff95be	0x1fff95be
0x1fff95c0	0x1fff95c0
0x1fff95c4	0x1fff95c4
0x1fff95c6	0x1fff95c6
0x1fff95c8	0x1fff95c8
0x1fff95ca	0x1fff95ca
0x1fff95ce	0x1fff95ce
0x1fff95d2	0x1fff95d2
0x1fff95d6	0x1fff95d6
0x1fff95da	0x1fff95da
0x1fff95dc	0x1fff95dc
0x1fff95de	0x1fff95de
0x1fff95e2	0x1fff95e2
0x1fff95e4	0x1fff95e4
0x1fff95e8	0x1fff95e8
0x1fff95ea	0x1fff95ea
0x1fff95ec	0x1fff95ec
0x1fff95f0	0x1fff95f0
0x1fff95f2	0x1fff95f2
0x1fff95f4	0x1fff95f4
0x1fff95f8	0x1fff95f8
0x1fff95fc	0x1fff95fc
0x1fff9600	0x1fff9600
0x1fff9602	0x1fff9602
0x1fff9606	0x1fff9606
0x1fff960a	0x1fff960a
0x1fff960e	0x1fff960e
0x1fff9610	0x1fff9610
0x1fff9614	0x1fff9614
0x1fff9616	0x1fff9616
0x1fff9618	0x1fff9618
0x1fff961a	0x1fff961a
0x1fff961e	0x1fff961e
0x1fff9620	0x1fff9620
0x1fff9624	0x1fff9624
0x1fff9626	0x1fff9626
0x1fff962a	0x1fff962a
0x1fff962c	0x1fff962c
0x1fff9630	0x1fff9630
0x1fff9632	0x1fff9632
0x1fff9636	0x1fff9636
0x1fff963a	0x1fff963a
0x1fff963c	0x1fff963c
0x1fff963e	0x1fff963e
0x1fff9640	0x1fff9640
0x1fff9642	0x1fff9642
0x1fff9644	0x1fff9644
0x1fff9646	0x1fff9646
0x1fff9648	0x1fff9648
0x1fff964a	0x1fff964a
0x1fff964c	0x1fff964c
0x1fff9650	0x1fff9650
0x1fff9654	0x1fff9654
0x1fff9656	0x1fff9656
0x1fff965a	0x1fff965a
0x1fff965c	0x1fff965c
0x1fff965e	0x1fff965e
0x1fff9660	0x1fff9660
0x1fff9662	0x1fff9662
0x1fff9664	0x1fff9664
0x1fff9666	0x1fff9666
0x1fff9668	0x1fff9668
0x1fff966c	0x1fff966c
0x1fff9670	0x1fff9670
0x1fff9672	0x1fff9672
0x1fff9676	0x1fff9676
0x1fff9678	0x1fff9678
0x1fff967c	0x1fff967c
0x1fff967e	0x1fff967e
0x1fff9682	0x1fff9682
0x1fff9684	0x1fff9684
0x1fff9686	0x1fff9686
0x1fff968a	0x1fff968a
0x1fff968c	0x1fff968c
0x1fff968e	0x1fff968e
0x1fff9690	0x1fff9690
0x1fff9692	0x1fff9692
0x1fff9694	0x1fff9694
0x1fff9698	0x1fff9698
0x1fff969c	0x1fff969c
0x1fff969e	0x1fff969e
0x1fff96a0	0x1fff96a0
0x1fff96a4	0x1fff96a4
0x1fff96a6	0x1fff96a6
0x1fff96a8	0x1fff96a8
0x1fff96aa	0x1fff96aa
0x1fff96ae	0x1fff96ae
0x1fff96b0	0x1fff96b0
0x1fff96b4	0x1fff96b4
0x1fff96b6	0x1fff96b6
0x1fff96ba	0x1fff96ba
0x1fff96bc	0x1fff96bc
0x1fff96c0	0x1fff96c0
0x1fff96c2	0x1fff96c2
0x1fff96c4	0x1fff96c4
0x1fff96c6	0x1fff96c6
0x1fff96ca	0x1fff96ca
0x1fff96cc	0x1fff96cc
0x1fff96ce	0x1fff96ce
0x1fff96d0	0x1fff96d0
0x1fff96d2	0x1fff96d2
0x1fff96d4	0x1fff96d4
0x1fff96d8	0x1fff96d8
0x1fff96dc	0x1fff96dc
0x1fff96e0	0x1fff96e0
0x1fff96e2	0x1fff96e2
0x1fff96e4	0x1fff96e4
0x1fff96e6	0x1fff96e6
0x1fff96e8	0x1fff96e8
0x1fff96ea	0x1fff96ea
0x1fff96ec	0x1fff96ec
0x1fff96f0	0x1fff96f0
0x1fff96f2	0x1fff96f2
0x1fff96f6	0x1fff96f6
0x1fff96f8	0x1fff96f8
0x1fff96fc	0x1fff96fc
0x1fff96fe	0x1fff96fe
0x1fff9702	0x1fff9702
0x1fff9704	0x1fff9704
0x1fff9708	0x1fff9708
0x1fff970c	0x1fff970c
0x1fff970e	0x1fff970e
0x1fff9710	0x1fff9710
0x1fff9714	0x1fff9714
0x1fff9716	0x1fff9716
0x1fff971a	0x1fff971a
0x1fff971e	0x1fff971e
0x1fff9720	0x1fff9720
0x1fff9722	0x1fff9722
0x1fff9726	0x1fff9726
0x1fff972a	0x1fff972a
0x1fff972c	0x1fff972c
0x1fff9730	0x1fff9730
0x1fff9732	0x1fff9732
0x1fff9734	0x1fff9734
0x1fff9736	0x1fff9736
0x1fff9738	0x1fff9738
0x1fff973a	0x1fff973a
0x1fff973e	0x1fff973e
0x1fff9742	0x1fff9742
0x1fff9744	0x1fff9744
0x1fff9748	0x1fff9748
0x1fff974a	0x1fff974a
0x1fff974c	0x1fff974c
0x1fff974e	0x1fff974e
0x1fff9750	0x1fff9750
0x1fff9754	0x1fff9754
0x1fff9756	0x1fff9756
0x1fff9758	0x1fff9758
0x1fff975a	0x1fff975a
0x1fff975c	0x1fff975c
0x1fff975e	0x1fff975e
0x1fff9760	0x1fff9760
0x1fff9762	0x1fff9762
0x1fff9764	0x1fff9764
0x1fff9766	0x1fff9766
0x1fff9768	0x1fff9768
0x1fff976a	0x1fff976a
0x1fff976c	0x1fff976c
0x1fff976e	0x1fff976e
0x1fff9770	0x1fff9770
0x1fff9772	0x1fff9772
0x1fff9774	0x1fff9774
0x1fff9776	0x1fff9776
0x1fff9778	0x1fff9778
0x1fff977a	0x1fff977a
0x1fff977c	0x1fff977c
0x1fff977e	0x1fff977e
0x1fff9782	0x1fff9782
0x1fff9786	0x1fff9786
0x1fff9788	0x1fff9788
0x1fff978c	0x1fff978c
0x1fff978e	0x1fff978e
0x1fff9792	0x1fff9792
0x1fff9796	0x1fff9796
0x1fff9798	0x1fff9798
0x1fff979a	0x1fff979a
0x1fff979c	0x1fff979c
0x1fff97a0	0x1fff97a0
0x1fff97a2	0x1fff97a2
0x1fff97a4	0x1fff97a4
0x1fff97a8	0x1fff97a8
0x1fff97aa	0x1fff97aa
0x1fff97ac	0x1fff97ac
0x1fff97b0	0x1fff97b0
0x1fff97b4	0x1fff97b4
0x1fff97b6	0x1fff97b6
0x1fff97b8	0x1fff97b8
0x1fff97ba	0x1fff97ba
0x1fff97bc	0x1fff97bc
0x1fff97c0	0x1fff97c0
0x1fff97c2	0x1fff97c2
0x1fff97c4	0x1fff97c4
0x1fff97c6	0x1fff97c6
0x1fff97c8	0x1fff97c8
0x1fff97ca	0x1fff97ca
0x1fff97cc	0x1fff97cc
0x1fff97ce	0x1fff97ce
0x1fff97d2	0x1fff97d2
0x1fff97d6	0x1fff97d6
0x1fff97d8	0x1fff97d8
0x1fff97dc	0x1fff97dc
0x1fff97e0	0x1fff97e0
0x1fff97e2	0x1fff97e2
0x1fff97e6	0x1fff97e6
0x1fff97e8	0x1fff97e8
0x1fff97ea	0x1fff97ea
0x1fff97ee	0x1fff97ee
0x1fff97f0	0x1fff97f0
0x1fff97f2	0x1fff97f2
0x1fff97f4	0x1fff97f4
0x1fff97f8	0x1fff97f8
0x1fff97fc	0x1fff97fc
0x1fff9800	0x1fff9800
0x1fff9802	0x1fff9802
0x1fff9806	0x1fff9806
0x1fff980a	0x1fff980a
0x1fff980e	0x1fff980e
0x1fff9810	0x1fff9810
0x1fff9814	0x1fff9814
0x1fff9818	0x1fff9818
0x1fff981c	0x1fff981c
0x1fff9820	0x1fff9820
0x1fff9822	0x1fff9822
0x1fff9826	0x1fff9826
0x1fff982a	0x1fff982a
0x1fff987c	0x1fff987c
0x1fff987e	0x1fff987e
0x1fff9882	0x1fff9882
0x1fff9886	0x1fff9886
0x1fff988a	0x1fff988a
0x1fff988c	0x1fff988c
0x1fff9890	0x1fff9890
0x1fff9894	0x1fff9894
0x1fff9898	0x1fff9898
0x1fff989c	0x1fff989c
0x1fff98a0	0x1fff98a0
0x1fff98a4	0x1fff98a4
0x1fff98a8	0x1fff98a8
0x1fff98ac	0x1fff98ac
0x1fff98b0	0x1fff98b0
0x1fff98b4	0x1fff98b4
0x1fff98b6	0x1fff98b6
0x1fff98b8	0x1fff98b8
0x1fff98bc	0x1fff98bc
0x1fff98c0	0x1fff98c0
0x1fff98c2	0x1fff98c2
0x1fff98c6	0x1fff98c6
0x1fff98c8	0x1fff98c8
0x1fff98cc	0x1fff98cc
0x1fff98d0	0x1fff98d0
0x1fff98d2	0x1fff98d2
0x1fff98d6	0x1fff98d6
0x1fff98da	0x1fff98da
0x1fff98de	0x1fff98de
0x1fff98e2	0x1fff98e2
0x1fff98e6	0x1fff98e6
0x1fff98ea	0x1fff98ea
0x1fff98ee	0x1fff98ee
0x1fff98f2	0x1fff98f2
0x1fff98f6	0x1fff98f6
0x1fff98f8	0x1fff98f8
0x1fff98fa	0x1fff98fa
0x1fff98fc	0x1fff98fc
0x1fff98fe	0x1fff98fe
0x1fff9900	0x1fff9900
0x1fff9904	0x1fff9904
0x1fff9906	0x1fff9906
0x1fff9908	0x1fff9908
0x1fff990a	0x1fff990a
0x1fff990c	0x1fff990c
0x1fff990e	0x1fff990e
0x1fff9910	0x1fff9910
0x1fff9914	0x1fff9914
0x1fff9918	0x1fff9918
0x1fff991c	0x1fff991c
0x1fff9920	0x1fff9920
0x1fff9924	0x1fff9924
0x1fff9928	0x1fff9928
0x1fff992c	0x1fff992c
0x1fff9930	0x1fff9930
0x1fff9950	0x1fff9950
0x1fff9954	0x1fff9954
0x1fff9958	0x1fff9958
0x1fff995c	0x1fff995c
0x1fff995e	0x1fff995e
0x1fff9962	0x1fff9962
0x1fff9966	0x1fff9966
0x1fff996a	0x1fff996a
0x1fff996e	0x1fff996e
0x1fff9970	0x1fff9970
0x1fff9972	0x1fff9972
0x1fff9974	0x1fff9974
0x1fff9976	0x1fff9976
0x1fff997a	0x1fff997a
0x1fff997e	0x1fff997e
0x1fff9982	0x1fff9982
0x1fff9986	0x1fff9986
0x1fff998a	0x1fff998a
0x1fff998e	0x1fff998e
0x1fff9992	0x1fff9992
0x1fff9994	0x1fff9994
0x1fff9996	0x1fff9996
0x1fff9998	0x1fff9998
0x1fff999a	0x1fff999a
0x1fff999c	0x1fff999c
0x1fff999e	0x1fff999e
0x1fff99a0	0x1fff99a0
0x1fff99a2	0x1fff99a2
0x1fff99a6	0x1fff99a6
0x1fff99aa	0x1fff99aa
0x1fff99ae	0x1fff99ae
0x1fff99b2	0x1fff99b2
0x1fff99b4	0x1fff99b4
0x1fff99b8	0x1fff99b8
0x1fff99bc	0x1fff99bc
0x1fff99be	0x1fff99be
0x1fff99c0	0x1fff99c0
0x1fff99c4	0x1fff99c4
0x1fff99c8	0x1fff99c8
0x1fff99cc	0x1fff99cc
0x1fff99ce	0x1fff99ce
0x1fff99d0	0x1fff99d0
0x1fff99d2	0x1fff99d2
0x1fff99d4	0x1fff99d4
0x1fff99d6	0x1fff99d6
0x1fff99da	0x1fff99da
0x1fff99de	0x1fff99de
0x1fff99e0	0x1fff99e0
0x1fff99e4	0x1fff99e4
0x1fff99e6	0x1fff99e6
0x1fff99e8	0x1fff99e8
0x1fff99ea	0x1fff99ea
0x1fff99ec	0x1fff99ec
0x1fff99ee	0x1fff99ee
0x1fff99f0	0x1fff99f0
0x1fff99f2	0x1fff99f2
0x1fff99f4	0x1fff99f4
0x1fff99f6	0x1fff99f6
0x1fff99f8	0x1fff99f8
0x1fff99fa	0x1fff99fa
0x1fff99fe	0x1fff99fe
0x1fff9a02	0x1fff9a02
0x1fff9a06	0x1fff9a06
0x1fff9a08	0x1fff9a08
0x1fff9a0a	0x1fff9a0a
0x1fff9a0c	0x1fff9a0c
0x1fff9a0e	0x1fff9a0e
0x1fff9a10	0x1fff9a10
0x1fff9a14	0x1fff9a14
0x1fff9a18	0x1fff9a18
0x1fff9a1c	0x1fff9a1c
0x1fff9a20	0x1fff9a20
0x1fff9a24	0x1fff9a24
0x1fff9a28	0x1fff9a28
0x1fff9a2c	0x1fff9a2c
0x1fff9a30	0x1fff9a30
0x1fff9a34	0x1fff9a34
0x1fff9a38	0x1fff9a38
0x1fff9a3a	0x1fff9a3a
0x1fff9a3e	0x1fff9a3e
0x1fff9a42	0x1fff9a42
0x1fff9a44	0x1fff9a44
0x1fff9a48	0x1fff9a48
0x1fff9a4c	0x1fff9a4c
0x1fff9a50	0x1fff9a50
0x1fff9a54	0x1fff9a54
0x1fff9a56	0x1fff9a56
0x1fff9a58	0x1fff9a58
0x1fff9a5a	0x1fff9a5a
0x1fff9a5c	0x1fff9a5c
0x1fff9a5e	0x1fff9a5e
0x1fff9a60	0x1fff9a60
0x1fff9a62	0x1fff9a62
0x1fff9a66	0x1fff9a66
0x1fff9a68	0x1fff9a68
0x1fff9a6c	0x1fff9a6c
0x1fff9a6e	0x1fff9a6e
0x1fff9a72	0x1fff9a72
0x1fff9a74	0x1fff9a74
0x1fff9a78	0x1fff9a78
0x1fff9a7c	0x1fff9a7c
0x1fff9a80	0x1fff9a80
0x1fff9a82	0x1fff9a82
0x1fff9a84	0x1fff9a84
0x1fff9a86	0x1fff9a86
0x1fff9a88	0x1fff9a88
0x1fff9a8a	0x1fff9a8a
0x1fff9a8c	0x1fff9a8c
0x1fff9a90	0x1fff9a90
0x1fff9a92	0x1fff9a92
0x1fff9a94	0x1fff9a94
0x1fff9a96	0x1fff9a96
0x1fff9a98	0x1fff9a98
0x1fff9a9a	0x1fff9a9a
0x1fff9a9c	0x1fff9a9c
0x1fff9a9e	0x1fff9a9e
0x1fff9aa0	0x1fff9aa0
0x1fff9aa2	0x1fff9aa2
0x1fff9aa4	0x1fff9aa4
0x1fff9aa6	0x1fff9aa6
0x1fff9aa8	0x1fff9aa8
0x1fff9aac	0x1fff9aac
0x1fff9aae	0x1fff9aae
0x1fff9ab0	0x1fff9ab0
0x1fff9ab2	0x1fff9ab2
0x1fff9ab4	0x1fff9ab4
0x1fff9ab8	0x1fff9ab8
0x1fff9aba	0x1fff9aba
0x1fff9abe	0x1fff9abe
0x1fff9acc	0x1fff9acc
0x1fff9ace	0x1fff9ace
0x1fff9ad0	0x1fff9ad0
0x1fff9ad4	0x1fff9ad4
0x1fff9ad6	0x1fff9ad6
0x1fff9ada	0x1fff9ada
0x1fff9ade	0x1fff9ade
0x1fff9ae0	0x1fff9ae0
0x1fff9ae2	0x1fff9ae2
0x1fff9ae4	0x1fff9ae4
0x1fff9ae8	0x1fff9ae8
0x1fff9aea	0x1fff9aea
0x1fff9aee	0x1fff9aee
0x1fff9af0	0x1fff9af0
0x1fff9af2	0x1fff9af2
0x1fff9af6	0x1fff9af6
0x1fff9afa	0x1fff9afa
0x1fff9afc	0x1fff9afc
0x1fff9afe	0x1fff9afe
0x1fff9b02	0x1fff9b02
0x1fff9b06	0x1fff9b06
0x1fff9b08	0x1fff9b08
0x1fff9b0a	0x1fff9b0a
0x1fff9b0c	0x1fff9b0c
0x1fff9b0e	0x1fff9b0e
0x1fff9b10	0x1fff9b10
0x1fff9b12	0x1fff9b12
0x1fff9b16	0x1fff9b16
0x1fff9b18	0x1fff9b18
0x1fff9b1c	0x1fff9b1c
0x1fff9b1e	0x1fff9b1e
0x1fff9b20	0x1fff9b20
0x1fff9b22	0x1fff9b22
0x1fff9b24	0x1fff9b24
0x1fff9b26	0x1fff9b26
0x1fff9b28	0x1fff9b28
0x1fff9b2a	0x1fff9b2a
0x1fff9b2c	0x1fff9b2c
0x1fff9b2e	0x1fff9b2e
0x1fff9b30	0x1fff9b30
0x1fff9b32	0x1fff9b32
0x1fff9b34	0x1fff9b34
0x1fff9b36	0x1fff9b36
0x1fff9b38	0x1fff9b38
0x1fff9b3a	0x1fff9b3a
0x1fff9b3c	0x1fff9b3c
0x1fff9b3e	0x1fff9b3e
0x1fff9b40	0x1fff9b40
0x1fff9b42	0x1fff9b42
0x1fff9b44	0x1fff9b44
0x1fff9b46	0x1fff9b46
0x1fff9b48	0x1fff9b48
0x1fff9b4a	0x1fff9b4a
0x1fff9b4c	0x1fff9b4c
0x1fff9b4e	0x1fff9b4e
0x1fff9b50	0x1fff9b50
0x1fff9b52	0x1fff9b52
0x1fff9b54	0x1fff9b54
0x1fff9b56	0x1fff9b56
0x1fff9b58	0x1fff9b58
0x1fff9b5a	0x1fff9b5a
0x1fff9b5e	0x1fff9b5e
0x1fff9b60	0x1fff9b60
0x1fff9b62	0x1fff9b62
0x1fff9b64	0x1fff9b64
0x1fff9b68	0x1fff9b68
0x1fff9b6c	0x1fff9b6c
0x1fff9b70	0x1fff9b70
0x1fff9b74	0x1fff9b74
0x1fff9b76	0x1fff9b76
0x1fff9b7a	0x1fff9b7a
0x1fff9b7e	0x1fff9b7e
0x1fff9b80	0x1fff9b80
0x1fff9b82	0x1fff9b82
0x1fff9b84	0x1fff9b84
0x1fff9b86	0x1fff9b86
0x1fff9b88	0x1fff9b88
0x1fff9b8a	0x1fff9b8a
0x1fff9b8c	0x1fff9b8c
0x1fff9b90	0x1fff9b90
0x1fff9b92	0x1fff9b92
0x1fff9b94	0x1fff9b94
0x1fff9b96	0x1fff9b96
0x1fff9b98	0x1fff9b98
0x1fff9b9a	0x1fff9b9a
0x1fff9b9e	0x1fff9b9e
0x1fff9ba0	0x1fff9ba0
0x1fff9ba2	0x1fff9ba2
0x1fff9ba4	0x1fff9ba4
0x1fff9ba8	0x1fff9ba8
0x1fff9baa	0x1fff9baa
0x1fff9bae	0x1fff9bae
0x1fff9bb0	0x1fff9bb0
0x1fff9bb2	0x1fff9bb2
0x1fff9bb4	0x1fff9bb4
0x1fff9bb6	0x1fff9bb6
0x1fff9bb8	0x1fff9bb8
0x1fff9bba	0x1fff9bba
0x1fff9bbc	0x1fff9bbc
0x1fff9bbe	0x1fff9bbe
0x1fff9bc0	0x1fff9bc0
0x1fff9bc2	0x1fff9bc2
0x1fff9bc4	0x1fff9bc4
0x1fff9bc6	0x1fff9bc6
0x1fff9bc8	0x1fff9bc8
0x1fff9bca	0x1fff9bca
0x1fff9bcc	0x1fff9bcc
0x1fff9bce	0x1fff9bce
0x1fff9bd0	0x1fff9bd0
0x1fff9bd2	0x1fff9bd2
0x1fff9bd4	0x1fff9bd4
0x1fff9bd6	0x1fff9bd6
0x1fff9bd8	0x1fff9bd8
0x1fff9bda	0x1fff9bda
0x1fff9bdc	0x1fff9bdc
0x1fff9bde	0x1fff9bde
0x1fff9be0	0x1fff9be0
0x1fff9be2	0x1fff9be2
0x1fff9be4	0x1fff9be4
0x1fff9be6	0x1fff9be6
0x1fff9be8	0x1fff9be8
0x1fff9bea	0x1fff9bea
0x1fff9bec	0x1fff9bec
0x1fff9bf0	0x1fff9bf0
0x1fff9bf2	0x1fff9bf2
0x1fff9bf4	0x1fff9bf4
0x1fff9bf6	0x1fff9bf6
0x1fff9bfa	0x1fff9bfa
0x1fff9bfe	0x1fff9bfe
0x1fff9c02	0x1fff9c02
0x1fff9c06	0x1fff9c06
0x1fff9c08	0x1fff9c08
0x1fff9c0c	0x1fff9c0c
0x1fff9c10	0x1fff9c10
0x1fff9c12	0x1fff9c12
0x1fff9c14	0x1fff9c14
0x1fff9c16	0x1fff9c16
0x1fff9c18	0x1fff9c18
0x1fff9c1a	0x1fff9c1a
0x1fff9c1c	0x1fff9c1c
0x1fff9c1e	0x1fff9c1e
0x1fff9c22	0x1fff9c22
0x1fff9c24	0x1fff9c24
0x1fff9c26	0x1fff9c26
0x1fff9c28	0x1fff9c28
0x1fff9c2a	0x1fff9c2a
0x1fff9c2c	0x1fff9c2c
0x1fff9c30	0x1fff9c30
0x1fff9c40	0x1fff9c40
0x1fff9c42	0x1fff9c42
0x1fff9c46	0x1fff9c46
0x1fff9c4a	0x1fff9c4a
0x1fff9c4e	0x1fff9c4e
0x1fff9c52	0x1fff9c52
0x1fff9c56	0x1fff9c56
0x1fff9c5a	0x1fff9c5a
0x1fff9c5e	0x1fff9c5e
0x1fff9c60	0x1fff9c60
0x1fff9c62	0x1fff9c62
0x1fff9c64	0x1fff9c64
0x1fff9c66	0x1fff9c66
0x1fff9c6a	0x1fff9c6a
0x1fff9c6e	0x1fff9c6e
0x1fff9c72	0x1fff9c72
0x1fff9c76	0x1fff9c76
0x1fff9c78	0x1fff9c78
0x1fff9c7a	0x1fff9c7a
0x1fff9c7e	0x1fff9c7e
0x1fff9c82	0x1fff9c82
0x1fff9c86	0x1fff9c86
0x1fff9c8a	0x1fff9c8a
0x1fff9c8c	0x1fff9c8c
0x1fff9c90	0x1fff9c90
0x1fff9c94	0x1fff9c94
0x1fff9c98	0x1fff9c98
0x1fff9c9a	0x1fff9c9a
0x1fff9c9c	0x1fff9c9c
0x1fff9ca8	0x1fff9ca8
0x1fff9cac	0x1fff9cac
0x1fff9cb0	0x1fff9cb0
0x1fff9cb2	0x1fff9cb2
0x1fff9cb6	0x1fff9cb6
0x1fff9cba	0x1fff9cba
0x1fff9cbe	0x1fff9cbe
0x1fff9cc2	0x1fff9cc2
0x1fff9cc6	0x1fff9cc6
0x1fff9cca	0x1fff9cca
0x1fff9cce	0x1fff9cce
0x1fff9cd2	0x1fff9cd2
0x1fff9cd6	0x1fff9cd6
0x1fff9cda	0x1fff9cda
0x1fff9cde	0x1fff9cde
0x1fff9ce2	0x1fff9ce2
0x1fff9ce6	0x1fff9ce6
0x1fff9ce8	0x1fff9ce8
0x1fff9cea	0x1fff9cea
0x1fff9cee	0x1fff9cee
0x1fff9cf2	0x1fff9cf2
0x1fff9cf6	0x1fff9cf6
0x1fff9cfa	0x1fff9cfa
0x1fff9cfe	0x1fff9cfe
0x1fff9d02	0x1fff9d02
0x1fff9d06	0x1fff9d06
0x1fff9d08	0x1fff9d08
0x1fff9d0c	0x1fff9d0c
0x1fff9d10	0x1fff9d10
0x1fff9d14	0x1fff9d14
0x1fff9d18	0x1fff9d18
0x1fff9d1c	0x1fff9d1c
0x1fff9d20	0x1fff9d20
0x1fff9d24	0x1fff9d24
0x1fff9d26	0x1fff9d26
0x1fff9d28	0x1fff9d28
0x1fff9d2c	0x1fff9d2c
0x1fff9d30	0x1fff9d30
0x1fff9d34	0x1fff9d34
0x1fff9d38	0x1fff9d38
0x1fff9d3c	0x1fff9d3c
0x1fff9d3e	0x1fff9d3e
0x1fff9d42	0x1fff9d42
0x1fff9d46	0x1fff9d46
0x1fff9d4a	0x1fff9d4a
0x1fff9dc8	0x1fff9dc8
0x1fff9dcc	0x1fff9dcc
0x1fff9dce	0x1fff9dce
0x1fff9dd0	0x1fff9dd0
0x1fff9dd4	0x1fff9dd4
0x1fff9dd8	0x1fff9dd8
0x1fff9ddc	0x1fff9ddc
0x1fff9dde	0x1fff9dde
0x1fff9de2	0x1fff9de2
0x1fff9de6	0x1fff9de6
0x1fff9dea	0x1fff9dea
0x1fff9dee	0x1fff9dee
0x1fff9df2	0x1fff9df2
0x1fff9df6	0x1fff9df6
0x1fff9dfa	0x1fff9dfa
0x1fff9dfe	0x1fff9dfe
0x1fff9e02	0x1fff9e02
0x1fff9e06	0x1fff9e06
0x1fff9e0a	0x1fff9e0a
0x1fff9e0e	0x1fff9e0e
0x1fff9e12	0x1fff9e12
0x1fff9e14	0x1fff9e14
0x1fff9e18	0x1fff9e18
0x1fff9e1c	0x1fff9e1c
0x1fff9e20	0x1fff9e20
0x1fff9e24	0x1fff9e24
0x1fff9e28	0x1fff9e28
0x1fff9e2c	0x1fff9e2c
0x1fff9e2e	0x1fff9e2e
0x1fff9e32	0x1fff9e32
0x1fff9e36	0x1fff9e36
0x1fff9e3a	0x1fff9e3a
0x1fff9e3e	0x1fff9e3e
0x1fff9e42	0x1fff9e42
0x1fff9e44	0x1fff9e44
0x1fff9e48	0x1fff9e48
0x1fff9e4c	0x1fff9e4c
0x1fff9e50	0x1fff9e50
0x1fff9e54	0x1fff9e54
0x1fff9e58	0x1fff9e58
0x1fff9e5c	0x1fff9e5c
0x1fff9e60	0x1fff9e60
0x1fff9e64	0x1fff9e64
0x1fff9e68	0x1fff9e68
0x1fff9e6c	0x1fff9e6c
0x1fff9e70	0x1fff9e70
0x1fff9e74	0x1fff9e74
0x1fff9e78	0x1fff9e78
0x1fff9e7c	0x1fff9e7c
0x1fff9e80	0x1fff9e80
0x1fff9e84	0x1fff9e84
0x1fff9e86	0x1fff9e86
0x1fff9e8a	0x1fff9e8a
0x1fff9e8e	0x1fff9e8e
0x1fff9e92	0x1fff9e92
0x1fff9e94	0x1fff9e94
0x1fff9e98	0x1fff9e98
0x1fff9e9c	0x1fff9e9c
0x1fff9ea0	0x1fff9ea0
0x1fff9ea4	0x1fff9ea4
0x1fff9ea6	0x1fff9ea6
0x1fff9ea8	0x1fff9ea8
0x1fff9eaa	0x1fff9eaa
0x1fff9eac	0x1fff9eac
0x1fff9eae	0x1fff9eae
0x1fff9eb2	0x1fff9eb2
0x1fff9eb6	0x1fff9eb6
0x1fff9eba	0x1fff9eba
0x1fff9ebc	0x1fff9ebc
0x1fff9ec0	0x1fff9ec0
0x1fff9ec2	0x1fff9ec2
0x1fff9ec6	0x1fff9ec6
0x1fff9ec8	0x1fff9ec8
0x1fff9eca	0x1fff9eca
0x1fff9ecc	0x1fff9ecc
0x1fff9ed0	0x1fff9ed0
0x1fff9ed4	0x1fff9ed4
0x1fff9ed8	0x1fff9ed8
0x1fff9edc	0x1fff9edc
0x1fff9ee0	0x1fff9ee0
0x1fff9ee4	0x1fff9ee4
0x1fff9ee8	0x1fff9ee8
0x1fff9eec	0x1fff9eec
0x1fff9ef0	0x1fff9ef0
0x1fff9ef4	0x1fff9ef4
0x1fff9ef8	0x1fff9ef8
0x1fff9efc	0x1fff9efc
0x1fff9f00	0x1fff9f00
0x1fff9f04	0x1fff9f04
0x1fff9f08	0x1fff9f08
0x1fff9f0c	0x1fff9f0c
0x1fff9f10	0x1fff9f10
0x1fff9f14	0x1fff9f14
0x1fff9f18	0x1fff9f18
0x1fff9f1c	0x1fff9f1c
0x1fff9f20	0x1fff9f20
0x1fff9f24	0x1fff9f24
0x1fff9f28	0x1fff9f28
0x1fff9f2c	0x1fff9f2c
0x1fff9f30	0x1fff9f30
0x1fff9f34	0x1fff9f34
0x1fff9f38	0x1fff9f38
0x1fff9f3c	0x1fff9f3c
0x1fff9f40	0x1fff9f40
0x1fff9f44	0x1fff9f44
0x1fff9f48	0x1fff9f48
0x1fff9f4c	0x1fff9f4c
0x1fff9f50	0x1fff9f50
0x1fff9f54	0x1fff9f54
0x1fff9f58	0x1fff9f58
0x1fff9f5c	0x1fff9f5c
0x1fff9f60	0x1fff9f60
0x1fff9f64	0x1fff9f64
0x1fff9f68	0x1fff9f68
0x1fff9f6c	0x1fff9f6c
0x1fff9f70	0x1fff9f70
0x1fff9f74	0x1fff9f74
0x1fff9f78	0x1fff9f78
0x1fff9f7a	0x1fff9f7a
0x1fff9f7e	0x1fff9f7e
0x1fff9f82	0x1fff9f82
0x1fff9f86	0x1fff9f86
0x1fff9f8a	0x1fff9f8a
0x1fff9f8e	0x1fff9f8e
0x1fff9f92	0x1fff9f92
0x1fff9f96	0x1fff9f96
0x1fff9f9a	0x1fff9f9a
0x1fff9f9e	0x1fff9f9e
0x1fff9fa0	0x1fff9fa0
0x1fff9fa4	0x1fff9fa4
0x1fff9fa8	0x1fff9fa8
0x1fff9fac	0x1fff9fac
0x1fff9fb0	0x1fff9fb0
0x1fff9fb4	0x1fff9fb4
0x1fff9fb8	0x1fff9fb8
0x1fff9fbc	0x1fff9fbc
0x1fff9fc0	0x1fff9fc0
0x1fff9fc2	0x1fff9fc2
0x1fff9fc6	0x1fff9fc6
0x1fff9fca	0x1fff9fca
0x1fff9fce	0x1fff9fce
0x1fff9fd2	0x1fff9fd2
0x1fff9fd4	0x1fff9fd4
0x1fff9fd8	0x1fff9fd8
0x1fff9fdc	0x1fff9fdc
0x1fff9fde	0x1fff9fde
0x1fff9fe2	0x1fff9fe2
0x1fff9fe6	0x1fff9fe6
0x1fff9fea	0x1fff9fea
0x1fff9fee	0x1fff9fee
0x1fff9ff2	0x1fff9ff2
0x1fff9ff6	0x1fff9ff6
0x1fff9ffa	0x1fff9ffa
0x1fff9ffe	0x1fff9ffe
0x1fffa002	0x1fffa002
0x1fffa006	0x1fffa006
0x1fffa00a	0x1fffa00a
0x1fffa00e	0x1fffa00e
0x1fffa012	0x1fffa012
0x1fffa016	0x1fffa016
0x1fffa01a	0x1fffa01a
0x1fffa01e	0x1fffa01e
0x1fffa022	0x1fffa022
0x1fffa026	0x1fffa026
0x1fffa02a	0x1fffa02a
0x1fffa02e	0x1fffa02e
0x1fffa032	0x1fffa032
0x1fffa036	0x1fffa036
0x1fffa03a	0x1fffa03a
0x1fffa03e	0x1fffa03e
0x1fffa042	0x1fffa042
0x1fffa046	0x1fffa046
0x1fffa04a	0x1fffa04a
0x1fffa04e	0x1fffa04e
0x1fffa052	0x1fffa052
0x1fffa056	0x1fffa056
0x1fffa05a	0x1fffa05a
0x1fffa05c	0x1fffa05c
0x1fffa060	0x1fffa060
0x1fffa062	0x1fffa062
0x1fffa066	0x1fffa066
0x1fffa06a	0x1fffa06a
0x1fffa06e	0x1fffa06e
0x1fffa072	0x1fffa072
0x1fffa074	0x1fffa074
0x1fffa078	0x1fffa078
0x1fffa07a	0x1fffa07a
0x1fffa07e	0x1fffa07e
0x1fffa082	0x1fffa082
0x1fffa086	0x1fffa086
0x1fffa08a	0x1fffa08a
0x1fffa08e	0x1fffa08e
0x1fffa092	0x1fffa092
0x1fffa096	0x1fffa096
0x1fffa09a	0x1fffa09a
0x1fffa09e	0x1fffa09e
0x1fffa0a2	0x1fffa0a2
0x1fffa0a6	0x1fffa0a6
0x1fffa0aa	0x1fffa0aa
0x1fffa0ae	0x1fffa0ae
0x1fffa0b2	0x1fffa0b2
0x1fffa0b6	0x1fffa0b6
0x1fffa0ba	0x1fffa0ba
0x1fffa0be	0x1fffa0be
0x1fffa0c2	0x1fffa0c2
0x1fffa0c6	0x1fffa0c6
0x1fffa0ca	0x1fffa0ca
0x1fffa0ce	0x1fffa0ce
0x1fffa0d2	0x1fffa0d2
0x1fffa0d6	0x1fffa0d6
0x1fffa0da	0x1fffa0da
0x1fffa0de	0x1fffa0de
0x1fffa0e2	0x1fffa0e2
0x1fffa0e6	0x1fffa0e6
0x1fffa0ea	0x1fffa0ea
0x1fffa0ee	0x1fffa0ee
0x1fffa0f0	0x1fffa0f0
0x1fffa0f4	0x1fffa0f4
0x1fffa0f6	0x1fffa0f6
0x1fffa0fa	0x1fffa0fa
0x1fffa0fe	0x1fffa0fe
0x1fffa102	0x1fffa102
0x1fffa106	0x1fffa106
0x1fffa108	0x1fffa108
0x1fffa10c	0x1fffa10c
0x1fffa10e	0x1fffa10e
0x1fffa112	0x1fffa112
0x1fffa116	0x1fffa116
0x1fffa160	0x1fffa160
0x1fffa164	0x1fffa164
0x1fffa168	0x1fffa168
0x1fffa16c	0x1fffa16c
0x1fffa170	0x1fffa170
0x1fffa174	0x1fffa174
0x1fffa178	0x1fffa178
0x1fffa17c	0x1fffa17c
0x1fffa180	0x1fffa180
0x1fffa184	0x1fffa184
0x1fffa188	0x1fffa188
0x1fffa18c	0x1fffa18c
0x1fffa190	0x1fffa190
0x1fffa194	0x1fffa194
0x1fffa198	0x1fffa198
0x1fffa19c	0x1fffa19c
0x1fffa1a0	0x1fffa1a0
0x1fffa1a4	0x1fffa1a4
0x1fffa1a8	0x1fffa1a8
0x1fffa1ac	0x1fffa1ac
0x1fffa1b0	0x1fffa1b0
0x1fffa1b4	0x1fffa1b4
0x1fffa1b8	0x1fffa1b8
0x1fffa1bc	0x1fffa1bc
0x1fffa1c0	0x1fffa1c0
0x1fffa1c4	0x1fffa1c4
0x1fffa1c8	0x1fffa1c8
0x1fffa1cc	0x1fffa1cc
0x1fffa1d0	0x1fffa1d0
0x1fffa1d4	0x1fffa1d4
0x1fffa1d8	0x1fffa1d8
0x1fffa1dc	0x1fffa1dc
0x1fffa1e0	0x1fffa1e0
0x1fffa1e4	0x1fffa1e4
0x1fffa1e8	0x1fffa1e8
0x1fffa1ec	0x1fffa1ec
0x1fffa1f0	0x1fffa1f0
0x1fffa1f4	0x1fffa1f4
0x1fffa1f8	0x1fffa1f8
0x1fffa1fc	0x1fffa1fc
0x1fffa200	0x1fffa200
0x1fffa204	0x1fffa204
0x1fffa208	0x1fffa208
0x1fffa20c	0x1fffa20c
0x1fffa210	0x1fffa210
0x1fffa214	0x1fffa214
0x1fffa218	0x1fffa218
0x1fffa21c	0x1fffa21c
0x1fffa220	0x1fffa220
0x1fffa224	0x1fffa224
0x1fffa228	0x1fffa228
0x1fffa22a	0x1fffa22a
0x1fffa22e	0x1fffa22e
0x1fffa232	0x1fffa232
0x1fffa234	0x1fffa234
0x1fffa238	0x1fffa238
0x1fffa23c	0x1fffa23c
0x1fffa240	0x1fffa240
0x1fffa244	0x1fffa244
0x1fffa248	0x1fffa248
0x1fffa24c	0x1fffa24c
0x1fffa250	0x1fffa250
0x1fffa254	0x1fffa254
0x1fffa258	0x1fffa258
0x1fffa25c	0x1fffa25c
0x1fffa260	0x1fffa260
0x1fffa264	0x1fffa264
0x1fffa268	0x1fffa268
0x1fffa26c	0x1fffa26c
0x1fffa270	0x1fffa270
0x1fffa274	0x1fffa274
0x1fffa278	0x1fffa278
0x1fffa27c	0x1fffa27c
0x1fffa280	0x1fffa280
0x1fffa284	0x1fffa284
0x1fffa288	0x1fffa288
0x1fffa28c	0x1fffa28c
0x1fffa290	0x1fffa290
0x1fffa294	0x1fffa294
0x1fffa298	0x1fffa298
0x1fffa29c	0x1fffa29c
0x1fffa2a0	0x1fffa2a0
0x1fffa2a4	0x1fffa2a4
0x1fffa2a8	0x1fffa2a8
0x1fffa2ac	0x1fffa2ac
0x1fffa2b0	0x1fffa2b0
0x1fffa2b4	0x1fffa2b4
0x1fffa2b8	0x1fffa2b8
0x1fffa2bc	0x1fffa2bc
0x1fffa2c0	0x1fffa2c0
0x1fffa2c4	0x1fffa2c4
0x1fffa2c8	0x1fffa2c8
0x1fffa2cc	0x1fffa2cc
0x1fffa2d0	0x1fffa2d0
0x1fffa2d4	0x1fffa2d4
0x1fffa2d8	0x1fffa2d8
0x1fffa2dc	0x1fffa2dc
0x1fffa2e0	0x1fffa2e0
0x1fffa2e4	0x1fffa2e4
0x1fffa2e8	0x1fffa2e8
0x1fffa2ec	0x1fffa2ec
0x1fffa2f0	0x1fffa2f0
0x1fffa2f4	0x1fffa2f4
0x1fffa2f8	0x1fffa2f8
0x1fffa2fc	0x1fffa2fc
0x1fffa30c	0x1fffa30c
0x1fffa30e	0x1fffa30e
0x1fffa312	0x1fffa312
0x1fffa316	0x1fffa316
0x1fffa31a	0x1fffa31a
0x1fffa31e	0x1fffa31e
0x1fffa322	0x1fffa322
0x1fffa324	0x1fffa324
0x1fffa328	0x1fffa328
0x1fffa32c	0x1fffa32c
0x1fffa32e	0x1fffa32e
0x1fffa332	0x1fffa332
0x1fffa336	0x1fffa336
0x1fffa33a	0x1fffa33a
0x1fffa33e	0x1fffa33e
0x1fffa340	0x1fffa340
0x1fffa344	0x1fffa344
0x1fffa346	0x1fffa346
0x1fffa34a	0x1fffa34a
0x1fffa34c	0x1fffa34c
0x1fffa350	0x1fffa350
0x1fffa354	0x1fffa354
0x1fffa358	0x1fffa358
0x1fffa35c	0x1fffa35c
0x1fffa360	0x1fffa360
0x1fffa364	0x1fffa364
0x1fffa368	0x1fffa368
0x1fffa36c	0x1fffa36c
0x1fffa370	0x1fffa370
0x1fffa374	0x1fffa374
0x1fffa378	0x1fffa378
0x1fffa37c	0x1fffa37c
0x1fffa380	0x1fffa380
0x1fffa384	0x1fffa384
0x1fffa388	0x1fffa388
0x1fffa38a	0x1fffa38a
0x1fffa38e	0x1fffa38e
0x1fffa392	0x1fffa392
0x1fffa394	0x1fffa394
0x1fffa398	0x1fffa398
0x1fffa39a	0x1fffa39a
0x1fffa39e	0x1fffa39e
0x1fffa3a2	0x1fffa3a2
0x1fffa3a4	0x1fffa3a4
0x1fffa3a8	0x1fffa3a8
0x1fffa3aa	0x1fffa3aa
0x1fffa3ae	0x1fffa3ae
0x1fffa3b2	0x1fffa3b2
0x1fffa3b6	0x1fffa3b6
0x1fffa3ba	0x1fffa3ba
0x1fffa3bc	0x1fffa3bc
0x1fffa3c0	0x1fffa3c0
0x1fffa3c2	0x1fffa3c2
0x1fffa3c6	0x1fffa3c6
0x1fffa3ca	0x1fffa3ca
0x1fffa3ce	0x1fffa3ce
0x1fffa3d2	0x1fffa3d2
0x1fffa3d4	0x1fffa3d4
0x1fffa3d8	0x1fffa3d8
0x1fffa3dc	0x1fffa3dc
0x1fffa414	0x1fffa414
0x1fffa416	0x1fffa416
0x1fffa418	0x1fffa418
0x1fffa41c	0x1fffa41c
0x1fffa420	0x1fffa420
0x1fffa424	0x1fffa424
0x1fffa426	0x1fffa426
0x1fffa42a	0x1fffa42a
0x1fffa42e	0x1fffa42e
0x1fffa432	0x1fffa432
0x1fffa436	0x1fffa436
0x1fffa43a	0x1fffa43a
0x1fffa43e	0x1fffa43e
0x1fffa442	0x1fffa442
0x1fffa444	0x1fffa444
0x1fffa448	0x1fffa448
0x1fffa44c	0x1fffa44c
0x1fffa450	0x1fffa450
0x1fffa454	0x1fffa454
0x1fffa458	0x1fffa458
0x1fffa45c	0x1fffa45c
0x1fffa460	0x1fffa460
0x1fffa464	0x1fffa464
0x1fffa468	0x1fffa468
0x1fffa46a	0x1fffa46a
0x1fffa46c	0x1fffa46c
0x1fffa470	0x1fffa470
0x1fffa472	0x1fffa472
0x1fffa476	0x1fffa476
0x1fffa478	0x1fffa478
0x1fffa47c	0x1fffa47c
0x1fffa480	0x1fffa480
0x1fffa484	0x1fffa484
0x1fffa488	0x1fffa488
0x1fffa48c	0x1fffa48c
0x1fffa490	0x1fffa490
0x1fffa492	0x1fffa492
0x1fffa496	0x1fffa496
0x1fffa49a	0x1fffa49a
0x1fffa49c	0x1fffa49c
0x1fffa4a0	0x1fffa4a0
0x1fffa4a2	0x1fffa4a2
0x1fffa4a4	0x1fffa4a4
0x1fffa4a8	0x1fffa4a8
0x1fffa4ac	0x1fffa4ac
0x1fffa4b0	0x1fffa4b0
0x1fffa4b4	0x1fffa4b4
0x1fffa4b8	0x1fffa4b8
0x1fffa4e0	0x1fffa4e0
0x1fffa4e4	0x1fffa4e4
0x1fffa4e6	0x1fffa4e6
0x1fffa4ea	0x1fffa4ea
0x1fffa4ee	0x1fffa4ee
0x1fffa4f4	0x1fffa4f4
0x1fffa4f8	0x1fffa4f8
0x1fffa4fa	0x1fffa4fa
0x1fffa4fe	0x1fffa4fe
0x1fffa502	0x1fffa502
0x1fffa504	0x1fffa504
0x1fffa508	0x1fffa508
0x1fffa50c	0x1fffa50c
