function_address	function	instruction_address	bytes	instruction
00020250	__main	00020250	00f002f8	bl 0x00020258
00020250	__main	00020254	00f088f8	bl 0x00020368
00020258	__scatterload	00020258	0aa0	adr r0,[0x20284]
00020258	__scatterload	0002025a	90e8000c	ldm.w r0,{r10,r11}
00020258	__scatterload	0002025e	8244	add r10,r0
00020258	__scatterload	00020260	8344	add r11,r0
00020258	__scatterload	00020262	aaf10107	sub.w r7,r10,#0x1
00020258	__scatterload	00020266	da45	cmp r10,r11
00020258	__scatterload	00020268	01d1	bne 0x0002026e
00020258	__scatterload	0002026a	00f07df8	bl 0x00020368
00020258	__scatterload	0002026e	aff2090e	adr.w lr,0x20267
00020258	__scatterload	00020272	bae80f00	ldm.w r10!,{r0,r1,r2,r3}
00020258	__scatterload	00020276	13f0010f	tst r3,#0x1
00020258	__scatterload	0002027a	18bf	it ne
00020258	__scatterload	0002027c	fb1a	sub.ne r3,r7,r3
00020258	__scatterload	0002027e	43f00103	orr r3,r3,#0x1
00020258	__scatterload	00020282	1847	bx r3
0002028c	__scatterload_decompress	0002028c	10f8013b	ldrb.w r3,[r0],#0x1
0002028c	__scatterload_decompress	00020290	0a44	add r2,r1
0002028c	__scatterload_decompress	00020292	13f00304	ands r4,r3,#0x3
0002028c	__scatterload_decompress	00020296	08bf	it eq
0002028c	__scatterload_decompress	00020298	10f8014b	ldrb.eq.w r4,[r0],#0x1
0002028c	__scatterload_decompress	0002029c	1d11	asrs r5,r3,#0x4
0002028c	__scatterload_decompress	0002029e	08bf	it eq
0002028c	__scatterload_decompress	000202a0	10f8015b	ldrb.eq.w r5,[r0],#0x1
0002028c	__scatterload_decompress	000202a4	641e	subs r4,r4,#0x1
0002028c	__scatterload_decompress	000202a6	05d0	beq 0x000202b4
0002028c	__scatterload_decompress	000202a8	10f8016b	ldrb.w r6,[r0],#0x1
0002028c	__scatterload_decompress	000202ac	641e	subs r4,r4,#0x1
0002028c	__scatterload_decompress	000202ae	01f8016b	strb.w r6,[r1],#0x1
0002028c	__scatterload_decompress	000202b2	f9d1	bne 0x000202a8
0002028c	__scatterload_decompress	000202b4	002d	cmp r5,#0x0
0002028c	__scatterload_decompress	000202b6	15d0	beq 0x000202e4
0002028c	__scatterload_decompress	000202b8	10f8014b	ldrb.w r4,[r0],#0x1
0002028c	__scatterload_decompress	000202bc	03f00c03	and r3,r3,#0xc
0002028c	__scatterload_decompress	000202c0	0c2b	cmp r3,#0xc
0002028c	__scatterload_decompress	000202c2	a1eb0404	sub.w r4,r1,r4
0002028c	__scatterload_decompress	000202c6	0abf	itet eq
0002028c	__scatterload_decompress	000202c8	10f8013b	ldrb.eq.w r3,[r0],#0x1
0002028c	__scatterload_decompress	000202cc	a4eb8314	sub.ne.w r4,r4,r3, lsl #0x6
0002028c	__scatterload_decompress	000202d0	a4eb0324	sub.eq.w r4,r4,r3, lsl #0x8
0002028c	__scatterload_decompress	000202d4	05f10103	add.w r3,r5,#0x1
0002028c	__scatterload_decompress	000202d8	14f8016b	ldrb.w r6,[r4],#0x1
0002028c	__scatterload_decompress	000202dc	5b1e	subs r3,r3,#0x1
0002028c	__scatterload_decompress	000202de	01f8016b	strb.w r6,[r1],#0x1
0002028c	__scatterload_decompress	000202e2	f9d5	bpl 0x000202d8
0002028c	__scatterload_decompress	000202e4	9142	cmp r1,r2
0002028c	__scatterload_decompress	000202e6	38bf	it cc
0002028c	__scatterload_decompress	000202e8	10f8013b	ldrb.cc.w r3,[r0],#0x1
0002028c	__scatterload_decompress	000202ec	d1d3	bcc 0x00020292
0002028c	__scatterload_decompress	000202ee	7047	bx lr
000202f0	__scatterload_copy	000202f0	103a	subs r2,#0x10
000202f0	__scatterload_copy	000202f2	24bf	itt cs
000202f0	__scatterload_copy	000202f4	78c8	ldmia.cs r0!,{r3,r4,r5,r6}
000202f0	__scatterload_copy	000202f6	78c1	stmia.cs r1!,{r3,r4,r5,r6}
000202f0	__scatterload_copy	000202f8	fad8	bhi 0x000202f0
000202f0	__scatterload_copy	000202fa	5207	lsls r2,r2,#0x1d
000202f0	__scatterload_copy	000202fc	24bf	itt cs
000202f0	__scatterload_copy	000202fe	30c8	ldmia.cs r0!,{r4,r5}
000202f0	__scatterload_copy	00020300	30c1	stmia.cs r1!,{r4,r5}
000202f0	__scatterload_copy	00020302	44bf	itt mi
000202f0	__scatterload_copy	00020304	0468	ldr.mi r4,[r0,#0x0]
000202f0	__scatterload_copy	00020306	0c60	str.mi r4,[r1,#0x0]
000202f0	__scatterload_copy	00020308	7047	bx lr
0002030c	__scatterload_zeroinit	0002030c	0023	movs r3,#0x0
0002030c	__scatterload_zeroinit	0002030e	0024	movs r4,#0x0
0002030c	__scatterload_zeroinit	00020310	0025	movs r5,#0x0
0002030c	__scatterload_zeroinit	00020312	0026	movs r6,#0x0
0002030c	__scatterload_zeroinit	00020314	103a	subs r2,#0x10
0002030c	__scatterload_zeroinit	00020316	28bf	it cs
0002030c	__scatterload_zeroinit	00020318	78c1	stmia.cs r1!,{r3,r4,r5,r6}
0002030c	__scatterload_zeroinit	0002031a	fbd8	bhi 0x00020314
0002030c	__scatterload_zeroinit	0002031c	5207	lsls r2,r2,#0x1d
0002030c	__scatterload_zeroinit	0002031e	28bf	it cs
0002030c	__scatterload_zeroinit	00020320	30c1	stmia.cs r1!,{r4,r5}
0002030c	__scatterload_zeroinit	00020322	48bf	it mi
0002030c	__scatterload_zeroinit	00020324	0b60	str.mi r3,[r1,#0x0]
0002030c	__scatterload_zeroinit	00020326	7047	bx lr
00020328	FUN_00020328	00020328	6629	cmp r1,#0x66
00020328	FUN_00020328	0002032a	07f0b784	beq.w 0x00027c9c
00020328	FUN_00020328	0002032e	6429	cmp r1,#0x64
00020328	FUN_00020328	00020330	00f0fc80	beq.w 0x0002052c
00020328	FUN_00020328	00020334	7829	cmp r1,#0x78
00020328	FUN_00020328	00020336	00f03581	beq.w 0x000205a4
00020328	FUN_00020328	0002033a	7329	cmp r1,#0x73
00020328	FUN_00020328	0002033c	00f04b85	beq.w 0x00020dd6
00020328	FUN_00020328	00020340	0020	movs r0,#0x0
00020328	FUN_00020328	00020342	7047	bx lr
00020328	FUN_00020328	0002052c	2de9f041	push {r4,r5,r6,r7,r8,lr}
00020328	FUN_00020328	00020530	0646	mov r6,r0
00020328	FUN_00020328	00020532	0024	movs r4,#0x0
00020328	FUN_00020328	00020534	1068	ldr r0,[r2,#0x0]
00020328	FUN_00020328	00020536	7529	cmp r1,#0x75
00020328	FUN_00020328	00020538	3146	mov r1,r6
00020328	FUN_00020328	0002053a	16a5	adr r5,[0x20594]
00020328	FUN_00020328	0002053c	10d0	beq 0x00020560
00020328	FUN_00020328	0002053e	aff30080	nop.w
00020328	FUN_00020328	00020542	0028	cmp r0,#0x0
00020328	FUN_00020328	00020544	02da	bge 0x0002054c
00020328	FUN_00020328	00020546	4042	rsbs r0,r0
00020328	FUN_00020328	00020548	13a5	adr r5,[0x20598]
00020328	FUN_00020328	0002054a	07e0	b 0x0002055c
00020328	FUN_00020328	0002054c	3168	ldr r1,[r6,#0x0]
00020328	FUN_00020328	0002054e	8a07	lsls r2,r1,#0x1e
00020328	FUN_00020328	00020550	01d5	bpl 0x00020556
00020328	FUN_00020328	00020552	12a5	adr r5,[0x2059c]
00020328	FUN_00020328	00020554	02e0	b 0x0002055c
00020328	FUN_00020328	00020556	4907	lsls r1,r1,#0x1d
00020328	FUN_00020328	00020558	04d5	bpl 0x00020564
00020328	FUN_00020328	0002055a	11a5	adr r5,[0x205a0]
00020328	FUN_00020328	0002055c	0124	movs r4,#0x1
00020328	FUN_00020328	0002055e	01e0	b 0x00020564
00020328	FUN_00020328	00020560	aff30080	nop.w
00020328	FUN_00020328	00020564	0021	movs r1,#0x0
00020328	FUN_00020328	00020566	0a22	movs r2,#0xa
00020328	FUN_00020328	00020568	06f12407	add.w r7,r6,#0x24
00020328	FUN_00020328	0002056c	09e0	b 0x00020582
00020328	FUN_00020328	0002056e	b0fbf2fc	udiv r12,r0,r2
00020328	FUN_00020328	00020572	b0fbf2f3	udiv r3,r0,r2
00020328	FUN_00020328	00020576	02fb1c00	mls r0,r2,r12,r0
00020328	FUN_00020328	0002057a	3030	adds r0,#0x30
00020328	FUN_00020328	0002057c	7854	strb r0,[r7,r1]
00020328	FUN_00020328	0002057e	1846	mov r0,r3
00020328	FUN_00020328	00020580	491c	adds r1,r1,#0x1
00020328	FUN_00020328	00020582	0028	cmp r0,#0x0
00020328	FUN_00020328	00020584	f3d1	bne 0x0002056e
00020328	FUN_00020328	00020586	2346	mov r3,r4
00020328	FUN_00020328	00020588	2a46	mov r2,r5
00020328	FUN_00020328	0002058a	3046	mov r0,r6
00020328	FUN_00020328	0002058c	bde8f041	pop.w {r4,r5,r6,r7,r8,lr}
00020328	FUN_00020328	00020590	00f0a7b9	b.w 0x000208e2
00020328	FUN_00020328	000205a4	70b5	push {r4,r5,r6,lr}
00020328	FUN_00020328	000205a6	0446	mov r4,r0
00020328	FUN_00020328	000205a8	0d46	mov r5,r1
00020328	FUN_00020328	000205aa	2146	mov r1,r4
00020328	FUN_00020328	000205ac	1068	ldr r0,[r2,#0x0]
00020328	FUN_00020328	000205ae	aff30080	nop.w
00020328	FUN_00020328	000205b2	2188	ldrh r1,[r4,#0x0]
00020328	FUN_00020328	000205b4	0905	lsls r1,r1,#0x14
00020328	FUN_00020328	000205b6	02d5	bpl 0x000205be
00020328	FUN_00020328	000205b8	0f4a	ldr r2,[0x000205f8]
00020328	FUN_00020328	000205ba	7a44	add r2,pc
00020328	FUN_00020328	000205bc	02e0	b 0x000205c4
00020328	FUN_00020328	000205be	0e4a	ldr r2,[0x000205f8]
00020328	FUN_00020328	000205c0	7a44	add r2,pc
00020328	FUN_00020328	000205c2	0e32	adds r2,#0xe
00020328	FUN_00020328	000205c4	0021	movs r1,#0x0
00020328	FUN_00020328	000205c6	04f12403	add.w r3,r4,#0x24
00020328	FUN_00020328	000205ca	05e0	b 0x000205d8
00020328	FUN_00020328	000205cc	00f00f06	and r6,r0,#0xf
00020328	FUN_00020328	000205d0	0009	lsrs r0,r0,#0x4
00020328	FUN_00020328	000205d2	965d	ldrb r6,[r2,r6]
00020328	FUN_00020328	000205d4	5e54	strb r6,[r3,r1]
00020328	FUN_00020328	000205d6	491c	adds r1,r1,#0x1
00020328	FUN_00020328	000205d8	0028	cmp r0,#0x0
00020328	FUN_00020328	000205da	f7d1	bne 0x000205cc
00020328	FUN_00020328	000205dc	2078	ldrb r0,[r4,#0x0]
00020328	FUN_00020328	000205de	0023	movs r3,#0x0
00020328	FUN_00020328	000205e0	0007	lsls r0,r0,#0x1c
00020328	FUN_00020328	000205e2	04d5	bpl 0x000205ee
00020328	FUN_00020328	000205e4	702d	cmp r5,#0x70
00020328	FUN_00020328	000205e6	02d0	beq 0x000205ee
00020328	FUN_00020328	000205e8	09b1	cbz r1,0x000205ee
00020328	FUN_00020328	000205ea	0223	movs r3,#0x2
00020328	FUN_00020328	000205ec	1132	adds r2,#0x11
00020328	FUN_00020328	000205ee	2046	mov r0,r4
00020328	FUN_00020328	000205f0	bde87040	pop.w {r4,r5,r6,lr}
00020328	FUN_00020328	000205f4	00f075b9	b.w 0x000208e2
00020328	FUN_00020328	000208e2	2de9f047	push {r4,r5,r6,r7,r8,r9,r10,lr}
00020328	FUN_00020328	000208e6	0d46	mov r5,r1
00020328	FUN_00020328	000208e8	9946	mov r9,r3
00020328	FUN_00020328	000208ea	9246	mov r10,r2
00020328	FUN_00020328	000208ec	0446	mov r4,r0
00020328	FUN_00020328	000208ee	00f12408	add.w r8,r0,#0x24
00020328	FUN_00020328	000208f2	0168	ldr r1,[r0,#0x0]
00020328	FUN_00020328	000208f4	8806	lsls r0,r1,#0x1a
00020328	FUN_00020328	000208f6	04d5	bpl 0x00020902
00020328	FUN_00020328	000208f8	e069	ldr r0,[r4,#0x1c]
00020328	FUN_00020328	000208fa	21f01001	bic r1,r1,#0x10
00020328	FUN_00020328	000208fe	2160	str r1,[r4,#0x0]
00020328	FUN_00020328	00020900	00e0	b 0x00020904
00020328	FUN_00020328	00020902	0120	movs r0,#0x1
00020328	FUN_00020328	00020904	a842	cmp r0,r5
00020328	FUN_00020328	00020906	01dd	ble 0x0002090c
00020328	FUN_00020328	00020908	471b	subs r7,r0,r5
00020328	FUN_00020328	0002090a	00e0	b 0x0002090e
00020328	FUN_00020328	0002090c	0027	movs r7,#0x0
00020328	FUN_00020328	0002090e	a169	ldr r1,[r4,#0x18]
00020328	FUN_00020328	00020910	7a19	adds r2,r7,r5
00020328	FUN_00020328	00020912	02eb0900	add.w r0,r2,r9
00020328	FUN_00020328	00020916	081a	subs r0,r1,r0
00020328	FUN_00020328	00020918	a061	str r0,[r4,#0x18]
00020328	FUN_00020328	0002091a	2078	ldrb r0,[r4,#0x0]
00020328	FUN_00020328	0002091c	c006	lsls r0,r0,#0x1b
00020328	FUN_00020328	0002091e	02d4	bmi 0x00020926
00020328	FUN_00020328	00020920	2046	mov r0,r4
00020328	FUN_00020328	00020922	fff7b3fd	bl 0x0002048c
00020328	FUN_00020328	00020926	0026	movs r6,#0x0
00020328	FUN_00020328	00020928	08e0	b 0x0002093c
00020328	FUN_00020328	0002092a	d4e90121	ldrd r2,r1,[r4,#0x4]
00020328	FUN_00020328	0002092e	1af80600	ldrb.w r0,[r10,r6]
00020328	FUN_00020328	00020932	9047	blx r2
00020328	FUN_00020328	00020934	206a	ldr r0,[r4,#0x20]
00020328	FUN_00020328	00020936	401c	adds r0,r0,#0x1
00020328	FUN_00020328	00020938	761c	adds r6,r6,#0x1
00020328	FUN_00020328	0002093a	2062	str r0,[r4,#0x20]
00020328	FUN_00020328	0002093c	4e45	cmp r6,r9
00020328	FUN_00020328	0002093e	f4db	blt 0x0002092a
00020328	FUN_00020328	00020940	2078	ldrb r0,[r4,#0x0]
00020328	FUN_00020328	00020942	c006	lsls r0,r0,#0x1b
00020328	FUN_00020328	00020944	0ad5	bpl 0x0002095c
00020328	FUN_00020328	00020946	2046	mov r0,r4
00020328	FUN_00020328	00020948	fff7a0fd	bl 0x0002048c
00020328	FUN_00020328	0002094c	06e0	b 0x0002095c
00020328	FUN_00020328	0002094e	d4e90121	ldrd r2,r1,[r4,#0x4]
00020328	FUN_00020328	00020952	3020	movs r0,#0x30
00020328	FUN_00020328	00020954	9047	blx r2
00020328	FUN_00020328	00020956	206a	ldr r0,[r4,#0x20]
00020328	FUN_00020328	00020958	401c	adds r0,r0,#0x1
00020328	FUN_00020328	0002095a	2062	str r0,[r4,#0x20]
00020328	FUN_00020328	0002095c	381e	subs r0,r7,#0x0
00020328	FUN_00020328	0002095e	a7f10107	sub.w r7,r7,#0x1
00020328	FUN_00020328	00020962	f4dc	bgt 0x0002094e
00020328	FUN_00020328	00020964	07e0	b 0x00020976
00020328	FUN_00020328	00020966	d4e90121	ldrd r2,r1,[r4,#0x4]
00020328	FUN_00020328	0002096a	18f80500	ldrb.w r0,[r8,r5]
00020328	FUN_00020328	0002096e	9047	blx r2
00020328	FUN_00020328	00020970	206a	ldr r0,[r4,#0x20]
00020328	FUN_00020328	00020972	401c	adds r0,r0,#0x1
00020328	FUN_00020328	00020974	2062	str r0,[r4,#0x20]
00020328	FUN_00020328	00020976	281e	subs r0,r5,#0x0
00020328	FUN_00020328	00020978	a5f10105	sub.w r5,r5,#0x1
00020328	FUN_00020328	0002097c	f3dc	bgt 0x00020966
00020328	FUN_00020328	0002097e	2046	mov r0,r4
00020328	FUN_00020328	00020980	fff79afd	bl 0x000204b8
00020328	FUN_00020328	00020984	2078	ldrb r0,[r4,#0x0]
00020328	FUN_00020328	00020986	0006	lsls r0,r0,#0x18
00020328	FUN_00020328	00020988	02d5	bpl 0x00020990
00020328	FUN_00020328	0002098a	0220	movs r0,#0x2
00020328	FUN_00020328	0002098c	bde8f087	pop.w {r4,r5,r6,r7,r8,r9,r10,pc}
00020328	FUN_00020328	00020990	0120	movs r0,#0x1
00020328	FUN_00020328	00020992	fbe7	b 0x0002098c
00020328	FUN_00020328	00020b46	2de9f04f	push {r4,r5,r6,r7,r8,r9,r10,r11,lr}
00020328	FUN_00020328	00020b4a	8846	mov r8,r1
00020328	FUN_00020328	00020b4c	0446	mov r4,r0
00020328	FUN_00020328	00020b4e	d21d	adds r2,r2,#0x7
00020328	FUN_00020328	00020b50	22f00701	bic r1,r2,#0x7
00020328	FUN_00020328	00020b54	91b0	sub sp,#0x44
00020328	FUN_00020328	00020b56	d1e90001	ldrd r0,r1,[r1,#0x0]
00020328	FUN_00020328	00020b5a	cde90a01	strd r0,r1,[sp,#0x28]
00020328	FUN_00020328	00020b5e	02f02ffe	bl 0x000237c0
00020328	FUN_00020328	00020b62	0246	mov r2,r0
00020328	FUN_00020328	00020b64	0b98	ldr r0,[sp,#0x2c]
00020328	FUN_00020328	00020b66	c00f	lsrs r0,r0,#0x1f
00020328	FUN_00020328	00020b68	01d0	beq 0x00020b6e
00020328	FUN_00020328	00020b6a	2d20	movs r0,#0x2d
00020328	FUN_00020328	00020b6c	07e0	b 0x00020b7e
00020328	FUN_00020328	00020b6e	2068	ldr r0,[r4,#0x0]
00020328	FUN_00020328	00020b70	8107	lsls r1,r0,#0x1e
00020328	FUN_00020328	00020b72	01d5	bpl 0x00020b78
00020328	FUN_00020328	00020b74	2b20	movs r0,#0x2b
00020328	FUN_00020328	00020b76	02e0	b 0x00020b7e
00020328	FUN_00020328	00020b78	2021	movs r1,#0x20
00020328	FUN_00020328	00020b7a	01eac000	and.w r0,r1,r0, lsl #0x3
00020328	FUN_00020328	00020b7e	032a	cmp r2,#0x3
00020328	FUN_00020328	00020b80	0990	str r0,[sp,#0x24]
00020328	FUN_00020328	00020b82	01d0	beq 0x00020b88
00020328	FUN_00020328	00020b84	072a	cmp r2,#0x7
00020328	FUN_00020328	00020b86	05db	blt 0x00020b94
00020328	FUN_00020328	00020b88	0346	mov r3,r0
00020328	FUN_00020328	00020b8a	4146	mov r1,r8
00020328	FUN_00020328	00020b8c	2046	mov r0,r4
00020328	FUN_00020328	00020b8e	00f0bdf9	bl 0x00020f0c
00020328	FUN_00020328	00020b92	0be1	b 0x00020dac
00020328	FUN_00020328	00020b94	2078	ldrb r0,[r4,#0x0]
00020328	FUN_00020328	00020b96	8006	lsls r0,r0,#0x1a
00020328	FUN_00020328	00020b98	01d5	bpl 0x00020b9e
00020328	FUN_00020328	00020b9a	e069	ldr r0,[r4,#0x1c]
00020328	FUN_00020328	00020b9c	00e0	b 0x00020ba0
00020328	FUN_00020328	00020b9e	0620	movs r0,#0x6
00020328	FUN_00020328	00020ba0	b8f1650f	cmp.w r8,#0x65
00020328	FUN_00020328	00020ba4	8146	mov r9,r0
00020328	FUN_00020328	00020ba6	06d0	beq 0x00020bb6
00020328	FUN_00020328	00020ba8	b8f1660f	cmp.w r8,#0x66
00020328	FUN_00020328	00020bac	18d0	beq 0x00020be0
00020328	FUN_00020328	00020bae	b8f1670f	cmp.w r8,#0x67
00020328	FUN_00020328	00020bb2	70d1	bne 0x00020c96
00020328	FUN_00020328	00020bb4	31e0	b 0x00020c1a
00020328	FUN_00020328	00020bb6	0020	movs r0,#0x0
00020328	FUN_00020328	00020bb8	b9f1110f	cmp.w r9,#0x11
00020328	FUN_00020328	00020bbc	0090	str r0,[sp,#0x0]
00020328	FUN_00020328	00020bbe	01db	blt 0x00020bc4
00020328	FUN_00020328	00020bc0	1123	movs r3,#0x11
00020328	FUN_00020328	00020bc2	01e0	b 0x00020bc8
00020328	FUN_00020328	00020bc4	09f10103	add.w r3,r9,#0x1
00020328	FUN_00020328	00020bc8	0aaa	add r2,sp,#0x28
00020328	FUN_00020328	00020bca	01a9	add r1,sp,#0x4
00020328	FUN_00020328	00020bcc	0ca8	add r0,sp,#0x30
00020328	FUN_00020328	00020bce	fff7e2fe	bl 0x00020996
00020328	FUN_00020328	00020bd2	dde90c70	ldrd r7,r0,[sp,#0x30]
00020328	FUN_00020328	00020bd6	0026	movs r6,#0x0
00020328	FUN_00020328	00020bd8	09f10105	add.w r5,r9,#0x1
00020328	FUN_00020328	00020bdc	8346	mov r11,r0
00020328	FUN_00020328	00020bde	47e0	b 0x00020c70
00020328	FUN_00020328	00020be0	0120	movs r0,#0x1
00020328	FUN_00020328	00020be2	4b46	mov r3,r9
00020328	FUN_00020328	00020be4	0090	str r0,[sp,#0x0]
00020328	FUN_00020328	00020be6	4ff00047	mov.w r7,#0x80000000
00020328	FUN_00020328	00020bea	0aaa	add r2,sp,#0x28
00020328	FUN_00020328	00020bec	01a9	add r1,sp,#0x4
00020328	FUN_00020328	00020bee	0ca8	add r0,sp,#0x30
00020328	FUN_00020328	00020bf0	fff7d1fe	bl 0x00020996
00020328	FUN_00020328	00020bf4	dde90db0	ldrd r11,r0,[sp,#0x34]
00020328	FUN_00020328	00020bf8	0c99	ldr r1,[sp,#0x30]
00020328	FUN_00020328	00020bfa	5d46	mov r5,r11
00020328	FUN_00020328	00020bfc	0026	movs r6,#0x0
00020328	FUN_00020328	00020bfe	10b9	cbnz r0,0x00020c06
00020328	FUN_00020328	00020c00	09f10100	add.w r0,r9,#0x1
00020328	FUN_00020328	00020c04	0d18	adds r5,r1,r0
00020328	FUN_00020328	00020c06	b9eb0500	subs.w r0,r9,r5
00020328	FUN_00020328	00020c0a	03d4	bmi 0x00020c14
00020328	FUN_00020328	00020c0c	c0f1ff36	rsb.w r6,r0,#0xffffffff
00020328	FUN_00020328	00020c10	09f10105	add.w r5,r9,#0x1
00020328	FUN_00020328	00020c14	a5eb0900	sub.w r0,r5,r9
00020328	FUN_00020328	00020c18	2be0	b 0x00020c72
00020328	FUN_00020328	00020c1a	b9f1010f	cmp.w r9,#0x1
00020328	FUN_00020328	00020c1e	01da	bge 0x00020c24
00020328	FUN_00020328	00020c20	4ff00109	mov.w r9,#0x1
00020328	FUN_00020328	00020c24	0020	movs r0,#0x0
00020328	FUN_00020328	00020c26	b9f1110f	cmp.w r9,#0x11
00020328	FUN_00020328	00020c2a	0090	str r0,[sp,#0x0]
00020328	FUN_00020328	00020c2c	4846	mov r0,r9
00020328	FUN_00020328	00020c2e	01dd	ble 0x00020c34
00020328	FUN_00020328	00020c30	1123	movs r3,#0x11
00020328	FUN_00020328	00020c32	00e0	b 0x00020c36
00020328	FUN_00020328	00020c34	0346	mov r3,r0
00020328	FUN_00020328	00020c36	0aaa	add r2,sp,#0x28
00020328	FUN_00020328	00020c38	01a9	add r1,sp,#0x4
00020328	FUN_00020328	00020c3a	0ca8	add r0,sp,#0x30
00020328	FUN_00020328	00020c3c	fff7abfe	bl 0x00020996
00020328	FUN_00020328	00020c40	dde90c70	ldrd r7,r0,[sp,#0x30]
00020328	FUN_00020328	00020c44	4d46	mov r5,r9
00020328	FUN_00020328	00020c46	0026	movs r6,#0x0
00020328	FUN_00020328	00020c48	8346	mov r11,r0
00020328	FUN_00020328	00020c4a	2078	ldrb r0,[r4,#0x0]
00020328	FUN_00020328	00020c4c	0007	lsls r0,r0,#0x1c
00020328	FUN_00020328	00020c4e	0ad4	bmi 0x00020c66
00020328	FUN_00020328	00020c50	ab45	cmp r11,r5
00020328	FUN_00020328	00020c52	00da	bge 0x00020c56
00020328	FUN_00020328	00020c54	5d46	mov r5,r11
00020328	FUN_00020328	00020c56	01a8	add r0,sp,#0x4
00020328	FUN_00020328	00020c58	012d	cmp r5,#0x1
00020328	FUN_00020328	00020c5a	04dd	ble 0x00020c66
00020328	FUN_00020328	00020c5c	4119	adds r1,r0,r5
00020328	FUN_00020328	00020c5e	11f8011c	ldrb.w r1,[r1,#-0x1]
00020328	FUN_00020328	00020c62	3029	cmp r1,#0x30
00020328	FUN_00020328	00020c64	07d0	beq 0x00020c76
00020328	FUN_00020328	00020c66	4f45	cmp r7,r9
00020328	FUN_00020328	00020c68	02da	bge 0x00020c70
00020328	FUN_00020328	00020c6a	17f1040f	cmn r7,#0x4
00020328	FUN_00020328	00020c6e	04da	bge 0x00020c7a
00020328	FUN_00020328	00020c70	0120	movs r0,#0x1
00020328	FUN_00020328	00020c72	8246	mov r10,r0
00020328	FUN_00020328	00020c74	0fe0	b 0x00020c96
00020328	FUN_00020328	00020c76	6d1e	subs r5,r5,#0x1
00020328	FUN_00020328	00020c78	eee7	b 0x00020c58
00020328	FUN_00020328	00020c7a	002f	cmp r7,#0x0
00020328	FUN_00020328	00020c7c	02dc	bgt 0x00020c84
00020328	FUN_00020328	00020c7e	ed1b	subs r5,r5,r7
00020328	FUN_00020328	00020c80	3e44	add r6,r7
00020328	FUN_00020328	00020c82	03e0	b 0x00020c8c
00020328	FUN_00020328	00020c84	781c	adds r0,r7,#0x1
00020328	FUN_00020328	00020c86	a842	cmp r0,r5
00020328	FUN_00020328	00020c88	00dd	ble 0x00020c8c
00020328	FUN_00020328	00020c8a	7d1c	adds r5,r7,#0x1
00020328	FUN_00020328	00020c8c	b81b	subs r0,r7,r6
00020328	FUN_00020328	00020c8e	00f1010a	add.w r10,r0,#0x1
00020328	FUN_00020328	00020c92	4ff00047	mov.w r7,#0x80000000
00020328	FUN_00020328	00020c96	2078	ldrb r0,[r4,#0x0]
00020328	FUN_00020328	00020c98	0007	lsls r0,r0,#0x1c
00020328	FUN_00020328	00020c9a	03d4	bmi 0x00020ca4
00020328	FUN_00020328	00020c9c	aa45	cmp r10,r5
00020328	FUN_00020328	00020c9e	01db	blt 0x00020ca4
00020328	FUN_00020328	00020ca0	4ff0ff3a	mov.w r10,#0xffffffff
00020328	FUN_00020328	00020ca4	0021	movs r1,#0x0
00020328	FUN_00020328	00020ca6	b7f1004f	cmp.w r7,#0x80000000
00020328	FUN_00020328	00020caa	0df14308	add.w r8,sp,#0x43
00020328	FUN_00020328	00020cae	8df84310	strb.w r1,[sp,#0x43]
00020328	FUN_00020328	00020cb2	24d0	beq 0x00020cfe
00020328	FUN_00020328	00020cb4	0220	movs r0,#0x2
00020328	FUN_00020328	00020cb6	2b23	movs r3,#0x2b
00020328	FUN_00020328	00020cb8	002f	cmp r7,#0x0
00020328	FUN_00020328	00020cba	01da	bge 0x00020cc0
00020328	FUN_00020328	00020cbc	7f42	rsbs r7,r7
00020328	FUN_00020328	00020cbe	2d23	movs r3,#0x2d
00020328	FUN_00020328	00020cc0	0a21	movs r1,#0xa
00020328	FUN_00020328	00020cc2	021e	subs r2,r0,#0x0
00020328	FUN_00020328	00020cc4	a0f10100	sub.w r0,r0,#0x1
00020328	FUN_00020328	00020cc8	00dc	bgt 0x00020ccc
00020328	FUN_00020328	00020cca	5fb1	cbz r7,0x00020ce4
00020328	FUN_00020328	00020ccc	97fbf1fc	sdiv r12,r7,r1
00020328	FUN_00020328	00020cd0	97fbf1f2	sdiv r2,r7,r1
00020328	FUN_00020328	00020cd4	01fb1c7c	mls r12,r1,r12,r7
00020328	FUN_00020328	00020cd8	1746	mov r7,r2
00020328	FUN_00020328	00020cda	0cf1300c	add.w r12,r12,#0x30
00020328	FUN_00020328	00020cde	08f801cd	strb.w r12,[r8,#-0x1]!
00020328	FUN_00020328	00020ce2	eee7	b 0x00020cc2
00020328	FUN_00020328	00020ce4	a8f10100	sub.w r0,r8,#0x1
00020328	FUN_00020328	00020ce8	0370	strb r3,[r0,#0x0]
00020328	FUN_00020328	00020cea	2188	ldrh r1,[r4,#0x0]
00020328	FUN_00020328	00020cec	0905	lsls r1,r1,#0x14
00020328	FUN_00020328	00020cee	01d5	bpl 0x00020cf4
00020328	FUN_00020328	00020cf0	4521	movs r1,#0x45
00020328	FUN_00020328	00020cf2	00e0	b 0x00020cf6
00020328	FUN_00020328	00020cf4	6521	movs r1,#0x65
00020328	FUN_00020328	00020cf6	a0f10108	sub.w r8,r0,#0x1
00020328	FUN_00020328	00020cfa	00f8011c	strb.w r1,[r0,#-0x1]
00020328	FUN_00020328	00020cfe	0998	ldr r0,[sp,#0x24]
00020328	FUN_00020328	00020d00	0fa9	add r1,sp,#0x3c
00020328	FUN_00020328	00020d02	a1eb0807	sub.w r7,r1,r8
00020328	FUN_00020328	00020d06	ff1d	adds r7,r7,#0x7
00020328	FUN_00020328	00020d08	00b1	cbz r0,0x00020d0c
00020328	FUN_00020328	00020d0a	0120	movs r0,#0x1
00020328	FUN_00020328	00020d0c	4119	adds r1,r0,r5
00020328	FUN_00020328	00020d0e	01ebea70	add.w r0,r1,r10, asr #0x1f
00020328	FUN_00020328	00020d12	a169	ldr r1,[r4,#0x18]
00020328	FUN_00020328	00020d14	3844	add r0,r7
00020328	FUN_00020328	00020d16	081a	subs r0,r1,r0
00020328	FUN_00020328	00020d18	401e	subs r0,r0,#0x1
00020328	FUN_00020328	00020d1a	a061	str r0,[r4,#0x18]
00020328	FUN_00020328	00020d1c	2078	ldrb r0,[r4,#0x0]
00020328	FUN_00020328	00020d1e	c006	lsls r0,r0,#0x1b
00020328	FUN_00020328	00020d20	02d4	bmi 0x00020d28
00020328	FUN_00020328	00020d22	2046	mov r0,r4
00020328	FUN_00020328	00020d24	fff7b2fb	bl 0x0002048c
00020328	FUN_00020328	00020d28	0998	ldr r0,[sp,#0x24]
00020328	FUN_00020328	00020d2a	28b1	cbz r0,0x00020d38
00020328	FUN_00020328	00020d2c	d4e90121	ldrd r2,r1,[r4,#0x4]
00020328	FUN_00020328	00020d30	9047	blx r2
00020328	FUN_00020328	00020d32	206a	ldr r0,[r4,#0x20]
00020328	FUN_00020328	00020d34	401c	adds r0,r0,#0x1
00020328	FUN_00020328	00020d36	2062	str r0,[r4,#0x20]
00020328	FUN_00020328	00020d38	2078	ldrb r0,[r4,#0x0]
00020328	FUN_00020328	00020d3a	c006	lsls r0,r0,#0x1b
00020328	FUN_00020328	00020d3c	22d5	bpl 0x00020d84
00020328	FUN_00020328	00020d3e	2046	mov r0,r4
00020328	FUN_00020328	00020d40	fff7a4fb	bl 0x0002048c
00020328	FUN_00020328	00020d44	1ee0	b 0x00020d84
00020328	FUN_00020328	00020d46	002e	cmp r6,#0x0
00020328	FUN_00020328	00020d48	04db	blt 0x00020d54
00020328	FUN_00020328	00020d4a	b345	cmp r11,r6
00020328	FUN_00020328	00020d4c	02dd	ble 0x00020d54
00020328	FUN_00020328	00020d4e	01a8	add r0,sp,#0x4
00020328	FUN_00020328	00020d50	805d	ldrb r0,[r0,r6]
00020328	FUN_00020328	00020d52	00e0	b 0x00020d56
00020328	FUN_00020328	00020d54	3020	movs r0,#0x30
00020328	FUN_00020328	00020d56	d4e90121	ldrd r2,r1,[r4,#0x4]
00020328	FUN_00020328	00020d5a	9047	blx r2
00020328	FUN_00020328	00020d5c	206a	ldr r0,[r4,#0x20]
00020328	FUN_00020328	00020d5e	401c	adds r0,r0,#0x1
00020328	FUN_00020328	00020d60	2062	str r0,[r4,#0x20]
00020328	FUN_00020328	00020d62	761c	adds r6,r6,#0x1
00020328	FUN_00020328	00020d64	aaf10100	sub.w r0,r10,#0x1
00020328	FUN_00020328	00020d68	5fea000a	movs.w r10,r0
00020328	FUN_00020328	00020d6c	0ad1	bne 0x00020d84
00020328	FUN_00020328	00020d6e	00f04df8	bl 0x00020e0c
00020328	FUN_00020328	00020d72	c068	ldr r0,[r0,#0xc]
00020328	FUN_00020328	00020d74	0168	ldr r1,[r0,#0x0]
00020328	FUN_00020328	00020d76	405c	ldrb r0,[r0,r1]
00020328	FUN_00020328	00020d78	d4e90121	ldrd r2,r1,[r4,#0x4]
00020328	FUN_00020328	00020d7c	9047	blx r2
00020328	FUN_00020328	00020d7e	206a	ldr r0,[r4,#0x20]
00020328	FUN_00020328	00020d80	401c	adds r0,r0,#0x1
00020328	FUN_00020328	00020d82	2062	str r0,[r4,#0x20]
00020328	FUN_00020328	00020d84	281e	subs r0,r5,#0x0
00020328	FUN_00020328	00020d86	a5f10105	sub.w r5,r5,#0x1
00020328	FUN_00020328	00020d8a	dcdc	bgt 0x00020d46
00020328	FUN_00020328	00020d8c	07e0	b 0x00020d9e
00020328	FUN_00020328	00020d8e	d4e90121	ldrd r2,r1,[r4,#0x4]
00020328	FUN_00020328	00020d92	18f8010b	ldrb.w r0,[r8],#0x1
00020328	FUN_00020328	00020d96	9047	blx r2
00020328	FUN_00020328	00020d98	206a	ldr r0,[r4,#0x20]
00020328	FUN_00020328	00020d9a	401c	adds r0,r0,#0x1
00020328	FUN_00020328	00020d9c	2062	str r0,[r4,#0x20]
00020328	FUN_00020328	00020d9e	381e	subs r0,r7,#0x0
00020328	FUN_00020328	00020da0	a7f10107	sub.w r7,r7,#0x1
00020328	FUN_00020328	00020da4	f3dc	bgt 0x00020d8e
00020328	FUN_00020328	00020da6	2046	mov r0,r4
00020328	FUN_00020328	00020da8	fff786fb	bl 0x000204b8
00020328	FUN_00020328	00020dac	0320	movs r0,#0x3
00020328	FUN_00020328	00020dae	11b0	add sp,#0x44
00020328	FUN_00020328	00020db0	41e6	b 0x00020a36
00020328	FUN_00020328	00020db2	10b5	push {r4,lr}
00020328	FUN_00020328	00020db4	4369	ldr r3,[r0,#0x14]
00020328	FUN_00020328	00020db6	13b1	cbz r3,0x00020dbe
00020328	FUN_00020328	00020db8	aff30080	nop.w
00020328	FUN_00020328	00020dbc	01e0	b 0x00020dc2
00020328	FUN_00020328	00020dbe	fff78cfb	bl 0x000204da
00020328	FUN_00020328	00020dc2	0120	movs r0,#0x1
00020328	FUN_00020328	00020dc4	10bd	pop {r4,pc}
00020328	FUN_00020328	00020dd6	1168	ldr r1,[r2,#0x0]
00020328	FUN_00020328	00020dd8	4ff0ff32	mov.w r2,#0xffffffff
00020328	FUN_00020328	00020ddc	e9e7	b 0x00020db2
00020344	FUN_00020344	00020344	1fb5	push {r0,r1,r2,r3,r4,lr}
00020344	FUN_00020344	00020346	07f06ffc	bl 0x00027c28
00020344	FUN_00020344	0002034a	9de80300	ldm.w sp,{r0,r1}
00020344	FUN_00020344	0002034e	00f087fa	bl 0x00020860
00020344	FUN_00020344	00020352	00f05bfd	bl 0x00020e0c
00020344	FUN_00020344	00020356	0400	movs r4,r0
00020344	FUN_00020344	00020358	0020	movs r0,#0x0
00020344	FUN_00020344	0002035a	0021	movs r1,#0x0
00020344	FUN_00020344	0002035c	06f074fe	bl 0x00027048
00020344	FUN_00020344	00020360	e060	str r0,[r4,#0xc]
00020344	FUN_00020344	00020362	1fbd	pop {r0,r1,r2,r3,r4,pc}
00020364	FUN_00020364	00020364	10b5	push {r4,lr}
00020364	FUN_00020364	00020366	10bd	pop {r4,pc}
00020368	__rt_entry	00020368	00f08efe	bl 0x00021088
00020368	__rt_entry	0002036c	1146	mov r1,r2
00020368	__rt_entry	0002036e	fff7e9ff	bl 0x00020344
00020368	__rt_entry	00020372	04f0bfff	bl 0x000252f4
00020368	__rt_entry	00020376	00f0acfe	bl 0x000210d2
00020368	__rt_entry	0002037a	03b4	push {r0,r1}
00020368	__rt_entry	0002037c	fff7f2ff	bl 0x00020364
00020368	__rt_entry	00020380	03bc	pop {r0,r1}
00020368	__rt_entry	00020382	00f01dff	bl 0x000211c0
00020368	__rt_entry	00020386	0000	movs r0,r0
00020388	Reset_Handler	00020388	0948	ldr r0,[0x000203b0]
00020388	Reset_Handler	0002038a	8047	blx r0
00020388	Reset_Handler	0002038c	0948	ldr r0,[0x000203b4]
00020388	Reset_Handler	0002038e	0047	bx r0
00020390	NMI_Handler	00020390	fee7	b 0x00020390
00020392	HardFault_Handler	00020392	fee7	b 0x00020392
00020394	MemManage_Handler	00020394	fee7	b 0x00020394
00020396	BusFault_Handler	00020396	fee7	b 0x00020396
00020398	UsageFault_Handler	00020398	fee7	b 0x00020398
0002039a	SVC_Handler	0002039a	fee7	b 0x0002039a
0002039c	DebugMon_Handler	0002039c	fee7	b 0x0002039c
0002039e	PendSV_Handler	0002039e	fee7	b 0x0002039e
000203a0	SysTick_Handler	000203a0	fee7	b 0x000203a0
000203a2	Default_Handler	000203a2	fee7	b 0x000203a2
000203a4	FUN_000203a4	000203a4	0448	ldr r0,[0x000203b8]
000203a4	FUN_000203a4	000203a6	0549	ldr r1,[0x000203bc]
000203a4	FUN_000203a4	000203a8	054a	ldr r2,[0x000203c0]
000203a4	FUN_000203a4	000203aa	064b	ldr r3,[0x000203c4]
000203a4	FUN_000203a4	000203ac	7047	bx lr
000203c8	FUN_000203c8	000203c8	70b5	push {r4,r5,r6,lr}
000203c8	FUN_000203c8	000203ca	0646	mov r6,r0
000203c8	FUN_000203c8	000203cc	00f02cfa	bl 0x00020828
000203c8	FUN_000203c8	000203d0	0568	ldr r5,[r0,#0x0]
000203c8	FUN_000203c8	000203d2	06f10b00	add.w r0,r6,#0xb
000203c8	FUN_000203c8	000203d6	20f00704	bic r4,r0,#0x7
000203c8	FUN_000203c8	000203da	b442	cmp r4,r6
000203c8	FUN_000203c8	000203dc	9cbf	itt ls
000203c8	FUN_000203c8	000203de	0020	mov.ls r0,#0x0
000203c8	FUN_000203c8	000203e0	70bd	pop.ls {r4,r5,r6,pc}
000203c8	FUN_000203c8	000203e2	2b46	mov r3,r5
000203c8	FUN_000203c8	000203e4	6a68	ldr r2,[r5,#0x4]
000203c8	FUN_000203c8	000203e6	bab1	cbz r2,0x00020418
000203c8	FUN_000203c8	000203e8	1068	ldr r0,[r2,#0x0]
000203c8	FUN_000203c8	000203ea	a042	cmp r0,r4
000203c8	FUN_000203c8	000203ec	10d3	bcc 0x00020410
000203c8	FUN_000203c8	000203ee	04f10801	add.w r1,r4,#0x8
000203c8	FUN_000203c8	000203f2	8842	cmp r0,r1
000203c8	FUN_000203c8	000203f4	3cbf	itt cc
000203c8	FUN_000203c8	000203f6	5068	ldr.cc r0,[r2,#0x4]
000203c8	FUN_000203c8	000203f8	5860	str.cc r0,[r3,#0x4]
000203c8	FUN_000203c8	000203fa	07d3	bcc 0x0002040c
000203c8	FUN_000203c8	000203fc	5168	ldr r1,[r2,#0x4]
000203c8	FUN_000203c8	000203fe	1019	adds r0,r2,r4
000203c8	FUN_000203c8	00020400	4160	str r1,[r0,#0x4]
000203c8	FUN_000203c8	00020402	1168	ldr r1,[r2,#0x0]
000203c8	FUN_000203c8	00020404	091b	subs r1,r1,r4
000203c8	FUN_000203c8	00020406	0160	str r1,[r0,#0x0]
000203c8	FUN_000203c8	00020408	5860	str r0,[r3,#0x4]
000203c8	FUN_000203c8	0002040a	1460	str r4,[r2,#0x0]
000203c8	FUN_000203c8	0002040c	101d	adds r0,r2,#0x4
000203c8	FUN_000203c8	0002040e	70bd	pop {r4,r5,r6,pc}
000203c8	FUN_000203c8	00020410	1346	mov r3,r2
000203c8	FUN_000203c8	00020412	5268	ldr r2,[r2,#0x4]
000203c8	FUN_000203c8	00020414	002a	cmp r2,#0x0
000203c8	FUN_000203c8	00020416	e7d1	bne 0x000203e8
000203c8	FUN_000203c8	00020418	2146	mov r1,r4
000203c8	FUN_000203c8	0002041a	2846	mov r0,r5
000203c8	FUN_000203c8	0002041c	00f00cfa	bl 0x00020838
000203c8	FUN_000203c8	00020420	0028	cmp r0,#0x0
000203c8	FUN_000203c8	00020422	ded1	bne 0x000203e2
000203c8	FUN_000203c8	00020424	70bd	pop {r4,r5,r6,pc}
00020474	debug_printf	00020474	0fb4	push {r0,r1,r2,r3}
00020474	debug_printf	00020476	0449	ldr r1,[0x00020488]
00020474	debug_printf	00020478	10b5	push {r4,lr}
00020474	debug_printf	0002047a	03aa	add r2,sp,#0xc
00020474	debug_printf	0002047c	0298	ldr r0,[sp,#0x8]
00020474	debug_printf	0002047e	00f0affc	bl 0x00020de0
00020474	debug_printf	00020482	10bc	pop {r4}
00020474	debug_printf	00020484	5df814fb	ldr.w pc,[sp],#0x14
0002048c	FUN_0002048c	0002048c	70b5	push {r4,r5,r6,lr}
0002048c	FUN_0002048c	0002048e	0446	mov r4,r0
0002048c	FUN_0002048c	00020490	8569	ldr r5,[r0,#0x18]
0002048c	FUN_0002048c	00020492	0068	ldr r0,[r0,#0x0]
0002048c	FUN_0002048c	00020494	c106	lsls r1,r0,#0x1b
0002048c	FUN_0002048c	00020496	01d5	bpl 0x0002049c
0002048c	FUN_0002048c	00020498	3026	movs r6,#0x30
0002048c	FUN_0002048c	0002049a	00e0	b 0x0002049e
0002048c	FUN_0002048c	0002049c	2026	movs r6,#0x20
0002048c	FUN_0002048c	0002049e	c007	lsls r0,r0,#0x1f
0002048c	FUN_0002048c	000204a0	07d0	beq 0x000204b2
0002048c	FUN_0002048c	000204a2	70bd	pop {r4,r5,r6,pc}
0002048c	FUN_0002048c	000204a4	d4e90121	ldrd r2,r1,[r4,#0x4]
0002048c	FUN_0002048c	000204a8	3046	mov r0,r6
0002048c	FUN_0002048c	000204aa	9047	blx r2
0002048c	FUN_0002048c	000204ac	206a	ldr r0,[r4,#0x20]
0002048c	FUN_0002048c	000204ae	401c	adds r0,r0,#0x1
0002048c	FUN_0002048c	000204b0	2062	str r0,[r4,#0x20]
0002048c	FUN_0002048c	000204b2	6d1e	subs r5,r5,#0x1
0002048c	FUN_0002048c	000204b4	f6d5	bpl 0x000204a4
0002048c	FUN_0002048c	000204b6	70bd	pop {r4,r5,r6,pc}
000204b8	FUN_000204b8	000204b8	70b5	push {r4,r5,r6,lr}
000204b8	FUN_000204b8	000204ba	0446	mov r4,r0
000204b8	FUN_000204b8	000204bc	8569	ldr r5,[r0,#0x18]
000204b8	FUN_000204b8	000204be	0078	ldrb r0,[r0,#0x0]
000204b8	FUN_000204b8	000204c0	c007	lsls r0,r0,#0x1f
000204b8	FUN_000204b8	000204c2	07d1	bne 0x000204d4
000204b8	FUN_000204b8	000204c4	70bd	pop {r4,r5,r6,pc}
000204b8	FUN_000204b8	000204c6	d4e90121	ldrd r2,r1,[r4,#0x4]
000204b8	FUN_000204b8	000204ca	2020	movs r0,#0x20
000204b8	FUN_000204b8	000204cc	9047	blx r2
000204b8	FUN_000204b8	000204ce	206a	ldr r0,[r4,#0x20]
000204b8	FUN_000204b8	000204d0	401c	adds r0,r0,#0x1
000204b8	FUN_000204b8	000204d2	2062	str r0,[r4,#0x20]
000204b8	FUN_000204b8	000204d4	6d1e	subs r5,r5,#0x1
000204b8	FUN_000204b8	000204d6	f6d5	bpl 0x000204c6
000204b8	FUN_000204b8	000204d8	70bd	pop {r4,r5,r6,pc}
000204da	FUN_000204da	000204da	70b5	push {r4,r5,r6,lr}
000204da	FUN_000204da	000204dc	0c46	mov r4,r1
000204da	FUN_000204da	000204de	0546	mov r5,r0
000204da	FUN_000204da	000204e0	012a	cmp r2,#0x1
000204da	FUN_000204da	000204e2	05d0	beq 0x000204f0
000204da	FUN_000204da	000204e4	2878	ldrb r0,[r5,#0x0]
000204da	FUN_000204da	000204e6	8006	lsls r0,r0,#0x1a
000204da	FUN_000204da	000204e8	00d5	bpl 0x000204ec
000204da	FUN_000204da	000204ea	ea69	ldr r2,[r5,#0x1c]
000204da	FUN_000204da	000204ec	0023	movs r3,#0x0
000204da	FUN_000204da	000204ee	02e0	b 0x000204f6
000204da	FUN_000204da	000204f0	0123	movs r3,#0x1
000204da	FUN_000204da	000204f2	05e0	b 0x00020500
000204da	FUN_000204da	000204f4	5b1c	adds r3,r3,#0x1
000204da	FUN_000204da	000204f6	9342	cmp r3,r2
000204da	FUN_000204da	000204f8	02d2	bcs 0x00020500
000204da	FUN_000204da	000204fa	e05c	ldrb r0,[r4,r3]
000204da	FUN_000204da	000204fc	0028	cmp r0,#0x0
000204da	FUN_000204da	000204fe	f9d1	bne 0x000204f4
000204da	FUN_000204da	00020500	a869	ldr r0,[r5,#0x18]
000204da	FUN_000204da	00020502	e618	adds r6,r4,r3
000204da	FUN_000204da	00020504	c01a	subs r0,r0,r3
000204da	FUN_000204da	00020506	a861	str r0,[r5,#0x18]
000204da	FUN_000204da	00020508	286a	ldr r0,[r5,#0x20]
000204da	FUN_000204da	0002050a	1844	add r0,r3
000204da	FUN_000204da	0002050c	2862	str r0,[r5,#0x20]
000204da	FUN_000204da	0002050e	2846	mov r0,r5
000204da	FUN_000204da	00020510	fff7bcff	bl 0x0002048c
000204da	FUN_000204da	00020514	04e0	b 0x00020520
000204da	FUN_000204da	00020516	d5e90121	ldrd r2,r1,[r5,#0x4]
000204da	FUN_000204da	0002051a	14f8010b	ldrb.w r0,[r4],#0x1
000204da	FUN_000204da	0002051e	9047	blx r2
000204da	FUN_000204da	00020520	b442	cmp r4,r6
000204da	FUN_000204da	00020522	f8d3	bcc 0x00020516
000204da	FUN_000204da	00020524	2846	mov r0,r5
000204da	FUN_000204da	00020526	fff7c7ff	bl 0x000204b8
000204da	FUN_000204da	0002052a	70bd	pop {r4,r5,r6,pc}
000205fc	FUN_000205fc	000205fc	2de9f05f	push {r4,r5,r6,r7,r8,r9,r10,r11,r12,lr}
000205fc	FUN_000205fc	00020600	8946	mov r9,r1
000205fc	FUN_000205fc	00020602	0446	mov r4,r0
000205fc	FUN_000205fc	00020604	4ff0000a	mov.w r10,#0x0
000205fc	FUN_000205fc	00020608	dff824b1	ldr.w r11,[0x00020730]
000205fc	FUN_000205fc	0002060c	fb44	add r11,pc
000205fc	FUN_000205fc	0002060e	c0f820a0	str.w r10,[r0,#0x20]
000205fc	FUN_000205fc	00020612	2046	mov r0,r4
000205fc	FUN_000205fc	00020614	e168	ldr r1,[r4,#0xc]
000205fc	FUN_000205fc	00020616	8847	blx r1
000205fc	FUN_000205fc	00020618	0028	cmp r0,#0x0
000205fc	FUN_000205fc	0002061a	7dd0	beq 0x00020718
000205fc	FUN_000205fc	0002061c	2528	cmp r0,#0x25
000205fc	FUN_000205fc	0002061e	06d0	beq 0x0002062e
000205fc	FUN_000205fc	00020620	d4e90121	ldrd r2,r1,[r4,#0x4]
000205fc	FUN_000205fc	00020624	9047	blx r2
000205fc	FUN_000205fc	00020626	206a	ldr r0,[r4,#0x20]
000205fc	FUN_000205fc	00020628	401c	adds r0,r0,#0x1
000205fc	FUN_000205fc	0002062a	2062	str r0,[r4,#0x20]
000205fc	FUN_000205fc	0002062c	f1e7	b 0x00020612
000205fc	FUN_000205fc	0002062e	0025	movs r5,#0x0
000205fc	FUN_000205fc	00020630	5f46	mov r7,r11
000205fc	FUN_000205fc	00020632	2046	mov r0,r4
000205fc	FUN_000205fc	00020634	e168	ldr r1,[r4,#0xc]
000205fc	FUN_000205fc	00020636	8847	blx r1
000205fc	FUN_000205fc	00020638	2028	cmp r0,#0x20
000205fc	FUN_000205fc	0002063a	0646	mov r6,r0
000205fc	FUN_000205fc	0002063c	07db	blt 0x0002064e
000205fc	FUN_000205fc	0002063e	312e	cmp r6,#0x31
000205fc	FUN_000205fc	00020640	05d2	bcs 0x0002064e
000205fc	FUN_000205fc	00020642	b819	adds r0,r7,r6
000205fc	FUN_000205fc	00020644	10f8200c	ldrb.w r0,[r0,#-0x20]
000205fc	FUN_000205fc	00020648	08b1	cbz r0,0x0002064e
000205fc	FUN_000205fc	0002064a	0543	orrs r5,r0
000205fc	FUN_000205fc	0002064c	f1e7	b 0x00020632
000205fc	FUN_000205fc	0002064e	a807	lsls r0,r5,#0x1e
000205fc	FUN_000205fc	00020650	01d5	bpl 0x00020656
000205fc	FUN_000205fc	00020652	25f00405	bic r5,r5,#0x4
000205fc	FUN_000205fc	00020656	c4f81ca0	str.w r10,[r4,#0x1c]
000205fc	FUN_000205fc	0002065a	0027	movs r7,#0x0
000205fc	FUN_000205fc	0002065c	c4f818a0	str.w r10,[r4,#0x18]
000205fc	FUN_000205fc	00020660	2a2e	cmp r6,#0x2a
000205fc	FUN_000205fc	00020662	09d0	beq 0x00020678
000205fc	FUN_000205fc	00020664	3046	mov r0,r6
000205fc	FUN_000205fc	00020666	03f0e7fe	bl 0x00024438
000205fc	FUN_000205fc	0002066a	38b3	cbz r0,0x000206bc
000205fc	FUN_000205fc	0002066c	04eb8708	add.w r8,r4,r7, lsl #0x2
000205fc	FUN_000205fc	00020670	303e	subs r6,#0x30
000205fc	FUN_000205fc	00020672	c8f81860	str.w r6,[r8,#0x18]
000205fc	FUN_000205fc	00020676	19e0	b 0x000206ac
000205fc	FUN_000205fc	00020678	59f8041b	ldr.w r1,[r9],#0x4
000205fc	FUN_000205fc	0002067c	2046	mov r0,r4
000205fc	FUN_000205fc	0002067e	04eb8702	add.w r2,r4,r7, lsl #0x2
000205fc	FUN_000205fc	00020682	9161	str r1,[r2,#0x18]
000205fc	FUN_000205fc	00020684	e168	ldr r1,[r4,#0xc]
000205fc	FUN_000205fc	00020686	8847	blx r1
000205fc	FUN_000205fc	00020688	012f	cmp r7,#0x1
000205fc	FUN_000205fc	0002068a	0646	mov r6,r0
000205fc	FUN_000205fc	0002068c	18d1	bne 0x000206c0
000205fc	FUN_000205fc	0002068e	e069	ldr r0,[r4,#0x1c]
000205fc	FUN_000205fc	00020690	0028	cmp r0,#0x0
000205fc	FUN_000205fc	00020692	20da	bge 0x000206d6
000205fc	FUN_000205fc	00020694	25f02005	bic r5,r5,#0x20
000205fc	FUN_000205fc	00020698	1de0	b 0x000206d6
000205fc	FUN_000205fc	0002069a	d8f81800	ldr.w r0,[r8,#0x18]
000205fc	FUN_000205fc	0002069e	00eb8000	add.w r0,r0,r0, lsl #0x2
000205fc	FUN_000205fc	000206a2	06eb4000	add.w r0,r6,r0, lsl #0x1
000205fc	FUN_000205fc	000206a6	3038	subs r0,#0x30
000205fc	FUN_000205fc	000206a8	c8f81800	str.w r0,[r8,#0x18]
000205fc	FUN_000205fc	000206ac	2046	mov r0,r4
000205fc	FUN_000205fc	000206ae	e168	ldr r1,[r4,#0xc]
000205fc	FUN_000205fc	000206b0	8847	blx r1
000205fc	FUN_000205fc	000206b2	0646	mov r6,r0
000205fc	FUN_000205fc	000206b4	03f0c0fe	bl 0x00024438
000205fc	FUN_000205fc	000206b8	0028	cmp r0,#0x0
000205fc	FUN_000205fc	000206ba	eed1	bne 0x0002069a
000205fc	FUN_000205fc	000206bc	012f	cmp r7,#0x1
000205fc	FUN_000205fc	000206be	0ad0	beq 0x000206d6
000205fc	FUN_000205fc	000206c0	2e2e	cmp r6,#0x2e
000205fc	FUN_000205fc	000206c2	08d1	bne 0x000206d6
000205fc	FUN_000205fc	000206c4	2046	mov r0,r4
000205fc	FUN_000205fc	000206c6	e168	ldr r1,[r4,#0xc]
000205fc	FUN_000205fc	000206c8	8847	blx r1
000205fc	FUN_000205fc	000206ca	7f1c	adds r7,r7,#0x1
000205fc	FUN_000205fc	000206cc	0646	mov r6,r0
000205fc	FUN_000205fc	000206ce	022f	cmp r7,#0x2
000205fc	FUN_000205fc	000206d0	45f02005	orr r5,r5,#0x20
000205fc	FUN_000205fc	000206d4	c4db	blt 0x00020660
000205fc	FUN_000205fc	000206d6	a069	ldr r0,[r4,#0x18]
000205fc	FUN_000205fc	000206d8	0028	cmp r0,#0x0
000205fc	FUN_000205fc	000206da	03da	bge 0x000206e4
000205fc	FUN_000205fc	000206dc	4042	rsbs r0,r0
000205fc	FUN_000205fc	000206de	45f00105	orr r5,r5,#0x1
000205fc	FUN_000205fc	000206e2	a061	str r0,[r4,#0x18]
000205fc	FUN_000205fc	000206e4	e807	lsls r0,r5,#0x1f
000205fc	FUN_000205fc	000206e6	01d0	beq 0x000206ec
000205fc	FUN_000205fc	000206e8	25f01005	bic r5,r5,#0x10
000205fc	FUN_000205fc	000206ec	a6b1	cbz r6,0x00020718
000205fc	FUN_000205fc	000206ee	a6f14100	sub.w r0,r6,#0x41
000205fc	FUN_000205fc	000206f2	1928	cmp r0,#0x19
000205fc	FUN_000205fc	000206f4	02d8	bhi 0x000206fc
000205fc	FUN_000205fc	000206f6	2036	adds r6,#0x20
000205fc	FUN_000205fc	000206f8	45f40065	orr r5,r5,#0x800
000205fc	FUN_000205fc	000206fc	4a46	mov r2,r9
000205fc	FUN_000205fc	000206fe	3146	mov r1,r6
000205fc	FUN_000205fc	00020700	2046	mov r0,r4
000205fc	FUN_000205fc	00020702	2560	str r5,[r4,#0x0]
000205fc	FUN_000205fc	00020704	4d46	mov r5,r9
000205fc	FUN_000205fc	00020706	fff70ffe	bl 0x00020328
000205fc	FUN_000205fc	0002070a	60b1	cbz r0,0x00020726
000205fc	FUN_000205fc	0002070c	0128	cmp r0,#0x1
000205fc	FUN_000205fc	0002070e	07d0	beq 0x00020720
000205fc	FUN_000205fc	00020710	ed1d	adds r5,r5,#0x7
000205fc	FUN_000205fc	00020712	25f00700	bic r0,r5,#0x7
000205fc	FUN_000205fc	00020716	00e0	b 0x0002071a
000205fc	FUN_000205fc	00020718	07e0	b 0x0002072a
000205fc	FUN_000205fc	0002071a	00f10809	add.w r9,r0,#0x8
000205fc	FUN_000205fc	0002071e	78e7	b 0x00020612
000205fc	FUN_000205fc	00020720	05f10409	add.w r9,r5,#0x4
000205fc	FUN_000205fc	00020724	75e7	b 0x00020612
000205fc	FUN_000205fc	00020726	3046	mov r0,r6
000205fc	FUN_000205fc	00020728	7ae7	b 0x00020620
000205fc	FUN_000205fc	0002072a	206a	ldr r0,[r4,#0x20]
000205fc	FUN_000205fc	0002072c	bde8f09f	pop.w {r4,r5,r6,r7,r8,r9,r10,r11,r12,pc}
00020734	runtime_memcpy	00020734	032a	cmp r2,#0x3
00020734	runtime_memcpy	00020736	40f23080	bls.w 0x0002079a
00020734	runtime_memcpy	0002073a	10f0030c	ands r12,r0,#0x3
00020734	runtime_memcpy	0002073e	00f01580	beq.w 0x0002076c
00020734	runtime_memcpy	00020742	11f8013b	ldrb.w r3,[r1],#0x1
00020734	runtime_memcpy	00020746	bcf1020f	cmp.w r12,#0x2
00020734	runtime_memcpy	0002074a	6244	add r2,r12
00020734	runtime_memcpy	0002074c	98bf	it ls
00020734	runtime_memcpy	0002074e	11f801cb	ldrb.ls.w r12,[r1],#0x1
00020734	runtime_memcpy	00020752	00f8013b	strb.w r3,[r0],#0x1
00020734	runtime_memcpy	00020756	38bf	it cc
00020734	runtime_memcpy	00020758	11f8013b	ldrb.cc.w r3,[r1],#0x1
00020734	runtime_memcpy	0002075c	a2f10402	sub.w r2,r2,#0x4
00020734	runtime_memcpy	00020760	98bf	it ls
00020734	runtime_memcpy	00020762	00f801cb	strb.ls.w r12,[r0],#0x1
00020734	runtime_memcpy	00020766	38bf	it cc
00020734	runtime_memcpy	00020768	00f8013b	strb.cc.w r3,[r0],#0x1
00020734	runtime_memcpy	0002076c	11f00303	ands r3,r1,#0x3
00020734	runtime_memcpy	00020770	00f02580	beq.w 0x000207be
00020734	runtime_memcpy	00020774	083a	subs r2,#0x8
00020734	runtime_memcpy	00020776	c0f00880	bcc.w 0x0002078a
00020734	runtime_memcpy	0002077a	51f8043b	ldr.w r3,[r1],#0x4
00020734	runtime_memcpy	0002077e	083a	subs r2,#0x8
00020734	runtime_memcpy	00020780	51f804cb	ldr.w r12,[r1],#0x4
00020734	runtime_memcpy	00020784	a0e80810	stm.w r0!,{r3,r12}
00020734	runtime_memcpy	00020788	f5e7	b 0x00020776
00020734	runtime_memcpy	0002078a	121d	adds r2,r2,#0x4
00020734	runtime_memcpy	0002078c	5cbf	itt pl
00020734	runtime_memcpy	0002078e	51f8043b	ldr.pl.w r3,[r1],#0x4
00020734	runtime_memcpy	00020792	40f8043b	str.w.pl r3,[r0],#0x4
00020734	runtime_memcpy	00020796	aff30080	nop.w
00020734	runtime_memcpy	0002079a	d207	lsls r2,r2,#0x1f
00020734	runtime_memcpy	0002079c	24bf	itt cs
00020734	runtime_memcpy	0002079e	11f8013b	ldrb.cs.w r3,[r1],#0x1
00020734	runtime_memcpy	000207a2	11f801cb	ldrb.cs.w r12,[r1],#0x1
00020734	runtime_memcpy	000207a6	48bf	it mi
00020734	runtime_memcpy	000207a8	11f8012b	ldrb.mi.w r2,[r1],#0x1
00020734	runtime_memcpy	000207ac	24bf	itt cs
00020734	runtime_memcpy	000207ae	00f8013b	strb.cs.w r3,[r0],#0x1
00020734	runtime_memcpy	000207b2	00f801cb	strb.cs.w r12,[r0],#0x1
00020734	runtime_memcpy	000207b6	48bf	it mi
00020734	runtime_memcpy	000207b8	00f8012b	strb.mi.w r2,[r0],#0x1
00020734	runtime_memcpy	000207bc	7047	bx lr
000207be	runtime_memcpy_aligned	000207be	10b5	push {r4,lr}
000207be	runtime_memcpy_aligned	000207c0	203a	subs r2,#0x20
000207be	runtime_memcpy_aligned	000207c2	c0f00b80	bcc.w 0x000207dc
000207be	runtime_memcpy_aligned	000207c6	b1e81850	ldm.w r1!,{r3,r4,r12,lr}
000207be	runtime_memcpy_aligned	000207ca	203a	subs r2,#0x20
000207be	runtime_memcpy_aligned	000207cc	a0e81850	stm.w r0!,{r3,r4,r12,lr}
000207be	runtime_memcpy_aligned	000207d0	b1e81850	ldm.w r1!,{r3,r4,r12,lr}
000207be	runtime_memcpy_aligned	000207d4	a0e81850	stm.w r0!,{r3,r4,r12,lr}
000207be	runtime_memcpy_aligned	000207d8	bff4f5af	bcs.w 0x000207c6
000207be	runtime_memcpy_aligned	000207dc	5fea027c	lsls.w r12,r2,#0x1c
000207be	runtime_memcpy_aligned	000207e0	24bf	itt cs
000207be	runtime_memcpy_aligned	000207e2	b1e81850	ldm.cs.w r1!,{r3,r4,r12,lr}
000207be	runtime_memcpy_aligned	000207e6	a0e81850	stm.cs.w r0!,{r3,r4,r12,lr}
000207be	runtime_memcpy_aligned	000207ea	44bf	itt mi
000207be	runtime_memcpy_aligned	000207ec	18c9	ldmia.mi r1!,{r3,r4}
000207be	runtime_memcpy_aligned	000207ee	18c0	stmia.mi r0!,{r3,r4}
000207be	runtime_memcpy_aligned	000207f0	bde81040	pop.w {r4,lr}
000207be	runtime_memcpy_aligned	000207f4	5fea827c	lsls.w r12,r2,#0x1e
000207be	runtime_memcpy_aligned	000207f8	24bf	itt cs
000207be	runtime_memcpy_aligned	000207fa	51f8043b	ldr.cs.w r3,[r1],#0x4
000207be	runtime_memcpy_aligned	000207fe	40f8043b	str.w.cs r3,[r0],#0x4
000207be	runtime_memcpy_aligned	00020802	08bf	it eq
000207be	runtime_memcpy_aligned	00020804	7047	bx.eq lr
000207be	runtime_memcpy_aligned	00020806	d207	lsls r2,r2,#0x1f
000207be	runtime_memcpy_aligned	00020808	28bf	it cs
000207be	runtime_memcpy_aligned	0002080a	31f8023b	ldrh.cs.w r3,[r1],#0x2
000207be	runtime_memcpy_aligned	0002080e	48bf	it mi
000207be	runtime_memcpy_aligned	00020810	11f8012b	ldrb.mi.w r2,[r1],#0x1
000207be	runtime_memcpy_aligned	00020814	28bf	it cs
000207be	runtime_memcpy_aligned	00020816	20f8023b	strh.cs r3,[r0],#0x2
000207be	runtime_memcpy_aligned	0002081a	48bf	it mi
000207be	runtime_memcpy_aligned	0002081c	00f8012b	strb.mi.w r2,[r0],#0x1
000207be	runtime_memcpy_aligned	00020820	7047	bx lr
00020828	FUN_00020828	00020828	0048	ldr r0,[0x0002082c]
00020828	FUN_00020828	0002082a	7047	bx lr
00020838	FUN_00020838	00020838	38b5	push {r3,r4,r5,lr}
00020838	FUN_00020838	0002083a	0446	mov r4,r0
00020838	FUN_00020838	0002083c	0a46	mov r2,r1
00020838	FUN_00020838	0002083e	0020	movs r0,#0x0
00020838	FUN_00020838	00020840	6946	mov r1,sp
00020838	FUN_00020838	00020842	aff30080	nop.w
00020838	FUN_00020838	00020846	0028	cmp r0,#0x0
00020838	FUN_00020838	00020848	08bf	it eq
00020838	FUN_00020838	0002084a	38bd	pop.eq {r3,r4,r5,pc}
00020838	FUN_00020838	0002084c	0246	mov r2,r0
00020838	FUN_00020838	0002084e	0099	ldr r1,[sp,#0x0]
00020838	FUN_00020838	00020850	2046	mov r0,r4
00020838	FUN_00020838	00020852	00f0e3fa	bl 0x00020e1c
00020838	FUN_00020838	00020856	0120	movs r0,#0x1
00020838	FUN_00020838	00020858	38bd	pop {r3,r4,r5,pc}
00020860	FUN_00020860	00020860	f8b5	push {r3,r4,r5,r6,r7,lr}
00020860	FUN_00020860	00020862	aff30080	nop.w
00020860	FUN_00020860	00020866	0546	mov r5,r0
00020860	FUN_00020860	00020868	0020	movs r0,#0x0
00020860	FUN_00020860	0002086a	0c46	mov r4,r1
00020860	FUN_00020860	0002086c	1020	movs r0,#0x10
00020860	FUN_00020860	0002086e	00bf	nop
00020860	FUN_00020860	00020870	0646	mov r6,r0
00020860	FUN_00020860	00020872	a819	adds r0,r5,r6
00020860	FUN_00020860	00020874	a042	cmp r0,r4
00020860	FUN_00020860	00020876	0dd9	bls 0x00020894
00020860	FUN_00020860	00020878	3246	mov r2,r6
00020860	FUN_00020860	0002087a	6946	mov r1,sp
00020860	FUN_00020860	0002087c	0020	movs r0,#0x0
00020860	FUN_00020860	0002087e	aff30080	nop.w
00020860	FUN_00020860	00020882	0700	movs r7,r0
00020860	FUN_00020860	00020884	08bf	it eq
00020860	FUN_00020860	00020886	00f0f7fb	bl.eq 0x00021078
00020860	FUN_00020860	0002088a	0098	ldr r0,[sp,#0x0]
00020860	FUN_00020860	0002088c	a042	cmp r0,r4
00020860	FUN_00020860	0002088e	18bf	it ne
00020860	FUN_00020860	00020890	0546	mov.ne r5,r0
00020860	FUN_00020860	00020892	c419	adds r4,r0,r7
00020860	FUN_00020860	00020894	fff7c8ff	bl 0x00020828
00020860	FUN_00020860	00020898	0560	str r5,[r0,#0x0]
00020860	FUN_00020860	0002089a	0746	mov r7,r0
00020860	FUN_00020860	0002089c	f01d	adds r0,r6,#0x7
00020860	FUN_00020860	0002089e	20f00700	bic r0,r0,#0x7
00020860	FUN_00020860	000208a2	4619	adds r6,r0,r5
00020860	FUN_00020860	000208a4	2846	mov r0,r5
00020860	FUN_00020860	000208a6	00f00af8	bl 0x000208be
00020860	FUN_00020860	000208aa	b442	cmp r4,r6
00020860	FUN_00020860	000208ac	08bf	it eq
00020860	FUN_00020860	000208ae	f8bd	pop.eq {r3,r4,r5,r6,r7,pc}
00020860	FUN_00020860	000208b0	a21b	subs r2,r4,r6
00020860	FUN_00020860	000208b2	3146	mov r1,r6
00020860	FUN_00020860	000208b4	3868	ldr r0,[r7,#0x0]
00020860	FUN_00020860	000208b6	bde8f840	pop.w {r3,r4,r5,r6,r7,lr}
00020860	FUN_00020860	000208ba	00f0afba	b.w 0x00020e1c
000208be	FUN_000208be	000208be	0021	movs r1,#0x0
000208be	FUN_000208be	000208c0	0160	str r1,[r0,#0x0]
000208be	FUN_000208be	000208c2	c0e90110	strd r1,r0,[r0,#0x4]
000208be	FUN_000208be	000208c6	7047	bx lr
000208d6	FUN_000208d6	000208d6	10b5	push {r4,lr}
000208d6	FUN_000208d6	000208d8	0446	mov r4,r0
000208d6	FUN_000208d6	000208da	00f09bfa	bl 0x00020e14
000208d6	FUN_000208d6	000208de	0460	str r4,[r0,#0x0]
000208d6	FUN_000208d6	000208e0	10bd	pop {r4,pc}
00020996	FUN_00020996	00020996	2de9ff4f	push {r0,r1,r2,r3,r4,r5,r6,r7,r8,r9,r10,r11,lr}
00020996	FUN_00020996	0002099a	0c46	mov r4,r1
00020996	FUN_00020996	0002099c	1e46	mov r6,r3
00020996	FUN_00020996	0002099e	4ff0ff37	mov.w r7,#0xffffffff
00020996	FUN_00020996	000209a2	8bb0	sub sp,#0x2c
00020996	FUN_00020996	000209a4	d2e90001	ldrd r0,r1,[r2,#0x0]
00020996	FUN_00020996	000209a8	ddf86080	ldr.w r8,[sp,#0x60]
00020996	FUN_00020996	000209ac	0a90	str r0,[sp,#0x28]
00020996	FUN_00020996	000209ae	8a46	mov r10,r1
00020996	FUN_00020996	000209b0	c1f30a55	ubfx r5,r1,#0x14,#0xb
00020996	FUN_00020996	000209b4	05b9	cbnz r5,0x000209b8
00020996	FUN_00020996	000209b6	3d46	mov r5,r7
00020996	FUN_00020996	000209b8	0021	movs r1,#0x0
00020996	FUN_00020996	000209ba	0846	mov r0,r1
00020996	FUN_00020996	000209bc	4ff00000	mov.w r0,#0x0
00020996	FUN_00020996	000209c0	baf1000f	cmp.w r10,#0x0
00020996	FUN_00020996	000209c4	00f44000	and r0,r0,#0xc00000
00020996	FUN_00020996	000209c8	05da	bge 0x000209d6
00020996	FUN_00020996	000209ca	00eb8000	add.w r0,r0,r0, lsl #0x2
00020996	FUN_00020996	000209ce	4ff44001	mov.w r1,#0xc00000
00020996	FUN_00020996	000209d2	01ea5000	and.w r0,r1,r0, lsr #0x1
00020996	FUN_00020996	000209d6	4fea9059	lsr.w r9,r0,#0x16
00020996	FUN_00020996	000209da	b9f1010f	cmp.w r9,#0x1
00020996	FUN_00020996	000209de	00dd	ble 0x000209e2
00020996	FUN_00020996	000209e0	b946	mov r9,r7
00020996	FUN_00020996	000209e2	0a98	ldr r0,[sp,#0x28]
00020996	FUN_00020996	000209e4	50ea4a00	orrs.w r0,r0,r10, lsl #0x1
00020996	FUN_00020996	000209e8	0ed0	beq 0x00020a08
00020996	FUN_00020996	000209ea	44f61050	movw r0,#0x4d10
00020996	FUN_00020996	000209ee	a5f2ff35	subw r5,r5,#0x3ff
00020996	FUN_00020996	000209f2	4543	muls r5,r0
00020996	FUN_00020996	000209f4	2f14	asrs r7,r5,#0x10
00020996	FUN_00020996	000209f6	b8f1000f	cmp.w r8,#0x0
00020996	FUN_00020996	000209fa	1ed0	beq 0x00020a3a
00020996	FUN_00020996	000209fc	7542	rsbs r5,r6
00020996	FUN_00020996	000209fe	291e	subs r1,r5,#0x0
00020996	FUN_00020996	00020a00	1edd	ble 0x00020a40
00020996	FUN_00020996	00020a02	c9f10002	rsb.w r2,r9,#0x0
00020996	FUN_00020996	00020a06	1ce0	b 0x00020a42
00020996	FUN_00020996	00020a08	b8f1010f	cmp.w r8,#0x1
00020996	FUN_00020996	00020a0c	4ff00000	mov.w r0,#0x0
00020996	FUN_00020996	00020a10	01d0	beq 0x00020a16
00020996	FUN_00020996	00020a12	3021	movs r1,#0x30
00020996	FUN_00020996	00020a14	03e0	b 0x00020a1e
00020996	FUN_00020996	00020a16	f243	mvns r2,r6
00020996	FUN_00020996	00020a18	05e0	b 0x00020a26
00020996	FUN_00020996	00020a1a	2154	strb r1,[r4,r0]
00020996	FUN_00020996	00020a1c	401c	adds r0,r0,#0x1
00020996	FUN_00020996	00020a1e	b042	cmp r0,r6
00020996	FUN_00020996	00020a20	fbdb	blt 0x00020a1a
00020996	FUN_00020996	00020a22	3046	mov r0,r6
00020996	FUN_00020996	00020a24	0022	movs r2,#0x0
00020996	FUN_00020996	00020a26	0021	movs r1,#0x0
00020996	FUN_00020996	00020a28	2154	strb r1,[r4,r0]
00020996	FUN_00020996	00020a2a	0b99	ldr r1,[sp,#0x2c]
00020996	FUN_00020996	00020a2c	c1f80880	str.w r8,[r1,#0x8]
00020996	FUN_00020996	00020a30	c1e90020	strd r2,r0,[r1,#0x0]
00020996	FUN_00020996	00020a34	0fb0	add sp,#0x3c
00020996	FUN_00020996	00020a36	bde8f08f	pop.w {r4,r5,r6,r7,r8,r9,r10,r11,pc}
00020996	FUN_00020996	00020a3a	bd1b	subs r5,r7,r6
00020996	FUN_00020996	00020a3c	6d1c	adds r5,r5,#0x1
00020996	FUN_00020996	00020a3e	dee7	b 0x000209fe
00020996	FUN_00020996	00020a40	4a46	mov r2,r9
00020996	FUN_00020996	00020a42	00da	bge 0x00020a46
00020996	FUN_00020996	00020a44	6942	rsbs r1,r5
00020996	FUN_00020996	00020a46	06a8	add r0,sp,#0x18
00020996	FUN_00020996	00020a48	00f0a0fa	bl 0x00020f8c
00020996	FUN_00020996	00020a4c	06ab	add r3,sp,#0x18
00020996	FUN_00020996	00020a4e	93e80700	ldm.w r3,{r0,r1,r2}
00020996	FUN_00020996	00020a52	03ab	add r3,sp,#0xc
00020996	FUN_00020996	00020a54	83e80700	stm r3,{r0,r1,r2}
00020996	FUN_00020996	00020a58	5046	mov r0,r10
00020996	FUN_00020996	00020a5a	0a99	ldr r1,[sp,#0x28]
00020996	FUN_00020996	00020a5c	00f0d6fb	bl 0x0002120c
00020996	FUN_00020996	00020a60	8de80700	stm sp,{r0,r1,r2}
00020996	FUN_00020996	00020a64	a0f50050	sub.w r0,r0,#0x2000
00020996	FUN_00020996	00020a68	1f38	subs r0,#0x1f
00020996	FUN_00020996	00020a6a	0090	str r0,[sp,#0x0]
00020996	FUN_00020996	00020a6c	0398	ldr r0,[sp,#0xc]
00020996	FUN_00020996	00020a6e	002d	cmp r5,#0x0
00020996	FUN_00020996	00020a70	0add	ble 0x00020a88
00020996	FUN_00020996	00020a72	42f21f01	movw r1,#0x201f
00020996	FUN_00020996	00020a76	4a46	mov r2,r9
00020996	FUN_00020996	00020a78	0844	add r0,r1
00020996	FUN_00020996	00020a7a	0023	movs r3,#0x0
00020996	FUN_00020996	00020a7c	03a9	add r1,sp,#0xc
00020996	FUN_00020996	00020a7e	0390	str r0,[sp,#0xc]
00020996	FUN_00020996	00020a80	6846	mov r0,sp
00020996	FUN_00020996	00020a82	00f03ffe	bl 0x00021704
00020996	FUN_00020996	00020a86	09e0	b 0x00020a9c
00020996	FUN_00020996	00020a88	a0f50050	sub.w r0,r0,#0x2000
00020996	FUN_00020996	00020a8c	4a46	mov r2,r9
00020996	FUN_00020996	00020a8e	1f38	subs r0,#0x1f
00020996	FUN_00020996	00020a90	0023	movs r3,#0x0
00020996	FUN_00020996	00020a92	03a9	add r1,sp,#0xc
00020996	FUN_00020996	00020a94	0390	str r0,[sp,#0xc]
00020996	FUN_00020996	00020a96	6846	mov r0,sp
00020996	FUN_00020996	00020a98	00f049fe	bl 0x0002172e
00020996	FUN_00020996	00020a9c	8de80700	stm sp,{r0,r1,r2}
00020996	FUN_00020996	00020aa0	0004	lsls r0,r0,#0x10
00020996	FUN_00020996	00020aa2	000c	lsrs r0,r0,#0x10
00020996	FUN_00020996	00020aa4	03d0	beq 0x00020aae
00020996	FUN_00020996	00020aa6	4ff0ff30	mov.w r0,#0xffffffff
00020996	FUN_00020996	00020aaa	4108	lsrs r1,r0,#0x1
00020996	FUN_00020996	00020aac	00e0	b 0x00020ab0
00020996	FUN_00020996	00020aae	1046	mov r0,r2
00020996	FUN_00020996	00020ab0	b8f1000f	cmp.w r8,#0x0
00020996	FUN_00020996	00020ab4	03d0	beq 0x00020abe
00020996	FUN_00020996	00020ab6	0022	movs r2,#0x0
00020996	FUN_00020996	00020ab8	0092	str r2,[sp,#0x0]
00020996	FUN_00020996	00020aba	1546	mov r5,r2
00020996	FUN_00020996	00020abc	1ee0	b 0x00020afc
00020996	FUN_00020996	00020abe	751e	subs r5,r6,#0x1
00020996	FUN_00020996	00020ac0	05d4	bmi 0x00020ace
00020996	FUN_00020996	00020ac2	00f0c5f9	bl 0x00020e50
00020996	FUN_00020996	00020ac6	3032	adds r2,#0x30
00020996	FUN_00020996	00020ac8	6255	strb r2,[r4,r5]
00020996	FUN_00020996	00020aca	6d1e	subs r5,r5,#0x1
00020996	FUN_00020996	00020acc	f9d5	bpl 0x00020ac2
00020996	FUN_00020996	00020ace	b346	mov r11,r6
00020996	FUN_00020996	00020ad0	0122	movs r2,#0x1
00020996	FUN_00020996	00020ad2	0843	orrs r0,r1
00020996	FUN_00020996	00020ad4	02d0	beq 0x00020adc
00020996	FUN_00020996	00020ad6	0022	movs r2,#0x0
00020996	FUN_00020996	00020ad8	7f1c	adds r7,r7,#0x1
00020996	FUN_00020996	00020ada	04e0	b 0x00020ae6
00020996	FUN_00020996	00020adc	2078	ldrb r0,[r4,#0x0]
00020996	FUN_00020996	00020ade	3028	cmp r0,#0x30
00020996	FUN_00020996	00020ae0	01d1	bne 0x00020ae6
00020996	FUN_00020996	00020ae2	0022	movs r2,#0x0
00020996	FUN_00020996	00020ae4	7f1e	subs r7,r7,#0x1
00020996	FUN_00020996	00020ae6	002a	cmp r2,#0x0
00020996	FUN_00020996	00020ae8	0997	str r7,[sp,#0x24]
00020996	FUN_00020996	00020aea	84d0	beq 0x000209f6
00020996	FUN_00020996	00020aec	1de0	b 0x00020b2a
00020996	FUN_00020996	00020aee	112d	cmp r5,#0x11
00020996	FUN_00020996	00020af0	07da	bge 0x00020b02
00020996	FUN_00020996	00020af2	00f0adf9	bl 0x00020e50
00020996	FUN_00020996	00020af6	3032	adds r2,#0x30
00020996	FUN_00020996	00020af8	6255	strb r2,[r4,r5]
00020996	FUN_00020996	00020afa	6d1c	adds r5,r5,#0x1
00020996	FUN_00020996	00020afc	50ea0102	orrs.w r2,r0,r1
00020996	FUN_00020996	00020b00	f5d1	bne 0x00020aee
00020996	FUN_00020996	00020b02	0843	orrs r0,r1
00020996	FUN_00020996	00020b04	02d0	beq 0x00020b0c
00020996	FUN_00020996	00020b06	0098	ldr r0,[sp,#0x0]
00020996	FUN_00020996	00020b08	c8b1	cbz r0,0x00020b3e
00020996	FUN_00020996	00020b0a	0ee0	b 0x00020b2a
00020996	FUN_00020996	00020b0c	0021	movs r1,#0x0
00020996	FUN_00020996	00020b0e	681e	subs r0,r5,#0x1
00020996	FUN_00020996	00020b10	05e0	b 0x00020b1e
00020996	FUN_00020996	00020b12	235c	ldrb r3,[r4,r0]
00020996	FUN_00020996	00020b14	625c	ldrb r2,[r4,r1]
00020996	FUN_00020996	00020b16	6354	strb r3,[r4,r1]
00020996	FUN_00020996	00020b18	2254	strb r2,[r4,r0]
00020996	FUN_00020996	00020b1a	401e	subs r0,r0,#0x1
00020996	FUN_00020996	00020b1c	491c	adds r1,r1,#0x1
00020996	FUN_00020996	00020b1e	8142	cmp r1,r0
00020996	FUN_00020996	00020b20	f7db	blt 0x00020b12
00020996	FUN_00020996	00020b22	ab46	mov r11,r5
00020996	FUN_00020996	00020b24	a81b	subs r0,r5,r6
00020996	FUN_00020996	00020b26	401e	subs r0,r0,#0x1
00020996	FUN_00020996	00020b28	0990	str r0,[sp,#0x24]
00020996	FUN_00020996	00020b2a	0020	movs r0,#0x0
00020996	FUN_00020996	00020b2c	04f80b00	strb.w r0,[r4,r11]
00020996	FUN_00020996	00020b30	0b98	ldr r0,[sp,#0x2c]
00020996	FUN_00020996	00020b32	099a	ldr r2,[sp,#0x24]
00020996	FUN_00020996	00020b34	c0f80880	str.w r8,[r0,#0x8]
00020996	FUN_00020996	00020b38	c0e9002b	strd r2,r11,[r0,#0x0]
00020996	FUN_00020996	00020b3c	7ae7	b 0x00020a34
00020996	FUN_00020996	00020b3e	1126	movs r6,#0x11
00020996	FUN_00020996	00020b40	4ff00008	mov.w r8,#0x0
00020996	FUN_00020996	00020b44	57e7	b 0x000209f6
00020de0	FUN_00020de0	00020de0	074b	ldr r3,[0x00020e00]
00020de0	FUN_00020de0	00020de2	70b5	push {r4,r5,r6,lr}
00020de0	FUN_00020de0	00020de4	0d46	mov r5,r1
00020de0	FUN_00020de0	00020de6	7b44	add r3,pc
00020de0	FUN_00020de0	00020de8	00f07df8	bl 0x00020ee6
00020de0	FUN_00020de0	00020dec	0446	mov r4,r0
00020de0	FUN_00020de0	00020dee	2846	mov r0,r5
00020de0	FUN_00020de0	00020df0	00f03ef9	bl 0x00021070
00020de0	FUN_00020de0	00020df4	10b1	cbz r0,0x00020dfc
00020de0	FUN_00020de0	00020df6	4ff0ff30	mov.w r0,#0xffffffff
00020de0	FUN_00020de0	00020dfa	70bd	pop {r4,r5,r6,pc}
00020de0	FUN_00020de0	00020dfc	2046	mov r0,r4
00020de0	FUN_00020de0	00020dfe	70bd	pop {r4,r5,r6,pc}
00020e04	FUN_00020e04	00020e04	0048	ldr r0,[0x00020e08]
00020e04	FUN_00020e04	00020e06	7047	bx lr
00020e0c	FUN_00020e0c	00020e0c	0048	ldr r0,[0x00020e10]
00020e0c	FUN_00020e0c	00020e0e	7047	bx lr
00020e14	FUN_00020e14	00020e14	0048	ldr r0,[0x00020e18]
00020e14	FUN_00020e14	00020e16	7047	bx lr
00020e1c	FUN_00020e1c	00020426	70b5	push {r4,r5,r6,lr}
00020e1c	FUN_00020e1c	00020428	0446	mov r4,r0
00020e1c	FUN_00020e1c	0002042a	051f	subs r5,r0,#0x4
00020e1c	FUN_00020e1c	0002042c	00f0fcf9	bl 0x00020828
00020e1c	FUN_00020e1c	00020430	0068	ldr r0,[r0,#0x0]
00020e1c	FUN_00020e1c	00020432	002c	cmp r4,#0x0
00020e1c	FUN_00020e1c	00020434	14bf	ite ne
00020e1c	FUN_00020e1c	00020436	4468	ldr.ne r4,[r0,#0x4]
00020e1c	FUN_00020e1c	00020438	70bd	pop.eq {r4,r5,r6,pc}
00020e1c	FUN_00020e1c	0002043a	002c	cmp r4,#0x0
00020e1c	FUN_00020e1c	0002043c	18bf	it ne
00020e1c	FUN_00020e1c	0002043e	ac42	cmp.ne r4,r5
00020e1c	FUN_00020e1c	00020440	3cbf	itt cc
00020e1c	FUN_00020e1c	00020442	2046	mov.cc r0,r4
00020e1c	FUN_00020e1c	00020444	6468	ldr.cc r4,[r4,#0x4]
00020e1c	FUN_00020e1c	00020446	f8d3	bcc 0x0002043a
00020e1c	FUN_00020e1c	00020448	0168	ldr r1,[r0,#0x0]
00020e1c	FUN_00020e1c	0002044a	0a18	adds r2,r1,r0
00020e1c	FUN_00020e1c	0002044c	aa42	cmp r2,r5
00020e1c	FUN_00020e1c	0002044e	18bf	it ne
00020e1c	FUN_00020e1c	00020450	4560	str.ne r5,[r0,#0x4]
00020e1c	FUN_00020e1c	00020452	03d1	bne 0x0002045c
00020e1c	FUN_00020e1c	00020454	2a68	ldr r2,[r5,#0x0]
00020e1c	FUN_00020e1c	00020456	0546	mov r5,r0
00020e1c	FUN_00020e1c	00020458	1144	add r1,r2
00020e1c	FUN_00020e1c	0002045a	0160	str r1,[r0,#0x0]
00020e1c	FUN_00020e1c	0002045c	2868	ldr r0,[r5,#0x0]
00020e1c	FUN_00020e1c	0002045e	4119	adds r1,r0,r5
00020e1c	FUN_00020e1c	00020460	a142	cmp r1,r4
00020e1c	FUN_00020e1c	00020462	1cbf	itt ne
00020e1c	FUN_00020e1c	00020464	6c60	str.ne r4,[r5,#0x4]
00020e1c	FUN_00020e1c	00020466	70bd	pop.ne {r4,r5,r6,pc}
00020e1c	FUN_00020e1c	00020468	6168	ldr r1,[r4,#0x4]
00020e1c	FUN_00020e1c	0002046a	6960	str r1,[r5,#0x4]
00020e1c	FUN_00020e1c	0002046c	2168	ldr r1,[r4,#0x0]
00020e1c	FUN_00020e1c	0002046e	0844	add r0,r1
00020e1c	FUN_00020e1c	00020470	2860	str r0,[r5,#0x0]
00020e1c	FUN_00020e1c	00020472	70bd	pop {r4,r5,r6,pc}
00020e1c	FUN_00020e1c	00020e1c	0346	mov r3,r0
00020e1c	FUN_00020e1c	00020e1e	4068	ldr r0,[r0,#0x4]
00020e1c	FUN_00020e1c	00020e20	8c46	mov r12,r1
00020e1c	FUN_00020e1c	00020e22	0028	cmp r0,#0x0
00020e1c	FUN_00020e1c	00020e24	18bf	it ne
00020e1c	FUN_00020e1c	00020e26	8842	cmp.ne r0,r1
00020e1c	FUN_00020e1c	00020e28	3cbf	itt cc
00020e1c	FUN_00020e1c	00020e2a	0346	mov.cc r3,r0
00020e1c	FUN_00020e1c	00020e2c	4068	ldr.cc r0,[r0,#0x4]
00020e1c	FUN_00020e1c	00020e2e	f8d3	bcc 0x00020e22
00020e1c	FUN_00020e1c	00020e30	1868	ldr r0,[r3,#0x0]
00020e1c	FUN_00020e1c	00020e32	1844	add r0,r3
00020e1c	FUN_00020e1c	00020e34	8842	cmp r0,r1
00020e1c	FUN_00020e1c	00020e36	07d0	beq 0x00020e48
00020e1c	FUN_00020e1c	00020e38	0cf10300	add.w r0,r12,#0x3
00020e1c	FUN_00020e1c	00020e3c	20f00700	bic r0,r0,#0x7
00020e1c	FUN_00020e1c	00020e40	001d	adds r0,r0,#0x4
00020e1c	FUN_00020e1c	00020e42	411a	subs r1,r0,r1
00020e1c	FUN_00020e1c	00020e44	521a	subs r2,r2,r1
00020e1c	FUN_00020e1c	00020e46	0146	mov r1,r0
00020e1c	FUN_00020e1c	00020e48	081d	adds r0,r1,#0x4
00020e1c	FUN_00020e1c	00020e4a	0a60	str r2,[r1,#0x0]
00020e1c	FUN_00020e1c	00020e4c	fff7ebba	b.w 0x00020426
00020e50	FUN_00020e50	00020e50	30b5	push {r4,r5,lr}
00020e50	FUN_00020e50	00020e52	b0f10a02	subs.w r2,r0,#0xa
00020e50	FUN_00020e50	00020e56	4fea900e	lsr.w lr,r0,#0x2
00020e50	FUN_00020e50	00020e5a	71f10003	sbcs r3,r1,#0x0
00020e50	FUN_00020e50	00020e5e	4eea817e	orr.w lr,lr,r1, lsl #0x1e
00020e50	FUN_00020e50	00020e62	b0eb0e00	subs.w r0,r0,lr
00020e50	FUN_00020e50	00020e66	61eb9101	sbc.w r1,r1,r1, lsr #0x2
00020e50	FUN_00020e50	00020e6a	4fea101e	lsr.w lr,r0,#0x4
00020e50	FUN_00020e50	00020e6e	4eea017e	orr.w lr,lr,r1, lsl #0x1c
00020e50	FUN_00020e50	00020e72	10eb0e00	adds.w r0,r0,lr
00020e50	FUN_00020e50	00020e76	41eb1111	adc.w r1,r1,r1, lsr #0x4
00020e50	FUN_00020e50	00020e7a	4fea102e	lsr.w lr,r0,#0x8
00020e50	FUN_00020e50	00020e7e	4eea016e	orr.w lr,lr,r1, lsl #0x18
00020e50	FUN_00020e50	00020e82	10eb0e00	adds.w r0,r0,lr
00020e50	FUN_00020e50	00020e86	41eb1121	adc.w r1,r1,r1, lsr #0x8
00020e50	FUN_00020e50	00020e8a	4fea104e	lsr.w lr,r0,#0x10
00020e50	FUN_00020e50	00020e8e	4eea014e	orr.w lr,lr,r1, lsl #0x10
00020e50	FUN_00020e50	00020e92	10eb0e00	adds.w r0,r0,lr
00020e50	FUN_00020e50	00020e96	41eb1141	adc.w r1,r1,r1, lsr #0x10
00020e50	FUN_00020e50	00020e9a	4018	adds r0,r0,r1
00020e50	FUN_00020e50	00020e9c	41f10001	adc r1,r1,#0x0
00020e50	FUN_00020e50	00020ea0	4fead000	lsr.w r0,r0,#0x3
00020e50	FUN_00020e50	00020ea4	40ea4170	orr.w r0,r0,r1, lsl #0x1d
00020e50	FUN_00020e50	00020ea8	4fead101	lsr.w r1,r1,#0x3
00020e50	FUN_00020e50	00020eac	10eb8005	adds.w r5,r0,r0, lsl #0x2
00020e50	FUN_00020e50	00020eb0	4fea8104	lsl.w r4,r1,#0x2
00020e50	FUN_00020e50	00020eb4	44ea9074	orr.w r4,r4,r0, lsr #0x1e
00020e50	FUN_00020e50	00020eb8	44eb0104	adc.w r4,r4,r1
00020e50	FUN_00020e50	00020ebc	6d19	adds r5,r5,r5
00020e50	FUN_00020e50	00020ebe	44eb0404	adc.w r4,r4,r4
00020e50	FUN_00020e50	00020ec2	521b	subs r2,r2,r5
00020e50	FUN_00020e50	00020ec4	a341	sbcs r3,r4
00020e50	FUN_00020e50	00020ec6	4ff00003	mov.w r3,#0x0
00020e50	FUN_00020e50	00020eca	48bf	it mi
00020e50	FUN_00020e50	00020ecc	0a32	add.mi r2,#0xa
00020e50	FUN_00020e50	00020ece	00d5	bpl 0x00020ed2
00020e50	FUN_00020e50	00020ed0	30bd	pop {r4,r5,pc}
00020e50	FUN_00020e50	00020ed2	401c	adds r0,r0,#0x1
00020e50	FUN_00020e50	00020ed4	41f10001	adc r1,r1,#0x0
00020e50	FUN_00020e50	00020ed8	30bd	pop {r4,r5,pc}
00020ee6	FUN_00020ee6	00020ee6	00b5	push {lr}
00020ee6	FUN_00020ee6	00020ee8	8fb0	sub sp,#0x3c
00020ee6	FUN_00020ee6	00020eea	cde90131	strd r3,r1,[sp,#0x4]
00020ee6	FUN_00020ee6	00020eee	0021	movs r1,#0x0
00020ee6	FUN_00020ee6	00020ef0	0591	str r1,[sp,#0x14]
00020ee6	FUN_00020ee6	00020ef2	0549	ldr r1,[0x00020f08]
00020ee6	FUN_00020ee6	00020ef4	7944	add r1,pc
00020ee6	FUN_00020ee6	00020ef6	cde90310	strd r1,r0,[sp,#0xc]
00020ee6	FUN_00020ee6	00020efa	1146	mov r1,r2
00020ee6	FUN_00020ee6	00020efc	6846	mov r0,sp
00020ee6	FUN_00020ee6	00020efe	fff77dfb	bl 0x000205fc
00020ee6	FUN_00020ee6	00020f02	0fb0	add sp,#0x3c
00020ee6	FUN_00020ee6	00020f04	00bd	pop {pc}
00020f0c	FUN_00020f0c	00020f0c	2de9f041	push {r4,r5,r6,r7,r8,lr}
00020f0c	FUN_00020f0c	00020f10	1f46	mov r7,r3
00020f0c	FUN_00020f0c	00020f12	0446	mov r4,r0
00020f0c	FUN_00020f0c	00020f14	0326	movs r6,#0x3
00020f0c	FUN_00020f0c	00020f16	0168	ldr r1,[r0,#0x0]
00020f0c	FUN_00020f0c	00020f18	072a	cmp r2,#0x7
00020f0c	FUN_00020f0c	00020f1a	01f40060	and r0,r1,#0x800
00020f0c	FUN_00020f0c	00020f1e	04db	blt 0x00020f2a
00020f0c	FUN_00020f0c	00020f20	08b1	cbz r0,0x00020f26
00020f0c	FUN_00020f0c	00020f22	16a5	adr r5,[0x20f7c]
00020f0c	FUN_00020f0c	00020f24	05e0	b 0x00020f32
00020f0c	FUN_00020f0c	00020f26	16a5	adr r5,[0x20f80]
00020f0c	FUN_00020f0c	00020f28	03e0	b 0x00020f32
00020f0c	FUN_00020f0c	00020f2a	08b1	cbz r0,0x00020f30
00020f0c	FUN_00020f0c	00020f2c	15a5	adr r5,[0x20f84]
00020f0c	FUN_00020f0c	00020f2e	00e0	b 0x00020f32
00020f0c	FUN_00020f0c	00020f30	15a5	adr r5,[0x20f88]
00020f0c	FUN_00020f0c	00020f32	21f01000	bic r0,r1,#0x10
00020f0c	FUN_00020f0c	00020f36	2060	str r0,[r4,#0x0]
00020f0c	FUN_00020f0c	00020f38	a069	ldr r0,[r4,#0x18]
00020f0c	FUN_00020f0c	00020f3a	c01e	subs r0,r0,#0x3
00020f0c	FUN_00020f0c	00020f3c	a061	str r0,[r4,#0x18]
00020f0c	FUN_00020f0c	00020f3e	0fb1	cbz r7,0x00020f44
00020f0c	FUN_00020f0c	00020f40	401e	subs r0,r0,#0x1
00020f0c	FUN_00020f0c	00020f42	a061	str r0,[r4,#0x18]
00020f0c	FUN_00020f0c	00020f44	2046	mov r0,r4
00020f0c	FUN_00020f0c	00020f46	fff7a1fa	bl 0x0002048c
00020f0c	FUN_00020f0c	00020f4a	4fb1	cbz r7,0x00020f60
00020f0c	FUN_00020f0c	00020f4c	d4e90121	ldrd r2,r1,[r4,#0x4]
00020f0c	FUN_00020f0c	00020f50	3846	mov r0,r7
00020f0c	FUN_00020f0c	00020f52	9047	blx r2
00020f0c	FUN_00020f0c	00020f54	206a	ldr r0,[r4,#0x20]
00020f0c	FUN_00020f0c	00020f56	401c	adds r0,r0,#0x1
00020f0c	FUN_00020f0c	00020f58	2062	str r0,[r4,#0x20]
00020f0c	FUN_00020f0c	00020f5a	c01c	adds r0,r0,#0x3
00020f0c	FUN_00020f0c	00020f5c	2062	str r0,[r4,#0x20]
00020f0c	FUN_00020f0c	00020f5e	06e0	b 0x00020f6e
00020f0c	FUN_00020f0c	00020f60	206a	ldr r0,[r4,#0x20]
00020f0c	FUN_00020f0c	00020f62	fae7	b 0x00020f5a
00020f0c	FUN_00020f0c	00020f64	d4e90121	ldrd r2,r1,[r4,#0x4]
00020f0c	FUN_00020f0c	00020f68	15f8010b	ldrb.w r0,[r5],#0x1
00020f0c	FUN_00020f0c	00020f6c	9047	blx r2
00020f0c	FUN_00020f0c	00020f6e	761e	subs r6,r6,#0x1
00020f0c	FUN_00020f0c	00020f70	f8d2	bcs 0x00020f64
00020f0c	FUN_00020f0c	00020f72	2046	mov r0,r4
00020f0c	FUN_00020f0c	00020f74	fff7a0fa	bl 0x000204b8
00020f0c	FUN_00020f0c	00020f78	bde8f081	pop.w {r4,r5,r6,r7,r8,pc}
00020f8c	FUN_00020f8c	00020f8c	2de9f047	push {r4,r5,r6,r7,r8,r9,r10,lr}
00020f8c	FUN_00020f8c	00020f90	8146	mov r9,r0
00020f8c	FUN_00020f8c	00020f92	1646	mov r6,r2
00020f8c	FUN_00020f8c	00020f94	8ab0	sub sp,#0x28
00020f8c	FUN_00020f8c	00020f96	3548	ldr r0,[0x0002106c]
00020f8c	FUN_00020f8c	00020f98	7844	add r0,pc
00020f8c	FUN_00020f8c	00020f9a	0dc8	ldmia r0,{r0,r2,r3}
00020f8c	FUN_00020f8c	00020f9c	8de80d00	stm sp,{r0,r2,r3}
00020f8c	FUN_00020f8c	00020fa0	3248	ldr r0,[0x0002106c]
00020f8c	FUN_00020f8c	00020fa2	7844	add r0,pc
00020f8c	FUN_00020f8c	00020fa4	801c	adds r0,r0,#0x2
00020f8c	FUN_00020f8c	00020fa6	03ac	add r4,sp,#0xc
00020f8c	FUN_00020f8c	00020fa8	0dc8	ldmia r0,{r0,r2,r3}
00020f8c	FUN_00020f8c	00020faa	84e80d00	stm r4,{r0,r2,r3}
00020f8c	FUN_00020f8c	00020fae	41f69b30	movw r0,#0x1b9b
00020f8c	FUN_00020f8c	00020fb2	0844	add r0,r1
00020f8c	FUN_00020f8c	00020fb4	3721	movs r1,#0x37
00020f8c	FUN_00020f8c	00020fb6	90fbf1f2	sdiv r2,r0,r1
00020f8c	FUN_00020f8c	00020fba	90fbf1f5	sdiv r5,r0,r1
00020f8c	FUN_00020f8c	00020fbe	a5f18005	sub.w r5,r5,#0x80
00020f8c	FUN_00020f8c	00020fc2	01fb1204	mls r4,r1,r2,r0
00020f8c	FUN_00020f8c	00020fc6	1b3c	subs r4,#0x1b
00020f8c	FUN_00020f8c	00020fc8	02d5	bpl 0x00020fd0
00020f8c	FUN_00020f8c	00020fca	6442	rsbs r4,r4
00020f8c	FUN_00020f8c	00020fcc	0120	movs r0,#0x1
00020f8c	FUN_00020f8c	00020fce	00e0	b 0x00020fd2
00020f8c	FUN_00020f8c	00020fd0	0020	movs r0,#0x0
00020f8c	FUN_00020f8c	00020fd2	dff898a0	ldr.w r10,[0x0002106c]
00020f8c	FUN_00020f8c	00020fd6	8046	mov r8,r0
00020f8c	FUN_00020f8c	00020fd8	0027	movs r7,#0x0
00020f8c	FUN_00020f8c	00020fda	fa44	add r10,pc
00020f8c	FUN_00020f8c	00020fdc	aaf1be0a	sub.w r10,r10,#0xbe
00020f8c	FUN_00020f8c	00020fe0	0ee0	b 0x00021000
00020f8c	FUN_00020f8c	00020fe2	e007	lsls r0,r4,#0x1f
00020f8c	FUN_00020f8c	00020fe4	0ad0	beq 0x00020ffc
00020f8c	FUN_00020f8c	00020fe6	3246	mov r2,r6
00020f8c	FUN_00020f8c	00020fe8	6846	mov r0,sp
00020f8c	FUN_00020f8c	00020fea	07eb4701	add.w r1,r7,r7, lsl #0x1
00020f8c	FUN_00020f8c	00020fee	0123	movs r3,#0x1
00020f8c	FUN_00020f8c	00020ff0	0aeb8101	add.w r1,r10,r1, lsl #0x2
00020f8c	FUN_00020f8c	00020ff4	00f09bfb	bl 0x0002172e
00020f8c	FUN_00020f8c	00020ff8	8de80700	stm sp,{r0,r1,r2}
00020f8c	FUN_00020f8c	00020ffc	6410	asrs r4,r4,#0x1
00020f8c	FUN_00020f8c	00020ffe	7f1c	adds r7,r7,#0x1
00020f8c	FUN_00020f8c	00021000	002c	cmp r4,#0x0
00020f8c	FUN_00020f8c	00021002	eed1	bne 0x00020fe2
00020f8c	FUN_00020f8c	00021004	194f	ldr r7,[0x0002106c]
00020f8c	FUN_00020f8c	00021006	7f44	add r7,pc
00020f8c	FUN_00020f8c	00021008	ae3f	subs r7,#0xae
00020f8c	FUN_00020f8c	0002100a	19e0	b 0x00021040
00020f8c	FUN_00020f8c	0002100c	e807	lsls r0,r5,#0x1f
00020f8c	FUN_00020f8c	0002100e	15d0	beq 0x0002103c
00020f8c	FUN_00020f8c	00021010	07eb0410	add.w r0,r7,r4, lsl #0x4
00020f8c	FUN_00020f8c	00021014	0df1180a	add.w r10,sp,#0x18
00020f8c	FUN_00020f8c	00021018	90e80e00	ldm.w r0,{r1,r2,r3}
00020f8c	FUN_00020f8c	0002101c	8ae80e00	stm r10,{r1,r2,r3}
00020f8c	FUN_00020f8c	00021020	c068	ldr r0,[r0,#0xc]
00020f8c	FUN_00020f8c	00021022	f042	cmn r0,r6
00020f8c	FUN_00020f8c	00021024	01d1	bne 0x0002102a
00020f8c	FUN_00020f8c	00021026	9819	adds r0,r3,r6
00020f8c	FUN_00020f8c	00021028	0890	str r0,[sp,#0x20]
00020f8c	FUN_00020f8c	0002102a	3246	mov r2,r6
00020f8c	FUN_00020f8c	0002102c	0123	movs r3,#0x1
00020f8c	FUN_00020f8c	0002102e	06a9	add r1,sp,#0x18
00020f8c	FUN_00020f8c	00021030	03a8	add r0,sp,#0xc
00020f8c	FUN_00020f8c	00021032	00f07cfb	bl 0x0002172e
00020f8c	FUN_00020f8c	00021036	03ab	add r3,sp,#0xc
00020f8c	FUN_00020f8c	00021038	83e80700	stm r3,{r0,r1,r2}
00020f8c	FUN_00020f8c	0002103c	6d10	asrs r5,r5,#0x1
00020f8c	FUN_00020f8c	0002103e	641c	adds r4,r4,#0x1
00020f8c	FUN_00020f8c	00021040	002d	cmp r5,#0x0
00020f8c	FUN_00020f8c	00021042	e3d1	bne 0x0002100c
00020f8c	FUN_00020f8c	00021044	4ff00103	mov.w r3,#0x1
00020f8c	FUN_00020f8c	00021048	3246	mov r2,r6
00020f8c	FUN_00020f8c	0002104a	6946	mov r1,sp
00020f8c	FUN_00020f8c	0002104c	b8f1000f	cmp.w r8,#0x0
00020f8c	FUN_00020f8c	00021050	03a8	add r0,sp,#0xc
00020f8c	FUN_00020f8c	00021052	02d0	beq 0x0002105a
00020f8c	FUN_00020f8c	00021054	00f056fb	bl 0x00021704
00020f8c	FUN_00020f8c	00021058	01e0	b 0x0002105e
00020f8c	FUN_00020f8c	0002105a	00f068fb	bl 0x0002172e
00020f8c	FUN_00020f8c	0002105e	c9e90001	strd r0,r1,[r9,#0x0]
00020f8c	FUN_00020f8c	00021062	c9f80820	str.w r2,[r9,#0x8]
00020f8c	FUN_00020f8c	00021066	0ab0	add sp,#0x28
00020f8c	FUN_00020f8c	00021068	bde8f087	pop.w {r4,r5,r6,r7,r8,r9,r10,pc}
00021070	FUN_00021070	00021070	007b	ldrb r0,[r0,#0xc]
00021070	FUN_00021070	00021072	00f08000	and r0,r0,#0x80
00021070	FUN_00021070	00021076	7047	bx lr
00021078	FUN_00021078	00021078	10b5	push {r4,lr}
00021078	FUN_00021078	0002107a	00f039f8	bl 0x000210f0
00021078	FUN_00021078	0002107e	bde81040	pop.w {r4,lr}
00021078	FUN_00021078	00021082	00f02fb8	b.w 0x000210e4
00021078	FUN_00021078	000210e4	0028	cmp r0,#0x0
00021078	FUN_00021078	000210e6	01d0	beq 0x000210ec
00021078	FUN_00021078	000210e8	00f06ab8	b.w 0x000211c0
00021078	FUN_00021078	000210ec	7047	bx lr
00021088	FUN_00021088	00021088	7546	mov r5,lr
00021088	FUN_00021088	0002108a	fff7bbfe	bl 0x00020e04
00021088	FUN_00021088	0002108e	ae46	mov lr,r5
00021088	FUN_00021088	00021090	0500	movs r5,r0
00021088	FUN_00021088	00021092	6946	mov r1,sp
00021088	FUN_00021088	00021094	5346	mov r3,r10
00021088	FUN_00021088	00021096	20f00700	bic r0,r0,#0x7
00021088	FUN_00021088	0002109a	8546	mov sp,r0
00021088	FUN_00021088	0002109c	18b0	add sp,#0x60
00021088	FUN_00021088	0002109e	20b5	push {r5,lr}
00021088	FUN_00021088	000210a0	fff780f9	bl 0x000203a4
00021088	FUN_00021088	000210a4	bde82040	pop.w {r5,lr}
00021088	FUN_00021088	000210a8	4ff00006	mov.w r6,#0x0
00021088	FUN_00021088	000210ac	4ff00007	mov.w r7,#0x0
00021088	FUN_00021088	000210b0	4ff00008	mov.w r8,#0x0
00021088	FUN_00021088	000210b4	4ff0000b	mov.w r11,#0x0
00021088	FUN_00021088	000210b8	21f00701	bic r1,r1,#0x7
00021088	FUN_00021088	000210bc	ac46	mov r12,r5
00021088	FUN_00021088	000210be	ace8c009	stm.w r12!,{r6,r7,r8,r11}
00021088	FUN_00021088	000210c2	ace8c009	stm.w r12!,{r6,r7,r8,r11}
00021088	FUN_00021088	000210c6	ace8c009	stm.w r12!,{r6,r7,r8,r11}
00021088	FUN_00021088	000210ca	ace8c009	stm.w r12!,{r6,r7,r8,r11}
00021088	FUN_00021088	000210ce	8d46	mov sp,r1
00021088	FUN_00021088	000210d0	7047	bx lr
000210d2	FUN_000210d2	000210d2	10b5	push {r4,lr}
000210d2	FUN_000210d2	000210d4	0446	mov r4,r0
000210d2	FUN_000210d2	000210d6	aff30080	nop.w
000210d2	FUN_000210d2	000210da	2046	mov r0,r4
000210d2	FUN_000210d2	000210dc	bde81040	pop.w {r4,lr}
000210d2	FUN_000210d2	000210e0	fff74bb9	b.w 0x0002037a
000210f0	FUN_000210f0	000210f0	10b5	push {r4,lr}
000210f0	FUN_000210f0	000210f2	0128	cmp r0,#0x1
000210f0	FUN_000210f0	000210f4	05d0	beq 0x00021102
000210f0	FUN_000210f0	000210f6	0021	movs r1,#0x0
000210f0	FUN_000210f0	000210f8	03a0	adr r0,[0x21108]
000210f0	FUN_000210f0	000210fa	00f067f8	bl 0x000211cc
000210f0	FUN_000210f0	000210fe	0120	movs r0,#0x1
000210f0	FUN_000210f0	00021100	10bd	pop {r4,pc}
000210f0	FUN_000210f0	00021102	09a1	adr r1,[0x21128]
000210f0	FUN_000210f0	00021104	f8e7	b 0x000210f8
00021140	FUN_00021140	00021140	4ff0013c	mov.w r12,#0x1010101
00021140	FUN_00021140	00021144	50f8042b	ldr.w r2,[r0],#0x4
00021140	FUN_00021140	00021148	51f8043b	ldr.w r3,[r1],#0x4
00021140	FUN_00021140	0002114c	9a42	cmp r2,r3
00021140	FUN_00021140	0002114e	21d1	bne 0x00021194
00021140	FUN_00021140	00021150	a2eb0c03	sub.w r3,r2,r12
00021140	FUN_00021140	00021154	9343	bics r3,r2
00021140	FUN_00021140	00021156	13eacc13	ands.w r3,r3,r12, lsl #0x7
00021140	FUN_00021140	0002115a	17d1	bne 0x0002118c
00021140	FUN_00021140	0002115c	50f8042b	ldr.w r2,[r0],#0x4
00021140	FUN_00021140	00021160	51f8043b	ldr.w r3,[r1],#0x4
00021140	FUN_00021140	00021164	9a42	cmp r2,r3
00021140	FUN_00021140	00021166	15d1	bne 0x00021194
00021140	FUN_00021140	00021168	a2eb0c03	sub.w r3,r2,r12
00021140	FUN_00021140	0002116c	9343	bics r3,r2
00021140	FUN_00021140	0002116e	13eacc13	ands.w r3,r3,r12, lsl #0x7
00021140	FUN_00021140	00021172	0bd1	bne 0x0002118c
00021140	FUN_00021140	00021174	50f8042b	ldr.w r2,[r0],#0x4
00021140	FUN_00021140	00021178	51f8043b	ldr.w r3,[r1],#0x4
00021140	FUN_00021140	0002117c	9a42	cmp r2,r3
00021140	FUN_00021140	0002117e	09d1	bne 0x00021194
00021140	FUN_00021140	00021180	a2eb0c03	sub.w r3,r2,r12
00021140	FUN_00021140	00021184	9343	bics r3,r2
00021140	FUN_00021140	00021186	13eacc13	ands.w r3,r3,r12, lsl #0x7
00021140	FUN_00021140	0002118a	dbd0	beq 0x00021144
00021140	FUN_00021140	0002118c	4ff00000	mov.w r0,#0x0
00021140	FUN_00021140	00021190	7047	bx lr
00021140	FUN_00021140	00021194	d01a	subs r0,r2,r3
00021140	FUN_00021140	00021196	01ba	rev r1,r0
00021140	FUN_00021140	00021198	b1fa81f1	clz r1,r1
00021140	FUN_00021140	0002119c	01f01801	and r1,r1,#0x18
00021140	FUN_00021140	000211a0	22fa01f0	lsr.w r0,r2,r1
00021140	FUN_00021140	000211a4	cb40	lsrs r3,r1
00021140	FUN_00021140	000211a6	c1f12001	rsb.w r1,r1,#0x20
00021140	FUN_00021140	000211aa	dbb2	uxtb r3,r3
00021140	FUN_00021140	000211ac	c0b2	uxtb r0,r0
00021140	FUN_00021140	000211ae	c01a	subs r0,r0,r3
00021140	FUN_00021140	000211b0	2cfa01f3	lsr.w r3,r12,r1
00021140	FUN_00021140	000211b4	d11a	subs r1,r2,r3
00021140	FUN_00021140	000211b6	9143	bics r1,r2
00021140	FUN_00021140	000211b8	11eac311	ands.w r1,r1,r3, lsl #0x7
00021140	FUN_00021140	000211bc	e6d1	bne 0x0002118c
00021140	FUN_00021140	000211be	7047	bx lr
000211c0	FUN_000211c0	000211c0	0149	ldr r1,[0x000211c8]
000211c0	FUN_000211c0	000211c2	1820	movs r0,#0x18
000211c0	FUN_000211c0	000211c4	abbe	bkpt 0xab
000211c0	FUN_000211c0	000211c6	fee7	b 0x000211c6
000211cc	FUN_000211cc	000211cc	70b5	push {r4,r5,r6,lr}
000211cc	FUN_000211cc	000211ce	0546	mov r5,r0
000211cc	FUN_000211cc	000211d0	0c46	mov r4,r1
000211cc	FUN_000211cc	000211d2	0a20	movs r0,#0xa
000211cc	FUN_000211cc	000211d4	00e0	b 0x000211d8
000211cc	FUN_000211cc	000211d6	6d1c	adds r5,r5,#0x1
000211cc	FUN_000211cc	000211d8	00f011f8	bl 0x000211fe
000211cc	FUN_000211cc	000211dc	35b1	cbz r5,0x000211ec
000211cc	FUN_000211cc	000211de	2878	ldrb r0,[r5,#0x0]
000211cc	FUN_000211cc	000211e0	0028	cmp r0,#0x0
000211cc	FUN_000211cc	000211e2	f8d1	bne 0x000211d6
000211cc	FUN_000211cc	000211e4	02e0	b 0x000211ec
000211cc	FUN_000211cc	000211e6	641c	adds r4,r4,#0x1
000211cc	FUN_000211cc	000211e8	00f009f8	bl 0x000211fe
000211cc	FUN_000211cc	000211ec	14b1	cbz r4,0x000211f4
000211cc	FUN_000211cc	000211ee	2078	ldrb r0,[r4,#0x0]
000211cc	FUN_000211cc	000211f0	0028	cmp r0,#0x0
000211cc	FUN_000211cc	000211f2	f8d1	bne 0x000211e6
000211cc	FUN_000211cc	000211f4	bde87040	pop.w {r4,r5,r6,lr}
000211cc	FUN_000211cc	000211f8	0a20	movs r0,#0xa
000211cc	FUN_000211cc	000211fa	aff30080	nop.w
000211fe	FUN_000211fe	000211fe	08b5	push {r3,lr}
000211fe	FUN_000211fe	00021200	6946	mov r1,sp
000211fe	FUN_000211fe	00021202	8df80000	strb.w r0,[sp,#0x0]
000211fe	FUN_000211fe	00021206	0320	movs r0,#0x3
000211fe	FUN_000211fe	00021208	abbe	bkpt 0xab
000211fe	FUN_000211fe	0002120a	08bd	pop {r3,pc}
0002120c	FUN_0002120c	0002120c	5fea400c	lsls.w r12,r0,#0x1
0002120c	FUN_0002120c	00021210	08bf	it eq
0002120c	FUN_0002120c	00021212	91f0000f	teq.eq r1,#0x0
0002120c	FUN_0002120c	00021216	4fea8c23	lsl.w r3,r12,#0xa
0002120c	FUN_0002120c	0002121a	4feac122	lsl.w r2,r1,#0xb
0002120c	FUN_0002120c	0002121e	43ea5151	orr.w r1,r3,r1, lsr #0x15
0002120c	FUN_0002120c	00021222	4fea1c50	lsr.w r0,r12,#0x14
0002120c	FUN_0002120c	00021226	18bf	it ne
0002120c	FUN_0002120c	00021228	00f5f040	add.ne.w r0,r0,#0x7800
0002120c	FUN_0002120c	0002122c	4fea3000	rrx r0,r0
0002120c	FUN_0002120c	00021230	18bf	it ne
0002120c	FUN_0002120c	00021232	41f00041	orr.ne r1,r1,#0x80000000
0002120c	FUN_0002120c	00021236	5fea6c5c	asrs.w r12,r12, asr #0x15
0002120c	FUN_0002120c	0002123a	00f02980	beq.w 0x00021290
0002120c	FUN_0002120c	0002123e	bcf1ff3f	cmp.w r12,#0xffffffff
0002120c	FUN_0002120c	00021242	08bf	it eq
0002120c	FUN_0002120c	00021244	40f08040	orr.eq r0,r0,#0x40000000
0002120c	FUN_0002120c	00021248	7047	bx lr
0002120c	FUN_0002120c	0002124a	130c	lsrs r3,r2,#0x10
0002120c	FUN_0002120c	0002124c	06bf	itte eq
0002120c	FUN_0002120c	0002124e	1204	lsl.eq r2,r2,#0x10
0002120c	FUN_0002120c	00021250	4ff0100c	mov.eq.w r12,#0x10
0002120c	FUN_0002120c	00021254	4ff0000c	mov.ne.w r12,#0x0
0002120c	FUN_0002120c	00021258	130e	lsrs r3,r2,#0x18
0002120c	FUN_0002120c	0002125a	04bf	itt eq
0002120c	FUN_0002120c	0002125c	1202	lsl.eq r2,r2,#0x8
0002120c	FUN_0002120c	0002125e	0cf1080c	add.eq.w r12,r12,#0x8
0002120c	FUN_0002120c	00021262	130f	lsrs r3,r2,#0x1c
0002120c	FUN_0002120c	00021264	04bf	itt eq
0002120c	FUN_0002120c	00021266	1201	lsl.eq r2,r2,#0x4
0002120c	FUN_0002120c	00021268	0cf1040c	add.eq.w r12,r12,#0x4
0002120c	FUN_0002120c	0002126c	930f	lsrs r3,r2,#0x1e
0002120c	FUN_0002120c	0002126e	04bf	itt eq
0002120c	FUN_0002120c	00021270	9200	lsl.eq r2,r2,#0x2
0002120c	FUN_0002120c	00021272	0cf1020c	add.eq.w r12,r12,#0x2
0002120c	FUN_0002120c	00021276	d30f	lsrs r3,r2,#0x1f
0002120c	FUN_0002120c	00021278	04bf	itt eq
0002120c	FUN_0002120c	0002127a	5200	lsl.eq r2,r2,#0x1
0002120c	FUN_0002120c	0002127c	0cf1010c	add.eq.w r12,r12,#0x1
0002120c	FUN_0002120c	00021280	1146	mov r1,r2
0002120c	FUN_0002120c	00021282	4ff00002	mov.w r2,#0x0
0002120c	FUN_0002120c	00021286	a0f11f00	sub.w r0,r0,#0x1f
0002120c	FUN_0002120c	0002128a	a0eb0c00	sub.w r0,r0,r12
0002120c	FUN_0002120c	0002128e	7047	bx lr
0002120c	FUN_0002120c	00021290	11f0004f	tst r1,#0x80000000
0002120c	FUN_0002120c	00021294	08bf	it eq
0002120c	FUN_0002120c	00021296	7047	bx.eq lr
0002120c	FUN_0002120c	00021298	31f00041	bics r1,r1,#0x80000000
0002120c	FUN_0002120c	0002129c	3ff4d5af	beq.w 0x0002124a
0002120c	FUN_0002120c	000212a0	0b0c	lsrs r3,r1,#0x10
0002120c	FUN_0002120c	000212a2	06bf	itte eq
0002120c	FUN_0002120c	000212a4	0904	lsl.eq r1,r1,#0x10
0002120c	FUN_0002120c	000212a6	4ff0100c	mov.eq.w r12,#0x10
0002120c	FUN_0002120c	000212aa	4ff0000c	mov.ne.w r12,#0x0
0002120c	FUN_0002120c	000212ae	0b0e	lsrs r3,r1,#0x18
0002120c	FUN_0002120c	000212b0	04bf	itt eq
0002120c	FUN_0002120c	000212b2	0902	lsl.eq r1,r1,#0x8
0002120c	FUN_0002120c	000212b4	0cf1080c	add.eq.w r12,r12,#0x8
0002120c	FUN_0002120c	000212b8	0b0f	lsrs r3,r1,#0x1c
0002120c	FUN_0002120c	000212ba	04bf	itt eq
0002120c	FUN_0002120c	000212bc	0901	lsl.eq r1,r1,#0x4
0002120c	FUN_0002120c	000212be	0cf1040c	add.eq.w r12,r12,#0x4
0002120c	FUN_0002120c	000212c2	8b0f	lsrs r3,r1,#0x1e
0002120c	FUN_0002120c	000212c4	04bf	itt eq
0002120c	FUN_0002120c	000212c6	8900	lsl.eq r1,r1,#0x2
0002120c	FUN_0002120c	000212c8	0cf1020c	add.eq.w r12,r12,#0x2
0002120c	FUN_0002120c	000212cc	cb0f	lsrs r3,r1,#0x1f
0002120c	FUN_0002120c	000212ce	04bf	itt eq
0002120c	FUN_0002120c	000212d0	4900	lsl.eq r1,r1,#0x1
0002120c	FUN_0002120c	000212d2	0cf1010c	add.eq.w r12,r12,#0x1
0002120c	FUN_0002120c	000212d6	ccf12003	rsb.w r3,r12,#0x20
0002120c	FUN_0002120c	000212da	a0eb0c00	sub.w r0,r0,r12
0002120c	FUN_0002120c	000212de	22fa03f3	lsr.w r3,r2,r3
0002120c	FUN_0002120c	000212e2	02fa0cf2	lsl.w r2,r2,r12
0002120c	FUN_0002120c	000212e6	41ea0301	orr.w r1,r1,r3
0002120c	FUN_0002120c	000212ea	00f10100	add.w r0,r0,#0x1
0002120c	FUN_0002120c	000212ee	7047	bx lr
000212f0	FUN_000212f0	000212f0	20f07f4c	bic r12,r0,#0xff000000
000212f0	FUN_000212f0	000212f4	80ea0300	eor.w r0,r0,r3
000212f0	FUN_000212f0	000212f8	23f07f47	bic r7,r3,#0xff000000
000212f0	FUN_000212f0	000212fc	aceb0703	sub.w r3,r12,r7
000212f0	FUN_000212f0	00021300	03f57c53	add.w r3,r3,#0x3f00
000212f0	FUN_000212f0	00021304	00f00040	and r0,r0,#0x80000000
000212f0	FUN_000212f0	00021308	03f1ff03	add.w r3,r3,#0xff
000212f0	FUN_000212f0	0002130c	2de98049	push {r7,r8,r11,lr}
000212f0	FUN_000212f0	00021310	4fea154b	lsr.w r11,r5,#0x10
000212f0	FUN_000212f0	00021314	09b4	push {r0,r3}
000212f0	FUN_000212f0	00021316	4fea1443	lsr.w r3,r4,#0x10
000212f0	FUN_000212f0	0002131a	25ea0b4e	bic.w lr,r5,r11, lsl #0x10
000212f0	FUN_000212f0	0002131e	24ea0348	bic.w r8,r4,r3, lsl #0x10
000212f0	FUN_000212f0	00021322	0ff20426	adr.w r6,0x21528
000212f0	FUN_000212f0	00021326	06eb1327	add.w r7,r6,r3, lsr #0x8
000212f0	FUN_000212f0	0002132a	4908	lsrs r1,r1,#0x1
000212f0	FUN_000212f0	0002132c	3e78	ldrb r6,[r7,#0x0]
000212f0	FUN_000212f0	0002132e	5fea3202	rrxs r2,r2
000212f0	FUN_000212f0	00021332	03fb0667	mla r7,r3,r6,r6
000212f0	FUN_000212f0	00021336	c7f50007	rsb.w r7,r7,#0x800000
000212f0	FUN_000212f0	0002133a	07fb06f6	mul r6,r7,r6
000212f0	FUN_000212f0	0002133e	4fea5437	lsr.w r7,r4,#0xd
000212f0	FUN_000212f0	00021342	4fead646	lsr.w r6,r6,#0x13
000212f0	FUN_000212f0	00021346	06f10206	add.w r6,r6,#0x2
000212f0	FUN_000212f0	0002134a	07fb066c	mla r12,r7,r6,r6
000212f0	FUN_000212f0	0002134e	ccf1005c	rsb.w r12,r12,#0x20000000
000212f0	FUN_000212f0	00021352	4fea1c47	lsr.w r7,r12,#0x10
000212f0	FUN_000212f0	00021356	2cea074c	bic.w r12,r12,r7, lsl #0x10
000212f0	FUN_000212f0	0002135a	07fb06f4	mul r4,r7,r6
000212f0	FUN_000212f0	0002135e	0cfb06f5	mul r5,r12,r6
000212f0	FUN_000212f0	00021362	04eb1546	add.w r6,r4,r5, lsr #0x10
000212f0	FUN_000212f0	00021366	4fea9616	lsr.w r6,r6,#0x6
000212f0	FUN_000212f0	0002136a	34bf	ite cc
000212f0	FUN_000212f0	0002136c	0020	mov.cc r0,#0x0
000212f0	FUN_000212f0	0002136e	4ff00040	mov.cs.w r0,#0x80000000
000212f0	FUN_000212f0	00021372	4fead137	lsr.w r7,r1,#0xf
000212f0	FUN_000212f0	00021376	06fb07fc	mul r12,r6,r7
000212f0	FUN_000212f0	0002137a	4fea1c4c	lsr.w r12,r12,#0x10
000212f0	FUN_000212f0	0002137e	0cfb0bf7	mul r7,r12,r11
000212f0	FUN_000212f0	00021382	d21b	subs r2,r2,r7
000212f0	FUN_000212f0	00021384	03fb0cf7	mul r7,r3,r12
000212f0	FUN_000212f0	00021388	61eb0701	sbc.w r1,r1,r7
000212f0	FUN_000212f0	0002138c	0cfb0ef7	mul r7,r12,lr
000212f0	FUN_000212f0	00021390	b0eb0740	subs.w r0,r0,r7, lsl #0x10
000212f0	FUN_000212f0	00021394	72eb1742	sbcs.w r2,r2,r7, lsr #0x10
000212f0	FUN_000212f0	00021398	0cfb08f7	mul r7,r12,r8
000212f0	FUN_000212f0	0002139c	34bf	ite cc
000212f0	FUN_000212f0	0002139e	a2eb0742	sub.cc.w r2,r2,r7, lsl #0x10
000212f0	FUN_000212f0	000213a2	b2eb0742	subs.cs.w r2,r2,r7, lsl #0x10
000212f0	FUN_000212f0	000213a6	61eb1741	sbc.w r1,r1,r7, lsr #0x10
000212f0	FUN_000212f0	000213aa	4fea0c44	lsl.w r4,r12,#0x10
000212f0	FUN_000212f0	000213ae	4fea9107	lsr.w r7,r1,#0x2
000212f0	FUN_000212f0	000213b2	06fb07fc	mul r12,r6,r7
000212f0	FUN_000212f0	000213b6	4fea1c4c	lsr.w r12,r12,#0x10
000212f0	FUN_000212f0	000213ba	0cfb0bf7	mul r7,r12,r11
000212f0	FUN_000212f0	000213be	b0ebc740	subs.w r0,r0,r7, lsl #0x13
000212f0	FUN_000212f0	000213c2	72eb5732	sbcs.w r2,r2,r7, lsr #0xd
000212f0	FUN_000212f0	000213c6	03fb0cf7	mul r7,r3,r12
000212f0	FUN_000212f0	000213ca	34bf	ite cc
000212f0	FUN_000212f0	000213cc	a2ebc742	sub.cc.w r2,r2,r7, lsl #0x13
000212f0	FUN_000212f0	000213d0	b2ebc742	subs.cs.w r2,r2,r7, lsl #0x13
000212f0	FUN_000212f0	000213d4	61eb5731	sbc.w r1,r1,r7, lsr #0xd
000212f0	FUN_000212f0	000213d8	0cfb0ef7	mul r7,r12,lr
000212f0	FUN_000212f0	000213dc	b0ebc700	subs.w r0,r0,r7, lsl #0x3
000212f0	FUN_000212f0	000213e0	72eb5772	sbcs.w r2,r2,r7, lsr #0x1d
000212f0	FUN_000212f0	000213e4	0cfb08f7	mul r7,r12,r8
000212f0	FUN_000212f0	000213e8	34bf	ite cc
000212f0	FUN_000212f0	000213ea	a2ebc702	sub.cc.w r2,r2,r7, lsl #0x3
000212f0	FUN_000212f0	000213ee	b2ebc702	subs.cs.w r2,r2,r7, lsl #0x3
000212f0	FUN_000212f0	000213f2	61eb5771	sbc.w r1,r1,r7, lsr #0x1d
000212f0	FUN_000212f0	000213f6	039f	ldr r7,[sp,#0xc]
000212f0	FUN_000212f0	000213f8	4fea8161	lsl.w r1,r1,#0x1a
000212f0	FUN_000212f0	000213fc	41ea9211	orr.w r1,r1,r2, lsr #0x6
000212f0	FUN_000212f0	00021400	04ebcc04	add.w r4,r4,r12, lsl #0x3
000212f0	FUN_000212f0	00021404	4fead137	lsr.w r7,r1,#0xf
000212f0	FUN_000212f0	00021408	4fea8262	lsl.w r2,r2,#0x1a
000212f0	FUN_000212f0	0002140c	06fb07fc	mul r12,r6,r7
000212f0	FUN_000212f0	00021410	42ea9012	orr.w r2,r2,r0, lsr #0x6
000212f0	FUN_000212f0	00021414	4fea8060	lsl.w r0,r0,#0x1a
000212f0	FUN_000212f0	00021418	4fea1c4c	lsr.w r12,r12,#0x10
000212f0	FUN_000212f0	0002141c	0cfb0bf7	mul r7,r12,r11
000212f0	FUN_000212f0	00021420	d21b	subs r2,r2,r7
000212f0	FUN_000212f0	00021422	03fb0cf7	mul r7,r3,r12
000212f0	FUN_000212f0	00021426	61eb0701	sbc.w r1,r1,r7
000212f0	FUN_000212f0	0002142a	0cfb0ef7	mul r7,r12,lr
000212f0	FUN_000212f0	0002142e	b0eb0740	subs.w r0,r0,r7, lsl #0x10
000212f0	FUN_000212f0	00021432	72eb1742	sbcs.w r2,r2,r7, lsr #0x10
000212f0	FUN_000212f0	00021436	0cfb08f7	mul r7,r12,r8
000212f0	FUN_000212f0	0002143a	34bf	ite cc
000212f0	FUN_000212f0	0002143c	a2eb0742	sub.cc.w r2,r2,r7, lsl #0x10
000212f0	FUN_000212f0	00021440	b2eb0742	subs.cs.w r2,r2,r7, lsl #0x10
000212f0	FUN_000212f0	00021444	61eb1741	sbc.w r1,r1,r7, lsr #0x10
000212f0	FUN_000212f0	00021448	4fea8c55	lsl.w r5,r12,#0x16
000212f0	FUN_000212f0	0002144c	4fea9107	lsr.w r7,r1,#0x2
000212f0	FUN_000212f0	00021450	04eb9c24	add.w r4,r4,r12, lsr #0xa
000212f0	FUN_000212f0	00021454	06fb07fc	mul r12,r6,r7
000212f0	FUN_000212f0	00021458	4fea1c4c	lsr.w r12,r12,#0x10
000212f0	FUN_000212f0	0002145c	0cfb0bf7	mul r7,r12,r11
000212f0	FUN_000212f0	00021460	b0ebc740	subs.w r0,r0,r7, lsl #0x13
000212f0	FUN_000212f0	00021464	72eb5732	sbcs.w r2,r2,r7, lsr #0xd
000212f0	FUN_000212f0	00021468	03fb0cf7	mul r7,r3,r12
000212f0	FUN_000212f0	0002146c	34bf	ite cc
000212f0	FUN_000212f0	0002146e	a2ebc742	sub.cc.w r2,r2,r7, lsl #0x13
000212f0	FUN_000212f0	00021472	b2ebc742	subs.cs.w r2,r2,r7, lsl #0x13
000212f0	FUN_000212f0	00021476	61eb5731	sbc.w r1,r1,r7, lsr #0xd
000212f0	FUN_000212f0	0002147a	0cfb0ef7	mul r7,r12,lr
000212f0	FUN_000212f0	0002147e	b0ebc700	subs.w r0,r0,r7, lsl #0x3
000212f0	FUN_000212f0	00021482	72eb5772	sbcs.w r2,r2,r7, lsr #0x1d
000212f0	FUN_000212f0	00021486	0cfb08f7	mul r7,r12,r8
000212f0	FUN_000212f0	0002148a	34bf	ite cc
000212f0	FUN_000212f0	0002148c	a2ebc702	sub.cc.w r2,r2,r7, lsl #0x3
000212f0	FUN_000212f0	00021490	b2ebc702	subs.cs.w r2,r2,r7, lsl #0x3
000212f0	FUN_000212f0	00021494	61eb5771	sbc.w r1,r1,r7, lsr #0x1d
000212f0	FUN_000212f0	00021498	15eb4c25	adds.w r5,r5,r12, lsl #0x9
000212f0	FUN_000212f0	0002149c	4fea8161	lsl.w r1,r1,#0x1a
000212f0	FUN_000212f0	000214a0	41ea9211	orr.w r1,r1,r2, lsr #0x6
000212f0	FUN_000212f0	000214a4	4fea8262	lsl.w r2,r2,#0x1a
000212f0	FUN_000212f0	000214a8	4fead137	lsr.w r7,r1,#0xf
000212f0	FUN_000212f0	000214ac	42ea9012	orr.w r2,r2,r0, lsr #0x6
000212f0	FUN_000212f0	000214b0	06fb07fc	mul r12,r6,r7
000212f0	FUN_000212f0	000214b4	44f10004	adc r4,r4,#0x0
000212f0	FUN_000212f0	000214b8	4fea8060	lsl.w r0,r0,#0x1a
000212f0	FUN_000212f0	000214bc	4fea1c4c	lsr.w r12,r12,#0x10
000212f0	FUN_000212f0	000214c0	0cfb0bf7	mul r7,r12,r11
000212f0	FUN_000212f0	000214c4	d21b	subs r2,r2,r7
000212f0	FUN_000212f0	000214c6	03fb0cf7	mul r7,r3,r12
000212f0	FUN_000212f0	000214ca	61eb0701	sbc.w r1,r1,r7
000212f0	FUN_000212f0	000214ce	0cfb0ef7	mul r7,r12,lr
000212f0	FUN_000212f0	000214d2	b0eb0740	subs.w r0,r0,r7, lsl #0x10
000212f0	FUN_000212f0	000214d6	72eb1742	sbcs.w r2,r2,r7, lsr #0x10
000212f0	FUN_000212f0	000214da	0cfb08f7	mul r7,r12,r8
000212f0	FUN_000212f0	000214de	34bf	ite cc
000212f0	FUN_000212f0	000214e0	a2eb0742	sub.cc.w r2,r2,r7, lsl #0x10
000212f0	FUN_000212f0	000214e4	b2eb0742	subs.cs.w r2,r2,r7, lsl #0x10
000212f0	FUN_000212f0	000214e8	61eb1741	sbc.w r1,r1,r7, lsr #0x10
000212f0	FUN_000212f0	000214ec	15eb1c15	adds.w r5,r5,r12, lsr #0x4
000212f0	FUN_000212f0	000214f0	4fea8131	lsl.w r1,r1,#0xe
000212f0	FUN_000212f0	000214f4	41ea9241	orr.w r1,r1,r2, lsr #0x12
000212f0	FUN_000212f0	000214f8	4fea8232	lsl.w r2,r2,#0xe
000212f0	FUN_000212f0	000214fc	42ea9042	orr.w r2,r2,r0, lsr #0x12
000212f0	FUN_000212f0	00021500	4fea8030	lsl.w r0,r0,#0xe
000212f0	FUN_000212f0	00021504	4fea0c76	lsl.w r6,r12,#0x1c
000212f0	FUN_000212f0	00021508	44f10004	adc r4,r4,#0x0
000212f0	FUN_000212f0	0002150c	48ea0343	orr.w r3,r8,r3, lsl #0x10
000212f0	FUN_000212f0	00021510	4eea0b48	orr.w r8,lr,r11, lsl #0x10
000212f0	FUN_000212f0	00021514	4ff0000e	mov.w lr,#0x0
000212f0	FUN_000212f0	00021518	b2eb080c	subs.w r12,r2,r8
000212f0	FUN_000212f0	0002151c	71eb0307	sbcs.w r7,r1,r3
000212f0	FUN_000212f0	00021520	24bf	itt cs
000212f0	FUN_000212f0	00021522	6246	mov.cs r2,r12
000212f0	FUN_000212f0	00021524	3946	mov.cs r1,r7
000212f0	FUN_000212f0	00021526	4eeb0e0e	adc.w lr,lr,lr
000212f0	FUN_000212f0	0002152a	4ff0000b	mov.w r11,#0x0
000212f0	FUN_000212f0	0002152e	0018	adds r0,r0,r0
000212f0	FUN_000212f0	00021530	5241	adcs r2,r2
000212f0	FUN_000212f0	00021532	4941	adcs r1,r1
000212f0	FUN_000212f0	00021534	4beb0b0b	adc.w r11,r11,r11
000212f0	FUN_000212f0	00021538	b2eb080c	subs.w r12,r2,r8
000212f0	FUN_000212f0	0002153c	71eb0307	sbcs.w r7,r1,r3
000212f0	FUN_000212f0	00021540	7bf1000b	sbcs r11,r11,#0x0
000212f0	FUN_000212f0	00021544	24bf	itt cs
000212f0	FUN_000212f0	00021546	6246	mov.cs r2,r12
000212f0	FUN_000212f0	00021548	3946	mov.cs r1,r7
000212f0	FUN_000212f0	0002154a	4eeb0e0e	adc.w lr,lr,lr
000212f0	FUN_000212f0	0002154e	4ff0000b	mov.w r11,#0x0
000212f0	FUN_000212f0	00021552	0018	adds r0,r0,r0
000212f0	FUN_000212f0	00021554	5241	adcs r2,r2
000212f0	FUN_000212f0	00021556	4941	adcs r1,r1
000212f0	FUN_000212f0	00021558	4beb0b0b	adc.w r11,r11,r11
000212f0	FUN_000212f0	0002155c	b2eb080c	subs.w r12,r2,r8
000212f0	FUN_000212f0	00021560	71eb0307	sbcs.w r7,r1,r3
000212f0	FUN_000212f0	00021564	7bf1000b	sbcs r11,r11,#0x0
000212f0	FUN_000212f0	00021568	24bf	itt cs
000212f0	FUN_000212f0	0002156a	6246	mov.cs r2,r12
000212f0	FUN_000212f0	0002156c	3946	mov.cs r1,r7
000212f0	FUN_000212f0	0002156e	4eeb0e0e	adc.w lr,lr,lr
000212f0	FUN_000212f0	00021572	51ea0207	orrs.w r7,r1,r2
000212f0	FUN_000212f0	00021576	18bf	it ne
000212f0	FUN_000212f0	00021578	46f00106	orr.ne r6,r6,#0x1
000212f0	FUN_000212f0	0002157c	16eb0e76	adds.w r6,r6,lr, lsl #0x1c
000212f0	FUN_000212f0	00021580	55f10002	adcs r2,r5,#0x0
000212f0	FUN_000212f0	00021584	54f10001	adcs r1,r4,#0x0
000212f0	FUN_000212f0	00021588	03d5	bpl 0x00021592
000212f0	FUN_000212f0	0002158a	bde88901	pop.w {r0,r3,r7,r8}
000212f0	FUN_000212f0	0002158e	bde80088	pop.w {r11,pc}
000212f0	FUN_000212f0	00021592	bde88901	pop.w {r0,r3,r7,r8}
000212f0	FUN_000212f0	00021596	bde80048	pop.w {r11,lr}
000212f0	FUN_000212f0	0002159a	b619	adds r6,r6,r6
000212f0	FUN_000212f0	0002159c	5241	adcs r2,r2
000212f0	FUN_000212f0	0002159e	41eb0101	adc.w r1,r1,r1
000212f0	FUN_000212f0	000215a2	a3f10103	sub.w r3,r3,#0x1
000212f0	FUN_000212f0	000215a6	7047	bx lr
00021628	FUN_00021628	00021628	002b	cmp r3,#0x0
00021628	FUN_00021628	0002162a	9c46	mov r12,r3
00021628	FUN_00021628	0002162c	30d4	bmi 0x00021690
00021628	FUN_00021628	0002162e	7700	lsls r7,r6,#0x1
00021628	FUN_00021628	00021630	2bd0	beq 0x0002168a
00021628	FUN_00021628	00021632	1cb5	push {r2,r3,r4,lr}
00021628	FUN_00021628	00021634	4fea3707	rrx r7,r7
00021628	FUN_00021628	00021638	03b4	push {r0,r1}
00021628	FUN_00021628	0002163a	4ff01000	mov.w r0,#0x10
00021628	FUN_00021628	0002163e	4ff01001	mov.w r1,#0x10
00021628	FUN_00021628	00021642	baf1000f	cmp.w r10,#0x0
00021628	FUN_00021628	00021646	06d0	beq 0x00021656
00021628	FUN_00021628	00021648	bcf1000f	cmp.w r12,#0x0
00021628	FUN_00021628	0002164c	dcbf	itt le
00021628	FUN_00021628	0002164e	40f00800	orr.le r0,r0,#0x8
00021628	FUN_00021628	00021652	40f00801	orr.le r1,r0,#0x8
00021628	FUN_00021628	00021656	4ff00000	mov.w r0,#0x0
00021628	FUN_00021628	0002165a	0fbc	pop {r0,r1,r2,r3}
00021628	FUN_00021628	0002165c	bde81040	pop.w {r4,lr}
00021628	FUN_00021628	00021660	0bf1010b	add.w r11,r11,#0x1
00021628	FUN_00021628	00021664	bbf1010f	cmp.w r11,#0x1
00021628	FUN_00021628	00021668	08bf	it eq
00021628	FUN_00021628	0002166a	5fea1707	lsrs.eq.w r7,r7,#0x0
00021628	FUN_00021628	0002166e	22bf	ittt cs
00021628	FUN_00021628	00021670	12f10102	adds.cs.w r2,r2,#0x1
00021628	FUN_00021628	00021674	11f10101	adds.cs.w r1,r1,#0x1
00021628	FUN_00021628	00021678	4ff00041	mov.cs.w r1,#0x80000000
00021628	FUN_00021628	0002167c	43f10003	adc r3,r3,#0x0
00021628	FUN_00021628	00021680	00f00040	and r0,r0,#0x80000000
00021628	FUN_00021628	00021684	43ea0000	orr.w r0,r3,r0
00021628	FUN_00021628	00021688	7047	bx lr
00021628	FUN_00021628	0002168a	f9d3	bcc 0x00021680
00021628	FUN_00021628	0002168c	5708	lsrs r7,r2,#0x1
00021628	FUN_00021628	0002168e	d0e7	b 0x00021632
00021628	FUN_00021628	00021690	46ea0646	orr.w r6,r6,r6, lsl #0x10
00021628	FUN_00021628	00021694	13f1400f	cmn r3,#0x40
00021628	FUN_00021628	00021698	4fea1646	lsr.w r6,r6,#0x10
00021628	FUN_00021628	0002169c	1fdd	ble 0x000216de
00021628	FUN_00021628	0002169e	13f1200f	cmn r3,#0x20
00021628	FUN_00021628	000216a2	dfbf	itttt le
00021628	FUN_00021628	000216a4	1643	orr.le r6,r2
00021628	FUN_00021628	000216a6	0a46	mov.le r2,r1
00021628	FUN_00021628	000216a8	0021	mov.le r1,#0x0
00021628	FUN_00021628	000216aa	2033	add.le r3,#0x20
00021628	FUN_00021628	000216ac	5b42	rsbs r3,r3
00021628	FUN_00021628	000216ae	bed0	beq 0x0002162e
00021628	FUN_00021628	000216b0	c3f12007	rsb.w r7,r3,#0x20
00021628	FUN_00021628	000216b4	46ea0646	orr.w r6,r6,r6, lsl #0x10
00021628	FUN_00021628	000216b8	02fa07f7	lsl.w r7,r2,r7
00021628	FUN_00021628	000216bc	4fea1646	lsr.w r6,r6,#0x10
00021628	FUN_00021628	000216c0	46ea0706	orr.w r6,r6,r7
00021628	FUN_00021628	000216c4	c3f12007	rsb.w r7,r3,#0x20
00021628	FUN_00021628	000216c8	22fa03f2	lsr.w r2,r2,r3
00021628	FUN_00021628	000216cc	01fa07f7	lsl.w r7,r1,r7
00021628	FUN_00021628	000216d0	21fa03f1	lsr.w r1,r1,r3
00021628	FUN_00021628	000216d4	4ff00003	mov.w r3,#0x0
00021628	FUN_00021628	000216d8	42ea0702	orr.w r2,r2,r7
00021628	FUN_00021628	000216dc	a7e7	b 0x0002162e
00021628	FUN_00021628	000216de	46ea0206	orr.w r6,r6,r2
00021628	FUN_00021628	000216e2	46ea0646	orr.w r6,r6,r6, lsl #0x10
00021628	FUN_00021628	000216e6	4fea1646	lsr.w r6,r6,#0x10
00021628	FUN_00021628	000216ea	46ea0106	orr.w r6,r6,r1
00021628	FUN_00021628	000216ee	bcbf	itt lt
00021628	FUN_00021628	000216f0	46ea0646	orr.lt.w r6,r6,r6, lsl #0x10
00021628	FUN_00021628	000216f4	360c	lsr.lt r6,r6,#0x10
00021628	FUN_00021628	000216f6	4ff00003	mov.w r3,#0x0
00021628	FUN_00021628	000216fa	4ff00002	mov.w r2,#0x0
00021628	FUN_00021628	000216fe	4ff00001	mov.w r1,#0x0
00021628	FUN_00021628	00021702	94e7	b 0x0002162e
00021704	FUN_00021704	00021704	2de9804c	push {r7,r10,r11,lr}
00021704	FUN_00021704	00021708	9a46	mov r10,r3
00021704	FUN_00021704	0002170a	9346	mov r11,r2
00021704	FUN_00021704	0002170c	70b4	push {r4,r5,r6}
00021704	FUN_00021704	0002170e	91e83800	ldm.w r1,{r3,r4,r5}
00021704	FUN_00021704	00021712	07c8	ldmia r0,{r0,r1,r2}
00021704	FUN_00021704	00021714	31ea400c	bics.w r12,r1,r0, lsl #0x1
00021704	FUN_00021704	00021718	48bf	it mi
00021704	FUN_00021704	0002171a	34ea430c	bics.mi.w r12,r4,r3, lsl #0x1
00021704	FUN_00021704	0002171e	03d5	bpl 0x00021728
00021704	FUN_00021704	00021720	fff7e6fd	bl 0x000212f0
00021704	FUN_00021704	00021724	fff780ff	bl 0x00021628
00021704	FUN_00021704	00021728	f0bc	pop {r4,r5,r6,r7}
00021704	FUN_00021704	0002172a	bde8008c	pop.w {r10,r11,pc}
0002172e	FUN_0002172e	0002172e	2de9804c	push {r7,r10,r11,lr}
0002172e	FUN_0002172e	00021732	9a46	mov r10,r3
0002172e	FUN_0002172e	00021734	9346	mov r11,r2
0002172e	FUN_0002172e	00021736	70b4	push {r4,r5,r6}
0002172e	FUN_0002172e	00021738	91e83800	ldm.w r1,{r3,r4,r5}
0002172e	FUN_0002172e	0002173c	07c8	ldmia r0,{r0,r1,r2}
0002172e	FUN_0002172e	0002173e	10f0804f	tst r0,#0x40000000
0002172e	FUN_0002172e	00021742	08bf	it eq
0002172e	FUN_0002172e	00021744	13f0804f	tst.eq r3,#0x40000000
0002172e	FUN_0002172e	00021748	03d1	bne 0x00021752
0002172e	FUN_0002172e	0002174a	00f005f8	bl 0x00021758
0002172e	FUN_0002172e	0002174e	fff76bff	bl 0x00021628
0002172e	FUN_0002172e	00021752	f0bc	pop {r4,r5,r6,r7}
0002172e	FUN_0002172e	00021754	bde8008c	pop.w {r10,r11,pc}
00021758	FUN_00021758	00021758	20f07f47	bic r7,r0,#0xff000000
00021758	FUN_00021758	0002175c	80ea0300	eor.w r0,r0,r3
00021758	FUN_00021758	00021760	23f07f4c	bic r12,r3,#0xff000000
00021758	FUN_00021758	00021764	07eb0c03	add.w r3,r7,r12
00021758	FUN_00021758	00021768	a3f57c53	sub.w r3,r3,#0x3f00
00021758	FUN_00021758	0002176c	00f00040	and r0,r0,#0x80000000
00021758	FUN_00021758	00021770	a3f1fe03	sub.w r3,r3,#0xfe
00021758	FUN_00021758	00021774	92f0000f	teq r2,#0x0
00021758	FUN_00021758	00021778	00f0b380	beq.w 0x000218e2
00021758	FUN_00021758	0002177c	95f0000f	teq r5,#0x0
00021758	FUN_00021758	00021780	00f07780	beq.w 0x00021872
00021758	FUN_00021758	00021784	2de90149	push {r0,r8,r11,lr}
00021758	FUN_00021758	00021788	4fea1140	lsr.w r0,r1,#0x10
00021758	FUN_00021758	0002178c	4fea1446	lsr.w r6,r4,#0x10
00021758	FUN_00021758	00021790	21ea0048	bic.w r8,r1,r0, lsl #0x10
00021758	FUN_00021758	00021794	00fb06fc	mul r12,r0,r6
00021758	FUN_00021758	00021798	24ea0647	bic.w r7,r4,r6, lsl #0x10
00021758	FUN_00021758	0002179c	08fb06f6	mul r6,r8,r6
00021758	FUN_00021758	000217a0	07fb08f8	mul r8,r7,r8
00021758	FUN_00021758	000217a4	00fb07f7	mul r7,r0,r7
00021758	FUN_00021758	000217a8	18eb0648	adds.w r8,r8,r6, lsl #0x10
00021758	FUN_00021758	000217ac	4ceb164c	adc.w r12,r12,r6, lsr #0x10
00021758	FUN_00021758	000217b0	4fea124b	lsr.w r11,r2,#0x10
00021758	FUN_00021758	000217b4	18eb0748	adds.w r8,r8,r7, lsl #0x10
00021758	FUN_00021758	000217b8	4fea1546	lsr.w r6,r5,#0x10
00021758	FUN_00021758	000217bc	4ceb1740	adc.w r0,r12,r7, lsr #0x10
00021758	FUN_00021758	000217c0	22ea0b4e	bic.w lr,r2,r11, lsl #0x10
00021758	FUN_00021758	000217c4	0bfb06fc	mul r12,r11,r6
00021758	FUN_00021758	000217c8	25ea0647	bic.w r7,r5,r6, lsl #0x10
00021758	FUN_00021758	000217cc	0efb06f6	mul r6,lr,r6
00021758	FUN_00021758	000217d0	07fb0efe	mul lr,r7,lr
00021758	FUN_00021758	000217d4	0bfb07f7	mul r7,r11,r7
00021758	FUN_00021758	000217d8	1eeb064e	adds.w lr,lr,r6, lsl #0x10
00021758	FUN_00021758	000217dc	4ceb164c	adc.w r12,r12,r6, lsr #0x10
00021758	FUN_00021758	000217e0	4ff00006	mov.w r6,#0x0
00021758	FUN_00021758	000217e4	1eeb074e	adds.w lr,lr,r7, lsl #0x10
00021758	FUN_00021758	000217e8	4ceb174b	adc.w r11,r12,r7, lsr #0x10
00021758	FUN_00021758	000217ec	18eb0b08	adds.w r8,r8,r11
00021758	FUN_00021758	000217f0	40f10000	adc r0,r0,#0x0
00021758	FUN_00021758	000217f4	18eb0e0b	adds.w r11,r8,lr
00021758	FUN_00021758	000217f8	58eb0008	adcs.w r8,r8,r0
00021758	FUN_00021758	000217fc	40f10000	adc r0,r0,#0x0
00021758	FUN_00021758	00021800	8f1a	subs r7,r1,r2
00021758	FUN_00021758	00021802	4ff00001	mov.w r1,#0x0
00021758	FUN_00021758	00021806	3cbf	itt cc
00021758	FUN_00021758	00021808	c943	mvn.cc r1,r1
00021758	FUN_00021758	0002180a	661b	sub.cc r6,r4,r5
00021758	FUN_00021758	0002180c	14bf	ite ne
00021758	FUN_00021758	0002180e	b5eb040c	subs.ne.w r12,r5,r4
00021758	FUN_00021758	00021812	0021	mov.eq r1,#0x0
00021758	FUN_00021758	00021814	3cbf	itt cc
00021758	FUN_00021758	00021816	c943	mvn.cc r1,r1
00021758	FUN_00021758	00021818	f61b	sub.cc r6,r6,r7
00021758	FUN_00021758	0002181a	4fea1744	lsr.w r4,r7,#0x10
00021758	FUN_00021758	0002181e	4eea8e0e	orr.w lr,lr,lr, lsl #0x2
00021758	FUN_00021758	00021822	27ea0445	bic.w r5,r7,r4, lsl #0x10
00021758	FUN_00021758	00021826	4fea1c47	lsr.w r7,r12,#0x10
00021758	FUN_00021758	0002182a	04fb0762	mla r2,r4,r7,r6
00021758	FUN_00021758	0002182e	2cea074c	bic.w r12,r12,r7, lsl #0x10
00021758	FUN_00021758	00021832	05fb07f7	mul r7,r5,r7
00021758	FUN_00021758	00021836	0cfb05f6	mul r6,r12,r5
00021758	FUN_00021758	0002183a	04fb0cfc	mul r12,r4,r12
00021758	FUN_00021758	0002183e	16eb0746	adds.w r6,r6,r7, lsl #0x10
00021758	FUN_00021758	00021842	42eb1742	adc.w r2,r2,r7, lsr #0x10
00021758	FUN_00021758	00021846	16eb0c46	adds.w r6,r6,r12, lsl #0x10
00021758	FUN_00021758	0002184a	42eb1c42	adc.w r2,r2,r12, lsr #0x10
00021758	FUN_00021758	0002184e	1beb0606	adds.w r6,r11,r6
00021758	FUN_00021758	00021852	58eb0202	adcs.w r2,r8,r2
00021758	FUN_00021758	00021856	4141	adcs r1,r0
00021758	FUN_00021758	00021858	46ea9e06	orr.w r6,r6,lr, lsr #0x2
00021758	FUN_00021758	0002185c	01d5	bpl 0x00021862
00021758	FUN_00021758	0002185e	bde80189	pop.w {r0,r8,r11,pc}
00021758	FUN_00021758	00021862	b619	adds r6,r6,r6
00021758	FUN_00021758	00021864	5241	adcs r2,r2
00021758	FUN_00021758	00021866	41eb0101	adc.w r1,r1,r1
00021758	FUN_00021758	0002186a	a3f10103	sub.w r3,r3,#0x1
00021758	FUN_00021758	0002186e	bde80189	pop.w {r0,r8,r11,pc}
00021758	FUN_00021758	00021872	4fea1445	lsr.w r5,r4,#0x10
00021758	FUN_00021758	00021876	4fea1147	lsr.w r7,r1,#0x10
00021758	FUN_00021758	0002187a	24ea0546	bic.w r6,r4,r5, lsl #0x10
00021758	FUN_00021758	0002187e	21ea074c	bic.w r12,r1,r7, lsl #0x10
00021758	FUN_00021758	00021882	05fb07f4	mul r4,r5,r7
00021758	FUN_00021758	00021886	06fb07f7	mul r7,r6,r7
00021758	FUN_00021758	0002188a	0cfb06f1	mul r1,r12,r6
00021758	FUN_00021758	0002188e	05fb0cfc	mul r12,r5,r12
00021758	FUN_00021758	00021892	11eb0741	adds.w r1,r1,r7, lsl #0x10
00021758	FUN_00021758	00021896	44eb1744	adc.w r4,r4,r7, lsr #0x10
00021758	FUN_00021758	0002189a	4fea1247	lsr.w r7,r2,#0x10
00021758	FUN_00021758	0002189e	11eb0c41	adds.w r1,r1,r12, lsl #0x10
00021758	FUN_00021758	000218a2	44eb1c44	adc.w r4,r4,r12, lsr #0x10
00021758	FUN_00021758	000218a6	22ea074c	bic.w r12,r2,r7, lsl #0x10
00021758	FUN_00021758	000218aa	05fb07f2	mul r2,r5,r7
00021758	FUN_00021758	000218ae	06fb07f7	mul r7,r6,r7
00021758	FUN_00021758	000218b2	0cfb06f6	mul r6,r12,r6
00021758	FUN_00021758	000218b6	05fb0cfc	mul r12,r5,r12
00021758	FUN_00021758	000218ba	16eb0746	adds.w r6,r6,r7, lsl #0x10
00021758	FUN_00021758	000218be	42eb1742	adc.w r2,r2,r7, lsr #0x10
00021758	FUN_00021758	000218c2	16eb0c46	adds.w r6,r6,r12, lsl #0x10
00021758	FUN_00021758	000218c6	42eb1c45	adc.w r5,r2,r12, lsr #0x10
00021758	FUN_00021758	000218ca	6a18	adds r2,r5,r1
00021758	FUN_00021758	000218cc	54f10001	adcs r1,r4,#0x0
00021758	FUN_00021758	000218d0	48bf	it mi
00021758	FUN_00021758	000218d2	7047	bx.mi lr
00021758	FUN_00021758	000218d4	b619	adds r6,r6,r6
00021758	FUN_00021758	000218d6	5241	adcs r2,r2
00021758	FUN_00021758	000218d8	41eb0101	adc.w r1,r1,r1
00021758	FUN_00021758	000218dc	a3f10103	sub.w r3,r3,#0x1
00021758	FUN_00021758	000218e0	7047	bx lr
00021758	FUN_00021758	000218e2	95f0000f	teq r5,#0x0
00021758	FUN_00021758	000218e6	37d0	beq 0x00021958
00021758	FUN_00021758	000218e8	4fea1142	lsr.w r2,r1,#0x10
00021758	FUN_00021758	000218ec	4fea1447	lsr.w r7,r4,#0x10
00021758	FUN_00021758	000218f0	21ea0246	bic.w r6,r1,r2, lsl #0x10
00021758	FUN_00021758	000218f4	24ea074c	bic.w r12,r4,r7, lsl #0x10
00021758	FUN_00021758	000218f8	02fb07f1	mul r1,r2,r7
00021758	FUN_00021758	000218fc	06fb07f7	mul r7,r6,r7
00021758	FUN_00021758	00021900	0cfb06f4	mul r4,r12,r6
00021758	FUN_00021758	00021904	02fb0cfc	mul r12,r2,r12
00021758	FUN_00021758	00021908	14eb0744	adds.w r4,r4,r7, lsl #0x10
00021758	FUN_00021758	0002190c	41eb1741	adc.w r1,r1,r7, lsr #0x10
00021758	FUN_00021758	00021910	4fea1547	lsr.w r7,r5,#0x10
00021758	FUN_00021758	00021914	14eb0c44	adds.w r4,r4,r12, lsl #0x10
00021758	FUN_00021758	00021918	41eb1c41	adc.w r1,r1,r12, lsr #0x10
00021758	FUN_00021758	0002191c	25ea074c	bic.w r12,r5,r7, lsl #0x10
00021758	FUN_00021758	00021920	02fb07f5	mul r5,r2,r7
00021758	FUN_00021758	00021924	06fb07f7	mul r7,r6,r7
00021758	FUN_00021758	00021928	0cfb06f6	mul r6,r12,r6
00021758	FUN_00021758	0002192c	02fb0cfc	mul r12,r2,r12
00021758	FUN_00021758	00021930	16eb0746	adds.w r6,r6,r7, lsl #0x10
00021758	FUN_00021758	00021934	45eb1745	adc.w r5,r5,r7, lsr #0x10
00021758	FUN_00021758	00021938	16eb0c46	adds.w r6,r6,r12, lsl #0x10
00021758	FUN_00021758	0002193c	45eb1c42	adc.w r2,r5,r12, lsr #0x10
00021758	FUN_00021758	00021940	1219	adds r2,r2,r4
00021758	FUN_00021758	00021942	51f10001	adcs r1,r1,#0x0
00021758	FUN_00021758	00021946	48bf	it mi
00021758	FUN_00021758	00021948	7047	bx.mi lr
00021758	FUN_00021758	0002194a	b619	adds r6,r6,r6
00021758	FUN_00021758	0002194c	5241	adcs r2,r2
00021758	FUN_00021758	0002194e	41eb0101	adc.w r1,r1,r1
00021758	FUN_00021758	00021952	a3f10103	sub.w r3,r3,#0x1
00021758	FUN_00021758	00021956	7047	bx lr
00021758	FUN_00021758	00021958	4fea1445	lsr.w r5,r4,#0x10
00021758	FUN_00021758	0002195c	4fea1147	lsr.w r7,r1,#0x10
00021758	FUN_00021758	00021960	24ea0546	bic.w r6,r4,r5, lsl #0x10
00021758	FUN_00021758	00021964	21ea074c	bic.w r12,r1,r7, lsl #0x10
00021758	FUN_00021758	00021968	05fb07f1	mul r1,r5,r7
00021758	FUN_00021758	0002196c	06fb07f7	mul r7,r6,r7
00021758	FUN_00021758	00021970	0cfb06f2	mul r2,r12,r6
00021758	FUN_00021758	00021974	4ff00006	mov.w r6,#0x0
00021758	FUN_00021758	00021978	05fb0cfc	mul r12,r5,r12
00021758	FUN_00021758	0002197c	12eb0742	adds.w r2,r2,r7, lsl #0x10
00021758	FUN_00021758	00021980	41eb1741	adc.w r1,r1,r7, lsr #0x10
00021758	FUN_00021758	00021984	12eb0c42	adds.w r2,r2,r12, lsl #0x10
00021758	FUN_00021758	00021988	51eb1c41	adcs.w r1,r1,r12, lsr #0x10
00021758	FUN_00021758	0002198c	48bf	it mi
00021758	FUN_00021758	0002198e	7047	bx.mi lr
00021758	FUN_00021758	00021990	9218	adds r2,r2,r2
00021758	FUN_00021758	00021992	41eb0101	adc.w r1,r1,r1
00021758	FUN_00021758	00021996	a3f10103	sub.w r3,r3,#0x1
00021758	FUN_00021758	0002199a	7047	bx lr
0002199c	thunk_EXT_FUN_1fffa30c	0002199c	4af20d3c	movw r12,#0xa30d
0002199c	thunk_EXT_FUN_1fffa30c	000219a0	c1f6ff7c	movt r12,#0x1fff
0002199c	thunk_EXT_FUN_1fffa30c	000219a4	6047	bx r12
000219a6	thunk_EXT_FUN_1fff9950	000219a6	49f6511c	movw r12,#0x9951
000219a6	thunk_EXT_FUN_1fff9950	000219aa	c1f6ff7c	movt r12,#0x1fff
000219a6	thunk_EXT_FUN_1fff9950	000219ae	6047	bx r12
000219b0	thunk_EXT_FUN_1fff9c40	000219b0	49f6414c	movw r12,#0x9c41
000219b0	thunk_EXT_FUN_1fff9c40	000219b4	c1f6ff7c	movt r12,#0x1fff
000219b0	thunk_EXT_FUN_1fff9c40	000219b8	6047	bx r12
000219ba	thunk_EXT_FUN_1fffa3aa	000219ba	4af2ab3c	movw r12,#0xa3ab
000219ba	thunk_EXT_FUN_1fffa3aa	000219be	c1f6ff7c	movt r12,#0x1fff
000219ba	thunk_EXT_FUN_1fffa3aa	000219c2	6047	bx r12
000219c4	thunk_EXT_FUN_1fff987c	000219c4	49f67d0c	movw r12,#0x987d
000219c4	thunk_EXT_FUN_1fff987c	000219c8	c1f6ff7c	movt r12,#0x1fff
000219c4	thunk_EXT_FUN_1fff987c	000219cc	6047	bx r12
000219ce	thunk_EXT_FUN_1fffa160	000219ce	4af2611c	movw r12,#0xa161
000219ce	thunk_EXT_FUN_1fffa160	000219d2	c1f6ff7c	movt r12,#0x1fff
000219ce	thunk_EXT_FUN_1fffa160	000219d6	6047	bx r12
000219d8	thunk_EXT_FUN_1fffa38a	000219d8	4af28b3c	movw r12,#0xa38b
000219d8	thunk_EXT_FUN_1fffa38a	000219dc	c1f6ff7c	movt r12,#0x1fff
000219d8	thunk_EXT_FUN_1fffa38a	000219e0	6047	bx r12
000219e2	thunk_EXT_FUN_1fffa234	000219e2	4af2352c	movw r12,#0xa235
000219e2	thunk_EXT_FUN_1fffa234	000219e6	c1f6ff7c	movt r12,#0x1fff
000219e2	thunk_EXT_FUN_1fffa234	000219ea	6047	bx r12
000219ec	thunk_EXT_FUN_1fff9e44	000219ec	49f6456c	movw r12,#0x9e45
000219ec	thunk_EXT_FUN_1fff9e44	000219f0	c1f6ff7c	movt r12,#0x1fff
000219ec	thunk_EXT_FUN_1fff9e44	000219f4	6047	bx r12
00021a00	adc_sampling_init	00021a00	3849	ldr r1,[0x00021ae4]
00021a00	adc_sampling_init	00021a02	10b5	push {r4,lr}
00021a00	adc_sampling_init	00021a04	4af20150	movw r0,#0xa501
00021a00	adc_sampling_init	00021a08	0880	strh r0,[r1,#0x0]
00021a00	adc_sampling_init	00021a0a	0a1d	adds r2,r1,#0x4
00021a00	adc_sampling_init	00021a0c	4ff40040	mov.w r0,#0x8000
00021a00	adc_sampling_init	00021a10	1080	strh r0,[r2,#0x0]
00021a00	adc_sampling_init	00021a12	121d	adds r2,r2,#0x4
00021a00	adc_sampling_init	00021a14	1080	strh r0,[r2,#0x0]
00021a00	adc_sampling_init	00021a16	121d	adds r2,r2,#0x4
00021a00	adc_sampling_init	00021a18	1080	strh r0,[r2,#0x0]
00021a00	adc_sampling_init	00021a1a	324a	ldr r2,[0x00021ae4]
00021a00	adc_sampling_init	00021a1c	1432	adds r2,#0x14
00021a00	adc_sampling_init	00021a1e	1080	strh r0,[r2,#0x0]
00021a00	adc_sampling_init	00021a20	121d	adds r2,r2,#0x4
00021a00	adc_sampling_init	00021a22	1080	strh r0,[r2,#0x0]
00021a00	adc_sampling_init	00021a24	121d	adds r2,r2,#0x4
00021a00	adc_sampling_init	00021a26	1080	strh r0,[r2,#0x0]
00021a00	adc_sampling_init	00021a28	121d	adds r2,r2,#0x4
00021a00	adc_sampling_init	00021a2a	1080	strh r0,[r2,#0x0]
00021a00	adc_sampling_init	00021a2c	2d4a	ldr r2,[0x00021ae4]
00021a00	adc_sampling_init	00021a2e	4832	adds r2,#0x48
00021a00	adc_sampling_init	00021a30	1080	strh r0,[r2,#0x0]
00021a00	adc_sampling_init	00021a32	4ff42540	mov.w r0,#0xa500
00021a00	adc_sampling_init	00021a36	0880	strh r0,[r1,#0x0]
00021a00	adc_sampling_init	00021a38	2b48	ldr r0,[0x00021ae8]
00021a00	adc_sampling_init	00021a3a	b0f8fe13	ldrh.w r1,[r0,#0x3fe]
00021a00	adc_sampling_init	00021a3e	4af20252	movw r2,#0xa502
00021a00	adc_sampling_init	00021a42	1143	orrs r1,r2
00021a00	adc_sampling_init	00021a44	a0f8fe13	strh.w r1,[r0,#0x3fe]
00021a00	adc_sampling_init	00021a48	0021	movs r1,#0x0
00021a00	adc_sampling_init	00021a4a	0182	strh r1,[r0,#0x10]
00021a00	adc_sampling_init	00021a4c	274b	ldr r3,[0x00021aec]
00021a00	adc_sampling_init	00021a4e	8022	movs r2,#0x80
00021a00	adc_sampling_init	00021a50	1a70	strb r2,[r3,#0x0]
00021a00	adc_sampling_init	00021a52	274b	ldr r3,[0x00021af0]
00021a00	adc_sampling_init	00021a54	0122	movs r2,#0x1
00021a00	adc_sampling_init	00021a56	1a70	strb r2,[r3,#0x0]
00021a00	adc_sampling_init	00021a58	b0f8fe23	ldrh.w r2,[r0,#0x3fe]
00021a00	adc_sampling_init	00021a5c	22f00202	bic r2,r2,#0x2
00021a00	adc_sampling_init	00021a60	42f42542	orr r2,r2,#0xa500
00021a00	adc_sampling_init	00021a64	a0f8fe23	strh.w r2,[r0,#0x3fe]
00021a00	adc_sampling_init	00021a68	2248	ldr r0,[0x00021af4]
00021a00	adc_sampling_init	00021a6a	c268	ldr r2,[r0,#0xc]
00021a00	adc_sampling_init	00021a6c	22f00702	bic r2,r2,#0x7
00021a00	adc_sampling_init	00021a70	c260	str r2,[r0,#0xc]
00021a00	adc_sampling_init	00021a72	214a	ldr r2,[0x00021af8]
00021a00	adc_sampling_init	00021a74	a2f84c10	strh.w r1,[r2,#0x4c]
00021a00	adc_sampling_init	00021a78	02f8041b	strb.w r1,[r2],#0x4
00021a00	adc_sampling_init	00021a7c	22f8021c	strh r1,[r2,#-0x2]
00021a00	adc_sampling_init	00021a80	43f21020	movw r0,#0x3210
00021a00	adc_sampling_init	00021a84	9086	strh r0,[r2,#0x34]
00021a00	adc_sampling_init	00021a86	0723	movs r3,#0x7
00021a00	adc_sampling_init	00021a88	9360	str r3,[r2,#0x8]
00021a00	adc_sampling_init	00021a8a	1420	movs r0,#0x14
00021a00	adc_sampling_init	00021a8c	1077	strb r0,[r2,#0x1c]
00021a00	adc_sampling_init	00021a8e	5077	strb r0,[r2,#0x1d]
00021a00	adc_sampling_init	00021a90	9077	strb r0,[r2,#0x1e]
00021a00	adc_sampling_init	00021a92	1a4a	ldr r2,[0x00021afc]
00021a00	adc_sampling_init	00021a94	1170	strb r1,[r2,#0x0]
00021a00	adc_sampling_init	00021a96	921c	adds r2,r2,#0x2
00021a00	adc_sampling_init	00021a98	1180	strh r1,[r2,#0x0]
00021a00	adc_sampling_init	00021a9a	184c	ldr r4,[0x00021afc]
00021a00	adc_sampling_init	00021a9c	43f21052	movw r2,#0x3510
00021a00	adc_sampling_init	00021aa0	3834	adds r4,#0x38
00021a00	adc_sampling_init	00021aa2	2280	strh r2,[r4,#0x0]
00021a00	adc_sampling_init	00021aa4	154a	ldr r2,[0x00021afc]
00021a00	adc_sampling_init	00021aa6	0c32	adds r2,#0xc
00021a00	adc_sampling_init	00021aa8	1360	str r3,[r2,#0x0]
00021a00	adc_sampling_init	00021aaa	144a	ldr r2,[0x00021afc]
00021a00	adc_sampling_init	00021aac	2032	adds r2,#0x20
00021a00	adc_sampling_init	00021aae	1070	strb r0,[r2,#0x0]
00021a00	adc_sampling_init	00021ab0	521c	adds r2,r2,#0x1
00021a00	adc_sampling_init	00021ab2	1070	strb r0,[r2,#0x0]
00021a00	adc_sampling_init	00021ab4	521c	adds r2,r2,#0x1
00021a00	adc_sampling_init	00021ab6	1070	strb r0,[r2,#0x0]
00021a00	adc_sampling_init	00021ab8	0d4a	ldr r2,[0x00021af0]
00021a00	adc_sampling_init	00021aba	183a	subs r2,#0x18
00021a00	adc_sampling_init	00021abc	1170	strb r1,[r2,#0x0]
00021a00	adc_sampling_init	00021abe	921c	adds r2,r2,#0x2
00021a00	adc_sampling_init	00021ac0	1180	strh r1,[r2,#0x0]
00021a00	adc_sampling_init	00021ac2	0b4a	ldr r2,[0x00021af0]
00021a00	adc_sampling_init	00021ac4	43f67631	movw r1,#0x3b76
00021a00	adc_sampling_init	00021ac8	2032	adds r2,#0x20
00021a00	adc_sampling_init	00021aca	1180	strh r1,[r2,#0x0]
00021a00	adc_sampling_init	00021acc	0849	ldr r1,[0x00021af0]
00021a00	adc_sampling_init	00021ace	0c39	subs r1,#0xc
00021a00	adc_sampling_init	00021ad0	0b60	str r3,[r1,#0x0]
00021a00	adc_sampling_init	00021ad2	0749	ldr r1,[0x00021af0]
00021a00	adc_sampling_init	00021ad4	0831	adds r1,#0x8
00021a00	adc_sampling_init	00021ad6	0870	strb r0,[r1,#0x0]
00021a00	adc_sampling_init	00021ad8	491c	adds r1,r1,#0x1
00021a00	adc_sampling_init	00021ada	0870	strb r0,[r1,#0x0]
00021a00	adc_sampling_init	00021adc	491c	adds r1,r1,#0x1
00021a00	adc_sampling_init	00021ade	0870	strb r0,[r1,#0x0]
00021a00	adc_sampling_init	00021ae0	10bd	pop {r4,pc}
00021b00	calibrate_adc_offsets	00021b00	30b5	push {r4,r5,lr}
00021b00	calibrate_adc_offsets	00021b02	86b0	sub sp,#0x18
00021b00	calibrate_adc_offsets	00021b04	9fed400a	vldr.32 s0,[pc,#0x100]
00021b00	calibrate_adc_offsets	00021b08	0021	movs r1,#0x0
00021b00	calibrate_adc_offsets	00021b0a	adf80010	strh.w r1,[sp,#0x0]
00021b00	calibrate_adc_offsets	00021b0e	f0ee401a	vmov.f32 s3,s0
00021b00	calibrate_adc_offsets	00021b12	b0ee401a	vmov.f32 s2,s0
00021b00	calibrate_adc_offsets	00021b16	f0ee400a	vmov.f32 s1,s0
00021b00	calibrate_adc_offsets	00021b1a	0124	movs r4,#0x1
00021b00	calibrate_adc_offsets	00021b1c	3b49	ldr r1,[0x00021c0c]
00021b00	calibrate_adc_offsets	00021b1e	4ff47a75	mov.w r5,#0x3e8
00021b00	calibrate_adc_offsets	00021b22	58e0	b 0x00021bd6
00021b00	calibrate_adc_offsets	00021b24	0c70	strb r4,[r1,#0x0]
00021b00	calibrate_adc_offsets	00021b26	3a4a	ldr r2,[0x00021c10]
00021b00	calibrate_adc_offsets	00021b28	1470	strb r4,[r2,#0x0]
00021b00	calibrate_adc_offsets	00021b2a	3a4a	ldr r2,[0x00021c14]
00021b00	calibrate_adc_offsets	00021b2c	1470	strb r4,[r2,#0x0]
00021b00	calibrate_adc_offsets	00021b2e	91f84420	ldrb.w r2,[r1,#0x44]
00021b00	calibrate_adc_offsets	00021b32	d207	lsls r2,r2,#0x1f
00021b00	calibrate_adc_offsets	00021b34	fbd0	beq 0x00021b2e
00021b00	calibrate_adc_offsets	00021b36	b1f85020	ldrh.w r2,[r1,#0x50]
00021b00	calibrate_adc_offsets	00021b3a	adf80420	strh.w r2,[sp,#0x4]
00021b00	calibrate_adc_offsets	00021b3e	b1f85220	ldrh.w r2,[r1,#0x52]
00021b00	calibrate_adc_offsets	00021b42	adf81020	strh.w r2,[sp,#0x10]
00021b00	calibrate_adc_offsets	00021b46	324a	ldr r2,[0x00021c10]
00021b00	calibrate_adc_offsets	00021b48	4432	adds r2,#0x44
00021b00	calibrate_adc_offsets	00021b4a	1378	ldrb r3,[r2,#0x0]
00021b00	calibrate_adc_offsets	00021b4c	db07	lsls r3,r3,#0x1f
00021b00	calibrate_adc_offsets	00021b4e	fcd0	beq 0x00021b4a
00021b00	calibrate_adc_offsets	00021b50	2f4a	ldr r2,[0x00021c10]
00021b00	calibrate_adc_offsets	00021b52	5032	adds r2,#0x50
00021b00	calibrate_adc_offsets	00021b54	1288	ldrh r2,[r2,#0x0]
00021b00	calibrate_adc_offsets	00021b56	adf80820	strh.w r2,[sp,#0x8]
00021b00	calibrate_adc_offsets	00021b5a	2d4a	ldr r2,[0x00021c10]
00021b00	calibrate_adc_offsets	00021b5c	5232	adds r2,#0x52
00021b00	calibrate_adc_offsets	00021b5e	1288	ldrh r2,[r2,#0x0]
00021b00	calibrate_adc_offsets	00021b60	adf80c20	strh.w r2,[sp,#0xc]
00021b00	calibrate_adc_offsets	00021b64	2b4a	ldr r2,[0x00021c14]
00021b00	calibrate_adc_offsets	00021b66	4432	adds r2,#0x44
00021b00	calibrate_adc_offsets	00021b68	1378	ldrb r3,[r2,#0x0]
00021b00	calibrate_adc_offsets	00021b6a	db07	lsls r3,r3,#0x1f
00021b00	calibrate_adc_offsets	00021b6c	fcd0	beq 0x00021b68
00021b00	calibrate_adc_offsets	00021b6e	294a	ldr r2,[0x00021c14]
00021b00	calibrate_adc_offsets	00021b70	5032	adds r2,#0x50
00021b00	calibrate_adc_offsets	00021b72	1288	ldrh r2,[r2,#0x0]
00021b00	calibrate_adc_offsets	00021b74	adf80c20	strh.w r2,[sp,#0xc]
00021b00	calibrate_adc_offsets	00021b78	264a	ldr r2,[0x00021c14]
00021b00	calibrate_adc_offsets	00021b7a	5232	adds r2,#0x52
00021b00	calibrate_adc_offsets	00021b7c	1288	ldrh r2,[r2,#0x0]
00021b00	calibrate_adc_offsets	00021b7e	adf81420	strh.w r2,[sp,#0x14]
00021b00	calibrate_adc_offsets	00021b82	bdf80420	ldrh.w r2,[sp,#0x4]
00021b00	calibrate_adc_offsets	00021b86	02ee102a	vmov s4,r2
00021b00	calibrate_adc_offsets	00021b8a	bdf80820	ldrh.w r2,[sp,#0x8]
00021b00	calibrate_adc_offsets	00021b8e	b8ee422a	vcvt.f32.u32 s4,s4
00021b00	calibrate_adc_offsets	00021b92	71ee821a	vadd.f32 s3,s3,s4
00021b00	calibrate_adc_offsets	00021b96	02ee102a	vmov s4,r2
00021b00	calibrate_adc_offsets	00021b9a	bdf80c20	ldrh.w r2,[sp,#0xc]
00021b00	calibrate_adc_offsets	00021b9e	b8ee422a	vcvt.f32.u32 s4,s4
00021b00	calibrate_adc_offsets	00021ba2	31ee021a	vadd.f32 s2,s2,s4
00021b00	calibrate_adc_offsets	00021ba6	02ee102a	vmov s4,r2
00021b00	calibrate_adc_offsets	00021baa	bdf81020	ldrh.w r2,[sp,#0x10]
00021b00	calibrate_adc_offsets	00021bae	b8ee422a	vcvt.f32.u32 s4,s4
00021b00	calibrate_adc_offsets	00021bb2	70ee820a	vadd.f32 s1,s1,s4
00021b00	calibrate_adc_offsets	00021bb6	02ee102a	vmov s4,r2
00021b00	calibrate_adc_offsets	00021bba	81f84640	strb.w r4,[r1,#0x46]
00021b00	calibrate_adc_offsets	00021bbe	b8ee422a	vcvt.f32.u32 s4,s4
00021b00	calibrate_adc_offsets	00021bc2	30ee020a	vadd.f32 s0,s0,s4
00021b00	calibrate_adc_offsets	00021bc6	124a	ldr r2,[0x00021c10]
00021b00	calibrate_adc_offsets	00021bc8	4632	adds r2,#0x46
00021b00	calibrate_adc_offsets	00021bca	1470	strb r4,[r2,#0x0]
00021b00	calibrate_adc_offsets	00021bcc	bdf80020	ldrh.w r2,[sp,#0x0]
00021b00	calibrate_adc_offsets	00021bd0	521c	adds r2,r2,#0x1
00021b00	calibrate_adc_offsets	00021bd2	adf80020	strh.w r2,[sp,#0x0]
00021b00	calibrate_adc_offsets	00021bd6	bdf80020	ldrh.w r2,[sp,#0x0]
00021b00	calibrate_adc_offsets	00021bda	aa42	cmp r2,r5
00021b00	calibrate_adc_offsets	00021bdc	a2d3	bcc 0x00021b24
00021b00	calibrate_adc_offsets	00021bde	9fed0e2a	vldr.32 s4,[pc,#0x38]
00021b00	calibrate_adc_offsets	00021be2	c1ee822a	vdiv.f32 s5,s3,s4
00021b00	calibrate_adc_offsets	00021be6	c1ee021a	vdiv.f32 s3,s2,s4
00021b00	calibrate_adc_offsets	00021bea	c0ed002a	vstr.32 s5,[r0]
00021b00	calibrate_adc_offsets	00021bee	80ee821a	vdiv.f32 s2,s1,s4
00021b00	calibrate_adc_offsets	00021bf2	c0ed011a	vstr.32 s3,[r0,#0x4]
00021b00	calibrate_adc_offsets	00021bf6	c0ee020a	vdiv.f32 s1,s0,s4
00021b00	calibrate_adc_offsets	00021bfa	80ed021a	vstr.32 s2,[r0,#0x8]
00021b00	calibrate_adc_offsets	00021bfe	c0ed030a	vstr.32 s1,[r0,#0xc]
00021b00	calibrate_adc_offsets	00021c02	06b0	add sp,#0x18
00021b00	calibrate_adc_offsets	00021c04	30bd	pop {r4,r5,pc}
00021c1c	FUN_00021c1c	00021c1c	2de9f043	push {r4,r5,r6,r7,r8,r9,lr}
00021c1c	FUN_00021c1c	00021c20	8146	mov r9,r0
00021c1c	FUN_00021c1c	00021c22	19a0	adr r0,[0x21c88]
00021c1c	FUN_00021c1c	00021c24	1d46	mov r5,r3
00021c1c	FUN_00021c1c	00021c26	1646	mov r6,r2
00021c1c	FUN_00021c1c	00021c28	0f46	mov r7,r1
00021c1c	FUN_00021c1c	00021c2a	0fc8	ldmia r0,{r0,r1,r2,r3}
00021c1c	FUN_00021c1c	00021c2c	88b0	sub sp,#0x20
00021c1c	FUN_00021c1c	00021c2e	0024	movs r4,#0x0
00021c1c	FUN_00021c1c	00021c30	8de80f00	stm sp,{r0,r1,r2,r3}
00021c1c	FUN_00021c1c	00021c34	1020	movs r0,#0x10
00021c1c	FUN_00021c1c	00021c36	e846	mov r8,sp
00021c1c	FUN_00021c1c	00021c38	1de0	b 0x00021c76
00021c1c	FUN_00021c1c	00021c3a	1028	cmp r0,#0x10
00021c1c	FUN_00021c1c	00021c3c	14d1	bne 0x00021c68
00021c1c	FUN_00021c1c	00021c3e	9de80f00	ldm.w sp,{r0,r1,r2,r3}
00021c1c	FUN_00021c1c	00021c42	0df1100c	add.w r12,sp,#0x10
00021c1c	FUN_00021c1c	00021c46	8ce80f00	stm r12,{r0,r1,r2,r3}
00021c1c	FUN_00021c1c	00021c4a	4946	mov r1,r9
00021c1c	FUN_00021c1c	00021c4c	04a8	add r0,sp,#0x10
00021c1c	FUN_00021c1c	00021c4e	00f03ff9	bl 0x00021ed0
00021c1c	FUN_00021c1c	00021c52	0f20	movs r0,#0xf
00021c1c	FUN_00021c1c	00021c54	0022	movs r2,#0x0
00021c1c	FUN_00021c1c	00021c56	4146	mov r1,r8
00021c1c	FUN_00021c1c	00021c58	0b5c	ldrb r3,[r1,r0]
00021c1c	FUN_00021c1c	00021c5a	ff2b	cmp r3,#0xff
00021c1c	FUN_00021c1c	00021c5c	10d0	beq 0x00021c80
00021c1c	FUN_00021c1c	00021c5e	dab2	uxtb r2,r3
00021c1c	FUN_00021c1c	00021c60	521c	adds r2,r2,#0x1
00021c1c	FUN_00021c1c	00021c62	08f80020	strb.w r2,[r8,r0]
00021c1c	FUN_00021c1c	00021c66	0020	movs r0,#0x0
00021c1c	FUN_00021c1c	00021c68	04aa	add r2,sp,#0x10
00021c1c	FUN_00021c1c	00021c6a	315d	ldrb r1,[r6,r4]
00021c1c	FUN_00021c1c	00021c6c	125c	ldrb r2,[r2,r0]
00021c1c	FUN_00021c1c	00021c6e	401c	adds r0,r0,#0x1
00021c1c	FUN_00021c1c	00021c70	5140	eors r1,r2
00021c1c	FUN_00021c1c	00021c72	3955	strb r1,[r7,r4]
00021c1c	FUN_00021c1c	00021c74	641c	adds r4,r4,#0x1
00021c1c	FUN_00021c1c	00021c76	ac42	cmp r4,r5
00021c1c	FUN_00021c1c	00021c78	dfd3	bcc 0x00021c3a
00021c1c	FUN_00021c1c	00021c7a	08b0	add sp,#0x20
00021c1c	FUN_00021c1c	00021c7c	bde8f083	pop.w {r4,r5,r6,r7,r8,r9,pc}
00021c1c	FUN_00021c1c	00021c80	0a54	strb r2,[r1,r0]
00021c1c	FUN_00021c1c	00021c82	401e	subs r0,r0,#0x1
00021c1c	FUN_00021c1c	00021c84	e8d5	bpl 0x00021c58
00021c1c	FUN_00021c1c	00021c86	eee7	b 0x00021c66
00021c98	FUN_00021c98	00021c98	f0b5	push {r4,r5,r6,r7,lr}
00021c98	FUN_00021c98	00021c9a	0024	movs r4,#0x0
00021c98	FUN_00021c98	00021c9c	0023	movs r3,#0x0
00021c98	FUN_00021c98	00021c9e	04eb8006	add.w r6,r4,r0, lsl #0x2
00021c98	FUN_00021c98	00021ca2	01eb8405	add.w r5,r1,r4, lsl #0x2
00021c98	FUN_00021c98	00021ca6	03eb860c	add.w r12,r3,r6, lsl #0x2
00021c98	FUN_00021c98	00021caa	ef5c	ldrb r7,[r5,r3]
00021c98	FUN_00021c98	00021cac	12f80cc0	ldrb.w r12,[r2,r12]
00021c98	FUN_00021c98	00021cb0	87ea0c07	eor.w r7,r7,r12
00021c98	FUN_00021c98	00021cb4	ef54	strb r7,[r5,r3]
00021c98	FUN_00021c98	00021cb6	5b1c	adds r3,r3,#0x1
00021c98	FUN_00021c98	00021cb8	dbb2	uxtb r3,r3
00021c98	FUN_00021c98	00021cba	042b	cmp r3,#0x4
00021c98	FUN_00021c98	00021cbc	f3d3	bcc 0x00021ca6
00021c98	FUN_00021c98	00021cbe	641c	adds r4,r4,#0x1
00021c98	FUN_00021c98	00021cc0	e4b2	uxtb r4,r4
00021c98	FUN_00021c98	00021cc2	042c	cmp r4,#0x4
00021c98	FUN_00021c98	00021cc4	ead3	bcc 0x00021c9c
00021c98	FUN_00021c98	00021cc6	f0bd	pop {r4,r5,r6,r7,pc}
00021cc8	mcan1_configure_classic	00021cc8	70b5	push {r4,r5,r6,lr}
00021cc8	mcan1_configure_classic	00021cca	634a	ldr r2,[0x00021e58]
00021cc8	mcan1_configure_classic	00021ccc	5368	ldr r3,[r2,#0x4]
00021cc8	mcan1_configure_classic	00021cce	23f00103	bic r3,r3,#0x1
00021cc8	mcan1_configure_classic	00021cd2	5360	str r3,[r2,#0x4]
00021cc8	mcan1_configure_classic	00021cd4	614a	ldr r2,[0x00021e5c]
00021cc8	mcan1_configure_classic	00021cd6	4af20153	movw r3,#0xa501
00021cc8	mcan1_configure_classic	00021cda	1380	strh r3,[r2,#0x0]
00021cc8	mcan1_configure_classic	00021cdc	5f4d	ldr r5,[0x00021e5c]
00021cc8	mcan1_configure_classic	00021cde	2024	movs r4,#0x20
00021cc8	mcan1_configure_classic	00021ce0	5c35	adds r5,#0x5c
00021cc8	mcan1_configure_classic	00021ce2	2c80	strh r4,[r5,#0x0]
00021cc8	mcan1_configure_classic	00021ce4	2d1d	adds r5,r5,#0x4
00021cc8	mcan1_configure_classic	00021ce6	2c80	strh r4,[r5,#0x0]
00021cc8	mcan1_configure_classic	00021ce8	3324	movs r4,#0x33
00021cc8	mcan1_configure_classic	00021cea	ad1e	subs r5,r5,#0x2
00021cc8	mcan1_configure_classic	00021cec	2c80	strh r4,[r5,#0x0]
00021cc8	mcan1_configure_classic	00021cee	5b4c	ldr r4,[0x00021e5c]
00021cc8	mcan1_configure_classic	00021cf0	3225	movs r5,#0x32
00021cc8	mcan1_configure_classic	00021cf2	6234	adds r4,#0x62
00021cc8	mcan1_configure_classic	00021cf4	2580	strh r5,[r4,#0x0]
00021cc8	mcan1_configure_classic	00021cf6	5c1e	subs r4,r3,#0x1
00021cc8	mcan1_configure_classic	00021cf8	1480	strh r4,[r2,#0x0]
00021cc8	mcan1_configure_classic	00021cfa	594a	ldr r2,[0x00021e60]
00021cc8	mcan1_configure_classic	00021cfc	b2f8fe43	ldrh.w r4,[r2,#0x3fe]
00021cc8	mcan1_configure_classic	00021d00	1c43	orrs r4,r3
00021cc8	mcan1_configure_classic	00021d02	a2f8fe43	strh.w r4,[r2,#0x3fe]
00021cc8	mcan1_configure_classic	00021d06	138b	ldrh r3,[r2,#0x18]
00021cc8	mcan1_configure_classic	00021d08	03f0f003	and r3,r3,#0xf0
00021cc8	mcan1_configure_classic	00021d0c	43f00803	orr r3,r3,#0x8
00021cc8	mcan1_configure_classic	00021d10	1383	strh r3,[r2,#0x18]
00021cc8	mcan1_configure_classic	00021d12	b2f8fe33	ldrh.w r3,[r2,#0x3fe]
00021cc8	mcan1_configure_classic	00021d16	23f00203	bic r3,r3,#0x2
00021cc8	mcan1_configure_classic	00021d1a	43f42543	orr r3,r3,#0xa500
00021cc8	mcan1_configure_classic	00021d1e	a2f8fe33	strh.w r3,[r2,#0x3fe]
00021cc8	mcan1_configure_classic	00021d22	504c	ldr r4,[0x00021e64]
00021cc8	mcan1_configure_classic	00021d24	a269	ldr r2,[r4,#0x18]
00021cc8	mcan1_configure_classic	00021d26	22f01002	bic r2,r2,#0x10
00021cc8	mcan1_configure_classic	00021d2a	a261	str r2,[r4,#0x18]
00021cc8	mcan1_configure_classic	00021d2c	a269	ldr r2,[r4,#0x18]
00021cc8	mcan1_configure_classic	00021d2e	1207	lsls r2,r2,#0x1c
00021cc8	mcan1_configure_classic	00021d30	fcd4	bmi 0x00021d2c
00021cc8	mcan1_configure_classic	00021d32	a269	ldr r2,[r4,#0x18]
00021cc8	mcan1_configure_classic	00021d34	42f00102	orr r2,r2,#0x1
00021cc8	mcan1_configure_classic	00021d38	a261	str r2,[r4,#0x18]
00021cc8	mcan1_configure_classic	00021d3a	a269	ldr r2,[r4,#0x18]
00021cc8	mcan1_configure_classic	00021d3c	d207	lsls r2,r2,#0x1f
00021cc8	mcan1_configure_classic	00021d3e	fcd0	beq 0x00021d3a
00021cc8	mcan1_configure_classic	00021d40	a269	ldr r2,[r4,#0x18]
00021cc8	mcan1_configure_classic	00021d42	42f00202	orr r2,r2,#0x2
00021cc8	mcan1_configure_classic	00021d46	a261	str r2,[r4,#0x18]
00021cc8	mcan1_configure_classic	00021d48	0428	cmp r0,#0x4
00021cc8	mcan1_configure_classic	00021d4a	00d9	bls 0x00021d4e
00021cc8	mcan1_configure_classic	00021d4c	0420	movs r0,#0x4
00021cc8	mcan1_configure_classic	00021d4e	0428	cmp r0,#0x4
00021cc8	mcan1_configure_classic	00021d50	0bd2	bcs 0x00021d6a
00021cc8	mcan1_configure_classic	00021d52	dfe800f0	tbb [pc,r0]
00021cc8	mcan1_configure_classic	00021d5a	0820	movs r0,#0x8
00021cc8	mcan1_configure_classic	00021d5c	06e0	b 0x00021d6c
00021cc8	mcan1_configure_classic	00021d5e	0520	movs r0,#0x5
00021cc8	mcan1_configure_classic	00021d60	04e0	b 0x00021d6c
00021cc8	mcan1_configure_classic	00021d62	0420	movs r0,#0x4
00021cc8	mcan1_configure_classic	00021d64	02e0	b 0x00021d6c
00021cc8	mcan1_configure_classic	00021d66	0220	movs r0,#0x2
00021cc8	mcan1_configure_classic	00021d68	00e0	b 0x00021d6c
00021cc8	mcan1_configure_classic	00021d6a	0120	movs r0,#0x1
00021cc8	mcan1_configure_classic	00021d6c	a269	ldr r2,[r4,#0x18]
00021cc8	mcan1_configure_classic	00021d6e	22f04002	bic r2,r2,#0x40
00021cc8	mcan1_configure_classic	00021d72	a261	str r2,[r4,#0x18]
00021cc8	mcan1_configure_classic	00021d74	a269	ldr r2,[r4,#0x18]
00021cc8	mcan1_configure_classic	00021d76	22f48042	bic r2,r2,#0x4000
00021cc8	mcan1_configure_classic	00021d7a	a261	str r2,[r4,#0x18]
00021cc8	mcan1_configure_classic	00021d7c	a269	ldr r2,[r4,#0x18]
00021cc8	mcan1_configure_classic	00021d7e	42f48052	orr r2,r2,#0x1000
00021cc8	mcan1_configure_classic	00021d82	a261	str r2,[r4,#0x18]
00021cc8	mcan1_configure_classic	00021d84	a269	ldr r2,[r4,#0x18]
00021cc8	mcan1_configure_classic	00021d86	22f44072	bic r2,r2,#0x300
00021cc8	mcan1_configure_classic	00021d8a	a261	str r2,[r4,#0x18]
00021cc8	mcan1_configure_classic	00021d8c	4ff0ff35	mov.w r5,#0xffffffff
00021cc8	mcan1_configure_classic	00021d90	2a04	lsls r2,r5,#0x10
00021cc8	mcan1_configure_classic	00021d92	02eb0040	add.w r0,r2,r0, lsl #0x10
00021cc8	mcan1_configure_classic	00021d96	40f01850	orr r0,r0,#0x26000000
00021cc8	mcan1_configure_classic	00021d9a	40f46850	orr r0,r0,#0x3a00
00021cc8	mcan1_configure_classic	00021d9e	40f01300	orr r0,r0,#0x13
00021cc8	mcan1_configure_classic	00021da2	e061	str r0,[r4,#0x1c]
00021cc8	mcan1_configure_classic	00021da4	40f27770	movw r0,#0x777
00021cc8	mcan1_configure_classic	00021da8	c4f8bc00	str.w r0,[r4,#0xbc]
00021cc8	mcan1_configure_classic	00021dac	0720	movs r0,#0x7
00021cc8	mcan1_configure_classic	00021dae	c4f8c800	str.w r0,[r4,#0xc8]
00021cc8	mcan1_configure_classic	00021db2	4ff40030	mov.w r0,#0x20000
00021cc8	mcan1_configure_classic	00021db6	c4f88400	str.w r0,[r4,#0x84]
00021cc8	mcan1_configure_classic	00021dba	4020	movs r0,#0x40
00021cc8	mcan1_configure_classic	00021dbc	c4f88800	str.w r0,[r4,#0x88]
00021cc8	mcan1_configure_classic	00021dc0	2948	ldr r0,[0x00021e68]
00021cc8	mcan1_configure_classic	00021dc2	c4f8a000	str.w r0,[r4,#0xa0]
00021cc8	mcan1_configure_classic	00021dc6	2848	ldr r0,[0x00021e68]
00021cc8	mcan1_configure_classic	00021dc8	d830	adds r0,#0xd8
00021cc8	mcan1_configure_classic	00021dca	c4f8b000	str.w r0,[r4,#0xb0]
00021cc8	mcan1_configure_classic	00021dce	4ff40c70	mov.w r0,#0x230
00021cc8	mcan1_configure_classic	00021dd2	c4f8ac00	str.w r0,[r4,#0xac]
00021cc8	mcan1_configure_classic	00021dd6	2548	ldr r0,[0x00021e6c]
00021cc8	mcan1_configure_classic	00021dd8	c4f8f000	str.w r0,[r4,#0xf0]
00021cc8	mcan1_configure_classic	00021ddc	2448	ldr r0,[0x00021e70]
00021cc8	mcan1_configure_classic	00021dde	c4f8c000	str.w r0,[r4,#0xc0]
00021cc8	mcan1_configure_classic	00021de2	244b	ldr r3,[0x00021e74]
00021cc8	mcan1_configure_classic	00021de4	0022	movs r2,#0x0
00021cc8	mcan1_configure_classic	00021de6	1846	mov r0,r3
00021cc8	mcan1_configure_classic	00021de8	1646	mov r6,r2
00021cc8	mcan1_configure_classic	00021dea	521c	adds r2,r2,#0x1
00021cc8	mcan1_configure_classic	00021dec	40c0	stmia r0!,{r6}
00021cc8	mcan1_configure_classic	00021dee	92b2	uxth r2,r2
00021cc8	mcan1_configure_classic	00021df0	ff2a	cmp r2,#0xff
00021cc8	mcan1_configure_classic	00021df2	fad9	bls 0x00021dea
00021cc8	mcan1_configure_classic	00021df4	d4f88000	ldr.w r0,[r4,#0x80]
00021cc8	mcan1_configure_classic	00021df8	20f03f00	bic r0,r0,#0x3f
00021cc8	mcan1_configure_classic	00021dfc	40f02b00	orr r0,r0,#0x2b
00021cc8	mcan1_configure_classic	00021e00	c4f88000	str.w r0,[r4,#0x80]
00021cc8	mcan1_configure_classic	00021e04	c1f30a00	ubfx r0,r1,#0x0,#0xb
00021cc8	mcan1_configure_classic	00021e08	1b49	ldr r1,[0x00021e78]
00021cc8	mcan1_configure_classic	00021e0a	41ea0040	orr.w r0,r1,r0, lsl #0x10
00021cc8	mcan1_configure_classic	00021e0e	1860	str r0,[r3,#0x0]
00021cc8	mcan1_configure_classic	00021e10	1a48	ldr r0,[0x00021e7c]
00021cc8	mcan1_configure_classic	00021e12	5860	str r0,[r3,#0x4]
00021cc8	mcan1_configure_classic	00021e14	1a48	ldr r0,[0x00021e80]
00021cc8	mcan1_configure_classic	00021e16	6065	str r0,[r4,#0x54]
00021cc8	mcan1_configure_classic	00021e18	1948	ldr r0,[0x00021e80]
00021cc8	mcan1_configure_classic	00021e1a	1038	subs r0,#0x10
00021cc8	mcan1_configure_classic	00021e1c	a065	str r0,[r4,#0x58]
00021cc8	mcan1_configure_classic	00021e1e	0320	movs r0,#0x3
00021cc8	mcan1_configure_classic	00021e20	e065	str r0,[r4,#0x5c]
00021cc8	mcan1_configure_classic	00021e22	0f20	movs r0,#0xf
00021cc8	mcan1_configure_classic	00021e24	00f07cf8	bl 0x00021f20
00021cc8	mcan1_configure_classic	00021e28	a069	ldr r0,[r4,#0x18]
00021cc8	mcan1_configure_classic	00021e2a	20f00100	bic r0,r0,#0x1
00021cc8	mcan1_configure_classic	00021e2e	a061	str r0,[r4,#0x18]
00021cc8	mcan1_configure_classic	00021e30	a069	ldr r0,[r4,#0x18]
00021cc8	mcan1_configure_classic	00021e32	c007	lsls r0,r0,#0x1f
00021cc8	mcan1_configure_classic	00021e34	fcd1	bne 0x00021e30
00021cc8	mcan1_configure_classic	00021e36	2565	str r5,[r4,#0x50]
00021cc8	mcan1_configure_classic	00021e38	1249	ldr r1,[0x00021e84]
00021cc8	mcan1_configure_classic	00021e3a	40f29910	movw r0,#0x199
00021cc8	mcan1_configure_classic	00021e3e	8866	str r0,[r1,#0x68]
00021cc8	mcan1_configure_classic	00021e40	0321	movs r1,#0x3
00021cc8	mcan1_configure_classic	00021e42	0846	mov r0,r1
00021cc8	mcan1_configure_classic	00021e44	01f012fd	bl 0x0002386c
00021cc8	mcan1_configure_classic	00021e48	0320	movs r0,#0x3
00021cc8	mcan1_configure_classic	00021e4a	01f0e4fc	bl 0x00023816
00021cc8	mcan1_configure_classic	00021e4e	bde87040	pop.w {r4,r5,r6,lr}
00021cc8	mcan1_configure_classic	00021e52	0320	movs r0,#0x3
00021cc8	mcan1_configure_classic	00021e54	01f0fdbc	b.w 0x00023852
00021e88	FUN_00021e88	00021e88	30b5	push {r4,r5,lr}
00021e88	FUN_00021e88	00021e8a	0346	mov r3,r0
00021e88	FUN_00021e88	00021e8c	4ff0ff30	mov.w r0,#0xffffffff
00021e88	FUN_00021e88	00021e90	0022	movs r2,#0x0
00021e88	FUN_00021e88	00021e92	064c	ldr r4,[0x00021eac]
00021e88	FUN_00021e88	00021e94	07e0	b 0x00021ea6
00021e88	FUN_00021e88	00021e96	9d5c	ldrb r5,[r3,r2]
00021e88	FUN_00021e88	00021e98	521c	adds r2,r2,#0x1
00021e88	FUN_00021e88	00021e9a	85ea1065	eor.w r5,r5,r0, lsr #0x18
00021e88	FUN_00021e88	00021e9e	54f82550	ldr.w r5,[r4,r5,lsl #0x2]
00021e88	FUN_00021e88	00021ea2	85ea0020	eor.w r0,r5,r0, lsl #0x8
00021e88	FUN_00021e88	00021ea6	8a42	cmp r2,r1
00021e88	FUN_00021e88	00021ea8	f5d3	bcc 0x00021e96
00021e88	FUN_00021e88	00021eaa	30bd	pop {r4,r5,pc}
00021eb0	crc_clock_enable	00021eb0	0648	ldr r0,[0x00021ecc]
00021eb0	crc_clock_enable	00021eb2	0549	ldr r1,[0x00021ec8]
00021eb0	crc_clock_enable	00021eb4	0161	str r1,[r0,#0x10]
00021eb0	crc_clock_enable	00021eb6	0168	ldr r1,[r0,#0x0]
00021eb0	crc_clock_enable	00021eb8	21f40001	bic r1,r1,#0x800000
00021eb0	crc_clock_enable	00021ebc	0160	str r1,[r0,#0x0]
00021eb0	crc_clock_enable	00021ebe	0249	ldr r1,[0x00021ec8]
00021eb0	crc_clock_enable	00021ec0	491e	subs r1,r1,#0x1
00021eb0	crc_clock_enable	00021ec2	0161	str r1,[r0,#0x10]
00021eb0	crc_clock_enable	00021ec4	7047	bx lr
00021ed0	FUN_00021ed0	00021ed0	70b5	push {r4,r5,r6,lr}
00021ed0	FUN_00021ed0	00021ed2	0d46	mov r5,r1
00021ed0	FUN_00021ed0	00021ed4	0a46	mov r2,r1
00021ed0	FUN_00021ed0	00021ed6	0646	mov r6,r0
00021ed0	FUN_00021ed0	00021ed8	0146	mov r1,r0
00021ed0	FUN_00021ed0	00021eda	0020	movs r0,#0x0
00021ed0	FUN_00021ed0	00021edc	fff7dcfe	bl 0x00021c98
00021ed0	FUN_00021ed0	00021ee0	0124	movs r4,#0x1
00021ed0	FUN_00021ed0	00021ee2	3046	mov r0,r6
00021ed0	FUN_00021ed0	00021ee4	01f0d6fa	bl 0x00023494
00021ed0	FUN_00021ed0	00021ee8	3046	mov r0,r6
00021ed0	FUN_00021ed0	00021eea	01f0b9fa	bl 0x00023460
00021ed0	FUN_00021ed0	00021eee	3046	mov r0,r6
00021ed0	FUN_00021ed0	00021ef0	01f026f8	bl 0x00022f40
00021ed0	FUN_00021ed0	00021ef4	2a46	mov r2,r5
00021ed0	FUN_00021ed0	00021ef6	3146	mov r1,r6
00021ed0	FUN_00021ed0	00021ef8	2046	mov r0,r4
00021ed0	FUN_00021ed0	00021efa	fff7cdfe	bl 0x00021c98
00021ed0	FUN_00021ed0	00021efe	641c	adds r4,r4,#0x1
00021ed0	FUN_00021ed0	00021f00	e4b2	uxtb r4,r4
00021ed0	FUN_00021ed0	00021f02	0e2c	cmp r4,#0xe
00021ed0	FUN_00021ed0	00021f04	edd3	bcc 0x00021ee2
00021ed0	FUN_00021ed0	00021f06	3046	mov r0,r6
00021ed0	FUN_00021ed0	00021f08	01f0c4fa	bl 0x00023494
00021ed0	FUN_00021ed0	00021f0c	3046	mov r0,r6
00021ed0	FUN_00021ed0	00021f0e	01f0a7fa	bl 0x00023460
00021ed0	FUN_00021ed0	00021f12	2a46	mov r2,r5
00021ed0	FUN_00021ed0	00021f14	3146	mov r1,r6
00021ed0	FUN_00021ed0	00021f16	bde87040	pop.w {r4,r5,r6,lr}
00021ed0	FUN_00021ed0	00021f1a	0e20	movs r0,#0xe
00021ed0	FUN_00021ed0	00021f1c	fff7bcbe	b.w 0x00021c98
00021f20	short_busy_wait	00021f20	401e	subs r0,r0,#0x1
00021f20	short_busy_wait	00021f22	fdd2	bcs 0x00021f20
00021f20	short_busy_wait	00021f24	7047	bx lr
00021f28	delay_ms	00021f28	4000	lsls r0,r0,#0x1
00021f28	delay_ms	00021f2a	0c49	ldr r1,[0x00021f5c]
00021f28	delay_ms	00021f2c	4cf25033	movw r3,#0xc350
00021f28	delay_ms	00021f30	11e0	b 0x00021f56
00021f28	delay_ms	00021f32	0b60	str r3,[r1,#0x0]
00021f28	delay_ms	00021f34	91f88020	ldrb.w r2,[r1,#0x80]
00021f28	delay_ms	00021f38	42f00102	orr r2,r2,#0x1
00021f28	delay_ms	00021f3c	81f88020	strb.w r2,[r1,#0x80]
00021f28	delay_ms	00021f40	91f88120	ldrb.w r2,[r1,#0x81]
00021f28	delay_ms	00021f44	1206	lsls r2,r2,#0x18
00021f28	delay_ms	00021f46	fbd5	bpl 0x00021f40
00021f28	delay_ms	00021f48	91f88120	ldrb.w r2,[r1,#0x81]
00021f28	delay_ms	00021f4c	02f07f02	and r2,r2,#0x7f
00021f28	delay_ms	00021f50	81f88120	strb.w r2,[r1,#0x81]
00021f28	delay_ms	00021f54	401e	subs r0,r0,#0x1
00021f28	delay_ms	00021f56	0028	cmp r0,#0x0
00021f28	delay_ms	00021f58	ebd1	bne 0x00021f32
00021f28	delay_ms	00021f5a	7047	bx lr
00021f60	delay_us	00021f60	10b5	push {r4,lr}
00021f60	delay_us	00021f62	1749	ldr r1,[0x00021fc0]
00021f60	delay_us	00021f64	4cf25033	movw r3,#0xc350
00021f60	delay_us	00021f68	4ff4fa74	mov.w r4,#0x1f4
00021f60	delay_us	00021f6c	12e0	b 0x00021f94
00021f60	delay_us	00021f6e	0b60	str r3,[r1,#0x0]
00021f60	delay_us	00021f70	91f88020	ldrb.w r2,[r1,#0x80]
00021f60	delay_us	00021f74	42f00102	orr r2,r2,#0x1
00021f60	delay_us	00021f78	81f88020	strb.w r2,[r1,#0x80]
00021f60	delay_us	00021f7c	91f88120	ldrb.w r2,[r1,#0x81]
00021f60	delay_us	00021f80	1206	lsls r2,r2,#0x18
00021f60	delay_us	00021f82	fbd5	bpl 0x00021f7c
00021f60	delay_us	00021f84	91f88120	ldrb.w r2,[r1,#0x81]
00021f60	delay_us	00021f88	02f07f02	and r2,r2,#0x7f
00021f60	delay_us	00021f8c	81f88120	strb.w r2,[r1,#0x81]
00021f60	delay_us	00021f90	a0f5fa70	sub.w r0,r0,#0x1f4
00021f60	delay_us	00021f94	a042	cmp r0,r4
00021f60	delay_us	00021f96	ead8	bhi 0x00021f6e
00021f60	delay_us	00021f98	6422	movs r2,#0x64
00021f60	delay_us	00021f9a	5043	muls r0,r2
00021f60	delay_us	00021f9c	0860	str r0,[r1,#0x0]
00021f60	delay_us	00021f9e	91f88000	ldrb.w r0,[r1,#0x80]
00021f60	delay_us	00021fa2	40f00100	orr r0,r0,#0x1
00021f60	delay_us	00021fa6	81f88000	strb.w r0,[r1,#0x80]
00021f60	delay_us	00021faa	91f88100	ldrb.w r0,[r1,#0x81]
00021f60	delay_us	00021fae	0006	lsls r0,r0,#0x18
00021f60	delay_us	00021fb0	fbd5	bpl 0x00021faa
00021f60	delay_us	00021fb2	11f8810f	ldrb.w r0,[r1,#0x81]!
00021f60	delay_us	00021fb6	00f07f00	and r0,r0,#0x7f
00021f60	delay_us	00021fba	0870	strb r0,[r1,#0x0]
00021f60	delay_us	00021fbc	10bd	pop {r4,pc}
00021fc4	mcan1_configure_fd	00021fc4	2de9f041	push {r4,r5,r6,r7,r8,lr}
00021fc4	mcan1_configure_fd	00021fc8	7d4a	ldr r2,[0x000221c0]
00021fc4	mcan1_configure_fd	00021fca	5368	ldr r3,[r2,#0x4]
00021fc4	mcan1_configure_fd	00021fcc	23f00103	bic r3,r3,#0x1
00021fc4	mcan1_configure_fd	00021fd0	5360	str r3,[r2,#0x4]
00021fc4	mcan1_configure_fd	00021fd2	7c4b	ldr r3,[0x000221c4]
00021fc4	mcan1_configure_fd	00021fd4	4af20154	movw r4,#0xa501
00021fc4	mcan1_configure_fd	00021fd8	1c80	strh r4,[r3,#0x0]
00021fc4	mcan1_configure_fd	00021fda	7a4d	ldr r5,[0x000221c4]
00021fc4	mcan1_configure_fd	00021fdc	2022	movs r2,#0x20
00021fc4	mcan1_configure_fd	00021fde	5c35	adds r5,#0x5c
00021fc4	mcan1_configure_fd	00021fe0	2a80	strh r2,[r5,#0x0]
00021fc4	mcan1_configure_fd	00021fe2	2d1d	adds r5,r5,#0x4
00021fc4	mcan1_configure_fd	00021fe4	2a80	strh r2,[r5,#0x0]
00021fc4	mcan1_configure_fd	00021fe6	3322	movs r2,#0x33
00021fc4	mcan1_configure_fd	00021fe8	ad1e	subs r5,r5,#0x2
00021fc4	mcan1_configure_fd	00021fea	2a80	strh r2,[r5,#0x0]
00021fc4	mcan1_configure_fd	00021fec	3222	movs r2,#0x32
00021fc4	mcan1_configure_fd	00021fee	2d1d	adds r5,r5,#0x4
00021fc4	mcan1_configure_fd	00021ff0	2a80	strh r2,[r5,#0x0]
00021fc4	mcan1_configure_fd	00021ff2	621e	subs r2,r4,#0x1
00021fc4	mcan1_configure_fd	00021ff4	1a80	strh r2,[r3,#0x0]
00021fc4	mcan1_configure_fd	00021ff6	744a	ldr r2,[0x000221c8]
00021fc4	mcan1_configure_fd	00021ff8	b2f8fe33	ldrh.w r3,[r2,#0x3fe]
00021fc4	mcan1_configure_fd	00021ffc	2343	orrs r3,r4
00021fc4	mcan1_configure_fd	00021ffe	a2f8fe33	strh.w r3,[r2,#0x3fe]
00021fc4	mcan1_configure_fd	00022002	138b	ldrh r3,[r2,#0x18]
00021fc4	mcan1_configure_fd	00022004	03f0f003	and r3,r3,#0xf0
00021fc4	mcan1_configure_fd	00022008	43f00803	orr r3,r3,#0x8
00021fc4	mcan1_configure_fd	0002200c	1383	strh r3,[r2,#0x18]
00021fc4	mcan1_configure_fd	0002200e	b2f8fe33	ldrh.w r3,[r2,#0x3fe]
00021fc4	mcan1_configure_fd	00022012	23f00203	bic r3,r3,#0x2
00021fc4	mcan1_configure_fd	00022016	43f42543	orr r3,r3,#0xa500
00021fc4	mcan1_configure_fd	0002201a	a2f8fe33	strh.w r3,[r2,#0x3fe]
00021fc4	mcan1_configure_fd	0002201e	6b4d	ldr r5,[0x000221cc]
00021fc4	mcan1_configure_fd	00022020	aa69	ldr r2,[r5,#0x18]
00021fc4	mcan1_configure_fd	00022022	22f01002	bic r2,r2,#0x10
00021fc4	mcan1_configure_fd	00022026	aa61	str r2,[r5,#0x18]
00021fc4	mcan1_configure_fd	00022028	aa69	ldr r2,[r5,#0x18]
00021fc4	mcan1_configure_fd	0002202a	1207	lsls r2,r2,#0x1c
00021fc4	mcan1_configure_fd	0002202c	fcd4	bmi 0x00022028
00021fc4	mcan1_configure_fd	0002202e	aa69	ldr r2,[r5,#0x18]
00021fc4	mcan1_configure_fd	00022030	42f00102	orr r2,r2,#0x1
00021fc4	mcan1_configure_fd	00022034	aa61	str r2,[r5,#0x18]
00021fc4	mcan1_configure_fd	00022036	aa69	ldr r2,[r5,#0x18]
00021fc4	mcan1_configure_fd	00022038	d207	lsls r2,r2,#0x1f
00021fc4	mcan1_configure_fd	0002203a	fcd0	beq 0x00022036
00021fc4	mcan1_configure_fd	0002203c	aa69	ldr r2,[r5,#0x18]
00021fc4	mcan1_configure_fd	0002203e	42f00202	orr r2,r2,#0x2
00021fc4	mcan1_configure_fd	00022042	aa61	str r2,[r5,#0x18]
00021fc4	mcan1_configure_fd	00022044	aa69	ldr r2,[r5,#0x18]
00021fc4	mcan1_configure_fd	00022046	22f04002	bic r2,r2,#0x40
00021fc4	mcan1_configure_fd	0002204a	aa61	str r2,[r5,#0x18]
00021fc4	mcan1_configure_fd	0002204c	aa69	ldr r2,[r5,#0x18]
00021fc4	mcan1_configure_fd	0002204e	22f48042	bic r2,r2,#0x4000
00021fc4	mcan1_configure_fd	00022052	aa61	str r2,[r5,#0x18]
00021fc4	mcan1_configure_fd	00022054	aa69	ldr r2,[r5,#0x18]
00021fc4	mcan1_configure_fd	00022056	22f48052	bic r2,r2,#0x1000
00021fc4	mcan1_configure_fd	0002205a	aa61	str r2,[r5,#0x18]
00021fc4	mcan1_configure_fd	0002205c	aa69	ldr r2,[r5,#0x18]
00021fc4	mcan1_configure_fd	0002205e	42f44072	orr r2,r2,#0x300
00021fc4	mcan1_configure_fd	00022062	aa61	str r2,[r5,#0x18]
00021fc4	mcan1_configure_fd	00022064	aa69	ldr r2,[r5,#0x18]
00021fc4	mcan1_configure_fd	00022066	22f0a402	bic r2,r2,#0xa4
00021fc4	mcan1_configure_fd	0002206a	aa61	str r2,[r5,#0x18]
00021fc4	mcan1_configure_fd	0002206c	2a69	ldr r2,[r5,#0x10]
00021fc4	mcan1_configure_fd	0002206e	22f01002	bic r2,r2,#0x10
00021fc4	mcan1_configure_fd	00022072	2a61	str r2,[r5,#0x10]
00021fc4	mcan1_configure_fd	00022074	564a	ldr r2,[0x000221d0]
00021fc4	mcan1_configure_fd	00022076	ea61	str r2,[r5,#0x1c]
00021fc4	mcan1_configure_fd	00022078	0428	cmp r0,#0x4
00021fc4	mcan1_configure_fd	0002207a	00d2	bcs 0x0002207e
00021fc4	mcan1_configure_fd	0002207c	0420	movs r0,#0x4
00021fc4	mcan1_configure_fd	0002207e	021f	subs r2,r0,#0x4
00021fc4	mcan1_configure_fd	00022080	082a	cmp r2,#0x8
00021fc4	mcan1_configure_fd	00022082	7dd2	bcs 0x00022180
00021fc4	mcan1_configure_fd	00022084	dfe802f0	tbb [pc,r2]
00021fc4	mcan1_configure_fd	00022090	0122	movs r2,#0x1
00021fc4	mcan1_configure_fd	00022092	1f23	movs r3,#0x1f
00021fc4	mcan1_configure_fd	00022094	0826	movs r6,#0x8
00021fc4	mcan1_configure_fd	00022096	3446	mov r4,r6
00021fc4	mcan1_configure_fd	00022098	1ae0	b 0x000220d0
00021fc4	mcan1_configure_fd	0002209a	0122	movs r2,#0x1
00021fc4	mcan1_configure_fd	0002209c	1923	movs r3,#0x19
00021fc4	mcan1_configure_fd	0002209e	0626	movs r6,#0x6
00021fc4	mcan1_configure_fd	000220a0	3446	mov r4,r6
00021fc4	mcan1_configure_fd	000220a2	15e0	b 0x000220d0
00021fc4	mcan1_configure_fd	000220a4	0122	movs r2,#0x1
00021fc4	mcan1_configure_fd	000220a6	1323	movs r3,#0x13
00021fc4	mcan1_configure_fd	000220a8	0526	movs r6,#0x5
00021fc4	mcan1_configure_fd	000220aa	3446	mov r4,r6
00021fc4	mcan1_configure_fd	000220ac	10e0	b 0x000220d0
00021fc4	mcan1_configure_fd	000220ae	0122	movs r2,#0x1
00021fc4	mcan1_configure_fd	000220b0	0f23	movs r3,#0xf
00021fc4	mcan1_configure_fd	000220b2	0426	movs r6,#0x4
00021fc4	mcan1_configure_fd	000220b4	3446	mov r4,r6
00021fc4	mcan1_configure_fd	000220b6	0be0	b 0x000220d0
00021fc4	mcan1_configure_fd	000220b8	0122	movs r2,#0x1
00021fc4	mcan1_configure_fd	000220ba	0c23	movs r3,#0xc
00021fc4	mcan1_configure_fd	000220bc	0326	movs r6,#0x3
00021fc4	mcan1_configure_fd	000220be	3446	mov r4,r6
00021fc4	mcan1_configure_fd	000220c0	06e0	b 0x000220d0
00021fc4	mcan1_configure_fd	000220c2	0122	movs r2,#0x1
00021fc4	mcan1_configure_fd	000220c4	0723	movs r3,#0x7
00021fc4	mcan1_configure_fd	000220c6	01e0	b 0x000220cc
00021fc4	mcan1_configure_fd	000220c8	0122	movs r2,#0x1
00021fc4	mcan1_configure_fd	000220ca	0523	movs r3,#0x5
00021fc4	mcan1_configure_fd	000220cc	0226	movs r6,#0x2
00021fc4	mcan1_configure_fd	000220ce	3446	mov r4,r6
00021fc4	mcan1_configure_fd	000220d0	6ff0ff07	mvn r7,#0xff
00021fc4	mcan1_configure_fd	000220d4	07eb032c	add.w r12,r7,r3, lsl #0x8
00021fc4	mcan1_configure_fd	000220d8	571e	subs r7,r2,#0x1
00021fc4	mcan1_configure_fd	000220da	4cea0747	orr.w r7,r12,r7, lsl #0x10
00021fc4	mcan1_configure_fd	000220de	6ff00f0c	mvn r12,#0xf
00021fc4	mcan1_configure_fd	000220e2	0ceb0616	add.w r6,r12,r6, lsl #0x4
00021fc4	mcan1_configure_fd	000220e6	3743	orrs r7,r6
00021fc4	mcan1_configure_fd	000220e8	641e	subs r4,r4,#0x1
00021fc4	mcan1_configure_fd	000220ea	2743	orrs r7,r4
00021fc4	mcan1_configure_fd	000220ec	ef60	str r7,[r5,#0xc]
00021fc4	mcan1_configure_fd	000220ee	12fb03f2	smulbb r2,r2,r3
00021fc4	mcan1_configure_fd	000220f2	1202	lsls r2,r2,#0x8
00021fc4	mcan1_configure_fd	000220f4	aa64	str r2,[r5,#0x48]
00021fc4	mcan1_configure_fd	000220f6	0528	cmp r0,#0x5
00021fc4	mcan1_configure_fd	000220f8	03d9	bls 0x00022102
00021fc4	mcan1_configure_fd	000220fa	e868	ldr r0,[r5,#0xc]
00021fc4	mcan1_configure_fd	000220fc	40f40000	orr r0,r0,#0x800000
00021fc4	mcan1_configure_fd	00022100	e860	str r0,[r5,#0xc]
00021fc4	mcan1_configure_fd	00022102	40f27770	movw r0,#0x777
00021fc4	mcan1_configure_fd	00022106	c5f8bc00	str.w r0,[r5,#0xbc]
00021fc4	mcan1_configure_fd	0002210a	0720	movs r0,#0x7
00021fc4	mcan1_configure_fd	0002210c	c5f8c800	str.w r0,[r5,#0xc8]
00021fc4	mcan1_configure_fd	00022110	4ff40030	mov.w r0,#0x20000
00021fc4	mcan1_configure_fd	00022114	c5f88400	str.w r0,[r5,#0x84]
00021fc4	mcan1_configure_fd	00022118	4020	movs r0,#0x40
00021fc4	mcan1_configure_fd	0002211a	c5f88800	str.w r0,[r5,#0x88]
00021fc4	mcan1_configure_fd	0002211e	2d48	ldr r0,[0x000221d4]
00021fc4	mcan1_configure_fd	00022120	c5f8a000	str.w r0,[r5,#0xa0]
00021fc4	mcan1_configure_fd	00022124	2b48	ldr r0,[0x000221d4]
00021fc4	mcan1_configure_fd	00022126	d830	adds r0,#0xd8
00021fc4	mcan1_configure_fd	00022128	c5f8b000	str.w r0,[r5,#0xb0]
00021fc4	mcan1_configure_fd	0002212c	4ff40c70	mov.w r0,#0x230
00021fc4	mcan1_configure_fd	00022130	c5f8ac00	str.w r0,[r5,#0xac]
00021fc4	mcan1_configure_fd	00022134	2848	ldr r0,[0x000221d8]
00021fc4	mcan1_configure_fd	00022136	c5f8f000	str.w r0,[r5,#0xf0]
00021fc4	mcan1_configure_fd	0002213a	2848	ldr r0,[0x000221dc]
00021fc4	mcan1_configure_fd	0002213c	c5f8c000	str.w r0,[r5,#0xc0]
00021fc4	mcan1_configure_fd	00022140	274b	ldr r3,[0x000221e0]
00021fc4	mcan1_configure_fd	00022142	0022	movs r2,#0x0
00021fc4	mcan1_configure_fd	00022144	1846	mov r0,r3
00021fc4	mcan1_configure_fd	00022146	1446	mov r4,r2
00021fc4	mcan1_configure_fd	00022148	521c	adds r2,r2,#0x1
00021fc4	mcan1_configure_fd	0002214a	10c0	stmia r0!,{r4}
00021fc4	mcan1_configure_fd	0002214c	92b2	uxth r2,r2
00021fc4	mcan1_configure_fd	0002214e	ff2a	cmp r2,#0xff
00021fc4	mcan1_configure_fd	00022150	fad9	bls 0x00022148
00021fc4	mcan1_configure_fd	00022152	d5f88000	ldr.w r0,[r5,#0x80]
00021fc4	mcan1_configure_fd	00022156	20f03f00	bic r0,r0,#0x3f
00021fc4	mcan1_configure_fd	0002215a	40f02b00	orr r0,r0,#0x2b
00021fc4	mcan1_configure_fd	0002215e	c5f88000	str.w r0,[r5,#0x80]
00021fc4	mcan1_configure_fd	00022162	c1f30a00	ubfx r0,r1,#0x0,#0xb
00021fc4	mcan1_configure_fd	00022166	1f49	ldr r1,[0x000221e4]
00021fc4	mcan1_configure_fd	00022168	41ea0040	orr.w r0,r1,r0, lsl #0x10
00021fc4	mcan1_configure_fd	0002216c	1860	str r0,[r3,#0x0]
00021fc4	mcan1_configure_fd	0002216e	1e48	ldr r0,[0x000221e8]
00021fc4	mcan1_configure_fd	00022170	5860	str r0,[r3,#0x4]
00021fc4	mcan1_configure_fd	00022172	1e48	ldr r0,[0x000221ec]
00021fc4	mcan1_configure_fd	00022174	6865	str r0,[r5,#0x54]
00021fc4	mcan1_configure_fd	00022176	1d48	ldr r0,[0x000221ec]
00021fc4	mcan1_configure_fd	00022178	1038	subs r0,#0x10
00021fc4	mcan1_configure_fd	0002217a	a865	str r0,[r5,#0x58]
00021fc4	mcan1_configure_fd	0002217c	0320	movs r0,#0x3
00021fc4	mcan1_configure_fd	0002217e	00e0	b 0x00022182
00021fc4	mcan1_configure_fd	00022180	1ce0	b 0x000221bc
00021fc4	mcan1_configure_fd	00022182	e865	str r0,[r5,#0x5c]
00021fc4	mcan1_configure_fd	00022184	0f20	movs r0,#0xf
00021fc4	mcan1_configure_fd	00022186	fff7cbfe	bl 0x00021f20
00021fc4	mcan1_configure_fd	0002218a	a869	ldr r0,[r5,#0x18]
00021fc4	mcan1_configure_fd	0002218c	20f00100	bic r0,r0,#0x1
00021fc4	mcan1_configure_fd	00022190	a861	str r0,[r5,#0x18]
00021fc4	mcan1_configure_fd	00022192	a869	ldr r0,[r5,#0x18]
00021fc4	mcan1_configure_fd	00022194	c007	lsls r0,r0,#0x1f
00021fc4	mcan1_configure_fd	00022196	fcd1	bne 0x00022192
00021fc4	mcan1_configure_fd	00022198	401e	subs r0,r0,#0x1
00021fc4	mcan1_configure_fd	0002219a	2865	str r0,[r5,#0x50]
00021fc4	mcan1_configure_fd	0002219c	1449	ldr r1,[0x000221f0]
00021fc4	mcan1_configure_fd	0002219e	40f29910	movw r0,#0x199
00021fc4	mcan1_configure_fd	000221a2	8866	str r0,[r1,#0x68]
00021fc4	mcan1_configure_fd	000221a4	0321	movs r1,#0x3
00021fc4	mcan1_configure_fd	000221a6	0846	mov r0,r1
00021fc4	mcan1_configure_fd	000221a8	01f060fb	bl 0x0002386c
00021fc4	mcan1_configure_fd	000221ac	0320	movs r0,#0x3
00021fc4	mcan1_configure_fd	000221ae	01f032fb	bl 0x00023816
00021fc4	mcan1_configure_fd	000221b2	bde8f041	pop.w {r4,r5,r6,r7,r8,lr}
00021fc4	mcan1_configure_fd	000221b6	0320	movs r0,#0x3
00021fc4	mcan1_configure_fd	000221b8	01f04bbb	b.w 0x00023852
00021fc4	mcan1_configure_fd	000221bc	0222	movs r2,#0x2
00021fc4	mcan1_configure_fd	000221be	68e7	b 0x00022092
00021fc4	mcan1_configure_fd	00023852	0028	cmp r0,#0x0
00021fc4	mcan1_configure_fd	00023854	09db	blt 0x0002386a
00021fc4	mcan1_configure_fd	00023856	00f01f02	and r2,r0,#0x1f
00021fc4	mcan1_configure_fd	0002385a	0121	movs r1,#0x1
00021fc4	mcan1_configure_fd	0002385c	9140	lsls r1,r2
00021fc4	mcan1_configure_fd	0002385e	4009	lsrs r0,r0,#0x5
00021fc4	mcan1_configure_fd	00023860	8000	lsls r0,r0,#0x2
00021fc4	mcan1_configure_fd	00023862	00f1e020	add.w r0,r0,#0xe000e000
00021fc4	mcan1_configure_fd	00023866	c0f80011	str.w r1,[r0,#0x100]
00021fc4	mcan1_configure_fd	0002386a	7047	bx lr
000221f4	read_hardware_variant	000221f4	1049	ldr r1,[0x00022238]
000221f4	read_hardware_variant	000221f6	4af20150	movw r0,#0xa501
000221f4	read_hardware_variant	000221fa	0880	strh r0,[r1,#0x0]
000221f4	read_hardware_variant	000221fc	0f4a	ldr r2,[0x0002223c]
000221f4	read_hardware_variant	000221fe	0220	movs r0,#0x2
000221f4	read_hardware_variant	00022200	1080	strh r0,[r2,#0x0]
000221f4	read_hardware_variant	00022202	0e4a	ldr r2,[0x0002223c]
000221f4	read_hardware_variant	00022204	943a	subs r2,#0x94
000221f4	read_hardware_variant	00022206	1080	strh r0,[r2,#0x0]
000221f4	read_hardware_variant	00022208	4020	movs r0,#0x40
000221f4	read_hardware_variant	0002220a	121d	adds r2,r2,#0x4
000221f4	read_hardware_variant	0002220c	1080	strh r0,[r2,#0x0]
000221f4	read_hardware_variant	0002220e	121d	adds r2,r2,#0x4
000221f4	read_hardware_variant	00022210	1080	strh r0,[r2,#0x0]
000221f4	read_hardware_variant	00022212	4ff42540	mov.w r0,#0xa500
000221f4	read_hardware_variant	00022216	0880	strh r0,[r1,#0x0]
000221f4	read_hardware_variant	00022218	0948	ldr r0,[0x00022240]
000221f4	read_hardware_variant	0002221a	0188	ldrh r1,[r0,#0x0]
000221f4	read_hardware_variant	0002221c	41f40051	orr r1,r1,#0x2000
000221f4	read_hardware_variant	00022220	0180	strh r1,[r0,#0x0]
000221f4	read_hardware_variant	00022222	0748	ldr r0,[0x00022240]
000221f4	read_hardware_variant	00022224	3230	adds r0,#0x32
000221f4	read_hardware_variant	00022226	0188	ldrh r1,[r0,#0x0]
000221f4	read_hardware_variant	00022228	41f00401	orr r1,r1,#0x4
000221f4	read_hardware_variant	0002222c	0180	strh r1,[r0,#0x0]
000221f4	read_hardware_variant	0002222e	0448	ldr r0,[0x00022240]
000221f4	read_hardware_variant	00022230	0838	subs r0,#0x8
000221f4	read_hardware_variant	00022232	0088	ldrh r0,[r0,#0x0]
000221f4	read_hardware_variant	00022234	800b	lsrs r0,r0,#0xe
000221f4	read_hardware_variant	00022236	7047	bx lr
00022244	debug_uart_receive_irq	00022244	2de9f05f	push {r4,r5,r6,r7,r8,r9,r10,r11,r12,lr}
00022244	debug_uart_receive_irq	00022248	b248	ldr r0,[0x00022514]
00022244	debug_uart_receive_irq	0002224a	0068	ldr r0,[r0,#0x0]
00022244	debug_uart_receive_irq	0002224c	4ff0000b	mov.w r11,#0x0
00022244	debug_uart_receive_irq	00022250	10f4807f	tst r0,#0x100
00022244	debug_uart_receive_irq	00022254	4ff00105	mov.w r5,#0x1
00022244	debug_uart_receive_irq	00022258	00f04a81	beq.w 0x000224f0
00022244	debug_uart_receive_irq	0002225c	ae48	ldr r0,[0x00022518]
00022244	debug_uart_receive_irq	0002225e	416b	ldr r1,[r0,#0x34]
00022244	debug_uart_receive_irq	00022260	41f00101	orr r1,r1,#0x1
00022244	debug_uart_receive_irq	00022264	4163	str r1,[r0,#0x34]
00022244	debug_uart_receive_irq	00022266	826e	ldr r2,[r0,#0x68]
00022244	debug_uart_receive_irq	00022268	c821	movs r1,#0xc8
00022244	debug_uart_receive_irq	0002226a	a1eb1241	sub.w r1,r1,r2, lsr #0x10
00022244	debug_uart_receive_irq	0002226e	0ab2	sxth r2,r1
00022244	debug_uart_receive_irq	00022270	aa49	ldr r1,[0x0002251c]
00022244	debug_uart_receive_irq	00022272	4a80	strh r2,[r1,#0x2]
00022244	debug_uart_receive_irq	00022274	816c	ldr r1,[r0,#0x48]
00022244	debug_uart_receive_irq	00022276	89b2	uxth r1,r1
00022244	debug_uart_receive_irq	00022278	41f44801	orr r1,r1,#0xc80000
00022244	debug_uart_receive_irq	0002227c	8164	str r1,[r0,#0x48]
00022244	debug_uart_receive_irq	0002227e	dff8a082	ldr.w r8,[0x00022520]
00022244	debug_uart_receive_irq	00022282	c0f84480	str.w r8,[r0,#0x44]
00022244	debug_uart_receive_irq	00022286	0227	movs r7,#0x2
00022244	debug_uart_receive_irq	00022288	98f80030	ldrb.w r3,[r8,#0x0]
00022244	debug_uart_receive_irq	0002228c	a549	ldr r1,[0x00022524]
00022244	debug_uart_receive_irq	0002228e	dff89892	ldr.w r9,[0x00022528]
00022244	debug_uart_receive_irq	00022292	1b2b	cmp r3,#0x1b
00022244	debug_uart_receive_irq	00022294	0ad0	beq 0x000222ac
00022244	debug_uart_receive_irq	00022296	582b	cmp r3,#0x58
00022244	debug_uart_receive_irq	00022298	08bf	it eq
00022244	debug_uart_receive_irq	0002229a	012a	cmp.eq r2,#0x1
00022244	debug_uart_receive_irq	0002229c	19d0	beq 0x000222d2
00022244	debug_uart_receive_irq	0002229e	d9f83800	ldr.w r0,[r9,#0x38]
00022244	debug_uart_receive_irq	000222a2	68b1	cbz r0,0x000222c0
00022244	debug_uart_receive_irq	000222a4	0428	cmp r0,#0x4
00022244	debug_uart_receive_irq	000222a6	34d0	beq 0x00022312
00022244	debug_uart_receive_irq	000222a8	00f020b9	b.w 0x000224ec
00022244	debug_uart_receive_irq	000222ac	c9f838b0	str.w r11,[r9,#0x38]
00022244	debug_uart_receive_irq	000222b0	d1f88000	ldr.w r0,[r1,#0x80]
00022244	debug_uart_receive_irq	000222b4	0128	cmp r0,#0x1
00022244	debug_uart_receive_irq	000222b6	08bf	it eq
00022244	debug_uart_receive_irq	000222b8	c1f880b0	str.w.eq r11,[r1,#0x80]
00022244	debug_uart_receive_irq	000222bc	c9f83c50	str.w r5,[r9,#0x3c]
00022244	debug_uart_receive_irq	000222c0	6d2b	cmp r3,#0x6d
00022244	debug_uart_receive_irq	000222c2	19d0	beq 0x000222f8
00022244	debug_uart_receive_irq	000222c4	732b	cmp r3,#0x73
00022244	debug_uart_receive_irq	000222c6	04bf	itt eq
00022244	debug_uart_receive_irq	000222c8	0420	mov.eq r0,#0x4
00022244	debug_uart_receive_irq	000222ca	c9f83800	str.w.eq r0,[r9,#0x38]
00022244	debug_uart_receive_irq	000222ce	00f00db9	b.w 0x000224ec
00022244	debug_uart_receive_irq	000222d2	72b6	cpsid i
00022244	debug_uart_receive_irq	000222d4	04f096fd	bl 0x00026e04
00022244	debug_uart_receive_irq	000222d8	6420	movs r0,#0x64
00022244	debug_uart_receive_irq	000222da	fff741fe	bl 0x00021f60
00022244	debug_uart_receive_irq	000222de	bff34f8f	dsb #0xf
00022244	debug_uart_receive_irq	000222e2	9248	ldr r0,[0x0002252c]
00022244	debug_uart_receive_irq	000222e4	0168	ldr r1,[r0,#0x0]
00022244	debug_uart_receive_irq	000222e6	924a	ldr r2,[0x00022530]
00022244	debug_uart_receive_irq	000222e8	01f4e061	and r1,r1,#0x700
00022244	debug_uart_receive_irq	000222ec	1143	orrs r1,r2
00022244	debug_uart_receive_irq	000222ee	0160	str r1,[r0,#0x0]
00022244	debug_uart_receive_irq	000222f0	bff34f8f	dsb #0xf
00022244	debug_uart_receive_irq	000222f4	00bf	nop
00022244	debug_uart_receive_irq	000222f6	fde7	b 0x000222f4
00022244	debug_uart_receive_irq	000222f8	d1f88000	ldr.w r0,[r1,#0x80]
00022244	debug_uart_receive_irq	000222fc	0228	cmp r0,#0x2
00022244	debug_uart_receive_irq	000222fe	80f0f580	bcs.w 0x000224ec
00022244	debug_uart_receive_irq	00022302	c9f83870	str.w r7,[r9,#0x38]
00022244	debug_uart_receive_irq	00022306	c1f88050	str.w r5,[r1,#0x80]
00022244	debug_uart_receive_irq	0002230a	c9f83c50	str.w r5,[r9,#0x3c]
00022244	debug_uart_receive_irq	0002230e	00f0edb8	b.w 0x000224ec
00022244	debug_uart_receive_irq	00022312	8349	ldr r1,[0x00022520]
00022244	debug_uart_receive_irq	00022314	874c	ldr r4,[0x00022534]
00022244	debug_uart_receive_irq	00022316	dff820c2	ldr.w r12,[0x00022538]
00022244	debug_uart_receive_irq	0002231a	4878	ldrb r0,[r1,#0x1]
00022244	debug_uart_receive_irq	0002231c	8978	ldrb r1,[r1,#0x2]
00022244	debug_uart_receive_irq	0002231e	552b	cmp r3,#0x55
00022244	debug_uart_receive_irq	00022320	06d0	beq 0x00022330
00022244	debug_uart_receive_irq	00022322	462b	cmp r3,#0x46
00022244	debug_uart_receive_irq	00022324	04bf	itt eq
00022244	debug_uart_receive_irq	00022326	4328	cmp.eq r0,#0x43
00022244	debug_uart_receive_irq	00022328	4229	cmp.eq r1,#0x42
00022244	debug_uart_receive_irq	0002232a	7dd0	beq 0x00022428
00022244	debug_uart_receive_irq	0002232c	00f0deb8	b.w 0x000224ec
00022244	debug_uart_receive_irq	00022330	6328	cmp r0,#0x63
00022244	debug_uart_receive_irq	00022332	08bf	it eq
00022244	debug_uart_receive_irq	00022334	2561	str.eq r5,[r4,#0x10]
00022244	debug_uart_receive_irq	00022336	00f0d980	beq.w 0x000224ec
00022244	debug_uart_receive_irq	0002233a	6c28	cmp r0,#0x6c
00022244	debug_uart_receive_irq	0002233c	08bf	it eq
00022244	debug_uart_receive_irq	0002233e	6561	str.eq r5,[r4,#0x14]
00022244	debug_uart_receive_irq	00022340	00f0d480	beq.w 0x000224ec
00022244	debug_uart_receive_irq	00022344	754b	ldr r3,[0x0002251c]
00022244	debug_uart_receive_irq	00022346	dff8f4a1	ldr.w r10,[0x0002253c]
00022244	debug_uart_receive_irq	0002234a	7d4e	ldr r6,[0x00022540]
00022244	debug_uart_receive_irq	0002234c	1b88	ldrh r3,[r3,#0x0]
00022244	debug_uart_receive_irq	0002234e	5b1c	adds r3,r3,#0x1
00022244	debug_uart_receive_irq	00022350	6428	cmp r0,#0x64
00022244	debug_uart_receive_irq	00022352	08d0	beq 0x00022366
00022244	debug_uart_receive_irq	00022354	4d28	cmp r0,#0x4d
00022244	debug_uart_receive_irq	00022356	2fd0	beq 0x000223b8
00022244	debug_uart_receive_irq	00022358	6528	cmp r0,#0x65
00022244	debug_uart_receive_irq	0002235a	51d0	beq 0x00022400
00022244	debug_uart_receive_irq	0002235c	6628	cmp r0,#0x66
00022244	debug_uart_receive_irq	0002235e	72d0	beq 0x00022446
00022244	debug_uart_receive_irq	00022360	6728	cmp r0,#0x67
00022244	debug_uart_receive_irq	00022362	6fd0	beq 0x00022444
00022244	debug_uart_receive_irq	00022364	c2e0	b 0x000224ec
00022244	debug_uart_receive_irq	00022366	9a42	cmp r2,r3
00022244	debug_uart_receive_irq	00022368	49d1	bne 0x000223fe
00022244	debug_uart_receive_irq	0002236a	08f10101	add.w r1,r8,#0x1
00022244	debug_uart_receive_irq	0002236e	7348	ldr r0,[0x0002253c]
00022244	debug_uart_receive_irq	00022370	fef7e0f9	bl 0x00020734
00022244	debug_uart_receive_irq	00022374	9af83d00	ldrb.w r0,[r10,#0x3d]
00022244	debug_uart_receive_irq	00022378	7249	ldr r1,[0x00022544]
00022244	debug_uart_receive_irq	0002237a	8200	lsls r2,r0,#0x2
00022244	debug_uart_receive_irq	0002237c	9af83e00	ldrb.w r0,[r10,#0x3e]
00022244	debug_uart_receive_irq	00022380	c0eb0010	rsb r0,r0,r0, lsl #0x4
00022244	debug_uart_receive_irq	00022384	01eb8000	add.w r0,r1,r0, lsl #0x2
00022244	debug_uart_receive_irq	00022388	0af10101	add.w r1,r10,#0x1
00022244	debug_uart_receive_irq	0002238c	fef7d2f9	bl 0x00020734
00022244	debug_uart_receive_irq	00022390	6420	movs r0,#0x64
00022244	debug_uart_receive_irq	00022392	3070	strb r0,[r6,#0x0]
00022244	debug_uart_receive_irq	00022394	9af83e00	ldrb.w r0,[r10,#0x3e]
00022244	debug_uart_receive_irq	00022398	7070	strb r0,[r6,#0x1]
00022244	debug_uart_receive_irq	0002239a	0221	movs r1,#0x2
00022244	debug_uart_receive_irq	0002239c	6848	ldr r0,[0x00022540]
00022244	debug_uart_receive_irq	0002239e	01f0fdf9	bl 0x0002379c
00022244	debug_uart_receive_irq	000223a2	9af83e00	ldrb.w r0,[r10,#0x3e]
00022244	debug_uart_receive_irq	000223a6	1128	cmp r0,#0x11
00022244	debug_uart_receive_irq	000223a8	29d1	bne 0x000223fe
00022244	debug_uart_receive_irq	000223aa	e561	str r5,[r4,#0x1c]
00022244	debug_uart_receive_irq	000223ac	6648	ldr r0,[0x00022548]
00022244	debug_uart_receive_irq	000223ae	99ed0d0a	vldr.32 s0,[r9,#0x34]
00022244	debug_uart_receive_irq	000223b2	80ed020a	vstr.32 s0,[r0,#0x8]
00022244	debug_uart_receive_irq	000223b6	99e0	b 0x000224ec
00022244	debug_uart_receive_irq	000223b8	9a42	cmp r2,r3
00022244	debug_uart_receive_irq	000223ba	20d1	bne 0x000223fe
00022244	debug_uart_receive_irq	000223bc	08f10101	add.w r1,r8,#0x1
00022244	debug_uart_receive_irq	000223c0	5e48	ldr r0,[0x0002253c]
00022244	debug_uart_receive_irq	000223c2	fef7b7f9	bl 0x00020734
00022244	debug_uart_receive_irq	000223c6	9af83d00	ldrb.w r0,[r10,#0x3d]
00022244	debug_uart_receive_irq	000223ca	6049	ldr r1,[0x0002254c]
00022244	debug_uart_receive_irq	000223cc	4200	lsls r2,r0,#0x1
00022244	debug_uart_receive_irq	000223ce	9af83e00	ldrb.w r0,[r10,#0x3e]
00022244	debug_uart_receive_irq	000223d2	c0eb0010	rsb r0,r0,r0, lsl #0x4
00022244	debug_uart_receive_irq	000223d6	01eb8000	add.w r0,r1,r0, lsl #0x2
00022244	debug_uart_receive_irq	000223da	0af10101	add.w r1,r10,#0x1
00022244	debug_uart_receive_irq	000223de	fef7a9f9	bl 0x00020734
00022244	debug_uart_receive_irq	000223e2	4d20	movs r0,#0x4d
00022244	debug_uart_receive_irq	000223e4	3070	strb r0,[r6,#0x0]
00022244	debug_uart_receive_irq	000223e6	9af83e00	ldrb.w r0,[r10,#0x3e]
00022244	debug_uart_receive_irq	000223ea	7070	strb r0,[r6,#0x1]
00022244	debug_uart_receive_irq	000223ec	0221	movs r1,#0x2
00022244	debug_uart_receive_irq	000223ee	5448	ldr r0,[0x00022540]
00022244	debug_uart_receive_irq	000223f0	01f0d4f9	bl 0x0002379c
00022244	debug_uart_receive_irq	000223f4	9af83e00	ldrb.w r0,[r10,#0x3e]
00022244	debug_uart_receive_irq	000223f8	8828	cmp r0,#0x88
00022244	debug_uart_receive_irq	000223fa	08bf	it eq
00022244	debug_uart_receive_irq	000223fc	e761	str.eq r7,[r4,#0x1c]
00022244	debug_uart_receive_irq	000223fe	75e0	b 0x000224ec
00022244	debug_uart_receive_irq	00022400	aa29	cmp r1,#0xaa
00022244	debug_uart_receive_irq	00022402	14d1	bne 0x0002242e
00022244	debug_uart_receive_irq	00022404	032a	cmp r2,#0x3
00022244	debug_uart_receive_irq	00022406	71d1	bne 0x000224ec
00022244	debug_uart_receive_irq	00022408	3070	strb r0,[r6,#0x0]
00022244	debug_uart_receive_irq	0002240a	dcf84400	ldr.w r0,[r12,#0x44]
00022244	debug_uart_receive_irq	0002240e	c6f80100	str.w r0,[r6,#0x1]
00022244	debug_uart_receive_irq	00022412	dcf84800	ldr.w r0,[r12,#0x48]
00022244	debug_uart_receive_irq	00022416	c6f80500	str.w r0,[r6,#0x5]
00022244	debug_uart_receive_irq	0002241a	dcf84c00	ldr.w r0,[r12,#0x4c]
00022244	debug_uart_receive_irq	0002241e	c6f80900	str.w r0,[r6,#0x9]
00022244	debug_uart_receive_irq	00022422	0d21	movs r1,#0xd
00022244	debug_uart_receive_irq	00022424	4648	ldr r0,[0x00022540]
00022244	debug_uart_receive_irq	00022426	00e0	b 0x0002242a
00022244	debug_uart_receive_irq	00022428	4de0	b 0x000224c6
00022244	debug_uart_receive_irq	0002242a	01f0b7f9	bl 0x0002379c
00022244	debug_uart_receive_irq	0002242e	98f80200	ldrb.w r0,[r8,#0x2]
00022244	debug_uart_receive_irq	00022432	5528	cmp r0,#0x55
00022244	debug_uart_receive_irq	00022434	5ad1	bne 0x000224ec
00022244	debug_uart_receive_irq	00022436	3948	ldr r0,[0x0002251c]
00022244	debug_uart_receive_irq	00022438	4088	ldrh r0,[r0,#0x2]
00022244	debug_uart_receive_irq	0002243a	0328	cmp r0,#0x3
00022244	debug_uart_receive_irq	0002243c	08bf	it eq
00022244	debug_uart_receive_irq	0002243e	6562	str.eq r5,[r4,#0x24]
00022244	debug_uart_receive_irq	00022440	54e0	b 0x000224ec
00022244	debug_uart_receive_irq	00022444	13e0	b 0x0002246e
00022244	debug_uart_receive_irq	00022446	aa29	cmp r1,#0xaa
00022244	debug_uart_receive_irq	00022448	08bf	it eq
00022244	debug_uart_receive_irq	0002244a	032a	cmp.eq r2,#0x3
00022244	debug_uart_receive_irq	0002244c	4ed1	bne 0x000224ec
00022244	debug_uart_receive_irq	0002244e	3070	strb r0,[r6,#0x0]
00022244	debug_uart_receive_irq	00022450	3f48	ldr r0,[0x00022550]
00022244	debug_uart_receive_irq	00022452	8168	ldr r1,[r0,#0x8]
00022244	debug_uart_receive_irq	00022454	c6f80110	str.w r1,[r6,#0x1]
00022244	debug_uart_receive_irq	00022458	c068	ldr r0,[r0,#0xc]
00022244	debug_uart_receive_irq	0002245a	c6f80500	str.w r0,[r6,#0x5]
00022244	debug_uart_receive_irq	0002245e	4ff00901	mov.w r1,#0x9
00022244	debug_uart_receive_irq	00022462	3748	ldr r0,[0x00022540]
00022244	debug_uart_receive_irq	00022464	01f09af9	bl 0x0002379c
00022244	debug_uart_receive_irq	00022468	c9f838b0	str.w r11,[r9,#0x38]
00022244	debug_uart_receive_irq	0002246c	3ee0	b 0x000224ec
00022244	debug_uart_receive_irq	0002246e	aa29	cmp r1,#0xaa
00022244	debug_uart_receive_irq	00022470	08d0	beq 0x00022484
00022244	debug_uart_receive_irq	00022472	5529	cmp r1,#0x55
00022244	debug_uart_receive_irq	00022474	0ad0	beq 0x0002248c
00022244	debug_uart_receive_irq	00022476	5a29	cmp r1,#0x5a
00022244	debug_uart_receive_irq	00022478	12d0	beq 0x000224a0
00022244	debug_uart_receive_irq	0002247a	5129	cmp r1,#0x51
00022244	debug_uart_receive_irq	0002247c	08bf	it eq
00022244	debug_uart_receive_irq	0002247e	832a	cmp.eq r2,#0x83
00022244	debug_uart_receive_irq	00022480	18d0	beq 0x000224b4
00022244	debug_uart_receive_irq	00022482	33e0	b 0x000224ec
00022244	debug_uart_receive_irq	00022484	032a	cmp r2,#0x3
00022244	debug_uart_receive_irq	00022486	08bf	it eq
00022244	debug_uart_receive_irq	00022488	a562	str.eq r5,[r4,#0x28]
00022244	debug_uart_receive_irq	0002248a	2fe0	b 0x000224ec
00022244	debug_uart_receive_irq	0002248c	832a	cmp r2,#0x83
00022244	debug_uart_receive_irq	0002248e	2dd1	bne 0x000224ec
00022244	debug_uart_receive_irq	00022490	08f10301	add.w r1,r8,#0x3
00022244	debug_uart_receive_irq	00022494	2848	ldr r0,[0x00022538]
00022244	debug_uart_receive_irq	00022496	d21e	subs r2,r2,#0x3
00022244	debug_uart_receive_irq	00022498	fef74cf9	bl 0x00020734
00022244	debug_uart_receive_irq	0002249c	a762	str r7,[r4,#0x28]
00022244	debug_uart_receive_irq	0002249e	25e0	b 0x000224ec
00022244	debug_uart_receive_irq	000224a0	832a	cmp r2,#0x83
00022244	debug_uart_receive_irq	000224a2	23d1	bne 0x000224ec
00022244	debug_uart_receive_irq	000224a4	08f10301	add.w r1,r8,#0x3
00022244	debug_uart_receive_irq	000224a8	2348	ldr r0,[0x00022538]
00022244	debug_uart_receive_irq	000224aa	d21e	subs r2,r2,#0x3
00022244	debug_uart_receive_irq	000224ac	fef742f9	bl 0x00020734
00022244	debug_uart_receive_irq	000224b0	0420	movs r0,#0x4
00022244	debug_uart_receive_irq	000224b2	06e0	b 0x000224c2
00022244	debug_uart_receive_irq	000224b4	08f10301	add.w r1,r8,#0x3
00022244	debug_uart_receive_irq	000224b8	1f48	ldr r0,[0x00022538]
00022244	debug_uart_receive_irq	000224ba	d21e	subs r2,r2,#0x3
00022244	debug_uart_receive_irq	000224bc	fef73af9	bl 0x00020734
00022244	debug_uart_receive_irq	000224c0	0620	movs r0,#0x6
00022244	debug_uart_receive_irq	000224c2	a062	str r0,[r4,#0x28]
00022244	debug_uart_receive_irq	000224c4	12e0	b 0x000224ec
00022244	debug_uart_receive_irq	000224c6	98f80300	ldrb.w r0,[r8,#0x3]
00022244	debug_uart_receive_irq	000224ca	3038	subs r0,#0x30
00022244	debug_uart_receive_irq	000224cc	c0b2	uxtb r0,r0
00022244	debug_uart_receive_irq	000224ce	0b28	cmp r0,#0xb
00022244	debug_uart_receive_irq	000224d0	0cd8	bhi 0x000224ec
00022244	debug_uart_receive_irq	000224d2	2049	ldr r1,[0x00022554]
00022244	debug_uart_receive_irq	000224d4	ccf88c00	str.w r0,[r12,#0x8c]
00022244	debug_uart_receive_irq	000224d8	0428	cmp r0,#0x4
00022244	debug_uart_receive_irq	000224da	8cbf	ite hi
00022244	debug_uart_receive_irq	000224dc	1e48	ldr.hi r0,[0x00022558]
00022244	debug_uart_receive_irq	000224de	1f48	ldr.ls r0,[0x0002255c]
00022244	debug_uart_receive_irq	000224e0	0860	str r0,[r1,#0x0]
00022244	debug_uart_receive_irq	000224e2	8cbf	ite hi
00022244	debug_uart_receive_irq	000224e4	1e48	ldr.hi r0,[0x00022560]
00022244	debug_uart_receive_irq	000224e6	1f48	ldr.ls r0,[0x00022564]
00022244	debug_uart_receive_irq	000224e8	4860	str r0,[r1,#0x4]
00022244	debug_uart_receive_irq	000224ea	e560	str r5,[r4,#0xc]
00022244	debug_uart_receive_irq	000224ec	0a48	ldr r0,[0x00022518]
00022244	debug_uart_receive_irq	000224ee	c561	str r5,[r0,#0x1c]
00022244	debug_uart_receive_irq	000224f0	1d48	ldr r0,[0x00022568]
00022244	debug_uart_receive_irq	000224f2	0169	ldr r1,[r0,#0x10]
00022244	debug_uart_receive_irq	000224f4	21f00101	bic r1,r1,#0x1
00022244	debug_uart_receive_irq	000224f8	0161	str r1,[r0,#0x10]
00022244	debug_uart_receive_irq	000224fa	1c48	ldr r0,[0x0002256c]
00022244	debug_uart_receive_irq	000224fc	0168	ldr r1,[r0,#0x0]
00022244	debug_uart_receive_irq	000224fe	41f4d811	orr r1,r1,#0x1b0000
00022244	debug_uart_receive_irq	00022502	0160	str r1,[r0,#0x0]
00022244	debug_uart_receive_irq	00022504	4ff0e021	mov.w r1,#0xe000e000
00022244	debug_uart_receive_irq	00022508	1020	movs r0,#0x10
00022244	debug_uart_receive_irq	0002250a	c1f88002	str.w r0,[r1,#0x280]
00022244	debug_uart_receive_irq	0002250e	bde8f09f	pop.w {r4,r5,r6,r7,r8,r9,r10,r11,r12,pc}
00022570	FUN_00022570	00022570	feb5	push {r1,r2,r3,r4,r5,r6,r7,lr}
00022570	FUN_00022570	00022572	35a3	adr r3,[0x22648]
00022570	FUN_00022570	00022574	38cb	ldmia r3,{r3,r4,r5}
00022570	FUN_00022570	00022576	8de83800	stm sp,{r3,r4,r5}
00022570	FUN_00022570	0002257a	0023	movs r3,#0x0
00022570	FUN_00022570	0002257c	00eb8305	add.w r5,r0,r3, lsl #0x2
00022570	FUN_00022570	00022580	11f82340	ldrb.w r4,[r1,r3,lsl #0x2]
00022570	FUN_00022570	00022584	00f82340	strb.w r4,[r0,r3,lsl #0x2]
00022570	FUN_00022570	00022588	01eb8304	add.w r4,r1,r3, lsl #0x2
00022570	FUN_00022570	0002258c	5b1c	adds r3,r3,#0x1
00022570	FUN_00022570	0002258e	6678	ldrb r6,[r4,#0x1]
00022570	FUN_00022570	00022590	6e70	strb r6,[r5,#0x1]
00022570	FUN_00022570	00022592	a678	ldrb r6,[r4,#0x2]
00022570	FUN_00022570	00022594	ae70	strb r6,[r5,#0x2]
00022570	FUN_00022570	00022596	e478	ldrb r4,[r4,#0x3]
00022570	FUN_00022570	00022598	ec70	strb r4,[r5,#0x3]
00022570	FUN_00022570	0002259a	082b	cmp r3,#0x8
00022570	FUN_00022570	0002259c	eed3	bcc 0x0002257c
00022570	FUN_00022570	0002259e	2d4c	ldr r4,[0x00022654]
00022570	FUN_00022570	000225a0	0821	movs r1,#0x8
00022570	FUN_00022570	000225a2	8b00	lsls r3,r1,#0x2
00022570	FUN_00022570	000225a4	1e1f	subs r6,r3,#0x4
00022570	FUN_00022570	000225a6	5fea417e	lsls.w lr,r1,#0x1d
00022570	FUN_00022570	000225aa	855d	ldrb r5,[r0,r6]
00022570	FUN_00022570	000225ac	0644	add r6,r0
00022570	FUN_00022570	000225ae	65f30702	bfi r2,r5,#0x0,#0x8
00022570	FUN_00022570	000225b2	96f801c0	ldrb.w r12,[r6,#0x1]
00022570	FUN_00022570	000225b6	b778	ldrb r7,[r6,#0x2]
00022570	FUN_00022570	000225b8	6cf30f22	bfi r2,r12,#0x8,#0x8
00022570	FUN_00022570	000225bc	f678	ldrb r6,[r6,#0x3]
00022570	FUN_00022570	000225be	67f31742	bfi r2,r7,#0x10,#0x8
00022570	FUN_00022570	000225c2	66f31f62	bfi r2,r6,#0x18,#0x8
00022570	FUN_00022570	000225c6	12d1	bne 0x000225ee
00022570	FUN_00022570	000225c8	e75d	ldrb r7,[r4,r7]
00022570	FUN_00022570	000225ca	a65d	ldrb r6,[r4,r6]
00022570	FUN_00022570	000225cc	67f30f22	bfi r2,r7,#0x8,#0x8
00022570	FUN_00022570	000225d0	655d	ldrb r5,[r4,r5]
00022570	FUN_00022570	000225d2	66f31742	bfi r2,r6,#0x10,#0x8
00022570	FUN_00022570	000225d6	65f31f62	bfi r2,r5,#0x18,#0x8
00022570	FUN_00022570	000225da	6d46	mov r5,sp
00022570	FUN_00022570	000225dc	05ebd105	add.w r5,r5,r1, lsr #0x3
00022570	FUN_00022570	000225e0	14f80cc0	ldrb.w r12,[r4,r12]
00022570	FUN_00022570	000225e4	2d78	ldrb r5,[r5,#0x0]
00022570	FUN_00022570	000225e6	8cea050c	eor.w r12,r12,r5
00022570	FUN_00022570	000225ea	6cf30702	bfi r2,r12,#0x0,#0x8
00022570	FUN_00022570	000225ee	01f00705	and r5,r1,#0x7
00022570	FUN_00022570	000225f2	042d	cmp r5,#0x4
00022570	FUN_00022570	000225f4	11d1	bne 0x0002261a
00022570	FUN_00022570	000225f6	d5b2	uxtb r5,r2
00022570	FUN_00022570	000225f8	655d	ldrb r5,[r4,r5]
00022570	FUN_00022570	000225fa	65f30702	bfi r2,r5,#0x0,#0x8
00022570	FUN_00022570	000225fe	c2f30725	ubfx r5,r2,#0x8,#0x8
00022570	FUN_00022570	00022602	655d	ldrb r5,[r4,r5]
00022570	FUN_00022570	00022604	65f30f22	bfi r2,r5,#0x8,#0x8
00022570	FUN_00022570	00022608	c2f30745	ubfx r5,r2,#0x10,#0x8
00022570	FUN_00022570	0002260c	655d	ldrb r5,[r4,r5]
00022570	FUN_00022570	0002260e	65f31742	bfi r2,r5,#0x10,#0x8
00022570	FUN_00022570	00022612	150e	lsrs r5,r2,#0x18
00022570	FUN_00022570	00022614	655d	ldrb r5,[r4,r5]
00022570	FUN_00022570	00022616	65f31f62	bfi r2,r5,#0x18,#0x8
00022570	FUN_00022570	0002261a	a3f12005	sub.w r5,r3,#0x20
00022570	FUN_00022570	0002261e	491c	adds r1,r1,#0x1
00022570	FUN_00022570	00022620	465d	ldrb r6,[r0,r5]
00022570	FUN_00022570	00022622	5640	eors r6,r2
00022570	FUN_00022570	00022624	c654	strb r6,[r0,r3]
00022570	FUN_00022570	00022626	4619	adds r6,r0,r5
00022570	FUN_00022570	00022628	0344	add r3,r0
00022570	FUN_00022570	0002262a	7578	ldrb r5,[r6,#0x1]
00022570	FUN_00022570	0002262c	3c29	cmp r1,#0x3c
00022570	FUN_00022570	0002262e	85ea1225	eor.w r5,r5,r2, lsr #0x8
00022570	FUN_00022570	00022632	5d70	strb r5,[r3,#0x1]
00022570	FUN_00022570	00022634	b578	ldrb r5,[r6,#0x2]
00022570	FUN_00022570	00022636	85ea1245	eor.w r5,r5,r2, lsr #0x10
00022570	FUN_00022570	0002263a	9d70	strb r5,[r3,#0x2]
00022570	FUN_00022570	0002263c	f578	ldrb r5,[r6,#0x3]
00022570	FUN_00022570	0002263e	85ea1265	eor.w r5,r5,r2, lsr #0x18
00022570	FUN_00022570	00022642	dd70	strb r5,[r3,#0x3]
00022570	FUN_00022570	00022644	add3	bcc 0x000225a2
00022570	FUN_00022570	00022646	febd	pop {r1,r2,r3,r4,r5,r6,r7,pc}
00022658	load_and_validate_calibration	00022658	70b5	push {r4,r5,r6,lr}
00022658	load_and_validate_calibration	0002265a	2ded028b	vpush {d8}
00022658	load_and_validate_calibration	0002265e	dfed748a	vldr.32 s17,[pc,#0x1d0]
00022658	load_and_validate_calibration	00022662	dff8d0c1	ldr.w r12,[0x00022834]
00022658	load_and_validate_calibration	00022666	744b	ldr r3,[0x00022838]
00022658	load_and_validate_calibration	00022668	0020	movs r0,#0x0
00022658	load_and_validate_calibration	0002266a	b0ee680a	vmov.f32 s0,s17
00022658	load_and_validate_calibration	0002266e	03eb8002	add.w r2,r3,r0, lsl #0x2
00022658	load_and_validate_calibration	00022672	5cf82010	ldr.w r1,[r12,r0,lsl #0x2]
00022658	load_and_validate_calibration	00022676	1160	str r1,[r2,#0x0]
00022658	load_and_validate_calibration	00022678	21f00041	bic r1,r1,#0x80000000
00022658	load_and_validate_calibration	0002267c	c1f1ff41	rsb.w r1,r1,#0x7f800000
00022658	load_and_validate_calibration	00022680	c90f	lsrs r1,r1,#0x1f
00022658	load_and_validate_calibration	00022682	18bf	it ne
00022658	load_and_validate_calibration	00022684	82ed000a	vstr.ne.32 s0,[r2]
00022658	load_and_validate_calibration	00022688	401c	adds r0,r0,#0x1
00022658	load_and_validate_calibration	0002268a	80b2	uxth r0,r0
00022658	load_and_validate_calibration	0002268c	b0f5807f	cmp.w r0,#0x100
00022658	load_and_validate_calibration	00022690	edd3	bcc 0x0002266e
00022658	load_and_validate_calibration	00022692	6849	ldr r1,[0x00022834]
00022658	load_and_validate_calibration	00022694	694a	ldr r2,[0x0002283c]
00022658	load_and_validate_calibration	00022696	d1f80004	ldr.w r0,[r1,#0x400]
00022658	load_and_validate_calibration	0002269a	5061	str r0,[r2,#0x14]
00022658	load_and_validate_calibration	0002269c	20f00040	bic r0,r0,#0x80000000
00022658	load_and_validate_calibration	000226a0	c0f1ff40	rsb.w r0,r0,#0x7f800000
00022658	load_and_validate_calibration	000226a4	01f58061	add.w r1,r1,#0x400
00022658	load_and_validate_calibration	000226a8	c00f	lsrs r0,r0,#0x1f
00022658	load_and_validate_calibration	000226aa	18bf	it ne
00022658	load_and_validate_calibration	000226ac	82ed050a	vstr.ne.32 s0,[r2,#0x14]
00022658	load_and_validate_calibration	000226b0	8868	ldr r0,[r1,#0x8]
00022658	load_and_validate_calibration	000226b2	5063	str r0,[r2,#0x34]
00022658	load_and_validate_calibration	000226b4	20f00040	bic r0,r0,#0x80000000
00022658	load_and_validate_calibration	000226b8	c0f1ff40	rsb.w r0,r0,#0x7f800000
00022658	load_and_validate_calibration	000226bc	c00f	lsrs r0,r0,#0x1f
00022658	load_and_validate_calibration	000226be	1cbf	itt ne
00022658	load_and_validate_calibration	000226c0	f7ee000a	vmov.ne.f32 s1,0x3f800000
00022658	load_and_validate_calibration	000226c4	c2ed0d0a	vstr.ne.32 s1,[r2,#0x34]
00022658	load_and_validate_calibration	000226c8	5d48	ldr r0,[0x00022840]
00022658	load_and_validate_calibration	000226ca	5e49	ldr r1,[0x00022844]
00022658	load_and_validate_calibration	000226cc	d1e90031	ldrd r3,r1,[r1,#0x0]
00022658	load_and_validate_calibration	000226d0	c0e90131	strd r3,r1,[r0,#0x4]
00022658	load_and_validate_calibration	000226d4	011d	adds r1,r0,#0x4
00022658	load_and_validate_calibration	000226d6	0868	ldr r0,[r1,#0x0]
00022658	load_and_validate_calibration	000226d8	20f00040	bic r0,r0,#0x80000000
00022658	load_and_validate_calibration	000226dc	c0f1ff40	rsb.w r0,r0,#0x7f800000
00022658	load_and_validate_calibration	000226e0	c00f	lsrs r0,r0,#0x1f
00022658	load_and_validate_calibration	000226e2	18bf	it ne
00022658	load_and_validate_calibration	000226e4	81ed000a	vstr.ne.32 s0,[r1]
00022658	load_and_validate_calibration	000226e8	4868	ldr r0,[r1,#0x4]
00022658	load_and_validate_calibration	000226ea	20f00040	bic r0,r0,#0x80000000
00022658	load_and_validate_calibration	000226ee	c0f1ff40	rsb.w r0,r0,#0x7f800000
00022658	load_and_validate_calibration	000226f2	c00f	lsrs r0,r0,#0x1f
00022658	load_and_validate_calibration	000226f4	14bf	ite ne
00022658	load_and_validate_calibration	000226f6	81ed010a	vstr.ne.32 s0,[r1,#0x4]
00022658	load_and_validate_calibration	000226fa	91ed010a	vldr.eq.32 s0,[r1,#0x4]
00022658	load_and_validate_calibration	000226fe	82ed090a	vstr.32 s0,[r2,#0x24]
00022658	load_and_validate_calibration	00022702	514a	ldr r2,[0x00022848]
00022658	load_and_validate_calibration	00022704	91ed000a	vldr.32 s0,[r1]
00022658	load_and_validate_calibration	00022708	5048	ldr r0,[0x0002284c]
00022658	load_and_validate_calibration	0002270a	82ed0e0a	vstr.32 s0,[r2,#0x38]
00022658	load_and_validate_calibration	0002270e	a2f59871	sub.w r1,r2,#0x130
00022658	load_and_validate_calibration	00022712	90e83810	ldm.w r0,{r3,r4,r5,r12}
00022658	load_and_validate_calibration	00022716	81e83810	stm r1,{r3,r4,r5,r12}
00022658	load_and_validate_calibration	0002271a	90ed000a	vldr.32 s0,[r0]
00022658	load_and_validate_calibration	0002271e	02f13001	add.w r1,r2,#0x30
00022658	load_and_validate_calibration	00022722	82ed050a	vstr.32 s0,[r2,#0x14]
00022658	load_and_validate_calibration	00022726	90ed010a	vldr.32 s0,[r0,#0x4]
00022658	load_and_validate_calibration	0002272a	82ed070a	vstr.32 s0,[r2,#0x1c]
00022658	load_and_validate_calibration	0002272e	90ed020a	vldr.32 s0,[r0,#0x8]
00022658	load_and_validate_calibration	00022732	82ed0a0a	vstr.32 s0,[r2,#0x28]
00022658	load_and_validate_calibration	00022736	90ed030a	vldr.32 s0,[r0,#0xc]
00022658	load_and_validate_calibration	0002273a	081f	subs r0,r1,#0x4
00022658	load_and_validate_calibration	0002273c	fff72ef9	bl 0x0002199c
00022658	load_and_validate_calibration	00022740	4ff40052	mov.w r2,#0x2000
00022658	load_and_validate_calibration	00022744	4249	ldr r1,[0x00022850]
00022658	load_and_validate_calibration	00022746	4348	ldr r0,[0x00022854]
00022658	load_and_validate_calibration	00022748	fef739f8	bl 0x000207be
00022658	load_and_validate_calibration	0002274c	0120	movs r0,#0x1
00022658	load_and_validate_calibration	0002274e	9fed421a	vldr.32 s2,[pc,#0x108]
00022658	load_and_validate_calibration	00022752	404b	ldr r3,[0x00022854]
00022658	load_and_validate_calibration	00022754	414c	ldr r4,[0x0002285c]
00022658	load_and_validate_calibration	00022756	424d	ldr r5,[0x00022860]
00022658	load_and_validate_calibration	00022758	4ff6ff7c	movw r12,#0xffff
00022658	load_and_validate_calibration	0002275c	dfed411a	vldr.32 s3,[pc,#0x104]
00022658	load_and_validate_calibration	00022760	03eb4001	add.w r1,r3,r0, lsl #0x1
00022658	load_and_validate_calibration	00022764	33f81020	ldrh.w r2,[r3,r0,lsl #0x1]
00022658	load_and_validate_calibration	00022768	31f8021c	ldrh.w r1,[r1,#-0x2]
00022658	load_and_validate_calibration	0002276c	00ee101a	vmov s0,r1
00022658	load_and_validate_calibration	00022770	6145	cmp r1,r12
00022658	load_and_validate_calibration	00022772	b8ee400a	vcvt.f32.u32 s0,s0
00022658	load_and_validate_calibration	00022776	60ee010a	vmul.f32 s1,s0,s2
00022658	load_and_validate_calibration	0002277a	00ee102a	vmov s0,r2
00022658	load_and_validate_calibration	0002277e	b8ee400a	vcvt.f32.u32 s0,s0
00022658	load_and_validate_calibration	00022782	20ee010a	vmul.f32 s0,s0,s2
00022658	load_and_validate_calibration	00022786	18bf	it ne
00022658	load_and_validate_calibration	00022788	6245	cmp.ne r2,r12
00022658	load_and_validate_calibration	0002278a	0cd1	bne 0x000227a6
00022658	load_and_validate_calibration	0002278c	dfed368a	vldr.32 s17,[pc,#0xd8]
00022658	load_and_validate_calibration	00022790	3649	ldr r1,[0x0002286c]
00022658	load_and_validate_calibration	00022792	18ee900a	vmov r0,s17
00022658	load_and_validate_calibration	00022796	364c	ldr r4,[0x00022870]
00022658	load_and_validate_calibration	00022798	8842	cmp r0,r1
00022658	load_and_validate_calibration	0002279a	22dd	ble 0x000227e2
00022658	load_and_validate_calibration	0002279c	35a0	adr r0,[0x22874]
00022658	load_and_validate_calibration	0002279e	fdf769fe	bl 0x00020474
00022658	load_and_validate_calibration	000227a2	0220	movs r0,#0x2
00022658	load_and_validate_calibration	000227a4	2ee0	b 0x00022804
00022658	load_and_validate_calibration	000227a6	30ee600a	vsub.f32 s0,s0,s1
00022658	load_and_validate_calibration	000227aa	b0eec08a	vabs.f32 s16,s0
00022658	load_and_validate_calibration	000227ae	18ee101a	vmov r1,s16
00022658	load_and_validate_calibration	000227b2	a142	cmp r1,r4
00022658	load_and_validate_calibration	000227b4	c8bf	it gt
00022658	load_and_validate_calibration	000227b6	38ee618a	vsub.gt.f32 s16,s16,s3
00022658	load_and_validate_calibration	000227ba	05dc	bgt 0x000227c8
00022658	load_and_validate_calibration	000227bc	18ee101a	vmov r1,s16
00022658	load_and_validate_calibration	000227c0	a942	cmp r1,r5
00022658	load_and_validate_calibration	000227c2	c8bf	it gt
00022658	load_and_validate_calibration	000227c4	31eec88a	vsub.gt.f32 s16,s3,s16
00022658	load_and_validate_calibration	000227c8	b4eee88a	vcmpe.f32 s16,s17
00022658	load_and_validate_calibration	000227cc	f1ee10fa	vmrs apsr,fpscr
00022658	load_and_validate_calibration	000227d0	c8bf	it gt
00022658	load_and_validate_calibration	000227d2	f0ee488a	vmov.gt.f32 s17,s16
00022658	load_and_validate_calibration	000227d6	401c	adds r0,r0,#0x1
00022658	load_and_validate_calibration	000227d8	80b2	uxth r0,r0
00022658	load_and_validate_calibration	000227da	b0f5805f	cmp.w r0,#0x1000
00022658	load_and_validate_calibration	000227de	bfd3	bcc 0x00022760
00022658	load_and_validate_calibration	000227e0	d6e7	b 0x00022790
00022658	load_and_validate_calibration	000227e2	18ee900a	vmov r0,s17
00022658	load_and_validate_calibration	000227e6	2c49	ldr r1,[0x00022898]
00022658	load_and_validate_calibration	000227e8	8842	cmp r0,r1
00022658	load_and_validate_calibration	000227ea	10dd	ble 0x0002280e
00022658	load_and_validate_calibration	000227ec	18ee900a	vmov r0,s17
00022658	load_and_validate_calibration	000227f0	05f072f9	bl 0x00027ad8
00022658	load_and_validate_calibration	000227f4	41ec100b	vmov d0,r0,r1
00022658	load_and_validate_calibration	000227f8	28a0	adr r0,[0x2289c]
00022658	load_and_validate_calibration	000227fa	53ec102b	vmov r2,r3,d0
00022658	load_and_validate_calibration	000227fe	fdf739fe	bl 0x00020474
00022658	load_and_validate_calibration	00022802	0320	movs r0,#0x3
00022658	load_and_validate_calibration	00022804	c4f88000	str.w r0,[r4,#0x80]
00022658	load_and_validate_calibration	00022808	bdec028b	vpop {d8}
00022658	load_and_validate_calibration	0002280c	70bd	pop {r4,r5,r6,pc}
00022658	load_and_validate_calibration	0002280e	0020	movs r0,#0x0
00022658	load_and_validate_calibration	00022810	c4f88000	str.w r0,[r4,#0x80]
00022658	load_and_validate_calibration	00022814	2848	ldr r0,[0x000228b8]
00022658	load_and_validate_calibration	00022816	0188	ldrh r1,[r0,#0x0]
00022658	load_and_validate_calibration	00022818	41f40051	orr r1,r1,#0x2000
00022658	load_and_validate_calibration	0002281c	0180	strh r1,[r0,#0x0]
00022658	load_and_validate_calibration	0002281e	2748	ldr r0,[0x000228bc]
00022658	load_and_validate_calibration	00022820	0188	ldrh r1,[r0,#0x0]
00022658	load_and_validate_calibration	00022822	41f00401	orr r1,r1,#0x4
00022658	load_and_validate_calibration	00022826	0180	strh r1,[r0,#0x0]
00022658	load_and_validate_calibration	00022828	bdec028b	vpop {d8}
00022658	load_and_validate_calibration	0002282c	70bd	pop {r4,r5,r6,pc}
000228c0	load_motor_configuration	000228c0	70b5	push {r4,r5,r6,lr}
000228c0	load_motor_configuration	000228c2	2ded068b	vpush {d8,d9,d10}
000228c0	load_motor_configuration	000228c6	9fedaf8a	vldr.32 s16,[pc,#0x2bc]
000228c0	load_motor_configuration	000228ca	9fedaf9a	vldr.32 s18,[pc,#0x2bc]
000228c0	load_motor_configuration	000228ce	af48	ldr r0,[0x00022b8c]
000228c0	load_motor_configuration	000228d0	c16b	ldr r1,[r0,#0x3c]
000228c0	load_motor_configuration	000228d2	b1f1ff3f	cmp.w r1,#0xffffffff
000228c0	load_motor_configuration	000228d6	1fbf	itttt ne
000228c0	load_motor_configuration	000228d8	816b	ldr.ne r1,[r0,#0x38]
000228c0	load_motor_configuration	000228da	b1f1ff3f	cmp.ne.w r1,#0xffffffff
000228c0	load_motor_configuration	000228de	006a	ldr.ne r0,[r0,#0x20]
000228c0	load_motor_configuration	000228e0	b0f1ff3f	cmp.ne.w r0,#0xffffffff
000228c0	load_motor_configuration	000228e4	07d1	bne 0x000228f6
000228c0	load_motor_configuration	000228e6	72b6	cpsid i
000228c0	load_motor_configuration	000228e8	4ff02502	mov.w r2,#0x25
000228c0	load_motor_configuration	000228ec	a849	ldr r1,[0x00022b90]
000228c0	load_motor_configuration	000228ee	a748	ldr r0,[0x00022b8c]
000228c0	load_motor_configuration	000228f0	fff759f8	bl 0x000219a6
000228c0	load_motor_configuration	000228f4	62b6	cpsie i
000228c0	load_motor_configuration	000228f6	9422	movs r2,#0x94
000228c0	load_motor_configuration	000228f8	a449	ldr r1,[0x00022b8c]
000228c0	load_motor_configuration	000228fa	a548	ldr r0,[0x00022b90]
000228c0	load_motor_configuration	000228fc	fdf75fff	bl 0x000207be
000228c0	load_motor_configuration	00022900	a4a0	adr r0,[0x22b94]
000228c0	load_motor_configuration	00022902	a34c	ldr r4,[0x00022b90]
000228c0	load_motor_configuration	00022904	0068	ldr r0,[r0,#0x0]
000228c0	load_motor_configuration	00022906	3721	movs r1,#0x37
000228c0	load_motor_configuration	00022908	61f31f60	bfi r0,r1,#0x18,#0x8
000228c0	load_motor_configuration	0002290c	a063	str r0,[r4,#0x38]
000228c0	load_motor_configuration	0002290e	a3a0	adr r0,[0x22b9c]
000228c0	load_motor_configuration	00022910	c178	ldrb r1,[r0,#0x3]
000228c0	load_motor_configuration	00022912	0068	ldr r0,[r0,#0x0]
000228c0	load_motor_configuration	00022914	61f31f60	bfi r0,r1,#0x18,#0x8
000228c0	load_motor_configuration	00022918	c4f89000	str.w r0,[r4,#0x90]
000228c0	load_motor_configuration	0002291c	d4f88c00	ldr.w r0,[r4,#0x8c]
000228c0	load_motor_configuration	00022920	0b28	cmp r0,#0xb
000228c0	load_motor_configuration	00022922	84bf	itt hi
000228c0	load_motor_configuration	00022924	0420	mov.hi r0,#0x4
000228c0	load_motor_configuration	00022926	c4f88c00	str.w.hi r0,[r4,#0x8c]
000228c0	load_motor_configuration	0002292a	d4f88000	ldr.w r0,[r4,#0x80]
000228c0	load_motor_configuration	0002292e	20f00040	bic r0,r0,#0x80000000
000228c0	load_motor_configuration	00022932	c0f1ff40	rsb.w r0,r0,#0x7f800000
000228c0	load_motor_configuration	00022936	c00f	lsrs r0,r0,#0x1f
000228c0	load_motor_configuration	00022938	1cbf	itt ne
000228c0	load_motor_configuration	0002293a	9fed990a	vldr.ne.32 s0,[pc,#0x264]
000228c0	load_motor_configuration	0002293e	84ed200a	vstr.ne.32 s0,[r4,#0x80]
000228c0	load_motor_configuration	00022942	9849	ldr r1,[0x00022ba4]
000228c0	load_motor_configuration	00022944	d4f88000	ldr.w r0,[r4,#0x80]
000228c0	load_motor_configuration	00022948	8842	cmp r0,r1
000228c0	load_motor_configuration	0002294a	a4bf	itt ge
000228c0	load_motor_configuration	0002294c	9fed960a	vldr.ge.32 s0,[pc,#0x258]
000228c0	load_motor_configuration	00022950	84ed200a	vstr.ge.32 s0,[r4,#0x80]
000228c0	load_motor_configuration	00022954	d4f88400	ldr.w r0,[r4,#0x84]
000228c0	load_motor_configuration	00022958	20f00040	bic r0,r0,#0x80000000
000228c0	load_motor_configuration	0002295c	c0f1ff40	rsb.w r0,r0,#0x7f800000
000228c0	load_motor_configuration	00022960	c00f	lsrs r0,r0,#0x1f
000228c0	load_motor_configuration	00022962	1cbf	itt ne
000228c0	load_motor_configuration	00022964	9fed910a	vldr.ne.32 s0,[pc,#0x244]
000228c0	load_motor_configuration	00022968	84ed210a	vstr.ne.32 s0,[r4,#0x84]
000228c0	load_motor_configuration	0002296c	d4f88800	ldr.w r0,[r4,#0x88]
000228c0	load_motor_configuration	00022970	20f00040	bic r0,r0,#0x80000000
000228c0	load_motor_configuration	00022974	c0f1ff40	rsb.w r0,r0,#0x7f800000
000228c0	load_motor_configuration	00022978	c00f	lsrs r0,r0,#0x1f
000228c0	load_motor_configuration	0002297a	1cbf	itt ne
000228c0	load_motor_configuration	0002297c	9fed8c0a	vldr.ne.32 s0,[pc,#0x230]
000228c0	load_motor_configuration	00022980	84ed220a	vstr.ne.32 s0,[r4,#0x88]
000228c0	load_motor_configuration	00022984	8b4a	ldr r2,[0x00022bb4]
000228c0	load_motor_configuration	00022986	d4f88c00	ldr.w r0,[r4,#0x8c]
000228c0	load_motor_configuration	0002298a	0428	cmp r0,#0x4
000228c0	load_motor_configuration	0002298c	03d8	bhi 0x00022996
000228c0	load_motor_configuration	0002298e	8a48	ldr r0,[0x00022bb8]
000228c0	load_motor_configuration	00022990	1060	str r0,[r2,#0x0]
000228c0	load_motor_configuration	00022992	8a48	ldr r0,[0x00022bbc]
000228c0	load_motor_configuration	00022994	04e0	b 0x000229a0
000228c0	load_motor_configuration	00022996	0b28	cmp r0,#0xb
000228c0	load_motor_configuration	00022998	03d8	bhi 0x000229a2
000228c0	load_motor_configuration	0002299a	8948	ldr r0,[0x00022bc0]
000228c0	load_motor_configuration	0002299c	1060	str r0,[r2,#0x0]
000228c0	load_motor_configuration	0002299e	8948	ldr r0,[0x00022bc4]
000228c0	load_motor_configuration	000229a0	5060	str r0,[r2,#0x4]
000228c0	load_motor_configuration	000229a2	9fed890a	vldr.32 s0,[pc,#0x224]
000228c0	load_motor_configuration	000229a6	8948	ldr r0,[0x00022bcc]
000228c0	load_motor_configuration	000229a8	80ed000a	vstr.32 s0,[r0]
000228c0	load_motor_configuration	000229ac	9fed880a	vldr.32 s0,[pc,#0x220]
000228c0	load_motor_configuration	000229b0	80ed010a	vstr.32 s0,[r0,#0x4]
000228c0	load_motor_configuration	000229b4	9fed87aa	vldr.32 s20,[pc,#0x21c]
000228c0	load_motor_configuration	000229b8	80ed02aa	vstr.32 s20,[r0,#0x8]
000228c0	load_motor_configuration	000229bc	9fed860a	vldr.32 s0,[pc,#0x218]
000228c0	load_motor_configuration	000229c0	80ed030a	vstr.32 s0,[r0,#0xc]
000228c0	load_motor_configuration	000229c4	dfed850a	vldr.32 s1,[pc,#0x214]
000228c0	load_motor_configuration	000229c8	b1ee040a	vmov.f32 s0,0x40a00000
000228c0	load_motor_configuration	000229cc	c0ed040a	vstr.32 s1,[r0,#0x10]
000228c0	load_motor_configuration	000229d0	80ed050a	vstr.32 s0,[r0,#0x14]
000228c0	load_motor_configuration	000229d4	f7ee008a	vmov.f32 s17,0x3f800000
000228c0	load_motor_configuration	000229d8	c0ed098a	vstr.32 s17,[r0,#0x24]
000228c0	load_motor_configuration	000229dc	b0ee000a	vmov.f32 s0,0x40000000
000228c0	load_motor_configuration	000229e0	80ed0a0a	vstr.32 s0,[r0,#0x28]
000228c0	load_motor_configuration	000229e4	c0ed0b0a	vstr.32 s1,[r0,#0x2c]
000228c0	load_motor_configuration	000229e8	c0ed0c8a	vstr.32 s17,[r0,#0x30]
000228c0	load_motor_configuration	000229ec	80ed060a	vstr.32 s0,[r0,#0x18]
000228c0	load_motor_configuration	000229f0	9fed7b0a	vldr.32 s0,[pc,#0x1ec]
000228c0	load_motor_configuration	000229f4	80ed070a	vstr.32 s0,[r0,#0x1c]
000228c0	load_motor_configuration	000229f8	9fed7a0a	vldr.32 s0,[pc,#0x1e8]
000228c0	load_motor_configuration	000229fc	f0ee489a	vmov.f32 s19,s16
000228c0	load_motor_configuration	00022a00	80ed080a	vstr.32 s0,[r0,#0x20]
000228c0	load_motor_configuration	00022a04	94ed200a	vldr.32 s0,[r4,#0x80]
000228c0	load_motor_configuration	00022a08	80ed0d0a	vstr.32 s0,[r0,#0x34]
000228c0	load_motor_configuration	00022a0c	d4ed180a	vldr.32 s1,[r4,#0x60]
000228c0	load_motor_configuration	00022a10	c0ed0e0a	vstr.32 s1,[r0,#0x38]
000228c0	load_motor_configuration	00022a14	d4ed210a	vldr.32 s1,[r4,#0x84]
000228c0	load_motor_configuration	00022a18	c0ed0f0a	vstr.32 s1,[r0,#0x3c]
000228c0	load_motor_configuration	00022a1c	d4ed100a	vldr.32 s1,[r4,#0x40]
000228c0	load_motor_configuration	00022a20	f8ee600a	vcvt.f32.u32 s1,s1
000228c0	load_motor_configuration	00022a24	c0ed100a	vstr.32 s1,[r0,#0x40]
000228c0	load_motor_configuration	00022a28	d4ed110a	vldr.32 s1,[r4,#0x44]
000228c0	load_motor_configuration	00022a2c	c0ed110a	vstr.32 s1,[r0,#0x44]
000228c0	load_motor_configuration	00022a30	d4ed120a	vldr.32 s1,[r4,#0x48]
000228c0	load_motor_configuration	00022a34	c0ed120a	vstr.32 s1,[r0,#0x48]
000228c0	load_motor_configuration	00022a38	d4ed130a	vldr.32 s1,[r4,#0x4c]
000228c0	load_motor_configuration	00022a3c	c0ed130a	vstr.32 s1,[r0,#0x4c]
000228c0	load_motor_configuration	00022a40	d4ed0c0a	vldr.32 s1,[r4,#0x30]
000228c0	load_motor_configuration	00022a44	c0ed140a	vstr.32 s1,[r0,#0x50]
000228c0	load_motor_configuration	00022a48	d4ed1f0a	vldr.32 s1,[r4,#0x7c]
000228c0	load_motor_configuration	00022a4c	c0ed150a	vstr.32 s1,[r0,#0x54]
000228c0	load_motor_configuration	00022a50	c0ed169a	vstr.32 s19,[r0,#0x58]
000228c0	load_motor_configuration	00022a54	dfed640a	vldr.32 s1,[pc,#0x190]
000228c0	load_motor_configuration	00022a58	c0ed170a	vstr.32 s1,[r0,#0x5c]
000228c0	load_motor_configuration	00022a5c	10ee100a	vmov r0,s0
000228c0	load_motor_configuration	00022a60	dfed629a	vldr.32 s19,[pc,#0x188]
000228c0	load_motor_configuration	00022a64	624d	ldr r5,[0x00022bf0]
000228c0	load_motor_configuration	00022a66	8842	cmp r0,r1
000228c0	load_motor_configuration	00022a68	a4bf	itt ge
000228c0	load_motor_configuration	00022a6a	85ed1a9a	vstr.ge.32 s18,[r5,#0x68]
000228c0	load_motor_configuration	00022a6e	c5ed1b8a	vstr.ge.32 s17,[r5,#0x6c]
000228c0	load_motor_configuration	00022a72	0bda	bge 0x00022a8c
000228c0	load_motor_configuration	00022a74	20ee290a	vmul.f32 s0,s0,s19
000228c0	load_motor_configuration	00022a78	78ee000a	vadd.f32 s1,s16,s0
000228c0	load_motor_configuration	00022a7c	88ee200a	vdiv.f32 s0,s16,s1
000228c0	load_motor_configuration	00022a80	85ed1a0a	vstr.32 s0,[r5,#0x68]
000228c0	load_motor_configuration	00022a84	38eec00a	vsub.f32 s0,s17,s0
000228c0	load_motor_configuration	00022a88	85ed1b0a	vstr.32 s0,[r5,#0x6c]
000228c0	load_motor_configuration	00022a8c	02f054fb	bl 0x00025138
000228c0	load_motor_configuration	00022a90	94ed100a	vldr.32 s0,[r4,#0x40]
000228c0	load_motor_configuration	00022a94	b7ee081a	vmov.f32 s2,0x3fc00000
000228c0	load_motor_configuration	00022a98	5648	ldr r0,[0x00022bf4]
000228c0	load_motor_configuration	00022a9a	f8ee400a	vcvt.f32.u32 s1,s0
000228c0	load_motor_configuration	00022a9e	60ee810a	vmul.f32 s1,s1,s2
000228c0	load_motor_configuration	00022aa2	94ed131a	vldr.32 s2,[r4,#0x4c]
000228c0	load_motor_configuration	00022aa6	60ee810a	vmul.f32 s1,s1,s2
000228c0	load_motor_configuration	00022aaa	20ee8a1a	vmul.f32 s2,s1,s20
000228c0	load_motor_configuration	00022aae	d4ed190a	vldr.32 s1,[r4,#0x64]
000228c0	load_motor_configuration	00022ab2	c0ed000a	vstr.32 s1,[r0]
000228c0	load_motor_configuration	00022ab6	d4ed1a0a	vldr.32 s1,[r4,#0x68]
000228c0	load_motor_configuration	00022aba	c0ed010a	vstr.32 s1,[r0,#0x4]
000228c0	load_motor_configuration	00022abe	4e48	ldr r0,[0x00022bf8]
000228c0	load_motor_configuration	00022ac0	d4ed1b0a	vldr.32 s1,[r4,#0x6c]
000228c0	load_motor_configuration	00022ac4	c0ed000a	vstr.32 s1,[r0]
000228c0	load_motor_configuration	00022ac8	d4ed1c0a	vldr.32 s1,[r4,#0x70]
000228c0	load_motor_configuration	00022acc	c0ed010a	vstr.32 s1,[r0,#0x4]
000228c0	load_motor_configuration	00022ad0	d4ed010a	vldr.32 s1,[r4,#0x4]
000228c0	load_motor_configuration	00022ad4	f5eec00a	vcmpe.f32 s1,#0
000228c0	load_motor_configuration	00022ad8	f1ee10fa	vmrs apsr,fpscr
000228c0	load_motor_configuration	00022adc	18bf	it ne
000228c0	load_motor_configuration	00022ade	60ee8a0a	vmul.ne.f32 s1,s1,s20
000228c0	load_motor_configuration	00022ae2	07d1	bne 0x00022af4
000228c0	load_motor_configuration	00022ae4	d4ed140a	vldr.32 s1,[r4,#0x50]
000228c0	load_motor_configuration	00022ae8	60ee810a	vmul.f32 s1,s1,s2
000228c0	load_motor_configuration	00022aec	94ed1e1a	vldr.32 s2,[r4,#0x78]
000228c0	load_motor_configuration	00022af0	60ee810a	vmul.f32 s1,s1,s2
000228c0	load_motor_configuration	00022af4	c5ed110a	vstr.32 s1,[r5,#0x44]
000228c0	load_motor_configuration	00022af8	88eea01a	vdiv.f32 s2,s17,s1
000228c0	load_motor_configuration	00022afc	f8ee400a	vcvt.f32.u32 s1,s0
000228c0	load_motor_configuration	00022b00	85ed121a	vstr.32 s2,[r5,#0x48]
000228c0	load_motor_configuration	00022b04	80eea91a	vdiv.f32 s2,s1,s19
000228c0	load_motor_configuration	00022b08	f8ee400a	vcvt.f32.u32 s1,s0
000228c0	load_motor_configuration	00022b0c	85ed150a	vstr.32 s0,[r5,#0x54]
000228c0	load_motor_configuration	00022b10	b8ee400a	vcvt.f32.u32 s0,s0
000228c0	load_motor_configuration	00022b14	85ed161a	vstr.32 s2,[r5,#0x58]
000228c0	load_motor_configuration	00022b18	88eea01a	vdiv.f32 s2,s17,s1
000228c0	load_motor_configuration	00022b1c	85ed191a	vstr.32 s2,[r5,#0x64]
000228c0	load_motor_configuration	00022b20	d4ed140a	vldr.32 s1,[r4,#0x50]
000228c0	load_motor_configuration	00022b24	88eea01a	vdiv.f32 s2,s17,s1
000228c0	load_motor_configuration	00022b28	20ee200a	vmul.f32 s0,s0,s1
000228c0	load_motor_configuration	00022b2c	85ed171a	vstr.32 s2,[r5,#0x5c]
000228c0	load_motor_configuration	00022b30	85ed180a	vstr.32 s0,[r5,#0x60]
000228c0	load_motor_configuration	00022b34	c5ed130a	vstr.32 s1,[r5,#0x4c]
000228c0	load_motor_configuration	00022b38	a06a	ldr r0,[r4,#0x28]
000228c0	load_motor_configuration	00022b3a	401e	subs r0,r0,#0x1
000228c0	load_motor_configuration	00022b3c	0428	cmp r0,#0x4
000228c0	load_motor_configuration	00022b3e	24bf	itt cs
000228c0	load_motor_configuration	00022b40	0120	mov.cs r0,#0x1
000228c0	load_motor_configuration	00022b42	a062	str.cs r0,[r4,#0x28]
000228c0	load_motor_configuration	00022b44	2d48	ldr r0,[0x00022bfc]
000228c0	load_motor_configuration	00022b46	a16a	ldr r1,[r4,#0x28]
000228c0	load_motor_configuration	00022b48	9fed2d0a	vldr.32 s0,[pc,#0xb4]
000228c0	load_motor_configuration	00022b4c	c163	str r1,[r0,#0x3c]
000228c0	load_motor_configuration	00022b4e	85ed1d0a	vstr.32 s0,[r5,#0x74]
000228c0	load_motor_configuration	00022b52	9fed2c0a	vldr.32 s0,[pc,#0xb0]
000228c0	load_motor_configuration	00022b56	00f1a401	add.w r1,r0,#0xa4
000228c0	load_motor_configuration	00022b5a	85ed1e0a	vstr.32 s0,[r5,#0x78]
000228c0	load_motor_configuration	00022b5e	9fed2a0a	vldr.32 s0,[pc,#0xa8]
000228c0	load_motor_configuration	00022b62	00f1ec02	add.w r2,r0,#0xec
000228c0	load_motor_configuration	00022b66	81ed020a	vstr.32 s0,[r1,#0x8]
000228c0	load_motor_configuration	00022b6a	9fed280a	vldr.32 s0,[pc,#0xa0]
000228c0	load_motor_configuration	00022b6e	81ed030a	vstr.32 s0,[r1,#0xc]
000228c0	load_motor_configuration	00022b72	0021	movs r1,#0x0
000228c0	load_motor_configuration	00022b74	1163	str r1,[r2,#0x30]
000228c0	load_motor_configuration	00022b76	8163	str r1,[r0,#0x38]
000228c0	load_motor_configuration	00022b78	85ed089a	vstr.32 s18,[r5,#0x20]
000228c0	load_motor_configuration	00022b7c	bdec068b	vpop {d8,d9,d10}
000228c0	load_motor_configuration	00022b80	70bd	pop {r4,r5,r6,pc}
00022c10	position_sensor_configure	00022c10	2de9fe43	push {r1,r2,r3,r4,r5,r6,r7,r8,r9,lr}
00022c10	position_sensor_configure	00022c14	1fa0	adr r0,[0x22c94]
00022c10	position_sensor_configure	00022c16	07c8	ldmia r0,{r0,r1,r2}
00022c10	position_sensor_configure	00022c18	8de80700	stm sp,{r0,r1,r2}
00022c10	position_sensor_configure	00022c1c	00f0a8fa	bl 0x00023170
00022c10	position_sensor_configure	00022c20	1f4d	ldr r5,[0x00022ca0]
00022c10	position_sensor_configure	00022c22	0024	movs r4,#0x0
00022c10	position_sensor_configure	00022c24	4ff48047	mov.w r7,#0x4000
00022c10	position_sensor_configure	00022c28	6e46	mov r6,sp
00022c10	position_sensor_configure	00022c2a	305d	ldrb r0,[r6,r4]
00022c10	position_sensor_configure	00022c2c	47ea0020	orr.w r0,r7,r0, lsl #0x8
00022c10	position_sensor_configure	00022c30	00f0dcfa	bl 0x000231ec
00022c10	position_sensor_configure	00022c34	0120	movs r0,#0x1
00022c10	position_sensor_configure	00022c36	fff777f9	bl 0x00021f28
00022c10	position_sensor_configure	00022c3a	0020	movs r0,#0x0
00022c10	position_sensor_configure	00022c3c	00f0d6fa	bl 0x000231ec
00022c10	position_sensor_configure	00022c40	000a	lsrs r0,r0,#0x8
00022c10	position_sensor_configure	00022c42	2855	strb r0,[r5,r4]
00022c10	position_sensor_configure	00022c44	1920	movs r0,#0x19
00022c10	position_sensor_configure	00022c46	fff76ff9	bl 0x00021f28
00022c10	position_sensor_configure	00022c4a	641c	adds r4,r4,#0x1
00022c10	position_sensor_configure	00022c4c	e4b2	uxtb r4,r4
00022c10	position_sensor_configure	00022c4e	0b2c	cmp r4,#0xb
00022c10	position_sensor_configure	00022c50	ebd3	bcc 0x00022c2a
00022c10	position_sensor_configure	00022c52	144f	ldr r7,[0x00022ca4]
00022c10	position_sensor_configure	00022c54	0024	movs r4,#0x0
00022c10	position_sensor_configure	00022c56	4ff40048	mov.w r8,#0x8000
00022c10	position_sensor_configure	00022c5a	295d	ldrb r1,[r5,r4]
00022c10	position_sensor_configure	00022c5c	385d	ldrb r0,[r7,r4]
00022c10	position_sensor_configure	00022c5e	8142	cmp r1,r0
00022c10	position_sensor_configure	00022c60	10d0	beq 0x00022c84
00022c10	position_sensor_configure	00022c62	325d	ldrb r2,[r6,r4]
00022c10	position_sensor_configure	00022c64	48ea0221	orr.w r1,r8,r2, lsl #0x8
00022c10	position_sensor_configure	00022c68	0843	orrs r0,r1
00022c10	position_sensor_configure	00022c6a	00f0bffa	bl 0x000231ec
00022c10	position_sensor_configure	00022c6e	1920	movs r0,#0x19
00022c10	position_sensor_configure	00022c70	fff75af9	bl 0x00021f28
00022c10	position_sensor_configure	00022c74	0020	movs r0,#0x0
00022c10	position_sensor_configure	00022c76	00f0b9fa	bl 0x000231ec
00022c10	position_sensor_configure	00022c7a	000a	lsrs r0,r0,#0x8
00022c10	position_sensor_configure	00022c7c	2855	strb r0,[r5,r4]
00022c10	position_sensor_configure	00022c7e	0520	movs r0,#0x5
00022c10	position_sensor_configure	00022c80	fff752f9	bl 0x00021f28
00022c10	position_sensor_configure	00022c84	641c	adds r4,r4,#0x1
00022c10	position_sensor_configure	00022c86	e4b2	uxtb r4,r4
00022c10	position_sensor_configure	00022c88	0a2c	cmp r4,#0xa
00022c10	position_sensor_configure	00022c8a	e6d3	bcc 0x00022c5a
00022c10	position_sensor_configure	00022c8c	00f01afa	bl 0x000230c4
00022c10	position_sensor_configure	00022c90	bde8fe83	pop.w {r1,r2,r3,r4,r5,r6,r7,r8,r9,pc}
00022ca8	power_stage_switch_response_test	00022ca8	2de9f05f	push {r4,r5,r6,r7,r8,r9,r10,r11,r12,lr}
00022ca8	power_stage_switch_response_test	00022cac	9f49	ldr r1,[0x00022f2c]
00022ca8	power_stage_switch_response_test	00022cae	4af20150	movw r0,#0xa501
00022ca8	power_stage_switch_response_test	00022cb2	0024	movs r4,#0x0
00022ca8	power_stage_switch_response_test	00022cb4	0880	strh r0,[r1,#0x0]
00022ca8	power_stage_switch_response_test	00022cb6	9d4a	ldr r2,[0x00022f2c]
00022ca8	power_stage_switch_response_test	00022cb8	1020	movs r0,#0x10
00022ca8	power_stage_switch_response_test	00022cba	7832	adds r2,#0x78
00022ca8	power_stage_switch_response_test	00022cbc	1080	strh r0,[r2,#0x0]
00022ca8	power_stage_switch_response_test	00022cbe	121d	adds r2,r2,#0x4
00022ca8	power_stage_switch_response_test	00022cc0	1080	strh r0,[r2,#0x0]
00022ca8	power_stage_switch_response_test	00022cc2	121d	adds r2,r2,#0x4
00022ca8	power_stage_switch_response_test	00022cc4	1080	strh r0,[r2,#0x0]
00022ca8	power_stage_switch_response_test	00022cc6	994a	ldr r2,[0x00022f2c]
00022ca8	power_stage_switch_response_test	00022cc8	2432	adds r2,#0x24
00022ca8	power_stage_switch_response_test	00022cca	1080	strh r0,[r2,#0x0]
00022ca8	power_stage_switch_response_test	00022ccc	121d	adds r2,r2,#0x4
00022ca8	power_stage_switch_response_test	00022cce	1080	strh r0,[r2,#0x0]
00022ca8	power_stage_switch_response_test	00022cd0	121d	adds r2,r2,#0x4
00022ca8	power_stage_switch_response_test	00022cd2	1080	strh r0,[r2,#0x0]
00022ca8	power_stage_switch_response_test	00022cd4	9648	ldr r0,[0x00022f30]
00022ca8	power_stage_switch_response_test	00022cd6	0288	ldrh r2,[r0,#0x0]
00022ca8	power_stage_switch_response_test	00022cd8	42f46042	orr r2,r2,#0xe000
00022ca8	power_stage_switch_response_test	00022cdc	0280	strh r2,[r0,#0x0]
00022ca8	power_stage_switch_response_test	00022cde	dff85092	ldr.w r9,[0x00022f30]
00022ca8	power_stage_switch_response_test	00022ce2	a9f11009	sub.w r9,r9,#0x10
00022ca8	power_stage_switch_response_test	00022ce6	b9f80020	ldrh.w r2,[r9,#0x0]
00022ca8	power_stage_switch_response_test	00022cea	42f4e062	orr r2,r2,#0x700
00022ca8	power_stage_switch_response_test	00022cee	a9f80020	strh.w r2,[r9,#0x0]
00022ca8	power_stage_switch_response_test	00022cf2	4ff42540	mov.w r0,#0xa500
00022ca8	power_stage_switch_response_test	00022cf6	0880	strh r0,[r1,#0x0]
00022ca8	power_stage_switch_response_test	00022cf8	1420	movs r0,#0x14
00022ca8	power_stage_switch_response_test	00022cfa	fff731f9	bl 0x00021f60
00022ca8	power_stage_switch_response_test	00022cfe	a9f10206	sub.w r6,r9,#0x2
00022ca8	power_stage_switch_response_test	00022d02	3188	ldrh r1,[r6,#0x0]
00022ca8	power_stage_switch_response_test	00022d04	41f48071	orr r1,r1,#0x100
00022ca8	power_stage_switch_response_test	00022d08	3180	strh r1,[r6,#0x0]
00022ca8	power_stage_switch_response_test	00022d0a	0a20	movs r0,#0xa
00022ca8	power_stage_switch_response_test	00022d0c	fff728f9	bl 0x00021f60
00022ca8	power_stage_switch_response_test	00022d10	dff82082	ldr.w r8,[0x00022f34]
00022ca8	power_stage_switch_response_test	00022d14	0127	movs r7,#0x1
00022ca8	power_stage_switch_response_test	00022d16	88f80070	strb.w r7,[r8,#0x0]
00022ca8	power_stage_switch_response_test	00022d1a	8748	ldr r0,[0x00022f38]
00022ca8	power_stage_switch_response_test	00022d1c	0770	strb r7,[r0,#0x0]
00022ca8	power_stage_switch_response_test	00022d1e	874d	ldr r5,[0x00022f3c]
00022ca8	power_stage_switch_response_test	00022d20	2f70	strb r7,[r5,#0x0]
00022ca8	power_stage_switch_response_test	00022d22	98f84400	ldrb.w r0,[r8,#0x44]
00022ca8	power_stage_switch_response_test	00022d26	c007	lsls r0,r0,#0x1f
00022ca8	power_stage_switch_response_test	00022d28	fbd0	beq 0x00022d22
00022ca8	power_stage_switch_response_test	00022d2a	88f84670	strb.w r7,[r8,#0x46]
00022ca8	power_stage_switch_response_test	00022d2e	8248	ldr r0,[0x00022f38]
00022ca8	power_stage_switch_response_test	00022d30	4630	adds r0,#0x46
00022ca8	power_stage_switch_response_test	00022d32	0770	strb r7,[r0,#0x0]
00022ca8	power_stage_switch_response_test	00022d34	8148	ldr r0,[0x00022f3c]
00022ca8	power_stage_switch_response_test	00022d36	4630	adds r0,#0x46
00022ca8	power_stage_switch_response_test	00022d38	0770	strb r7,[r0,#0x0]
00022ca8	power_stage_switch_response_test	00022d3a	b8f85000	ldrh.w r0,[r8,#0x50]
00022ca8	power_stage_switch_response_test	00022d3e	a0f57a70	sub.w r0,r0,#0x3e8
00022ca8	power_stage_switch_response_test	00022d42	b0f5fa6f	cmp.w r0,#0x7d0
00022ca8	power_stage_switch_response_test	00022d46	00d9	bls 0x00022d4a
00022ca8	power_stage_switch_response_test	00022d48	0124	movs r4,#0x1
00022ca8	power_stage_switch_response_test	00022d4a	b9f80010	ldrh.w r1,[r9,#0x0]
00022ca8	power_stage_switch_response_test	00022d4e	41f48071	orr r1,r1,#0x100
00022ca8	power_stage_switch_response_test	00022d52	a9f80010	strh.w r1,[r9,#0x0]
00022ca8	power_stage_switch_response_test	00022d56	1420	movs r0,#0x14
00022ca8	power_stage_switch_response_test	00022d58	fff702f9	bl 0x00021f60
00022ca8	power_stage_switch_response_test	00022d5c	3188	ldrh r1,[r6,#0x0]
00022ca8	power_stage_switch_response_test	00022d5e	41f40071	orr r1,r1,#0x200
00022ca8	power_stage_switch_response_test	00022d62	3180	strh r1,[r6,#0x0]
00022ca8	power_stage_switch_response_test	00022d64	0a20	movs r0,#0xa
00022ca8	power_stage_switch_response_test	00022d66	fff7fbf8	bl 0x00021f60
00022ca8	power_stage_switch_response_test	00022d6a	88f80070	strb.w r7,[r8,#0x0]
00022ca8	power_stage_switch_response_test	00022d6e	7248	ldr r0,[0x00022f38]
00022ca8	power_stage_switch_response_test	00022d70	0770	strb r7,[r0,#0x0]
00022ca8	power_stage_switch_response_test	00022d72	7248	ldr r0,[0x00022f3c]
00022ca8	power_stage_switch_response_test	00022d74	0770	strb r7,[r0,#0x0]
00022ca8	power_stage_switch_response_test	00022d76	704d	ldr r5,[0x00022f38]
00022ca8	power_stage_switch_response_test	00022d78	4435	adds r5,#0x44
00022ca8	power_stage_switch_response_test	00022d7a	2878	ldrb r0,[r5,#0x0]
00022ca8	power_stage_switch_response_test	00022d7c	c007	lsls r0,r0,#0x1f
00022ca8	power_stage_switch_response_test	00022d7e	fcd0	beq 0x00022d7a
00022ca8	power_stage_switch_response_test	00022d80	88f84670	strb.w r7,[r8,#0x46]
00022ca8	power_stage_switch_response_test	00022d84	6c48	ldr r0,[0x00022f38]
00022ca8	power_stage_switch_response_test	00022d86	4630	adds r0,#0x46
00022ca8	power_stage_switch_response_test	00022d88	0770	strb r7,[r0,#0x0]
00022ca8	power_stage_switch_response_test	00022d8a	6c48	ldr r0,[0x00022f3c]
00022ca8	power_stage_switch_response_test	00022d8c	4630	adds r0,#0x46
00022ca8	power_stage_switch_response_test	00022d8e	0770	strb r7,[r0,#0x0]
00022ca8	power_stage_switch_response_test	00022d90	6948	ldr r0,[0x00022f38]
00022ca8	power_stage_switch_response_test	00022d92	5030	adds r0,#0x50
00022ca8	power_stage_switch_response_test	00022d94	0088	ldrh r0,[r0,#0x0]
00022ca8	power_stage_switch_response_test	00022d96	a0f57a70	sub.w r0,r0,#0x3e8
00022ca8	power_stage_switch_response_test	00022d9a	b0f5fa6f	cmp.w r0,#0x7d0
00022ca8	power_stage_switch_response_test	00022d9e	01d9	bls 0x00022da4
00022ca8	power_stage_switch_response_test	00022da0	44f00404	orr r4,r4,#0x4
00022ca8	power_stage_switch_response_test	00022da4	b9f80010	ldrh.w r1,[r9,#0x0]
00022ca8	power_stage_switch_response_test	00022da8	41f40071	orr r1,r1,#0x200
00022ca8	power_stage_switch_response_test	00022dac	a9f80010	strh.w r1,[r9,#0x0]
00022ca8	power_stage_switch_response_test	00022db0	1420	movs r0,#0x14
00022ca8	power_stage_switch_response_test	00022db2	fff7d5f8	bl 0x00021f60
00022ca8	power_stage_switch_response_test	00022db6	3188	ldrh r1,[r6,#0x0]
00022ca8	power_stage_switch_response_test	00022db8	41f48061	orr r1,r1,#0x400
00022ca8	power_stage_switch_response_test	00022dbc	3180	strh r1,[r6,#0x0]
00022ca8	power_stage_switch_response_test	00022dbe	0a20	movs r0,#0xa
00022ca8	power_stage_switch_response_test	00022dc0	fff7cef8	bl 0x00021f60
00022ca8	power_stage_switch_response_test	00022dc4	88f80070	strb.w r7,[r8,#0x0]
00022ca8	power_stage_switch_response_test	00022dc8	5b48	ldr r0,[0x00022f38]
00022ca8	power_stage_switch_response_test	00022dca	0770	strb r7,[r0,#0x0]
00022ca8	power_stage_switch_response_test	00022dcc	5b48	ldr r0,[0x00022f3c]
00022ca8	power_stage_switch_response_test	00022dce	0770	strb r7,[r0,#0x0]
00022ca8	power_stage_switch_response_test	00022dd0	5a4e	ldr r6,[0x00022f3c]
00022ca8	power_stage_switch_response_test	00022dd2	4436	adds r6,#0x44
00022ca8	power_stage_switch_response_test	00022dd4	3078	ldrb r0,[r6,#0x0]
00022ca8	power_stage_switch_response_test	00022dd6	c007	lsls r0,r0,#0x1f
00022ca8	power_stage_switch_response_test	00022dd8	fcd0	beq 0x00022dd4
00022ca8	power_stage_switch_response_test	00022dda	88f84670	strb.w r7,[r8,#0x46]
00022ca8	power_stage_switch_response_test	00022dde	5648	ldr r0,[0x00022f38]
00022ca8	power_stage_switch_response_test	00022de0	4630	adds r0,#0x46
00022ca8	power_stage_switch_response_test	00022de2	0770	strb r7,[r0,#0x0]
00022ca8	power_stage_switch_response_test	00022de4	5548	ldr r0,[0x00022f3c]
00022ca8	power_stage_switch_response_test	00022de6	4630	adds r0,#0x46
00022ca8	power_stage_switch_response_test	00022de8	0770	strb r7,[r0,#0x0]
00022ca8	power_stage_switch_response_test	00022dea	5448	ldr r0,[0x00022f3c]
00022ca8	power_stage_switch_response_test	00022dec	5030	adds r0,#0x50
00022ca8	power_stage_switch_response_test	00022dee	0088	ldrh r0,[r0,#0x0]
00022ca8	power_stage_switch_response_test	00022df0	a0f57a70	sub.w r0,r0,#0x3e8
00022ca8	power_stage_switch_response_test	00022df4	b0f5fa6f	cmp.w r0,#0x7d0
00022ca8	power_stage_switch_response_test	00022df8	01d9	bls 0x00022dfe
00022ca8	power_stage_switch_response_test	00022dfa	44f01004	orr r4,r4,#0x10
00022ca8	power_stage_switch_response_test	00022dfe	b9f80010	ldrh.w r1,[r9,#0x0]
00022ca8	power_stage_switch_response_test	00022e02	41f48061	orr r1,r1,#0x400
00022ca8	power_stage_switch_response_test	00022e06	a9f80010	strh.w r1,[r9,#0x0]
00022ca8	power_stage_switch_response_test	00022e0a	1420	movs r0,#0x14
00022ca8	power_stage_switch_response_test	00022e0c	fff7a8f8	bl 0x00021f60
00022ca8	power_stage_switch_response_test	00022e10	4748	ldr r0,[0x00022f30]
00022ca8	power_stage_switch_response_test	00022e12	801e	subs r0,r0,#0x2
00022ca8	power_stage_switch_response_test	00022e14	0188	ldrh r1,[r0,#0x0]
00022ca8	power_stage_switch_response_test	00022e16	41f40051	orr r1,r1,#0x2000
00022ca8	power_stage_switch_response_test	00022e1a	0180	strh r1,[r0,#0x0]
00022ca8	power_stage_switch_response_test	00022e1c	0a20	movs r0,#0xa
00022ca8	power_stage_switch_response_test	00022e1e	fff79ff8	bl 0x00021f60
00022ca8	power_stage_switch_response_test	00022e22	4046	mov r0,r8
00022ca8	power_stage_switch_response_test	00022e24	88f80070	strb.w r7,[r8,#0x0]
00022ca8	power_stage_switch_response_test	00022e28	4349	ldr r1,[0x00022f38]
00022ca8	power_stage_switch_response_test	00022e2a	0f70	strb r7,[r1,#0x0]
00022ca8	power_stage_switch_response_test	00022e2c	4349	ldr r1,[0x00022f3c]
00022ca8	power_stage_switch_response_test	00022e2e	0f70	strb r7,[r1,#0x0]
00022ca8	power_stage_switch_response_test	00022e30	90f84410	ldrb.w r1,[r0,#0x44]
00022ca8	power_stage_switch_response_test	00022e34	c907	lsls r1,r1,#0x1f
00022ca8	power_stage_switch_response_test	00022e36	fbd0	beq 0x00022e30
00022ca8	power_stage_switch_response_test	00022e38	00f8467f	strb.w r7,[r0,#0x46]!
00022ca8	power_stage_switch_response_test	00022e3c	3e49	ldr r1,[0x00022f38]
00022ca8	power_stage_switch_response_test	00022e3e	4631	adds r1,#0x46
00022ca8	power_stage_switch_response_test	00022e40	0f70	strb r7,[r1,#0x0]
00022ca8	power_stage_switch_response_test	00022e42	dff8f890	ldr.w r9,[0x00022f3c]
00022ca8	power_stage_switch_response_test	00022e46	09f14609	add.w r9,r9,#0x46
00022ca8	power_stage_switch_response_test	00022e4a	89f80070	strb.w r7,[r9,#0x0]
00022ca8	power_stage_switch_response_test	00022e4e	4089	ldrh r0,[r0,#0xa]
00022ca8	power_stage_switch_response_test	00022e50	a0f57a70	sub.w r0,r0,#0x3e8
00022ca8	power_stage_switch_response_test	00022e54	b0f5fa6f	cmp.w r0,#0x7d0
00022ca8	power_stage_switch_response_test	00022e58	01d9	bls 0x00022e5e
00022ca8	power_stage_switch_response_test	00022e5a	44f00204	orr r4,r4,#0x2
00022ca8	power_stage_switch_response_test	00022e5e	3448	ldr r0,[0x00022f30]
00022ca8	power_stage_switch_response_test	00022e60	0188	ldrh r1,[r0,#0x0]
00022ca8	power_stage_switch_response_test	00022e62	41f40051	orr r1,r1,#0x2000
00022ca8	power_stage_switch_response_test	00022e66	0180	strh r1,[r0,#0x0]
00022ca8	power_stage_switch_response_test	00022e68	1420	movs r0,#0x14
00022ca8	power_stage_switch_response_test	00022e6a	fff779f8	bl 0x00021f60
00022ca8	power_stage_switch_response_test	00022e6e	dff8c0a0	ldr.w r10,[0x00022f30]
00022ca8	power_stage_switch_response_test	00022e72	4ff48041	mov.w r1,#0x4000
00022ca8	power_stage_switch_response_test	00022e76	aaf1020a	sub.w r10,r10,#0x2
00022ca8	power_stage_switch_response_test	00022e7a	aaf80010	strh.w r1,[r10,#0x0]
00022ca8	power_stage_switch_response_test	00022e7e	0a20	movs r0,#0xa
00022ca8	power_stage_switch_response_test	00022e80	fff76ef8	bl 0x00021f60
00022ca8	power_stage_switch_response_test	00022e84	4146	mov r1,r8
00022ca8	power_stage_switch_response_test	00022e86	88f80070	strb.w r7,[r8,#0x0]
00022ca8	power_stage_switch_response_test	00022e8a	2b48	ldr r0,[0x00022f38]
00022ca8	power_stage_switch_response_test	00022e8c	0770	strb r7,[r0,#0x0]
00022ca8	power_stage_switch_response_test	00022e8e	2b48	ldr r0,[0x00022f3c]
00022ca8	power_stage_switch_response_test	00022e90	0770	strb r7,[r0,#0x0]
00022ca8	power_stage_switch_response_test	00022e92	2878	ldrb r0,[r5,#0x0]
00022ca8	power_stage_switch_response_test	00022e94	c007	lsls r0,r0,#0x1f
00022ca8	power_stage_switch_response_test	00022e96	fcd0	beq 0x00022e92
00022ca8	power_stage_switch_response_test	00022e98	81f84670	strb.w r7,[r1,#0x46]
00022ca8	power_stage_switch_response_test	00022e9c	dff898b0	ldr.w r11,[0x00022f38]
00022ca8	power_stage_switch_response_test	00022ea0	0bf1460b	add.w r11,r11,#0x46
00022ca8	power_stage_switch_response_test	00022ea4	8bf80070	strb.w r7,[r11,#0x0]
00022ca8	power_stage_switch_response_test	00022ea8	89f80070	strb.w r7,[r9,#0x0]
00022ca8	power_stage_switch_response_test	00022eac	2248	ldr r0,[0x00022f38]
00022ca8	power_stage_switch_response_test	00022eae	5030	adds r0,#0x50
00022ca8	power_stage_switch_response_test	00022eb0	0088	ldrh r0,[r0,#0x0]
00022ca8	power_stage_switch_response_test	00022eb2	a0f57a70	sub.w r0,r0,#0x3e8
00022ca8	power_stage_switch_response_test	00022eb6	b0f5fa6f	cmp.w r0,#0x7d0
00022ca8	power_stage_switch_response_test	00022eba	01d9	bls 0x00022ec0
00022ca8	power_stage_switch_response_test	00022ebc	44f00804	orr r4,r4,#0x8
00022ca8	power_stage_switch_response_test	00022ec0	1b4d	ldr r5,[0x00022f30]
00022ca8	power_stage_switch_response_test	00022ec2	2888	ldrh r0,[r5,#0x0]
00022ca8	power_stage_switch_response_test	00022ec4	40f48040	orr r0,r0,#0x4000
00022ca8	power_stage_switch_response_test	00022ec8	2880	strh r0,[r5,#0x0]
00022ca8	power_stage_switch_response_test	00022eca	1420	movs r0,#0x14
00022ca8	power_stage_switch_response_test	00022ecc	fff748f8	bl 0x00021f60
00022ca8	power_stage_switch_response_test	00022ed0	baf80010	ldrh.w r1,[r10,#0x0]
00022ca8	power_stage_switch_response_test	00022ed4	41f40041	orr r1,r1,#0x8000
00022ca8	power_stage_switch_response_test	00022ed8	aaf80010	strh.w r1,[r10,#0x0]
00022ca8	power_stage_switch_response_test	00022edc	0a20	movs r0,#0xa
00022ca8	power_stage_switch_response_test	00022ede	fff73ff8	bl 0x00021f60
00022ca8	power_stage_switch_response_test	00022ee2	4146	mov r1,r8
00022ca8	power_stage_switch_response_test	00022ee4	88f80070	strb.w r7,[r8,#0x0]
00022ca8	power_stage_switch_response_test	00022ee8	1348	ldr r0,[0x00022f38]
00022ca8	power_stage_switch_response_test	00022eea	0770	strb r7,[r0,#0x0]
00022ca8	power_stage_switch_response_test	00022eec	1348	ldr r0,[0x00022f3c]
00022ca8	power_stage_switch_response_test	00022eee	0770	strb r7,[r0,#0x0]
00022ca8	power_stage_switch_response_test	00022ef0	3078	ldrb r0,[r6,#0x0]
00022ca8	power_stage_switch_response_test	00022ef2	c007	lsls r0,r0,#0x1f
00022ca8	power_stage_switch_response_test	00022ef4	fcd0	beq 0x00022ef0
00022ca8	power_stage_switch_response_test	00022ef6	81f84670	strb.w r7,[r1,#0x46]
00022ca8	power_stage_switch_response_test	00022efa	8bf80070	strb.w r7,[r11,#0x0]
00022ca8	power_stage_switch_response_test	00022efe	89f80070	strb.w r7,[r9,#0x0]
00022ca8	power_stage_switch_response_test	00022f02	0e48	ldr r0,[0x00022f3c]
00022ca8	power_stage_switch_response_test	00022f04	5030	adds r0,#0x50
00022ca8	power_stage_switch_response_test	00022f06	0088	ldrh r0,[r0,#0x0]
00022ca8	power_stage_switch_response_test	00022f08	a0f57a70	sub.w r0,r0,#0x3e8
00022ca8	power_stage_switch_response_test	00022f0c	b0f5fa6f	cmp.w r0,#0x7d0
00022ca8	power_stage_switch_response_test	00022f10	01d9	bls 0x00022f16
00022ca8	power_stage_switch_response_test	00022f12	44f02004	orr r4,r4,#0x20
00022ca8	power_stage_switch_response_test	00022f16	2888	ldrh r0,[r5,#0x0]
00022ca8	power_stage_switch_response_test	00022f18	40f40040	orr r0,r0,#0x8000
00022ca8	power_stage_switch_response_test	00022f1c	2880	strh r0,[r5,#0x0]
00022ca8	power_stage_switch_response_test	00022f1e	1420	movs r0,#0x14
00022ca8	power_stage_switch_response_test	00022f20	fff71ef8	bl 0x00021f60
00022ca8	power_stage_switch_response_test	00022f24	2046	mov r0,r4
00022ca8	power_stage_switch_response_test	00022f26	bde8f09f	pop.w {r4,r5,r6,r7,r8,r9,r10,r11,r12,pc}
00022f40	FUN_00022f40	00022f40	70b5	push {r4,r5,r6,lr}
00022f40	FUN_00022f40	00022f42	0546	mov r5,r0
00022f40	FUN_00022f40	00022f44	0023	movs r3,#0x0
00022f40	FUN_00022f40	00022f46	05eb8302	add.w r2,r5,r3, lsl #0x2
00022f40	FUN_00022f40	00022f4a	15f82360	ldrb.w r6,[r5,r3,lsl #0x2]
00022f40	FUN_00022f40	00022f4e	5078	ldrb r0,[r2,#0x1]
00022f40	FUN_00022f40	00022f50	9178	ldrb r1,[r2,#0x2]
00022f40	FUN_00022f40	00022f52	d478	ldrb r4,[r2,#0x3]
00022f40	FUN_00022f40	00022f54	7040	eors r0,r6
00022f40	FUN_00022f40	00022f56	6140	eors r1,r4
00022f40	FUN_00022f40	00022f58	80ea0104	eor.w r4,r0,r1
00022f40	FUN_00022f40	00022f5c	04f06af8	bl 0x00027034
00022f40	FUN_00022f40	00022f60	15f82310	ldrb.w r1,[r5,r3,lsl #0x2]
00022f40	FUN_00022f40	00022f64	6040	eors r0,r4
00022f40	FUN_00022f40	00022f66	4140	eors r1,r0
00022f40	FUN_00022f40	00022f68	05f82310	strb.w r1,[r5,r3,lsl #0x2]
00022f40	FUN_00022f40	00022f6c	5078	ldrb r0,[r2,#0x1]
00022f40	FUN_00022f40	00022f6e	9178	ldrb r1,[r2,#0x2]
00022f40	FUN_00022f40	00022f70	4840	eors r0,r1
00022f40	FUN_00022f40	00022f72	04f05ff8	bl 0x00027034
00022f40	FUN_00022f40	00022f76	5178	ldrb r1,[r2,#0x1]
00022f40	FUN_00022f40	00022f78	6040	eors r0,r4
00022f40	FUN_00022f40	00022f7a	4140	eors r1,r0
00022f40	FUN_00022f40	00022f7c	5170	strb r1,[r2,#0x1]
00022f40	FUN_00022f40	00022f7e	9078	ldrb r0,[r2,#0x2]
00022f40	FUN_00022f40	00022f80	d178	ldrb r1,[r2,#0x3]
00022f40	FUN_00022f40	00022f82	4840	eors r0,r1
00022f40	FUN_00022f40	00022f84	04f056f8	bl 0x00027034
00022f40	FUN_00022f40	00022f88	9178	ldrb r1,[r2,#0x2]
00022f40	FUN_00022f40	00022f8a	6040	eors r0,r4
00022f40	FUN_00022f40	00022f8c	4140	eors r1,r0
00022f40	FUN_00022f40	00022f8e	9170	strb r1,[r2,#0x2]
00022f40	FUN_00022f40	00022f90	d078	ldrb r0,[r2,#0x3]
00022f40	FUN_00022f40	00022f92	7040	eors r0,r6
00022f40	FUN_00022f40	00022f94	04f04ef8	bl 0x00027034
00022f40	FUN_00022f40	00022f98	d178	ldrb r1,[r2,#0x3]
00022f40	FUN_00022f40	00022f9a	6040	eors r0,r4
00022f40	FUN_00022f40	00022f9c	4140	eors r1,r0
00022f40	FUN_00022f40	00022f9e	5b1c	adds r3,r3,#0x1
00022f40	FUN_00022f40	00022fa0	dbb2	uxtb r3,r3
00022f40	FUN_00022f40	00022fa2	d170	strb r1,[r2,#0x3]
00022f40	FUN_00022f40	00022fa4	042b	cmp r3,#0x4
00022f40	FUN_00022f40	00022fa6	ced3	bcc 0x00022f46
00022f40	FUN_00022f40	00022fa8	70bd	pop {r4,r5,r6,pc}
00022fac	pwm_timer_init	00022fac	4048	ldr r0,[0x000230b0]
00022fac	pwm_timer_init	00022fae	10b5	push {r4,lr}
00022fac	pwm_timer_init	00022fb0	8168	ldr r1,[r0,#0x8]
00022fac	pwm_timer_init	00022fb2	21f40071	bic r1,r1,#0x200
00022fac	pwm_timer_init	00022fb6	8160	str r1,[r0,#0x8]
00022fac	pwm_timer_init	00022fb8	3e49	ldr r1,[0x000230b4]
00022fac	pwm_timer_init	00022fba	4af20150	movw r0,#0xa501
00022fac	pwm_timer_init	00022fbe	0880	strh r0,[r1,#0x0]
00022fac	pwm_timer_init	00022fc0	3c4a	ldr r2,[0x000230b4]
00022fac	pwm_timer_init	00022fc2	0220	movs r0,#0x2
00022fac	pwm_timer_init	00022fc4	2632	adds r2,#0x26
00022fac	pwm_timer_init	00022fc6	1080	strh r0,[r2,#0x0]
00022fac	pwm_timer_init	00022fc8	121d	adds r2,r2,#0x4
00022fac	pwm_timer_init	00022fca	1080	strh r0,[r2,#0x0]
00022fac	pwm_timer_init	00022fcc	121d	adds r2,r2,#0x4
00022fac	pwm_timer_init	00022fce	1080	strh r0,[r2,#0x0]
00022fac	pwm_timer_init	00022fd0	384a	ldr r2,[0x000230b4]
00022fac	pwm_timer_init	00022fd2	7a32	adds r2,#0x7a
00022fac	pwm_timer_init	00022fd4	1080	strh r0,[r2,#0x0]
00022fac	pwm_timer_init	00022fd6	121d	adds r2,r2,#0x4
00022fac	pwm_timer_init	00022fd8	1080	strh r0,[r2,#0x0]
00022fac	pwm_timer_init	00022fda	121d	adds r2,r2,#0x4
00022fac	pwm_timer_init	00022fdc	1080	strh r0,[r2,#0x0]
00022fac	pwm_timer_init	00022fde	4ff42540	mov.w r0,#0xa500
00022fac	pwm_timer_init	00022fe2	0880	strh r0,[r1,#0x0]
00022fac	pwm_timer_init	00022fe4	3448	ldr r0,[0x000230b8]
00022fac	pwm_timer_init	00022fe6	7021	movs r1,#0x70
00022fac	pwm_timer_init	00022fe8	a0f85810	strh.w r1,[r0,#0x58]
00022fac	pwm_timer_init	00022fec	0023	movs r3,#0x0
00022fac	pwm_timer_init	00022fee	a0f85a30	strh.w r3,[r0,#0x5a]
00022fac	pwm_timer_init	00022ff2	41f28831	movw r1,#0x1388
00022fac	pwm_timer_init	00022ff6	a0f85010	strh.w r1,[r0,#0x50]
00022fac	pwm_timer_init	00022ffa	4ff47f42	mov.w r2,#0xff00
00022fac	pwm_timer_init	00022ffe	0284	strh r2,[r0,#0x20]
00022fac	pwm_timer_init	00023000	8284	strh r2,[r0,#0x24]
00022fac	pwm_timer_init	00023002	0285	strh r2,[r0,#0x28]
00022fac	pwm_timer_init	00023004	0821	movs r1,#0x8
00022fac	pwm_timer_init	00023006	4184	strh r1,[r0,#0x22]
00022fac	pwm_timer_init	00023008	c184	strh r1,[r0,#0x26]
00022fac	pwm_timer_init	0002300a	4185	strh r1,[r0,#0x2a]
00022fac	pwm_timer_init	0002300c	40f6c411	movw r1,#0x9c4
00022fac	pwm_timer_init	00023010	8180	strh r1,[r0,#0x4]
00022fac	pwm_timer_init	00023012	8181	strh r1,[r0,#0xc]
00022fac	pwm_timer_init	00023014	8182	strh r1,[r0,#0x14]
00022fac	pwm_timer_init	00023016	2949	ldr r1,[0x000230bc]
00022fac	pwm_timer_init	00023018	4163	str r1,[r0,#0x34]
00022fac	pwm_timer_init	0002301a	c163	str r1,[r0,#0x3c]
00022fac	pwm_timer_init	0002301c	4164	str r1,[r0,#0x44]
00022fac	pwm_timer_init	0002301e	30f8204f	ldrh.w r4,[r0,#0x20]!
00022fac	pwm_timer_init	00023022	911c	adds r1,r2,#0x2
00022fac	pwm_timer_init	00023024	0c43	orrs r4,r1
00022fac	pwm_timer_init	00023026	20f80449	strh r4,[r0],#-0x4
00022fac	pwm_timer_init	0002302a	0489	ldrh r4,[r0,#0x8]
00022fac	pwm_timer_init	0002302c	0c43	orrs r4,r1
00022fac	pwm_timer_init	0002302e	0481	strh r4,[r0,#0x8]
00022fac	pwm_timer_init	00023030	8489	ldrh r4,[r0,#0xc]
00022fac	pwm_timer_init	00023032	0c43	orrs r4,r1
00022fac	pwm_timer_init	00023034	8481	strh r4,[r0,#0xc]
00022fac	pwm_timer_init	00023036	1021	movs r1,#0x10
00022fac	pwm_timer_init	00023038	a0f88410	strh.w r1,[r0,#0x84]
00022fac	pwm_timer_init	0002303c	a0f88810	strh.w r1,[r0,#0x88]
00022fac	pwm_timer_init	00023040	a0f88c10	strh.w r1,[r0,#0x8c]
00022fac	pwm_timer_init	00023044	c0f8d830	str.w r3,[r0,#0xd8]
00022fac	pwm_timer_init	00023048	5021	movs r1,#0x50
00022fac	pwm_timer_init	0002304a	a0f86810	strh.w r1,[r0,#0x68]
00022fac	pwm_timer_init	0002304e	a0f87010	strh.w r1,[r0,#0x70]
00022fac	pwm_timer_init	00023052	a0f87810	strh.w r1,[r0,#0x78]
00022fac	pwm_timer_init	00023056	a0f86a10	strh.w r1,[r0,#0x6a]
00022fac	pwm_timer_init	0002305a	a0f87210	strh.w r1,[r0,#0x72]
00022fac	pwm_timer_init	0002305e	a0f87a10	strh.w r1,[r0,#0x7a]
00022fac	pwm_timer_init	00023062	016c	ldr r1,[r0,#0x40]
00022fac	pwm_timer_init	00023064	41f0ff01	orr r1,r1,#0xff
00022fac	pwm_timer_init	00023068	0164	str r1,[r0,#0x40]
00022fac	pwm_timer_init	0002306a	7821	movs r1,#0x78
00022fac	pwm_timer_init	0002306c	a0f89810	strh.w r1,[r0,#0x98]
00022fac	pwm_timer_init	00023070	a0f8ba20	strh.w r2,[r0,#0xba]
00022fac	pwm_timer_init	00023074	4ff48041	mov.w r1,#0x4000
00022fac	pwm_timer_init	00023078	a0f8b810	strh.w r1,[r0,#0xb8]
00022fac	pwm_timer_init	0002307c	818f	ldrh r1,[r0,#0x3c]
00022fac	pwm_timer_init	0002307e	41f48061	orr r1,r1,#0x400
00022fac	pwm_timer_init	00023082	8187	strh r1,[r0,#0x3c]
00022fac	pwm_timer_init	00023084	0e4a	ldr r2,[0x000230c0]
00022fac	pwm_timer_init	00023086	c921	movs r1,#0xc9
00022fac	pwm_timer_init	00023088	d165	str r1,[r2,#0x5c]
00022fac	pwm_timer_init	0002308a	4ff0e021	mov.w r1,#0xe000e000
00022fac	pwm_timer_init	0002308e	81f80034	strb.w r3,[r1,#0x400]
00022fac	pwm_timer_init	00023092	0122	movs r2,#0x1
00022fac	pwm_timer_init	00023094	c1f88022	str.w r2,[r1,#0x280]
00022fac	pwm_timer_init	00023098	c1f80021	str.w r2,[r1,#0x100]
00022fac	pwm_timer_init	0002309c	016c	ldr r1,[r0,#0x40]
00022fac	pwm_timer_init	0002309e	41f48071	orr r1,r1,#0x100
00022fac	pwm_timer_init	000230a2	0164	str r1,[r0,#0x40]
00022fac	pwm_timer_init	000230a4	818f	ldrh r1,[r0,#0x3c]
00022fac	pwm_timer_init	000230a6	21f04001	bic r1,r1,#0x40
00022fac	pwm_timer_init	000230aa	8187	strh r1,[r0,#0x3c]
00022fac	pwm_timer_init	000230ac	10bd	pop {r4,pc}
000230c4	position_sensor_dma_configure	000230c4	70b5	push {r4,r5,r6,lr}
000230c4	position_sensor_dma_configure	000230c6	2348	ldr r0,[0x00023154]
000230c4	position_sensor_dma_configure	000230c8	214c	ldr r4,[0x00023150]
000230c4	position_sensor_dma_configure	000230ca	0461	str r4,[r0,#0x10]
000230c4	position_sensor_dma_configure	000230cc	0168	ldr r1,[r0,#0x0]
000230c4	position_sensor_dma_configure	000230ce	21f40041	bic r1,r1,#0x8000
000230c4	position_sensor_dma_configure	000230d2	0160	str r1,[r0,#0x0]
000230c4	position_sensor_dma_configure	000230d4	621e	subs r2,r4,#0x1
000230c4	position_sensor_dma_configure	000230d6	0261	str r2,[r0,#0x10]
000230c4	position_sensor_dma_configure	000230d8	1f4b	ldr r3,[0x00023158]
000230c4	position_sensor_dma_configure	000230da	0121	movs r1,#0x1
000230c4	position_sensor_dma_configure	000230dc	1960	str r1,[r3,#0x0]
000230c4	position_sensor_dma_configure	000230de	1e4d	ldr r5,[0x00023158]
000230c4	position_sensor_dma_configure	000230e0	1e4b	ldr r3,[0x0002315c]
000230c4	position_sensor_dma_configure	000230e2	4035	adds r5,#0x40
000230c4	position_sensor_dma_configure	000230e4	2b60	str r3,[r5,#0x0]
000230c4	position_sensor_dma_configure	000230e6	2d1d	adds r5,r5,#0x4
000230c4	position_sensor_dma_configure	000230e8	1d4b	ldr r3,[0x00023160]
000230c4	position_sensor_dma_configure	000230ea	2b60	str r3,[r5,#0x0]
000230c4	position_sensor_dma_configure	000230ec	2d1d	adds r5,r5,#0x4
000230c4	position_sensor_dma_configure	000230ee	4ff00113	mov.w r3,#0x10001
000230c4	position_sensor_dma_configure	000230f2	2b60	str r3,[r5,#0x0]
000230c4	position_sensor_dma_configure	000230f4	184e	ldr r6,[0x00023158]
000230c4	position_sensor_dma_configure	000230f6	4ff48855	mov.w r5,#0x1100
000230c4	position_sensor_dma_configure	000230fa	5c36	adds r6,#0x5c
000230c4	position_sensor_dma_configure	000230fc	3560	str r5,[r6,#0x0]
000230c4	position_sensor_dma_configure	000230fe	164d	ldr r5,[0x00023158]
000230c4	position_sensor_dma_configure	00023100	1c35	adds r5,#0x1c
000230c4	position_sensor_dma_configure	00023102	2960	str r1,[r5,#0x0]
000230c4	position_sensor_dma_configure	00023104	144d	ldr r5,[0x00023158]
000230c4	position_sensor_dma_configure	00023106	4ff00f11	mov.w r1,#0xf000f
000230c4	position_sensor_dma_configure	0002310a	1435	adds r5,#0x14
000230c4	position_sensor_dma_configure	0002310c	2960	str r1,[r5,#0x0]
000230c4	position_sensor_dma_configure	0002310e	2d1d	adds r5,r5,#0x4
000230c4	position_sensor_dma_configure	00023110	2960	str r1,[r5,#0x0]
000230c4	position_sensor_dma_configure	00023112	1149	ldr r1,[0x00023158]
000230c4	position_sensor_dma_configure	00023114	0c31	adds r1,#0xc
000230c4	position_sensor_dma_configure	00023116	0b60	str r3,[r1,#0x0]
000230c4	position_sensor_dma_configure	00023118	1904	lsls r1,r3,#0x10
000230c4	position_sensor_dma_configure	0002311a	0f4b	ldr r3,[0x00023158]
000230c4	position_sensor_dma_configure	0002311c	1033	adds r3,#0x10
000230c4	position_sensor_dma_configure	0002311e	1960	str r1,[r3,#0x0]
000230c4	position_sensor_dma_configure	00023120	0461	str r4,[r0,#0x10]
000230c4	position_sensor_dma_configure	00023122	0168	ldr r1,[r0,#0x0]
000230c4	position_sensor_dma_configure	00023124	21f40031	bic r1,r1,#0x20000
000230c4	position_sensor_dma_configure	00023128	0160	str r1,[r0,#0x0]
000230c4	position_sensor_dma_configure	0002312a	0e4b	ldr r3,[0x00023164]
000230c4	position_sensor_dma_configure	0002312c	40f27311	movw r1,#0x173
000230c4	position_sensor_dma_configure	00023130	1960	str r1,[r3,#0x0]
000230c4	position_sensor_dma_configure	00023132	0261	str r2,[r0,#0x10]
000230c4	position_sensor_dma_configure	00023134	0c49	ldr r1,[0x00023168]
000230c4	position_sensor_dma_configure	00023136	4120	movs r0,#0x41
000230c4	position_sensor_dma_configure	00023138	0866	str r0,[r1,#0x60]
000230c4	position_sensor_dma_configure	0002313a	0c49	ldr r1,[0x0002316c]
000230c4	position_sensor_dma_configure	0002313c	1020	movs r0,#0x10
000230c4	position_sensor_dma_configure	0002313e	81f80004	strb.w r0,[r1,#0x400]
000230c4	position_sensor_dma_configure	00023142	0220	movs r0,#0x2
000230c4	position_sensor_dma_configure	00023144	491e	subs r1,r1,#0x1
000230c4	position_sensor_dma_configure	00023146	c1f88002	str.w r0,[r1,#0x280]
000230c4	position_sensor_dma_configure	0002314a	c1f80001	str.w r0,[r1,#0x100]
000230c4	position_sensor_dma_configure	0002314e	70bd	pop {r4,r5,r6,pc}
00023170	position_sensor_spi_gpio_configure	00023170	1b48	ldr r0,[0x000231e0]
00023170	position_sensor_spi_gpio_configure	00023172	4168	ldr r1,[r0,#0x4]
00023170	position_sensor_spi_gpio_configure	00023174	21f48021	bic r1,r1,#0x40000
00023170	position_sensor_spi_gpio_configure	00023178	4160	str r1,[r0,#0x4]
00023170	position_sensor_spi_gpio_configure	0002317a	1a49	ldr r1,[0x000231e4]
00023170	position_sensor_spi_gpio_configure	0002317c	4af20150	movw r0,#0xa501
00023170	position_sensor_spi_gpio_configure	00023180	0880	strh r0,[r1,#0x0]
00023170	position_sensor_spi_gpio_configure	00023182	184a	ldr r2,[0x000231e4]
00023170	position_sensor_spi_gpio_configure	00023184	2020	movs r0,#0x20
00023170	position_sensor_spi_gpio_configure	00023186	6832	adds r2,#0x68
00023170	position_sensor_spi_gpio_configure	00023188	1080	strh r0,[r2,#0x0]
00023170	position_sensor_spi_gpio_configure	0002318a	121f	subs r2,r2,#0x4
00023170	position_sensor_spi_gpio_configure	0002318c	1080	strh r0,[r2,#0x0]
00023170	position_sensor_spi_gpio_configure	0002318e	154a	ldr r2,[0x000231e4]
00023170	position_sensor_spi_gpio_configure	00023190	5832	adds r2,#0x58
00023170	position_sensor_spi_gpio_configure	00023192	1080	strh r0,[r2,#0x0]
00023170	position_sensor_spi_gpio_configure	00023194	1348	ldr r0,[0x000231e4]
00023170	position_sensor_spi_gpio_configure	00023196	0838	subs r0,#0x8
00023170	position_sensor_spi_gpio_configure	00023198	0288	ldrh r2,[r0,#0x0]
00023170	position_sensor_spi_gpio_configure	0002319a	02f00302	and r2,r2,#0x3
00023170	position_sensor_spi_gpio_configure	0002319e	0280	strh r2,[r0,#0x0]
00023170	position_sensor_spi_gpio_configure	000231a0	104a	ldr r2,[0x000231e4]
00023170	position_sensor_spi_gpio_configure	000231a2	2b20	movs r0,#0x2b
00023170	position_sensor_spi_gpio_configure	000231a4	6a32	adds r2,#0x6a
00023170	position_sensor_spi_gpio_configure	000231a6	1080	strh r0,[r2,#0x0]
00023170	position_sensor_spi_gpio_configure	000231a8	2820	movs r0,#0x28
00023170	position_sensor_spi_gpio_configure	000231aa	121f	subs r2,r2,#0x4
00023170	position_sensor_spi_gpio_configure	000231ac	1080	strh r0,[r2,#0x0]
00023170	position_sensor_spi_gpio_configure	000231ae	0d4a	ldr r2,[0x000231e4]
00023170	position_sensor_spi_gpio_configure	000231b0	2a20	movs r0,#0x2a
00023170	position_sensor_spi_gpio_configure	000231b2	5a32	adds r2,#0x5a
00023170	position_sensor_spi_gpio_configure	000231b4	1080	strh r0,[r2,#0x0]
00023170	position_sensor_spi_gpio_configure	000231b6	2920	movs r0,#0x29
00023170	position_sensor_spi_gpio_configure	000231b8	121f	subs r2,r2,#0x4
00023170	position_sensor_spi_gpio_configure	000231ba	1080	strh r0,[r2,#0x0]
00023170	position_sensor_spi_gpio_configure	000231bc	4ff42540	mov.w r0,#0xa500
00023170	position_sensor_spi_gpio_configure	000231c0	0880	strh r0,[r1,#0x0]
00023170	position_sensor_spi_gpio_configure	000231c2	0948	ldr r0,[0x000231e8]
00023170	position_sensor_spi_gpio_configure	000231c4	4ef60841	movw r1,#0xec08
00023170	position_sensor_spi_gpio_configure	000231c8	8161	str r1,[r0,#0x18]
00023170	position_sensor_spi_gpio_configure	000231ca	4ff0a041	mov.w r1,#0x50000000
00023170	position_sensor_spi_gpio_configure	000231ce	c160	str r1,[r0,#0xc]
00023170	position_sensor_spi_gpio_configure	000231d0	0821	movs r1,#0x8
00023170	position_sensor_spi_gpio_configure	000231d2	4160	str r1,[r0,#0x4]
00023170	position_sensor_spi_gpio_configure	000231d4	4168	ldr r1,[r0,#0x4]
00023170	position_sensor_spi_gpio_configure	000231d6	41f04001	orr r1,r1,#0x40
00023170	position_sensor_spi_gpio_configure	000231da	4160	str r1,[r0,#0x4]
00023170	position_sensor_spi_gpio_configure	000231dc	7047	bx lr
000231ec	position_sensor_spi_transfer16	000231ec	0549	ldr r1,[0x00023204]
000231ec	position_sensor_spi_transfer16	000231ee	4a69	ldr r2,[r1,#0x14]
000231ec	position_sensor_spi_transfer16	000231f0	9206	lsls r2,r2,#0x1a
000231ec	position_sensor_spi_transfer16	000231f2	fcd5	bpl 0x000231ee
000231ec	position_sensor_spi_transfer16	000231f4	0860	str r0,[r1,#0x0]
000231ec	position_sensor_spi_transfer16	000231f6	4869	ldr r0,[r1,#0x14]
000231ec	position_sensor_spi_transfer16	000231f8	0006	lsls r0,r0,#0x18
000231ec	position_sensor_spi_transfer16	000231fa	fcd5	bpl 0x000231f6
000231ec	position_sensor_spi_transfer16	000231fc	0868	ldr r0,[r1,#0x0]
000231ec	position_sensor_spi_transfer16	000231fe	80b2	uxth r0,r0
000231ec	position_sensor_spi_transfer16	00023200	7047	bx lr
00023208	system_clock_and_systick_init	00023208	2de9f05f	push {r4,r5,r6,r7,r8,r9,r10,r11,r12,lr}
00023208	system_clock_and_systick_init	0002320c	894e	ldr r6,[0x00023434]
00023208	system_clock_and_systick_init	0002320e	d6f800a0	ldr.w r10,[r6,#0x0]
00023208	system_clock_and_systick_init	00023212	d6f80490	ldr.w r9,[r6,#0x4]
00023208	system_clock_and_systick_init	00023216	b568	ldr r5,[r6,#0x8]
00023208	system_clock_and_systick_init	00023218	f468	ldr r4,[r6,#0xc]
00023208	system_clock_and_systick_init	0002321a	0120	movs r0,#0x1
00023208	system_clock_and_systick_init	0002321c	00f008fb	bl 0x00023830
00023208	system_clock_and_systick_init	00023220	0220	movs r0,#0x2
00023208	system_clock_and_systick_init	00023222	00f005fb	bl 0x00023830
00023208	system_clock_and_systick_init	00023226	0320	movs r0,#0x3
00023208	system_clock_and_systick_init	00023228	00f002fb	bl 0x00023830
00023208	system_clock_and_systick_init	0002322c	dff808e2	ldr.w lr,[0x00023438]
00023208	system_clock_and_systick_init	00023230	c6f810e0	str.w lr,[r6,#0x10]
00023208	system_clock_and_systick_init	00023234	8148	ldr r0,[0x0002343c]
00023208	system_clock_and_systick_init	00023236	90f82620	ldrb.w r2,[r0,#0x26]
00023208	system_clock_and_systick_init	0002323a	4115	asrs r1,r0,#0x15
00023208	system_clock_and_systick_init	0002323c	052a	cmp r2,#0x5
00023208	system_clock_and_systick_init	0002323e	09d1	bne 0x00023254
00023208	system_clock_and_systick_init	00023240	7f4a	ldr r2,[0x00023440]
00023208	system_clock_and_systick_init	00023242	3260	str r2,[r6,#0x0]
00023208	system_clock_and_systick_init	00023244	d212	asrs r2,r2,#0xb
00023208	system_clock_and_systick_init	00023246	7260	str r2,[r6,#0x4]
00023208	system_clock_and_systick_init	00023248	b260	str r2,[r6,#0x8]
00023208	system_clock_and_systick_init	0002324a	f260	str r2,[r6,#0xc]
00023208	system_clock_and_systick_init	0002324c	7f1c	adds r7,r7,#0x1
00023208	system_clock_and_systick_init	0002324e	bfb2	uxth r7,r7
00023208	system_clock_and_systick_init	00023250	8f42	cmp r7,r1
00023208	system_clock_and_systick_init	00023252	fbd3	bcc 0x0002324c
00023208	system_clock_and_systick_init	00023254	b0f8fe23	ldrh.w r2,[r0,#0x3fe]
00023208	system_clock_and_systick_init	00023258	4af20158	movw r8,#0xa501
00023208	system_clock_and_systick_init	0002325c	42ea0802	orr.w r2,r2,r8
00023208	system_clock_and_systick_init	00023260	a0f8fe23	strh.w r2,[r0,#0x3fe]
00023208	system_clock_and_systick_init	00023264	774a	ldr r2,[0x00023444]
00023208	system_clock_and_systick_init	00023266	0262	str r2,[r0,#0x20]
00023208	system_clock_and_systick_init	00023268	b0f8fe23	ldrh.w r2,[r0,#0x3fe]
00023208	system_clock_and_systick_init	0002326c	22f00102	bic r2,r2,#0x1
00023208	system_clock_and_systick_init	00023270	42f42542	orr r2,r2,#0xa500
00023208	system_clock_and_systick_init	00023274	a0f8fe23	strh.w r2,[r0,#0x3fe]
00023208	system_clock_and_systick_init	00023278	0022	movs r2,#0x0
00023208	system_clock_and_systick_init	0002327a	521c	adds r2,r2,#0x1
00023208	system_clock_and_systick_init	0002327c	92b2	uxth r2,r2
00023208	system_clock_and_systick_init	0002327e	8a42	cmp r2,r1
00023208	system_clock_and_systick_init	00023280	fbd3	bcc 0x0002327a
00023208	system_clock_and_systick_init	00023282	c6f800a0	str.w r10,[r6,#0x0]
00023208	system_clock_and_systick_init	00023286	c6f80490	str.w r9,[r6,#0x4]
00023208	system_clock_and_systick_init	0002328a	b560	str r5,[r6,#0x8]
00023208	system_clock_and_systick_init	0002328c	f460	str r4,[r6,#0xc]
00023208	system_clock_and_systick_init	0002328e	6a4a	ldr r2,[0x00023438]
00023208	system_clock_and_systick_init	00023290	521e	subs r2,r2,#0x1
00023208	system_clock_and_systick_init	00023292	3261	str r2,[r6,#0x10]
00023208	system_clock_and_systick_init	00023294	0022	movs r2,#0x0
00023208	system_clock_and_systick_init	00023296	521c	adds r2,r2,#0x1
00023208	system_clock_and_systick_init	00023298	92b2	uxth r2,r2
00023208	system_clock_and_systick_init	0002329a	8a42	cmp r2,r1
00023208	system_clock_and_systick_init	0002329c	fbd3	bcc 0x00023296
00023208	system_clock_and_systick_init	0002329e	b0f8fe23	ldrh.w r2,[r0,#0x3fe]
00023208	system_clock_and_systick_init	000232a2	42ea0802	orr.w r2,r2,r8
00023208	system_clock_and_systick_init	000232a6	a0f8fe23	strh.w r2,[r0,#0x3fe]
00023208	system_clock_and_systick_init	000232aa	674b	ldr r3,[0x00023448]
00023208	system_clock_and_systick_init	000232ac	a022	movs r2,#0xa0
00023208	system_clock_and_systick_init	000232ae	1a70	strb r2,[r3,#0x0]
00023208	system_clock_and_systick_init	000232b0	b0f8fe23	ldrh.w r2,[r0,#0x3fe]
00023208	system_clock_and_systick_init	000232b4	22f00102	bic r2,r2,#0x1
00023208	system_clock_and_systick_init	000232b8	42f42542	orr r2,r2,#0xa500
00023208	system_clock_and_systick_init	000232bc	a0f8fe23	strh.w r2,[r0,#0x3fe]
00023208	system_clock_and_systick_init	000232c0	b0f8fe23	ldrh.w r2,[r0,#0x3fe]
00023208	system_clock_and_systick_init	000232c4	42ea0802	orr.w r2,r2,r8
00023208	system_clock_and_systick_init	000232c8	a0f8fe23	strh.w r2,[r0,#0x3fe]
00023208	system_clock_and_systick_init	000232cc	4ff0000b	mov.w r11,#0x0
00023208	system_clock_and_systick_init	000232d0	80f832b0	strb.w r11,[r0,#0x32]
00023208	system_clock_and_systick_init	000232d4	90f83c20	ldrb.w r2,[r0,#0x3c]
00023208	system_clock_and_systick_init	000232d8	1207	lsls r2,r2,#0x1c
00023208	system_clock_and_systick_init	000232da	fbd5	bpl 0x000232d4
00023208	system_clock_and_systick_init	000232dc	b0f8fe23	ldrh.w r2,[r0,#0x3fe]
00023208	system_clock_and_systick_init	000232e0	22f00102	bic r2,r2,#0x1
00023208	system_clock_and_systick_init	000232e4	42f42542	orr r2,r2,#0xa500
00023208	system_clock_and_systick_init	000232e8	a0f8fe23	strh.w r2,[r0,#0x3fe]
00023208	system_clock_and_systick_init	000232ec	574a	ldr r2,[0x0002344c]
00023208	system_clock_and_systick_init	000232ee	7723	movs r3,#0x77
00023208	system_clock_and_systick_init	000232f0	1360	str r3,[r2,#0x0]
00023208	system_clock_and_systick_init	000232f2	564f	ldr r7,[0x0002344c]
00023208	system_clock_and_systick_init	000232f4	0837	adds r7,#0x8
00023208	system_clock_and_systick_init	000232f6	3b60	str r3,[r7,#0x0]
00023208	system_clock_and_systick_init	000232f8	a2f1040c	sub.w r12,r2,#0x4
00023208	system_clock_and_systick_init	000232fc	4ff08853	mov.w r3,#0x11000000
00023208	system_clock_and_systick_init	00023300	ccf80030	str.w r3,[r12,#0x0]
00023208	system_clock_and_systick_init	00023304	7623	movs r3,#0x76
00023208	system_clock_and_systick_init	00023306	1360	str r3,[r2,#0x0]
00023208	system_clock_and_systick_init	00023308	3b60	str r3,[r7,#0x0]
00023208	system_clock_and_systick_init	0002330a	4f4b	ldr r3,[0x00023448]
00023208	system_clock_and_systick_init	0002330c	48f24302	movw r2,#0x8043
00023208	system_clock_and_systick_init	00023310	7c33	adds r3,#0x7c
00023208	system_clock_and_systick_init	00023312	1a60	str r2,[r3,#0x0]
00023208	system_clock_and_systick_init	00023314	4e4a	ldr r2,[0x00023450]
00023208	system_clock_and_systick_init	00023316	40f22313	movw r3,#0x123
00023208	system_clock_and_systick_init	0002331a	1360	str r3,[r2,#0x0]
00023208	system_clock_and_systick_init	0002331c	43f21023	movw r3,#0x3210
00023208	system_clock_and_systick_init	00023320	1360	str r3,[r2,#0x0]
00023208	system_clock_and_systick_init	00023322	dff82cc1	ldr.w r12,[0x00023450]
00023208	system_clock_and_systick_init	00023326	4b4f	ldr r7,[0x00023454]
00023208	system_clock_and_systick_init	00023328	0cf1180c	add.w r12,r12,#0x18
00023208	system_clock_and_systick_init	0002332c	ccf80070	str.w r7,[r12,#0x0]
00023208	system_clock_and_systick_init	00023330	1360	str r3,[r2,#0x0]
00023208	system_clock_and_systick_init	00023332	1360	str r3,[r2,#0x0]
00023208	system_clock_and_systick_init	00023334	a0f8fe83	strh.w r8,[r0,#0x3fe]
00023208	system_clock_and_systick_init	00023338	d0f80021	ldr.w r2,[r0,#0x100]
00023208	system_clock_and_systick_init	0002333c	22f08002	bic r2,r2,#0x80
00023208	system_clock_and_systick_init	00023340	c0f80021	str.w r2,[r0,#0x100]
00023208	system_clock_and_systick_init	00023344	b0f8fe23	ldrh.w r2,[r0,#0x3fe]
00023208	system_clock_and_systick_init	00023348	22f00102	bic r2,r2,#0x1
00023208	system_clock_and_systick_init	0002334c	42f42542	orr r2,r2,#0xa500
00023208	system_clock_and_systick_init	00023350	a0f8fe23	strh.w r2,[r0,#0x3fe]
00023208	system_clock_and_systick_init	00023354	b0f8fe23	ldrh.w r2,[r0,#0x3fe]
00023208	system_clock_and_systick_init	00023358	42ea0802	orr.w r2,r2,r8
00023208	system_clock_and_systick_init	0002335c	a0f8fe23	strh.w r2,[r0,#0x3fe]
00023208	system_clock_and_systick_init	00023360	3d4a	ldr r2,[0x00023458]
00023208	system_clock_and_systick_init	00023362	c0f80021	str.w r2,[r0,#0x100]
00023208	system_clock_and_systick_init	00023366	b0f8fe23	ldrh.w r2,[r0,#0x3fe]
00023208	system_clock_and_systick_init	0002336a	22f00102	bic r2,r2,#0x1
00023208	system_clock_and_systick_init	0002336e	42f42542	orr r2,r2,#0xa500
00023208	system_clock_and_systick_init	00023372	a0f8fe23	strh.w r2,[r0,#0x3fe]
00023208	system_clock_and_systick_init	00023376	b0f8fe23	ldrh.w r2,[r0,#0x3fe]
00023208	system_clock_and_systick_init	0002337a	42ea0802	orr.w r2,r2,r8
00023208	system_clock_and_systick_init	0002337e	a0f8fe23	strh.w r2,[r0,#0x3fe]
00023208	system_clock_and_systick_init	00023382	5b46	mov r3,r11
00023208	system_clock_and_systick_init	00023384	80f82ab0	strb.w r11,[r0,#0x2a]
00023208	system_clock_and_systick_init	00023388	90f83c20	ldrb.w r2,[r0,#0x3c]
00023208	system_clock_and_systick_init	0002338c	9206	lsls r2,r2,#0x1a
00023208	system_clock_and_systick_init	0002338e	fbd5	bpl 0x00023388
00023208	system_clock_and_systick_init	00023390	b0f8fe23	ldrh.w r2,[r0,#0x3fe]
00023208	system_clock_and_systick_init	00023394	22f00102	bic r2,r2,#0x1
00023208	system_clock_and_systick_init	00023398	42f42542	orr r2,r2,#0xa500
00023208	system_clock_and_systick_init	0002339c	a0f8fe23	strh.w r2,[r0,#0x3fe]
00023208	system_clock_and_systick_init	000233a0	c6f810e0	str.w lr,[r6,#0x10]
00023208	system_clock_and_systick_init	000233a4	264a	ldr r2,[0x00023440]
00023208	system_clock_and_systick_init	000233a6	3260	str r2,[r6,#0x0]
00023208	system_clock_and_systick_init	000233a8	d212	asrs r2,r2,#0xb
00023208	system_clock_and_systick_init	000233aa	7260	str r2,[r6,#0x4]
00023208	system_clock_and_systick_init	000233ac	b260	str r2,[r6,#0x8]
00023208	system_clock_and_systick_init	000233ae	f260	str r2,[r6,#0xc]
00023208	system_clock_and_systick_init	000233b0	0022	movs r2,#0x0
00023208	system_clock_and_systick_init	000233b2	521c	adds r2,r2,#0x1
00023208	system_clock_and_systick_init	000233b4	92b2	uxth r2,r2
00023208	system_clock_and_systick_init	000233b6	8a42	cmp r2,r1
00023208	system_clock_and_systick_init	000233b8	fbd3	bcc 0x000233b2
00023208	system_clock_and_systick_init	000233ba	b0f8fe23	ldrh.w r2,[r0,#0x3fe]
00023208	system_clock_and_systick_init	000233be	42ea0802	orr.w r2,r2,r8
00023208	system_clock_and_systick_init	000233c2	a0f8fe23	strh.w r2,[r0,#0x3fe]
00023208	system_clock_and_systick_init	000233c6	0522	movs r2,#0x5
00023208	system_clock_and_systick_init	000233c8	80f82620	strb.w r2,[r0,#0x26]
00023208	system_clock_and_systick_init	000233cc	b0f8fe23	ldrh.w r2,[r0,#0x3fe]
00023208	system_clock_and_systick_init	000233d0	22f00102	bic r2,r2,#0x1
00023208	system_clock_and_systick_init	000233d4	42f42542	orr r2,r2,#0xa500
00023208	system_clock_and_systick_init	000233d8	a0f8fe23	strh.w r2,[r0,#0x3fe]
00023208	system_clock_and_systick_init	000233dc	0020	movs r0,#0x0
00023208	system_clock_and_systick_init	000233de	401c	adds r0,r0,#0x1
00023208	system_clock_and_systick_init	000233e0	80b2	uxth r0,r0
00023208	system_clock_and_systick_init	000233e2	8842	cmp r0,r1
00023208	system_clock_and_systick_init	000233e4	fbd3	bcc 0x000233de
00023208	system_clock_and_systick_init	000233e6	c6f800a0	str.w r10,[r6,#0x0]
00023208	system_clock_and_systick_init	000233ea	c6f80490	str.w r9,[r6,#0x4]
00023208	system_clock_and_systick_init	000233ee	b560	str r5,[r6,#0x8]
00023208	system_clock_and_systick_init	000233f0	f460	str r4,[r6,#0xc]
00023208	system_clock_and_systick_init	000233f2	1148	ldr r0,[0x00023438]
00023208	system_clock_and_systick_init	000233f4	401e	subs r0,r0,#0x1
00023208	system_clock_and_systick_init	000233f6	3061	str r0,[r6,#0x10]
00023208	system_clock_and_systick_init	000233f8	0020	movs r0,#0x0
00023208	system_clock_and_systick_init	000233fa	401c	adds r0,r0,#0x1
00023208	system_clock_and_systick_init	000233fc	80b2	uxth r0,r0
00023208	system_clock_and_systick_init	000233fe	8842	cmp r0,r1
00023208	system_clock_and_systick_init	00023400	fbd3	bcc 0x000233fa
00023208	system_clock_and_systick_init	00023402	4ff0e020	mov.w r0,#0xe000e000
00023208	system_clock_and_systick_init	00023406	0361	str r3,[r0,#0x10]
00023208	system_clock_and_systick_init	00023408	6ff07f41	mvn r1,#0xff000000
00023208	system_clock_and_systick_init	0002340c	4161	str r1,[r0,#0x14]
00023208	system_clock_and_systick_init	0002340e	8361	str r3,[r0,#0x18]
00023208	system_clock_and_systick_init	00023410	0169	ldr r1,[r0,#0x10]
00023208	system_clock_and_systick_init	00023412	41f00401	orr r1,r1,#0x4
00023208	system_clock_and_systick_init	00023416	0161	str r1,[r0,#0x10]
00023208	system_clock_and_systick_init	00023418	b068	ldr r0,[r6,#0x8]
00023208	system_clock_and_systick_init	0002341a	20f48010	bic r0,r0,#0x100000
00023208	system_clock_and_systick_init	0002341e	b060	str r0,[r6,#0x8]
00023208	system_clock_and_systick_init	00023420	0e48	ldr r0,[0x0002345c]
00023208	system_clock_and_systick_init	00023422	40f8623b	str.w r3,[r0],#0x62
00023208	system_clock_and_systick_init	00023426	1021	movs r1,#0x10
00023208	system_clock_and_systick_init	00023428	8177	strb r1,[r0,#0x1e]
00023208	system_clock_and_systick_init	0002342a	0121	movs r1,#0x1
00023208	system_clock_and_systick_init	0002342c	c177	strb r1,[r0,#0x1f]
00023208	system_clock_and_systick_init	0002342e	bde8f09f	pop.w {r4,r5,r6,r7,r8,r9,r10,r11,r12,pc}
00023460	FUN_00023460	00023460	4178	ldrb r1,[r0,#0x1]
00023460	FUN_00023460	00023462	4279	ldrb r2,[r0,#0x5]
00023460	FUN_00023460	00023464	4270	strb r2,[r0,#0x1]
00023460	FUN_00023460	00023466	427a	ldrb r2,[r0,#0x9]
00023460	FUN_00023460	00023468	4271	strb r2,[r0,#0x5]
00023460	FUN_00023460	0002346a	427b	ldrb r2,[r0,#0xd]
00023460	FUN_00023460	0002346c	4272	strb r2,[r0,#0x9]
00023460	FUN_00023460	0002346e	4173	strb r1,[r0,#0xd]
00023460	FUN_00023460	00023470	8178	ldrb r1,[r0,#0x2]
00023460	FUN_00023460	00023472	827a	ldrb r2,[r0,#0xa]
00023460	FUN_00023460	00023474	8270	strb r2,[r0,#0x2]
00023460	FUN_00023460	00023476	8172	strb r1,[r0,#0xa]
00023460	FUN_00023460	00023478	8179	ldrb r1,[r0,#0x6]
00023460	FUN_00023460	0002347a	827b	ldrb r2,[r0,#0xe]
00023460	FUN_00023460	0002347c	8271	strb r2,[r0,#0x6]
00023460	FUN_00023460	0002347e	8173	strb r1,[r0,#0xe]
00023460	FUN_00023460	00023480	c178	ldrb r1,[r0,#0x3]
00023460	FUN_00023460	00023482	c27b	ldrb r2,[r0,#0xf]
00023460	FUN_00023460	00023484	c270	strb r2,[r0,#0x3]
00023460	FUN_00023460	00023486	c27a	ldrb r2,[r0,#0xb]
00023460	FUN_00023460	00023488	c273	strb r2,[r0,#0xf]
00023460	FUN_00023460	0002348a	c279	ldrb r2,[r0,#0x7]
00023460	FUN_00023460	0002348c	c272	strb r2,[r0,#0xb]
00023460	FUN_00023460	0002348e	c171	strb r1,[r0,#0x7]
00023460	FUN_00023460	00023490	7047	bx lr
00023494	FUN_00023494	00023494	30b5	push {r4,r5,lr}
00023494	FUN_00023494	00023496	084c	ldr r4,[0x000234b8]
00023494	FUN_00023494	00023498	0022	movs r2,#0x0
00023494	FUN_00023494	0002349a	0021	movs r1,#0x0
00023494	FUN_00023494	0002349c	00eb8103	add.w r3,r0,r1, lsl #0x2
00023494	FUN_00023494	000234a0	491c	adds r1,r1,#0x1
00023494	FUN_00023494	000234a2	9d5c	ldrb r5,[r3,r2]
00023494	FUN_00023494	000234a4	c9b2	uxtb r1,r1
00023494	FUN_00023494	000234a6	0429	cmp r1,#0x4
00023494	FUN_00023494	000234a8	655d	ldrb r5,[r4,r5]
00023494	FUN_00023494	000234aa	9d54	strb r5,[r3,r2]
00023494	FUN_00023494	000234ac	f6d3	bcc 0x0002349c
00023494	FUN_00023494	000234ae	521c	adds r2,r2,#0x1
00023494	FUN_00023494	000234b0	d2b2	uxtb r2,r2
00023494	FUN_00023494	000234b2	042a	cmp r2,#0x4
00023494	FUN_00023494	000234b4	f1d3	bcc 0x0002349a
00023494	FUN_00023494	000234b6	30bd	pop {r4,r5,pc}
000234bc	system_clock_source_configure	000234bc	1f48	ldr r0,[0x0002353c]
000234bc	system_clock_source_configure	000234be	10b4	push {r4}
000234bc	system_clock_source_configure	000234c0	0068	ldr r0,[r0,#0x0]
000234bc	system_clock_source_configure	000234c2	10f0010f	tst r0,#0x1
000234bc	system_clock_source_configure	000234c6	1e48	ldr r0,[0x00023540]
000234bc	system_clock_source_configure	000234c8	14bf	ite ne
000234bc	system_clock_source_configure	000234ca	1e49	ldr.ne r1,[0x00023544]
000234bc	system_clock_source_configure	000234cc	1e49	ldr.eq r1,[0x00023548]
000234bc	system_clock_source_configure	000234ce	1f4a	ldr r2,[0x0002354c]
000234bc	system_clock_source_configure	000234d0	4160	str r1,[r0,#0x4]
000234bc	system_clock_source_configure	000234d2	92f82610	ldrb.w r1,[r2,#0x26]
000234bc	system_clock_source_configure	000234d6	4ff4004c	mov.w r12,#0x8000
000234bc	system_clock_source_configure	000234da	01f00703	and r3,r1,#0x7
000234bc	system_clock_source_configure	000234de	1c49	ldr r1,[0x00023550]
000234bc	system_clock_source_configure	000234e0	062b	cmp r3,#0x6
000234bc	system_clock_source_configure	000234e2	24bf	itt cs
000234bc	system_clock_source_configure	000234e4	10bc	pop.cs {r4}
000234bc	system_clock_source_configure	000234e6	7047	bx.cs lr
000234bc	system_clock_source_configure	000234e8	dfe803f0	tbb [pc,r3]
000234bc	system_clock_source_configure	000234f2	4168	ldr r1,[r0,#0x4]
000234bc	system_clock_source_configure	000234f4	0160	str r1,[r0,#0x0]
000234bc	system_clock_source_configure	000234f6	10bc	pop {r4}
000234bc	system_clock_source_configure	000234f8	7047	bx lr
000234bc	system_clock_source_configure	000234fa	c0f800c0	str.w r12,[r0,#0x0]
000234bc	system_clock_source_configure	000234fe	10bc	pop {r4}
000234bc	system_clock_source_configure	00023500	7047	bx lr
000234bc	system_clock_source_configure	00023502	d2f80031	ldr.w r3,[r2,#0x100]
000234bc	system_clock_source_configure	00023506	c3f30724	ubfx r4,r3,#0x8,#0x8
000234bc	system_clock_source_configure	0002350a	d2f80031	ldr.w r3,[r2,#0x100]
000234bc	system_clock_source_configure	0002350e	4fea137c	lsr.w r12,r3,#0x1c
000234bc	system_clock_source_configure	00023512	d2f80031	ldr.w r3,[r2,#0x100]
000234bc	system_clock_source_configure	00023516	d2f80021	ldr.w r2,[r2,#0x100]
000234bc	system_clock_source_configure	0002351a	03f00303	and r3,r3,#0x3
000234bc	system_clock_source_configure	0002351e	12f0800f	tst r2,#0x80
000234bc	system_clock_source_configure	00023522	18bf	it ne
000234bc	system_clock_source_configure	00023524	4168	ldr.ne r1,[r0,#0x4]
000234bc	system_clock_source_configure	00023526	5a1c	adds r2,r3,#0x1
000234bc	system_clock_source_configure	00023528	b1fbf2f1	udiv r1,r1,r2
000234bc	system_clock_source_configure	0002352c	621c	adds r2,r4,#0x1
000234bc	system_clock_source_configure	0002352e	5143	muls r1,r2
000234bc	system_clock_source_configure	00023530	0cf10102	add.w r2,r12,#0x1
000234bc	system_clock_source_configure	00023534	b1fbf2f1	udiv r1,r1,r2
000234bc	system_clock_source_configure	00023538	dce7	b 0x000234f4
00023554	SystemInit	00023554	0548	ldr r0,[0x0002356c]
00023554	SystemInit	00023556	00b5	push {lr}
00023554	SystemInit	00023558	0168	ldr r1,[r0,#0x0]
00023554	SystemInit	0002355a	41f47001	orr r1,r1,#0xf00000
00023554	SystemInit	0002355e	0160	str r1,[r0,#0x0]
00023554	SystemInit	00023560	fff7acff	bl 0x000234bc
00023554	SystemInit	00023564	0249	ldr r1,[0x00023570]
00023554	SystemInit	00023566	0020	movs r0,#0x0
00023554	SystemInit	00023568	0860	str r0,[r1,#0x0]
00023554	SystemInit	0002356a	00bd	pop {pc}
00023574	debug_uart_gpio_configure	00023574	0748	ldr r0,[0x00023594]
00023574	debug_uart_gpio_configure	00023576	8168	ldr r1,[r0,#0x8]
00023574	debug_uart_gpio_configure	00023578	21f48051	bic r1,r1,#0x1000
00023574	debug_uart_gpio_configure	0002357c	8160	str r1,[r0,#0x8]
00023574	debug_uart_gpio_configure	0002357e	0648	ldr r0,[0x00023598]
00023574	debug_uart_gpio_configure	00023580	0021	movs r1,#0x0
00023574	debug_uart_gpio_configure	00023582	0160	str r1,[r0,#0x0]
00023574	debug_uart_gpio_configure	00023584	45f23052	movw r2,#0x5530
00023574	debug_uart_gpio_configure	00023588	0261	str r2,[r0,#0x10]
00023574	debug_uart_gpio_configure	0002358a	6422	movs r2,#0x64
00023574	debug_uart_gpio_configure	0002358c	8260	str r2,[r0,#0x8]
00023574	debug_uart_gpio_configure	0002358e	4161	str r1,[r0,#0x14]
00023574	debug_uart_gpio_configure	00023590	7047	bx lr
0002359c	debug_usart1_dma_init	0002359c	2de9f047	push {r4,r5,r6,r7,r8,r9,r10,lr}
0002359c	debug_usart1_dma_init	000235a0	0346	mov r3,r0
0002359c	debug_usart1_dma_init	000235a2	2ded028b	vpush {d8}
0002359c	debug_usart1_dma_init	000235a6	fff7e5ff	bl 0x00023574
0002359c	debug_usart1_dma_init	000235aa	dff8b8a1	ldr.w r10,[0x00023764]
0002359c	debug_usart1_dma_init	000235ae	daf80c10	ldr.w r1,[r10,#0xc]
0002359c	debug_usart1_dma_init	000235b2	21f48011	bic r1,r1,#0x100000
0002359c	debug_usart1_dma_init	000235b6	caf80c10	str.w r1,[r10,#0xc]
0002359c	debug_usart1_dma_init	000235ba	6b48	ldr r0,[0x00023768]
0002359c	debug_usart1_dma_init	000235bc	4af20151	movw r1,#0xa501
0002359c	debug_usart1_dma_init	000235c0	0180	strh r1,[r0,#0x0]
0002359c	debug_usart1_dma_init	000235c2	694a	ldr r2,[0x00023768]
0002359c	debug_usart1_dma_init	000235c4	2021	movs r1,#0x20
0002359c	debug_usart1_dma_init	000235c6	3232	adds r2,#0x32
0002359c	debug_usart1_dma_init	000235c8	1180	strh r1,[r2,#0x0]
0002359c	debug_usart1_dma_init	000235ca	2121	movs r1,#0x21
0002359c	debug_usart1_dma_init	000235cc	121d	adds r2,r2,#0x4
0002359c	debug_usart1_dma_init	000235ce	1180	strh r1,[r2,#0x0]
0002359c	debug_usart1_dma_init	000235d0	4ff42541	mov.w r1,#0xa500
0002359c	debug_usart1_dma_init	000235d4	0180	strh r1,[r0,#0x0]
0002359c	debug_usart1_dma_init	000235d6	664d	ldr r5,[0x00023770]
0002359c	debug_usart1_dma_init	000235d8	6448	ldr r0,[0x0002376c]
0002359c	debug_usart1_dma_init	000235da	2860	str r0,[r5,#0x0]
0002359c	debug_usart1_dma_init	000235dc	0021	movs r1,#0x0
0002359c	debug_usart1_dma_init	000235de	2c1d	adds r4,r5,#0x4
0002359c	debug_usart1_dma_init	000235e0	2160	str r1,[r4,#0x0]
0002359c	debug_usart1_dma_init	000235e2	201d	adds r0,r4,#0x4
0002359c	debug_usart1_dma_init	000235e4	0160	str r1,[r0,#0x0]
0002359c	debug_usart1_dma_init	000235e6	a5f10409	sub.w r9,r5,#0x4
0002359c	debug_usart1_dma_init	000235ea	4ff6ff76	movw r6,#0xffff
0002359c	debug_usart1_dma_init	000235ee	c9f80060	str.w r6,[r9,#0x0]
0002359c	debug_usart1_dma_init	000235f2	021d	adds r2,r0,#0x4
0002359c	debug_usart1_dma_init	000235f4	1160	str r1,[r2,#0x0]
0002359c	debug_usart1_dma_init	000235f6	0668	ldr r6,[r0,#0x0]
0002359c	debug_usart1_dma_init	000235f8	26f02006	bic r6,r6,#0x20
0002359c	debug_usart1_dma_init	000235fc	0660	str r6,[r0,#0x0]
0002359c	debug_usart1_dma_init	000235fe	1160	str r1,[r2,#0x0]
0002359c	debug_usart1_dma_init	00023600	4207	lsls r2,r0,#0x1d
0002359c	debug_usart1_dma_init	00023602	2a60	str r2,[r5,#0x0]
0002359c	debug_usart1_dma_init	00023604	c214	asrs r2,r0,#0x13
0002359c	debug_usart1_dma_init	00023606	2260	str r2,[r4,#0x0]
0002359c	debug_usart1_dma_init	00023608	0160	str r1,[r0,#0x0]
0002359c	debug_usart1_dma_init	0002360a	2868	ldr r0,[r5,#0x0]
0002359c	debug_usart1_dma_init	0002360c	00ee103a	vmov s0,r3
0002359c	debug_usart1_dma_init	00023610	f2ee000a	vmov.f32 s1,0x41000000
0002359c	debug_usart1_dma_init	00023614	c0f3c032	ubfx r2,r0,#0xf,#0x1
0002359c	debug_usart1_dma_init	00023618	b8ee400a	vcvt.f32.u32 s0,s0
0002359c	debug_usart1_dma_init	0002361c	b0ee001a	vmov.f32 s2,0x40000000
0002359c	debug_usart1_dma_init	00023620	60ee200a	vmul.f32 s1,s0,s1
0002359c	debug_usart1_dma_init	00023624	00ee102a	vmov s0,r2
0002359c	debug_usart1_dma_init	00023628	b8ee400a	vcvt.f32.u32 s0,s0
0002359c	debug_usart1_dma_init	0002362c	31ee400a	vsub.f32 s0,s2,s0
0002359c	debug_usart1_dma_init	00023630	60ee800a	vmul.f32 s1,s1,s0
0002359c	debug_usart1_dma_init	00023634	9fed4f8a	vldr.32 s16,[pc,#0x13c]
0002359c	debug_usart1_dma_init	00023638	88ee200a	vdiv.f32 s0,s16,s1
0002359c	debug_usart1_dma_init	0002363c	f7ee000a	vmov.f32 s1,0x3f800000
0002359c	debug_usart1_dma_init	00023640	30ee600a	vsub.f32 s0,s0,s1
0002359c	debug_usart1_dma_init	00023644	fceec00a	vcvt.u32.f32 s1,s0
0002359c	debug_usart1_dma_init	00023648	b5eec00a	vcmpe.f32 s0,#0
0002359c	debug_usart1_dma_init	0002364c	10ee904a	vmov r4,s1
0002359c	debug_usart1_dma_init	00023650	f1ee10fa	vmrs apsr,fpscr
0002359c	debug_usart1_dma_init	00023654	40db	blt 0x000236d8
0002359c	debug_usart1_dma_init	00023656	ff2c	cmp r4,#0xff
0002359c	debug_usart1_dma_init	00023658	3ed8	bhi 0x000236d8
0002359c	debug_usart1_dma_init	0002365a	00ee904a	vmov s1,r4
0002359c	debug_usart1_dma_init	0002365e	464e	ldr r6,[0x00023778]
0002359c	debug_usart1_dma_init	00023660	f8ee600a	vcvt.f32.u32 s1,s1
0002359c	debug_usart1_dma_init	00023664	30ee600a	vsub.f32 s0,s0,s1
0002359c	debug_usart1_dma_init	00023668	10ee100a	vmov r0,s0
0002359c	debug_usart1_dma_init	0002366c	b042	cmp r0,r6
0002359c	debug_usart1_dma_init	0002366e	33dd	ble 0x000236d8
0002359c	debug_usart1_dma_init	00023670	0220	movs r0,#0x2
0002359c	debug_usart1_dma_init	00023672	0027	movs r7,#0x0
0002359c	debug_usart1_dma_init	00023674	d2eb0006	rsbs r6,r2,r0
0002359c	debug_usart1_dma_init	00023678	67eb0107	sbc.w r7,r7,r1
0002359c	debug_usart1_dma_init	0002367c	601c	adds r0,r4,#0x1
0002359c	debug_usart1_dma_init	0002367e	a6fb0028	umull r2,r8,r6,r0
0002359c	debug_usart1_dma_init	00023682	07fb0080	mla r0,r7,r0,r8
0002359c	debug_usart1_dma_init	00023686	41f1000c	adc r12,r1,#0x0
0002359c	debug_usart1_dma_init	0002368a	06fb0c06	mla r6,r6,r12,r0
0002359c	debug_usart1_dma_init	0002368e	a2fb0307	umull r0,r7,r2,r3
0002359c	debug_usart1_dma_init	00023692	06fb0373	mla r3,r6,r3,r7
0002359c	debug_usart1_dma_init	00023696	02fb0131	mla r1,r2,r1,r3
0002359c	debug_usart1_dma_init	0002369a	c902	lsls r1,r1,#0xb
0002359c	debug_usart1_dma_init	0002369c	41ea5051	orr.w r1,r1,r0, lsr #0x15
0002359c	debug_usart1_dma_init	000236a0	c002	lsls r0,r0,#0xb
0002359c	debug_usart1_dma_init	000236a2	04f04bfa	bl 0x00027b3c
0002359c	debug_usart1_dma_init	000236a6	00ee100a	vmov s0,r0
0002359c	debug_usart1_dma_init	000236aa	2a68	ldr r2,[r5,#0x0]
0002359c	debug_usart1_dma_init	000236ac	c0ee080a	vdiv.f32 s1,s0,s16
0002359c	debug_usart1_dma_init	000236b0	9fed320a	vldr.32 s0,[pc,#0xc8]
0002359c	debug_usart1_dma_init	000236b4	30eec00a	vsub.f32 s0,s1,s0
0002359c	debug_usart1_dma_init	000236b8	bceec00a	vcvt.u32.f32 s0,s0
0002359c	debug_usart1_dma_init	000236bc	10ee100a	vmov r0,s0
0002359c	debug_usart1_dma_init	000236c0	7f28	cmp r0,#0x7f
0002359c	debug_usart1_dma_init	000236c2	01d9	bls 0x000236c8
0002359c	debug_usart1_dma_init	000236c4	0021	movs r1,#0x0
0002359c	debug_usart1_dma_init	000236c6	01e0	b 0x000236cc
0002359c	debug_usart1_dma_init	000236c8	4ff00051	mov.w r1,#0x20000000
0002359c	debug_usart1_dma_init	000236cc	0a43	orrs r2,r1
0002359c	debug_usart1_dma_init	000236ce	2a60	str r2,[r5,#0x0]
0002359c	debug_usart1_dma_init	000236d0	40ea0421	orr.w r1,r0,r4, lsl #0x8
0002359c	debug_usart1_dma_init	000236d4	c9f80010	str.w r1,[r9,#0x0]
0002359c	debug_usart1_dma_init	000236d8	294b	ldr r3,[0x00023780]
0002359c	debug_usart1_dma_init	000236da	5146	mov r1,r10
0002359c	debug_usart1_dma_init	000236dc	caf81030	str.w r3,[r10,#0x10]
0002359c	debug_usart1_dma_init	000236e0	daf80000	ldr.w r0,[r10,#0x0]
0002359c	debug_usart1_dma_init	000236e4	20f48040	bic r0,r0,#0x4000
0002359c	debug_usart1_dma_init	000236e8	caf80000	str.w r0,[r10,#0x0]
0002359c	debug_usart1_dma_init	000236ec	5c1e	subs r4,r3,#0x1
0002359c	debug_usart1_dma_init	000236ee	caf81040	str.w r4,[r10,#0x10]
0002359c	debug_usart1_dma_init	000236f2	2448	ldr r0,[0x00023784]
0002359c	debug_usart1_dma_init	000236f4	0122	movs r2,#0x1
0002359c	debug_usart1_dma_init	000236f6	0260	str r2,[r0,#0x0]
0002359c	debug_usart1_dma_init	000236f8	c66d	ldr r6,[r0,#0x5c]
0002359c	debug_usart1_dma_init	000236fa	26f48056	bic r6,r6,#0x1000
0002359c	debug_usart1_dma_init	000236fe	c665	str r6,[r0,#0x5c]
0002359c	debug_usart1_dma_init	00023700	1b4e	ldr r6,[0x00023770]
0002359c	debug_usart1_dma_init	00023702	b61f	subs r6,r6,#0x6
0002359c	debug_usart1_dma_init	00023704	0664	str r6,[r0,#0x40]
0002359c	debug_usart1_dma_init	00023706	204e	ldr r6,[0x00023788]
0002359c	debug_usart1_dma_init	00023708	4664	str r6,[r0,#0x44]
0002359c	debug_usart1_dma_init	0002370a	204e	ldr r6,[0x0002378c]
0002359c	debug_usart1_dma_init	0002370c	8664	str r6,[r0,#0x48]
0002359c	debug_usart1_dma_init	0002370e	0426	movs r6,#0x4
0002359c	debug_usart1_dma_init	00023710	c665	str r6,[r0,#0x5c]
0002359c	debug_usart1_dma_init	00023712	c261	str r2,[r0,#0x1c]
0002359c	debug_usart1_dma_init	00023714	4ff00f12	mov.w r2,#0xf000f
0002359c	debug_usart1_dma_init	00023718	4261	str r2,[r0,#0x14]
0002359c	debug_usart1_dma_init	0002371a	8261	str r2,[r0,#0x18]
0002359c	debug_usart1_dma_init	0002371c	0b61	str r3,[r1,#0x10]
0002359c	debug_usart1_dma_init	0002371e	0868	ldr r0,[r1,#0x0]
0002359c	debug_usart1_dma_init	00023720	20f40030	bic r0,r0,#0x20000
0002359c	debug_usart1_dma_init	00023724	0860	str r0,[r1,#0x0]
0002359c	debug_usart1_dma_init	00023726	1a48	ldr r0,[0x00023790]
0002359c	debug_usart1_dma_init	00023728	4ff4a172	mov.w r2,#0x142
0002359c	debug_usart1_dma_init	0002372c	0260	str r2,[r0,#0x0]
0002359c	debug_usart1_dma_init	0002372e	0c61	str r4,[r1,#0x10]
0002359c	debug_usart1_dma_init	00023730	2868	ldr r0,[r5,#0x0]
0002359c	debug_usart1_dma_init	00023732	40f00300	orr r0,r0,#0x3
0002359c	debug_usart1_dma_init	00023736	2860	str r0,[r5,#0x0]
0002359c	debug_usart1_dma_init	00023738	1649	ldr r1,[0x00023794]
0002359c	debug_usart1_dma_init	0002373a	901c	adds r0,r2,#0x2
0002359c	debug_usart1_dma_init	0002373c	c866	str r0,[r1,#0x6c]
0002359c	debug_usart1_dma_init	0002373e	1649	ldr r1,[0x00023798]
0002359c	debug_usart1_dma_init	00023740	4020	movs r0,#0x40
0002359c	debug_usart1_dma_init	00023742	81f80004	strb.w r0,[r1,#0x400]
0002359c	debug_usart1_dma_init	00023746	1020	movs r0,#0x10
0002359c	debug_usart1_dma_init	00023748	091f	subs r1,r1,#0x4
0002359c	debug_usart1_dma_init	0002374a	c1f88002	str.w r0,[r1,#0x280]
0002359c	debug_usart1_dma_init	0002374e	c1f80001	str.w r0,[r1,#0x100]
0002359c	debug_usart1_dma_init	00023752	2868	ldr r0,[r5,#0x0]
0002359c	debug_usart1_dma_init	00023754	40f00c00	orr r0,r0,#0xc
0002359c	debug_usart1_dma_init	00023758	2860	str r0,[r5,#0x0]
0002359c	debug_usart1_dma_init	0002375a	bdec028b	vpop {d8}
0002359c	debug_usart1_dma_init	0002375e	bde8f087	pop.w {r4,r5,r6,r7,r8,r9,r10,pc}
0002379c	debug_uart_write	0002379c	30b5	push {r4,r5,lr}
0002379c	debug_uart_write	0002379e	074b	ldr r3,[0x000237bc]
0002379c	debug_uart_write	000237a0	0022	movs r2,#0x0
0002379c	debug_uart_write	000237a2	1d1d	adds r5,r3,#0x4
0002379c	debug_uart_write	000237a4	07e0	b 0x000237b6
0002379c	debug_uart_write	000237a6	1c68	ldr r4,[r3,#0x0]
0002379c	debug_uart_write	000237a8	2406	lsls r4,r4,#0x18
0002379c	debug_uart_write	000237aa	fcd5	bpl 0x000237a6
0002379c	debug_uart_write	000237ac	10f8014b	ldrb.w r4,[r0],#0x1
0002379c	debug_uart_write	000237b0	2c80	strh r4,[r5,#0x0]
0002379c	debug_uart_write	000237b2	521c	adds r2,r2,#0x1
0002379c	debug_uart_write	000237b4	92b2	uxth r2,r2
0002379c	debug_uart_write	000237b6	8a42	cmp r2,r1
0002379c	debug_uart_write	000237b8	f5d3	bcc 0x000237a6
0002379c	debug_uart_write	000237ba	30bd	pop {r4,r5,pc}
000237c0	FUN_000237c0	000237c0	03b4	push {r0,r1}
000237c0	FUN_000237c0	000237c2	0198	ldr r0,[sp,#0x4]
000237c0	FUN_000237c0	000237c4	4100	lsls r1,r0,#0x1
000237c0	FUN_000237c0	000237c6	0098	ldr r0,[sp,#0x0]
000237c0	FUN_000237c0	000237c8	50eac120	orrs.w r0,r0,r1, lsl #0xb
000237c0	FUN_000237c0	000237cc	18bf	it ne
000237c0	FUN_000237c0	000237ce	0420	mov.ne r0,#0x4
000237c0	FUN_000237c0	000237d0	4a0d	lsrs r2,r1,#0x15
000237c0	FUN_000237c0	000237d2	18bf	it ne
000237c0	FUN_000237c0	000237d4	40f00100	orr.ne r0,r0,#0x1
000237c0	FUN_000237c0	000237d8	40f2ff72	movw r2,#0x7ff
000237c0	FUN_000237c0	000237dc	b2eb515f	cmp.w r2,r1, lsr #0x15
000237c0	FUN_000237c0	000237e0	08bf	it eq
000237c0	FUN_000237c0	000237e2	40f00200	orr.eq r0,r0,#0x2
000237c0	FUN_000237c0	000237e6	0128	cmp r0,#0x1
000237c0	FUN_000237c0	000237e8	08bf	it eq
000237c0	FUN_000237c0	000237ea	0520	mov.eq r0,#0x5
000237c0	FUN_000237c0	000237ec	02b0	add sp,#0x8
000237c0	FUN_000237c0	000237ee	7047	bx lr
000237f0	FUN_000237f0	000237f0	4100	lsls r1,r0,#0x1
000237f0	FUN_000237f0	000237f2	0802	lsls r0,r1,#0x8
000237f0	FUN_000237f0	000237f4	18bf	it ne
000237f0	FUN_000237f0	000237f6	0420	mov.ne r0,#0x4
000237f0	FUN_000237f0	000237f8	0a0e	lsrs r2,r1,#0x18
000237f0	FUN_000237f0	000237fa	18bf	it ne
000237f0	FUN_000237f0	000237fc	40f00100	orr.ne r0,r0,#0x1
000237f0	FUN_000237f0	00023800	4ff07f42	mov.w r2,#0xff000000
000237f0	FUN_000237f0	00023804	32ea0101	bics.w r1,r2,r1
000237f0	FUN_000237f0	00023808	08bf	it eq
000237f0	FUN_000237f0	0002380a	40f00200	orr.eq r0,r0,#0x2
000237f0	FUN_000237f0	0002380e	0128	cmp r0,#0x1
000237f0	FUN_000237f0	00023810	08bf	it eq
000237f0	FUN_000237f0	00023812	0520	mov.eq r0,#0x5
000237f0	FUN_000237f0	00023814	7047	bx lr
00023816	FUN_00023816	00023816	0028	cmp r0,#0x0
00023816	FUN_00023816	00023818	09db	blt 0x0002382e
00023816	FUN_00023816	0002381a	00f01f02	and r2,r0,#0x1f
00023816	FUN_00023816	0002381e	0121	movs r1,#0x1
00023816	FUN_00023816	00023820	9140	lsls r1,r2
00023816	FUN_00023816	00023822	4009	lsrs r0,r0,#0x5
00023816	FUN_00023816	00023824	8000	lsls r0,r0,#0x2
00023816	FUN_00023816	00023826	00f1e020	add.w r0,r0,#0xe000e000
00023816	FUN_00023816	0002382a	c0f88012	str.w r1,[r0,#0x280]
00023816	FUN_00023816	0002382e	7047	bx lr
00023830	FUN_00023830	00023830	0028	cmp r0,#0x0
00023830	FUN_00023830	00023832	0ddb	blt 0x00023850
00023830	FUN_00023830	00023834	00f01f02	and r2,r0,#0x1f
00023830	FUN_00023830	00023838	0121	movs r1,#0x1
00023830	FUN_00023830	0002383a	9140	lsls r1,r2
00023830	FUN_00023830	0002383c	4009	lsrs r0,r0,#0x5
00023830	FUN_00023830	0002383e	8000	lsls r0,r0,#0x2
00023830	FUN_00023830	00023840	00f1e020	add.w r0,r0,#0xe000e000
00023830	FUN_00023830	00023844	c0f88011	str.w r1,[r0,#0x180]
00023830	FUN_00023830	00023848	bff34f8f	dsb #0xf
00023830	FUN_00023830	0002384c	bff36f8f	isb #0xf
00023830	FUN_00023830	00023850	7047	bx lr
0002386c	FUN_0002386c	0002386c	0907	lsls r1,r1,#0x1c
0002386c	FUN_0002386c	0002386e	090e	lsrs r1,r1,#0x18
0002386c	FUN_0002386c	00023870	0028	cmp r0,#0x0
0002386c	FUN_0002386c	00023872	04db	blt 0x0002387e
0002386c	FUN_0002386c	00023874	00f1e020	add.w r0,r0,#0xe000e000
0002386c	FUN_0002386c	00023878	80f80014	strb.w r1,[r0,#0x400]
0002386c	FUN_0002386c	0002387c	7047	bx lr
0002386c	FUN_0002386c	0002387e	00f00f00	and r0,r0,#0xf
0002386c	FUN_0002386c	00023882	00f1e020	add.w r0,r0,#0xe000e000
0002386c	FUN_0002386c	00023886	80f8141d	strb.w r1,[r0,#0xd14]
0002386c	FUN_0002386c	0002388a	7047	bx lr
00023890	FUN_00023890	00023890	10b5	push {r4,lr}
00023890	FUN_00023890	00023892	b94a	ldr r2,[0x00023b78]
00023890	FUN_00023890	00023894	2ded020b	vpush {d0}
00023890	FUN_00023890	00023898	2ded0c8b	vpush {d8,d9,d10,d11,d12,d13}
00023890	FUN_00023890	0002389c	82b0	sub sp,#0x8
00023890	FUN_00023890	0002389e	0f99	ldr r1,[sp,#0x3c]
00023890	FUN_00023890	000238a0	21f00040	bic r0,r1,#0x80000000
00023890	FUN_00023890	000238a4	9fedb6cb	vldr.64 d12,[pc,#0x2d8]
00023890	FUN_00023890	000238a8	9042	cmp r0,r2
00023890	FUN_00023890	000238aa	2cdb	blt 0x00023906
00023890	FUN_00023890	000238ac	a0f14053	sub.w r3,r0,#0x30000000
00023890	FUN_00023890	000238b0	0e9a	ldr r2,[sp,#0x38]
00023890	FUN_00023890	000238b2	a3f17f63	sub.w r3,r3,#0xff00000
00023890	FUN_00023890	000238b6	1a43	orrs r2,r3
00023890	FUN_00023890	000238b8	0fd0	beq 0x000238da
00023890	FUN_00023890	000238ba	b349	ldr r1,[0x00023b88]
00023890	FUN_00023890	000238bc	8842	cmp r0,r1
00023890	FUN_00023890	000238be	02dc	bgt 0x000238c6
00023890	FUN_00023890	000238c0	16d1	bne 0x000238f0
00023890	FUN_00023890	000238c2	0e98	ldr r0,[sp,#0x38]
00023890	FUN_00023890	000238c4	a0b1	cbz r0,0x000238f0
00023890	FUN_00023890	000238c6	9ded0e0b	vldr.64 d0,[sp,#0x38]
00023890	FUN_00023890	000238ca	02b0	add sp,#0x8
00023890	FUN_00023890	000238cc	bdec0c8b	vpop {d8,d9,d10,d11,d12,d13}
00023890	FUN_00023890	000238d0	02b0	add sp,#0x8
00023890	FUN_00023890	000238d2	bde81040	pop.w {r4,lr}
00023890	FUN_00023890	000238d6	00f0d3bc	b.w 0x00024280
00023890	FUN_00023890	000238da	0029	cmp r1,#0x0
00023890	FUN_00023890	000238dc	c1bf	itttt gt
00023890	FUN_00023890	000238de	9fedac0b	vldr.gt.64 d0,[pc,#0x2b0]
00023890	FUN_00023890	000238e2	02b0	add.gt sp,#0x8
00023890	FUN_00023890	000238e4	bdec0c8b	vpop.gt {d8,d9,d10,d11,d12,d13}
00023890	FUN_00023890	000238e8	02b0	add.gt sp,#0x8
00023890	FUN_00023890	000238ea	c8bf	it gt
00023890	FUN_00023890	000238ec	10bd	pop.gt {r4,pc}
00023890	FUN_00023890	000238ee	16e0	b 0x0002391e
00023890	FUN_00023890	000238f0	0120	movs r0,#0x1
00023890	FUN_00023890	000238f2	fcf7f0ff	bl 0x000208d6
00023890	FUN_00023890	000238f6	02b0	add sp,#0x8
00023890	FUN_00023890	000238f8	bdec0c8b	vpop {d8,d9,d10,d11,d12,d13}
00023890	FUN_00023890	000238fc	02b0	add sp,#0x8
00023890	FUN_00023890	000238fe	bde81040	pop.w {r4,lr}
00023890	FUN_00023890	00023902	00f0c9bc	b.w 0x00024298
00023890	FUN_00023890	00023906	a44a	ldr r2,[0x00023b98]
00023890	FUN_00023890	00023908	9feda59b	vldr.64 d9,[pc,#0x294]
00023890	FUN_00023890	0002390c	9feda6ab	vldr.64 d10,[pc,#0x298]
00023890	FUN_00023890	00023910	9042	cmp r0,r2
00023890	FUN_00023890	00023912	5eda	bge 0x000239d2
00023890	FUN_00023890	00023914	a649	ldr r1,[0x00023bb0]
00023890	FUN_00023890	00023916	9feda8cb	vldr.64 d12,[pc,#0x2a0]
00023890	FUN_00023890	0002391a	8142	cmp r1,r0
00023890	FUN_00023890	0002391c	08db	blt 0x00023930
00023890	FUN_00023890	0002391e	b0ee4c0a	vmov.f32 s0,s24
00023890	FUN_00023890	00023922	f0ee6c0a	vmov.f32 s1,s25
00023890	FUN_00023890	00023926	02b0	add sp,#0x8
00023890	FUN_00023890	00023928	bdec0c8b	vpop {d8,d9,d10,d11,d12,d13}
00023890	FUN_00023890	0002392c	02b0	add sp,#0x8
00023890	FUN_00023890	0002392e	10bd	pop {r4,pc}
00023890	FUN_00023890	00023930	9ded0e0b	vldr.64 d0,[sp,#0x38]
00023890	FUN_00023890	00023934	53ec102b	vmov r2,r3,d0
00023890	FUN_00023890	00023938	51ec100b	vmov r0,r1,d0
00023890	FUN_00023890	0002393c	03f00cfe	bl 0x00027558
00023890	FUN_00023890	00023940	41ec180b	vmov d8,r0,r1
00023890	FUN_00023890	00023944	9e48	ldr r0,[0x00023bc0]
00023890	FUN_00023890	00023946	0621	movs r1,#0x6
00023890	FUN_00023890	00023948	b0ee480a	vmov.f32 s0,s16
00023890	FUN_00023890	0002394c	f0ee680a	vmov.f32 s1,s17
00023890	FUN_00023890	00023950	7844	add r0,pc
00023890	FUN_00023890	00023952	00f019fc	bl 0x00024188
00023890	FUN_00023890	00023956	53ec182b	vmov r2,r3,d8
00023890	FUN_00023890	0002395a	51ec100b	vmov r0,r1,d0
00023890	FUN_00023890	0002395e	03f0fbfd	bl 0x00027558
00023890	FUN_00023890	00023962	41ec1b0b	vmov d11,r0,r1
00023890	FUN_00023890	00023966	9748	ldr r0,[0x00023bc4]
00023890	FUN_00023890	00023968	b0ee480a	vmov.f32 s0,s16
00023890	FUN_00023890	0002396c	f0ee680a	vmov.f32 s1,s17
00023890	FUN_00023890	00023970	0421	movs r1,#0x4
00023890	FUN_00023890	00023972	7844	add r0,pc
00023890	FUN_00023890	00023974	00f008fc	bl 0x00024188
00023890	FUN_00023890	00023978	53ec182b	vmov r2,r3,d8
00023890	FUN_00023890	0002397c	51ec100b	vmov r0,r1,d0
00023890	FUN_00023890	00023980	03f0eafd	bl 0x00027558
00023890	FUN_00023890	00023984	53ec192b	vmov r2,r3,d9
00023890	FUN_00023890	00023988	03f0a6fb	bl 0x000270d8
00023890	FUN_00023890	0002398c	41ec100b	vmov d0,r0,r1
00023890	FUN_00023890	00023990	51ec1b0b	vmov r0,r1,d11
00023890	FUN_00023890	00023994	53ec102b	vmov r2,r3,d0
00023890	FUN_00023890	00023998	03f046fc	bl 0x00027228
00023890	FUN_00023890	0002399c	41ec100b	vmov d0,r0,r1
00023890	FUN_00023890	000239a0	53ec102b	vmov r2,r3,d0
00023890	FUN_00023890	000239a4	9ded0e0b	vldr.64 d0,[sp,#0x38]
00023890	FUN_00023890	000239a8	51ec100b	vmov r0,r1,d0
00023890	FUN_00023890	000239ac	03f0d4fd	bl 0x00027558
00023890	FUN_00023890	000239b0	53ec1a2b	vmov r2,r3,d10
00023890	FUN_00023890	000239b4	03f0cefe	bl 0x00027754
00023890	FUN_00023890	000239b8	9ded0e1b	vldr.64 d1,[sp,#0x38]
00023890	FUN_00023890	000239bc	53ec112b	vmov r2,r3,d1
00023890	FUN_00023890	000239c0	03f0c8fe	bl 0x00027754
00023890	FUN_00023890	000239c4	53ec1c2b	vmov r2,r3,d12
00023890	FUN_00023890	000239c8	03f0c4fe	bl 0x00027754
00023890	FUN_00023890	000239cc	41ec100b	vmov d0,r0,r1
00023890	FUN_00023890	000239d0	a9e7	b 0x00023926
00023890	FUN_00023890	000239d2	9fed7d8b	vldr.64 d8,[pc,#0x1f4]
00023890	FUN_00023890	000239d6	9fed7ebb	vldr.64 d11,[pc,#0x1f8]
00023890	FUN_00023890	000239da	9ded0e0b	vldr.64 d0,[sp,#0x38]
00023890	FUN_00023890	000239de	0029	cmp r1,#0x0
00023890	FUN_00023890	000239e0	53ec192b	vmov r2,r3,d9
00023890	FUN_00023890	000239e4	51ec100b	vmov r0,r1,d0
00023890	FUN_00023890	000239e8	52da	bge 0x00023a90
00023890	FUN_00023890	000239ea	03f075fb	bl 0x000270d8
00023890	FUN_00023890	000239ee	53ec182b	vmov r2,r3,d8
00023890	FUN_00023890	000239f2	03f0b1fd	bl 0x00027558
00023890	FUN_00023890	000239f6	41ec180b	vmov d8,r0,r1
00023890	FUN_00023890	000239fa	7748	ldr r0,[0x00023bd8]
00023890	FUN_00023890	000239fc	0621	movs r1,#0x6
00023890	FUN_00023890	000239fe	b0ee480a	vmov.f32 s0,s16
00023890	FUN_00023890	00023a02	f0ee680a	vmov.f32 s1,s17
00023890	FUN_00023890	00023a06	7844	add r0,pc
00023890	FUN_00023890	00023a08	00f0befb	bl 0x00024188
00023890	FUN_00023890	00023a0c	53ec182b	vmov r2,r3,d8
00023890	FUN_00023890	00023a10	51ec100b	vmov r0,r1,d0
00023890	FUN_00023890	00023a14	03f0a0fd	bl 0x00027558
00023890	FUN_00023890	00023a18	41ec1d0b	vmov d13,r0,r1
00023890	FUN_00023890	00023a1c	6f48	ldr r0,[0x00023bdc]
00023890	FUN_00023890	00023a1e	b0ee480a	vmov.f32 s0,s16
00023890	FUN_00023890	00023a22	f0ee680a	vmov.f32 s1,s17
00023890	FUN_00023890	00023a26	0421	movs r1,#0x4
00023890	FUN_00023890	00023a28	7844	add r0,pc
00023890	FUN_00023890	00023a2a	00f0adfb	bl 0x00024188
00023890	FUN_00023890	00023a2e	53ec182b	vmov r2,r3,d8
00023890	FUN_00023890	00023a32	51ec100b	vmov r0,r1,d0
00023890	FUN_00023890	00023a36	03f08ffd	bl 0x00027558
00023890	FUN_00023890	00023a3a	53ec192b	vmov r2,r3,d9
00023890	FUN_00023890	00023a3e	03f04bfb	bl 0x000270d8
00023890	FUN_00023890	00023a42	41ec190b	vmov d9,r0,r1
00023890	FUN_00023890	00023a46	51ec180b	vmov r0,r1,d8
00023890	FUN_00023890	00023a4a	03f0e9f9	bl 0x00026e20
00023890	FUN_00023890	00023a4e	41ec180b	vmov d8,r0,r1
00023890	FUN_00023890	00023a52	53ec192b	vmov r2,r3,d9
00023890	FUN_00023890	00023a56	51ec1d0b	vmov r0,r1,d13
00023890	FUN_00023890	00023a5a	03f0e5fb	bl 0x00027228
00023890	FUN_00023890	00023a5e	53ec182b	vmov r2,r3,d8
00023890	FUN_00023890	00023a62	03f079fd	bl 0x00027558
00023890	FUN_00023890	00023a66	53ec1a2b	vmov r2,r3,d10
00023890	FUN_00023890	00023a6a	03f04bff	bl 0x00027904
00023890	FUN_00023890	00023a6e	41ec100b	vmov d0,r0,r1
00023890	FUN_00023890	00023a72	51ec180b	vmov r0,r1,d8
00023890	FUN_00023890	00023a76	53ec102b	vmov r2,r3,d0
00023890	FUN_00023890	00023a7a	03f02dfb	bl 0x000270d8
00023890	FUN_00023890	00023a7e	53ec1b2b	vmov r2,r3,d11
00023890	FUN_00023890	00023a82	03f069fd	bl 0x00027558
00023890	FUN_00023890	00023a86	53ec1c2b	vmov r2,r3,d12
00023890	FUN_00023890	00023a8a	03f063fe	bl 0x00027754
00023890	FUN_00023890	00023a8e	6de0	b 0x00023b6c
00023890	FUN_00023890	00023a90	03f060fe	bl 0x00027754
00023890	FUN_00023890	00023a94	53ec182b	vmov r2,r3,d8
00023890	FUN_00023890	00023a98	03f05efd	bl 0x00027558
00023890	FUN_00023890	00023a9c	41ec180b	vmov d8,r0,r1
00023890	FUN_00023890	00023aa0	03f0bef9	bl 0x00026e20
00023890	FUN_00023890	00023aa4	41ec1a0b	vmov d10,r0,r1
00023890	FUN_00023890	00023aa8	0020	movs r0,#0x0
00023890	FUN_00023890	00023aaa	8ded00ab	vstr.64 d10,[sp]
00023890	FUN_00023890	00023aae	0090	str r0,[sp,#0x0]
00023890	FUN_00023890	00023ab0	9ded000b	vldr.64 d0,[sp]
00023890	FUN_00023890	00023ab4	51ec1a0b	vmov r0,r1,d10
00023890	FUN_00023890	00023ab8	53ec102b	vmov r2,r3,d0
00023890	FUN_00023890	00023abc	03f00cfb	bl 0x000270d8
00023890	FUN_00023890	00023ac0	9ded000b	vldr.64 d0,[sp]
00023890	FUN_00023890	00023ac4	41ec1c0b	vmov d12,r0,r1
00023890	FUN_00023890	00023ac8	53ec102b	vmov r2,r3,d0
00023890	FUN_00023890	00023acc	51ec100b	vmov r0,r1,d0
00023890	FUN_00023890	00023ad0	03f042fd	bl 0x00027558
00023890	FUN_00023890	00023ad4	53ec182b	vmov r2,r3,d8
00023890	FUN_00023890	00023ad8	03f03cfe	bl 0x00027754
00023890	FUN_00023890	00023adc	53ec1c2b	vmov r2,r3,d12
00023890	FUN_00023890	00023ae0	03f0a2fb	bl 0x00027228
00023890	FUN_00023890	00023ae4	41ec1c0b	vmov d12,r0,r1
00023890	FUN_00023890	00023ae8	3d48	ldr r0,[0x00023be0]
00023890	FUN_00023890	00023aea	b0ee480a	vmov.f32 s0,s16
00023890	FUN_00023890	00023aee	f0ee680a	vmov.f32 s1,s17
00023890	FUN_00023890	00023af2	0621	movs r1,#0x6
00023890	FUN_00023890	00023af4	7844	add r0,pc
00023890	FUN_00023890	00023af6	00f047fb	bl 0x00024188
00023890	FUN_00023890	00023afa	53ec182b	vmov r2,r3,d8
00023890	FUN_00023890	00023afe	51ec100b	vmov r0,r1,d0
00023890	FUN_00023890	00023b02	03f029fd	bl 0x00027558
00023890	FUN_00023890	00023b06	41ec1d0b	vmov d13,r0,r1
00023890	FUN_00023890	00023b0a	3648	ldr r0,[0x00023be4]
00023890	FUN_00023890	00023b0c	b0ee480a	vmov.f32 s0,s16
00023890	FUN_00023890	00023b10	f0ee680a	vmov.f32 s1,s17
00023890	FUN_00023890	00023b14	0421	movs r1,#0x4
00023890	FUN_00023890	00023b16	7844	add r0,pc
00023890	FUN_00023890	00023b18	00f036fb	bl 0x00024188
00023890	FUN_00023890	00023b1c	53ec182b	vmov r2,r3,d8
00023890	FUN_00023890	00023b20	51ec100b	vmov r0,r1,d0
00023890	FUN_00023890	00023b24	03f018fd	bl 0x00027558
00023890	FUN_00023890	00023b28	53ec192b	vmov r2,r3,d9
00023890	FUN_00023890	00023b2c	03f0d4fa	bl 0x000270d8
00023890	FUN_00023890	00023b30	41ec100b	vmov d0,r0,r1
00023890	FUN_00023890	00023b34	51ec1d0b	vmov r0,r1,d13
00023890	FUN_00023890	00023b38	53ec102b	vmov r2,r3,d0
00023890	FUN_00023890	00023b3c	03f074fb	bl 0x00027228
00023890	FUN_00023890	00023b40	53ec1a2b	vmov r2,r3,d10
00023890	FUN_00023890	00023b44	03f008fd	bl 0x00027558
00023890	FUN_00023890	00023b48	53ec1c2b	vmov r2,r3,d12
00023890	FUN_00023890	00023b4c	03f0c4fa	bl 0x000270d8
00023890	FUN_00023890	00023b50	41ec100b	vmov d0,r0,r1
00023890	FUN_00023890	00023b54	53ec102b	vmov r2,r3,d0
00023890	FUN_00023890	00023b58	9ded000b	vldr.64 d0,[sp]
00023890	FUN_00023890	00023b5c	51ec100b	vmov r0,r1,d0
00023890	FUN_00023890	00023b60	03f0bafa	bl 0x000270d8
00023890	FUN_00023890	00023b64	53ec1b2b	vmov r2,r3,d11
00023890	FUN_00023890	00023b68	03f0f6fc	bl 0x00027558
00023890	FUN_00023890	00023b6c	41ec100b	vmov d0,r0,r1
00023890	FUN_00023890	00023b70	d9e6	b 0x00023926
00023890	FUN_00023890	00024280	10b5	push {r4,lr}
00023890	FUN_00023890	00024282	53ec102b	vmov r2,r3,d0
00023890	FUN_00023890	00024286	51ec100b	vmov r0,r1,d0
00023890	FUN_00023890	0002428a	02f025ff	bl 0x000270d8
00023890	FUN_00023890	0002428e	41ec100b	vmov d0,r0,r1
00023890	FUN_00023890	00024292	10bd	pop {r4,pc}
00023890	FUN_00023890	00024298	9fed050b	vldr.64 d0,[pc,#0x14]
00023890	FUN_00023890	0002429c	10b5	push {r4,lr}
00023890	FUN_00023890	0002429e	53ec102b	vmov r2,r3,d0
00023890	FUN_00023890	000242a2	51ec100b	vmov r0,r1,d0
00023890	FUN_00023890	000242a6	02f0bfff	bl 0x00027228
00023890	FUN_00023890	000242aa	41ec100b	vmov d0,r0,r1
00023890	FUN_00023890	000242ae	10bd	pop {r4,pc}
00023be8	FUN_00023be8	00023be8	70b5	push {r4,r5,r6,lr}
00023be8	FUN_00023be8	00023bea	4ff06842	mov.w r2,#0xe8000000
00023be8	FUN_00023be8	00023bee	2ded048b	vpush {d8,d9}
00023be8	FUN_00023be8	00023bf2	f0ee408a	vmov.f32 s17,s0
00023be8	FUN_00023be8	00023bf6	18ee900a	vmov r0,s17
00023be8	FUN_00023be8	00023bfa	b0ee608a	vmov.f32 s16,s1
00023be8	FUN_00023be8	00023bfe	18ee101a	vmov r1,s16
00023be8	FUN_00023be8	00023c02	02eb4003	add.w r3,r2,r0, lsl #0x1
00023be8	FUN_00023be8	00023c06	b3f1654f	cmp.w r3,#0xe5000000
00023be8	FUN_00023be8	00023c0a	3cbf	itt cc
00023be8	FUN_00023be8	00023c0c	02eb4102	add.cc.w r2,r2,r1, lsl #0x1
00023be8	FUN_00023be8	00023c10	b2f1654f	cmp.cc.w r2,#0xe5000000
00023be8	FUN_00023be8	00023c14	7dd2	bcs 0x00023d12
00023be8	FUN_00023be8	00023c16	00bf	nop
00023be8	FUN_00023be8	00023c18	c0f3c753	ubfx r3,r0,#0x17,#0x8
00023be8	FUN_00023be8	00023c1c	c1f3c752	ubfx r2,r1,#0x17,#0x8
00023be8	FUN_00023be8	00023c20	9a1a	subs r2,r3,r2
00023be8	FUN_00023be8	00023c22	1b2a	cmp r2,#0x1b
00023be8	FUN_00023be8	00023c24	09dd	ble 0x00023c3a
00023be8	FUN_00023be8	00023c26	10f0004f	tst r0,#0x80000000
00023be8	FUN_00023be8	00023c2a	14bf	ite ne
00023be8	FUN_00023be8	00023c2c	9fed830a	vldr.ne.32 s0,[pc,#0x20c]
00023be8	FUN_00023be8	00023c30	9fed830a	vldr.eq.32 s0,[pc,#0x20c]
00023be8	FUN_00023be8	00023c34	bdec048b	vpop {d8,d9}
00023be8	FUN_00023be8	00023c38	70bd	pop {r4,r5,r6,pc}
00023be8	FUN_00023be8	00023c3a	12f11a0f	cmn r2,#0x1a
00023be8	FUN_00023be8	00023c3e	36da	bge 0x00023cae
00023be8	FUN_00023be8	00023c40	11f0004f	tst r1,#0x80000000
00023be8	FUN_00023be8	00023c44	09d0	beq 0x00023c5a
00023be8	FUN_00023be8	00023c46	10f0004f	tst r0,#0x80000000
00023be8	FUN_00023be8	00023c4a	0cbf	ite eq
00023be8	FUN_00023be8	00023c4c	9fed7d0a	vldr.eq.32 s0,[pc,#0x1f4]
00023be8	FUN_00023be8	00023c50	9fed7d0a	vldr.ne.32 s0,[pc,#0x1f4]
00023be8	FUN_00023be8	00023c54	bdec048b	vpop {d8,d9}
00023be8	FUN_00023be8	00023c58	70bd	pop {r4,r5,r6,pc}
00023be8	FUN_00023be8	00023c5a	88ee889a	vdiv.f32 s18,s17,s16
00023be8	FUN_00023be8	00023c5e	19ee100a	vmov r0,s18
00023be8	FUN_00023be8	00023c62	fff7c5fd	bl 0x000237f0
00023be8	FUN_00023be8	00023c66	0428	cmp r0,#0x4
00023be8	FUN_00023be8	00023c68	08bf	it eq
00023be8	FUN_00023be8	00023c6a	00f033fb	bl.eq 0x000242d4
00023be8	FUN_00023be8	00023c6e	18ee900a	vmov r0,s17
00023be8	FUN_00023be8	00023c72	fff7bdfd	bl 0x000237f0
00023be8	FUN_00023be8	00023c76	0546	mov r5,r0
00023be8	FUN_00023be8	00023c78	18ee100a	vmov r0,s16
00023be8	FUN_00023be8	00023c7c	fff7b8fd	bl 0x000237f0
00023be8	FUN_00023be8	00023c80	0446	mov r4,r0
00023be8	FUN_00023be8	00023c82	19ee100a	vmov r0,s18
00023be8	FUN_00023be8	00023c86	fff7b3fd	bl 0x000237f0
00023be8	FUN_00023be8	00023c8a	042d	cmp r5,#0x4
00023be8	FUN_00023be8	00023c8c	18bf	it ne
00023be8	FUN_00023be8	00023c8e	052d	cmp.ne r5,#0x5
00023be8	FUN_00023be8	00023c90	08d1	bne 0x00023ca4
00023be8	FUN_00023be8	00023c92	042c	cmp r4,#0x4
00023be8	FUN_00023be8	00023c94	18bf	it ne
00023be8	FUN_00023be8	00023c96	052c	cmp.ne r4,#0x5
00023be8	FUN_00023be8	00023c98	04d1	bne 0x00023ca4
00023be8	FUN_00023be8	00023c9a	0028	cmp r0,#0x0
00023be8	FUN_00023be8	00023c9c	04bf	itt eq
00023be8	FUN_00023be8	00023c9e	0220	mov.eq r0,#0x2
00023be8	FUN_00023be8	00023ca0	fcf719fe	bl.eq 0x000208d6
00023be8	FUN_00023be8	00023ca4	b0ee490a	vmov.f32 s0,s18
00023be8	FUN_00023be8	00023ca8	bdec048b	vpop {d8,d9}
00023be8	FUN_00023be8	00023cac	70bd	pop {r4,r5,r6,pc}
00023be8	FUN_00023be8	00023cae	4200	lsls r2,r0,#0x1
00023be8	FUN_00023be8	00023cb0	b2eb410f	cmp.w r2,r1, lsl #0x1
00023be8	FUN_00023be8	00023cb4	3ad9	bls 0x00023d2c
00023be8	FUN_00023be8	00023cb6	10f0004f	tst r0,#0x80000000
00023be8	FUN_00023be8	00023cba	19bf	ittee ne
00023be8	FUN_00023be8	00023cbc	dfed630a	vldr.ne.32 s1,[pc,#0x18c]
00023be8	FUN_00023be8	00023cc0	9fed630a	vldr.ne.32 s0,[pc,#0x18c]
00023be8	FUN_00023be8	00023cc4	dfed630a	vldr.eq.32 s1,[pc,#0x18c]
00023be8	FUN_00023be8	00023cc8	9fed630a	vldr.eq.32 s0,[pc,#0x18c]
00023be8	FUN_00023be8	00023ccc	b0ee481a	vmov.f32 s2,s16
00023be8	FUN_00023be8	00023cd0	0a46	mov r2,r1
00023be8	FUN_00023be8	00023cd2	b1ee688a	vneg.f32 s16,s17
00023be8	FUN_00023be8	00023cd6	80f00041	eor r1,r0,#0x80000000
00023be8	FUN_00023be8	00023cda	f0ee418a	vmov.f32 s17,s2
00023be8	FUN_00023be8	00023cde	1046	mov r0,r2
00023be8	FUN_00023be8	00023ce0	0a1a	subs r2,r1,r0
00023be8	FUN_00023be8	00023ce2	5200	lsls r2,r2,#0x1
00023be8	FUN_00023be8	00023ce4	b2f1807f	cmp.w r2,#0x1000000
00023be8	FUN_00023be8	00023ce8	34d2	bcs 0x00023d54
00023be8	FUN_00023be8	00023cea	4840	eors r0,r1
00023be8	FUN_00023be8	00023cec	10f0004f	tst r0,#0x80000000
00023be8	FUN_00023be8	00023cf0	dfed5a1a	vldr.32 s3,[pc,#0x168]
00023be8	FUN_00023be8	00023cf4	9fed5a2a	vldr.32 s4,[pc,#0x168]
00023be8	FUN_00023be8	00023cf8	1dbf	ittte ne
00023be8	FUN_00023be8	00023cfa	beee001a	vmov.ne.f32 s2,0xbf000000
00023be8	FUN_00023be8	00023cfe	70eee10a	vsub.ne.f32 s1,s1,s3
00023be8	FUN_00023be8	00023d02	30ee420a	vsub.ne.f32 s0,s0,s4
00023be8	FUN_00023be8	00023d06	b6ee001a	vmov.eq.f32 s2,0x3f000000
00023be8	FUN_00023be8	00023d0a	08bf	it eq
00023be8	FUN_00023be8	00023d0c	70eea10a	vadd.eq.f32 s1,s1,s3
00023be8	FUN_00023be8	00023d10	00e0	b 0x00023d14
00023be8	FUN_00023be8	00023d12	40e0	b 0x00023d96
00023be8	FUN_00023be8	00023d14	08bf	it eq
00023be8	FUN_00023be8	00023d16	30ee020a	vadd.eq.f32 s0,s0,s4
00023be8	FUN_00023be8	00023d1a	b0ee682a	vmov.f32 s4,s17
00023be8	FUN_00023be8	00023d1e	01ee482a	vmls.f32 s4,s2,s16
00023be8	FUN_00023be8	00023d22	08ee818a	vmla.f32 s16,s17,s2
00023be8	FUN_00023be8	00023d26	c2ee081a	vdiv.f32 s3,s4,s16
00023be8	FUN_00023be8	00023d2a	15e0	b 0x00023d58
00023be8	FUN_00023be8	00023d2c	11f0004f	tst r1,#0x80000000
00023be8	FUN_00023be8	00023d30	04bf	itt eq
00023be8	FUN_00023be8	00023d32	9fed4c0a	vldr.eq.32 s0,[pc,#0x130]
00023be8	FUN_00023be8	00023d36	f0ee400a	vmov.eq.f32 s1,s0
00023be8	FUN_00023be8	00023d3a	d1d0	beq 0x00023ce0
00023be8	FUN_00023be8	00023d3c	10f0004f	tst r0,#0x80000000
00023be8	FUN_00023be8	00023d40	19bf	ittee ne
00023be8	FUN_00023be8	00023d42	dfed490a	vldr.ne.32 s1,[pc,#0x124]
00023be8	FUN_00023be8	00023d46	9fed490a	vldr.ne.32 s0,[pc,#0x124]
00023be8	FUN_00023be8	00023d4a	dfed490a	vldr.eq.32 s1,[pc,#0x124]
00023be8	FUN_00023be8	00023d4e	9fed490a	vldr.eq.32 s0,[pc,#0x124]
00023be8	FUN_00023be8	00023d52	c5e7	b 0x00023ce0
00023be8	FUN_00023be8	00023d54	c8ee881a	vdiv.f32 s3,s17,s16
00023be8	FUN_00023be8	00023d58	21eea11a	vmul.f32 s2,s3,s3
00023be8	FUN_00023be8	00023d5c	9fed462a	vldr.32 s4,[pc,#0x118]
00023be8	FUN_00023be8	00023d60	dfed462a	vldr.32 s5,[pc,#0x118]
00023be8	FUN_00023be8	00023d64	41ee022a	vmla.f32 s5,s2,s4
00023be8	FUN_00023be8	00023d68	9fed452a	vldr.32 s4,[pc,#0x114]
00023be8	FUN_00023be8	00023d6c	01ee222a	vmla.f32 s4,s2,s5
00023be8	FUN_00023be8	00023d70	dfed442a	vldr.32 s5,[pc,#0x110]
00023be8	FUN_00023be8	00023d74	41ee022a	vmla.f32 s5,s2,s4
00023be8	FUN_00023be8	00023d78	9fed432a	vldr.32 s4,[pc,#0x10c]
00023be8	FUN_00023be8	00023d7c	bdec048b	vpop {d8,d9}
00023be8	FUN_00023be8	00023d80	01ee222a	vmla.f32 s4,s2,s5
00023be8	FUN_00023be8	00023d84	21ee811a	vmul.f32 s2,s3,s2
00023be8	FUN_00023be8	00023d88	01ee020a	vmla.f32 s0,s2,s4
00023be8	FUN_00023be8	00023d8c	30ee210a	vadd.f32 s0,s0,s3
00023be8	FUN_00023be8	00023d90	30ee200a	vadd.f32 s0,s0,s1
00023be8	FUN_00023be8	00023d94	70bd	pop {r4,r5,r6,pc}
00023be8	FUN_00023be8	00023d96	4ff07f42	mov.w r2,#0xff000000
00023be8	FUN_00023be8	00023d9a	b2eb400f	cmp.w r2,r0, lsl #0x1
00023be8	FUN_00023be8	00023d9e	28bf	it cs
00023be8	FUN_00023be8	00023da0	b2eb410f	cmp.cs.w r2,r1, lsl #0x1
00023be8	FUN_00023be8	00023da4	09d2	bcs 0x00023dba
00023be8	FUN_00023be8	00023da6	f0ee480a	vmov.f32 s1,s16
00023be8	FUN_00023be8	00023daa	b0ee680a	vmov.f32 s0,s17
00023be8	FUN_00023be8	00023dae	bdec048b	vpop {d8,d9}
00023be8	FUN_00023be8	00023db2	bde87040	pop.w {r4,r5,r6,lr}
00023be8	FUN_00023be8	00023db6	00f082ba	b.w 0x000242be
00023be8	FUN_00023be8	00023dba	40ea0103	orr.w r3,r0,r1
00023be8	FUN_00023be8	00023dbe	5b00	lsls r3,r3,#0x1
00023be8	FUN_00023be8	00023dc0	08bf	it eq
00023be8	FUN_00023be8	00023dc2	41f0ff41	orr.eq r1,r1,#0x7f800000
00023be8	FUN_00023be8	00023dc6	0bd0	beq 0x00023de0
00023be8	FUN_00023be8	00023dc8	b2eb400f	cmp.w r2,r0, lsl #0x1
00023be8	FUN_00023be8	00023dcc	08bf	it eq
00023be8	FUN_00023be8	00023dce	b2eb410f	cmp.eq.w r2,r1, lsl #0x1
00023be8	FUN_00023be8	00023dd2	08d1	bne 0x00023de6
00023be8	FUN_00023be8	00023dd4	20f08040	bic r0,r0,#0x40000000
00023be8	FUN_00023be8	00023dd8	08ee900a	vmov s17,r0
00023be8	FUN_00023be8	00023ddc	21f08041	bic r1,r1,#0x40000000
00023be8	FUN_00023be8	00023de0	08ee101a	vmov s16,r1
00023be8	FUN_00023be8	00023de4	18e7	b 0x00023c18
00023be8	FUN_00023be8	00023de6	b2eb400f	cmp.w r2,r0, lsl #0x1
00023be8	FUN_00023be8	00023dea	12bf	itee ne
00023be8	FUN_00023be8	00023dec	5fea4103	lsls.ne.w r3,r1,#0x1
00023be8	FUN_00023be8	00023df0	40f0ff40	orr.eq r0,r0,#0x7f800000
00023be8	FUN_00023be8	00023df4	01f00041	and.eq r1,r1,#0x80000000
00023be8	FUN_00023be8	00023df8	3ff40eaf	beq.w 0x00023c18
00023be8	FUN_00023be8	00023dfc	b2eb410f	cmp.w r2,r1, lsl #0x1
00023be8	FUN_00023be8	00023e00	12bf	itee ne
00023be8	FUN_00023be8	00023e02	5fea4002	lsls.ne.w r2,r0,#0x1
00023be8	FUN_00023be8	00023e06	00f00040	and.eq r0,r0,#0x80000000
00023be8	FUN_00023be8	00023e0a	41f0ff41	orr.eq r1,r1,#0x7f800000
00023be8	FUN_00023be8	00023e0e	3ff403af	beq.w 0x00023c18
00023be8	FUN_00023be8	00023e12	4a00	lsls r2,r1,#0x1
00023be8	FUN_00023be8	00023e14	92ea4003	eors.w r3,r2,r0, lsl #0x1
00023be8	FUN_00023be8	00023e18	3ff5feae	bmi.w 0x00023c18
00023be8	FUN_00023be8	00023e1c	002a	cmp r2,#0x0
00023be8	FUN_00023be8	00023e1e	acbf	ite ge
00023be8	FUN_00023be8	00023e20	9fed1a0a	vldr.ge.32 s0,[pc,#0x68]
00023be8	FUN_00023be8	00023e24	9fed1a0a	vldr.lt.32 s0,[pc,#0x68]
00023be8	FUN_00023be8	00023e28	68ee808a	vmul.f32 s17,s17,s0
00023be8	FUN_00023be8	00023e2c	28ee008a	vmul.f32 s16,s16,s0
00023be8	FUN_00023be8	00023e30	18ee900a	vmov r0,s17
00023be8	FUN_00023be8	00023e34	18ee101a	vmov r1,s16
00023be8	FUN_00023be8	00023e38	eee6	b 0x00023c18
00023be8	FUN_00023be8	000242be	30ee200a	vadd.f32 s0,s0,s1
00023be8	FUN_00023be8	000242c2	7047	bx lr
00023e94	FUN_00023e94	00023e94	10b5	push {r4,lr}
00023e94	FUN_00023e94	00023e96	2ded028b	vpush {d8}
00023e94	FUN_00023e94	00023e9a	f0ee408a	vmov.f32 s17,s0
00023e94	FUN_00023e94	00023e9e	18ee900a	vmov r0,s17
00023e94	FUN_00023e94	00023ea2	03f0cbfe	bl 0x00027c3c
00023e94	FUN_00023e94	00023ea6	08ee100a	vmov s16,r0
00023e94	FUN_00023e94	00023eaa	18ee900a	vmov r0,s17
00023e94	FUN_00023e94	00023eae	b7ee000a	vmov.f32 s0,0x3f800000
00023e94	FUN_00023e94	00023eb2	78eec80a	vsub.f32 s1,s17,s16
00023e94	FUN_00023e94	00023eb6	10f0004f	tst r0,#0x80000000
00023e94	FUN_00023e94	00023eba	4ff07f40	mov.w r0,#0xff000000
00023e94	FUN_00023e94	00023ebe	10ee901a	vmov r1,s1
00023e94	FUN_00023e94	00023ec2	12d0	beq 0x00023eea
00023e94	FUN_00023e94	00023ec4	b1f13f4f	cmp.w r1,#0xbf000000
00023e94	FUN_00023e94	00023ec8	24bf	itt cs
00023e94	FUN_00023e94	00023eca	10ee901a	vmov.cs r1,s1
00023e94	FUN_00023e94	00023ece	b0eb410f	cmp.cs.w r0,r1, lsl #0x1
00023e94	FUN_00023e94	00023ed2	12d2	bcs 0x00023efa
00023e94	FUN_00023e94	00023ed4	10ee901a	vmov r1,s1
00023e94	FUN_00023e94	00023ed8	b1f17c5f	cmp.w r1,#0x3f000000
00023e94	FUN_00023e94	00023edc	1cdd	ble 0x00023f18
00023e94	FUN_00023e94	00023ede	10ee901a	vmov r1,s1
00023e94	FUN_00023e94	00023ee2	b0eb410f	cmp.w r0,r1, lsl #0x1
00023e94	FUN_00023e94	00023ee6	17d3	bcc 0x00023f18
00023e94	FUN_00023e94	00023ee8	14e0	b 0x00023f14
00023e94	FUN_00023e94	00023eea	b1f13f4f	cmp.w r1,#0xbf000000
00023e94	FUN_00023e94	00023eee	07d9	bls 0x00023f00
00023e94	FUN_00023e94	00023ef0	10ee901a	vmov r1,s1
00023e94	FUN_00023e94	00023ef4	b0eb410f	cmp.w r0,r1, lsl #0x1
00023e94	FUN_00023e94	00023ef8	02d3	bcc 0x00023f00
00023e94	FUN_00023e94	00023efa	38ee408a	vsub.f32 s16,s16,s0
00023e94	FUN_00023e94	00023efe	0be0	b 0x00023f18
00023e94	FUN_00023e94	00023f00	10ee901a	vmov r1,s1
00023e94	FUN_00023e94	00023f04	b1f17c5f	cmp.w r1,#0x3f000000
00023e94	FUN_00023e94	00023f08	06db	blt 0x00023f18
00023e94	FUN_00023e94	00023f0a	10ee901a	vmov r1,s1
00023e94	FUN_00023e94	00023f0e	b0eb410f	cmp.w r0,r1, lsl #0x1
00023e94	FUN_00023e94	00023f12	01d3	bcc 0x00023f18
00023e94	FUN_00023e94	00023f14	38ee008a	vadd.f32 s16,s16,s0
00023e94	FUN_00023e94	00023f18	18ee101a	vmov r1,s16
00023e94	FUN_00023e94	00023f1c	b1f19e4f	cmp.w r1,#0x4f000000
00023e94	FUN_00023e94	00023f20	04dd	ble 0x00023f2c
00023e94	FUN_00023e94	00023f22	18ee101a	vmov r1,s16
00023e94	FUN_00023e94	00023f26	b0eb410f	cmp.w r0,r1, lsl #0x1
00023e94	FUN_00023e94	00023f2a	09d2	bcs 0x00023f40
00023e94	FUN_00023e94	00023f2c	18ee101a	vmov r1,s16
00023e94	FUN_00023e94	00023f30	b1f14f4f	cmp.w r1,#0xcf000000
00023e94	FUN_00023e94	00023f34	07d9	bls 0x00023f46
00023e94	FUN_00023e94	00023f36	18ee101a	vmov r1,s16
00023e94	FUN_00023e94	00023f3a	b0eb410f	cmp.w r0,r1, lsl #0x1
00023e94	FUN_00023e94	00023f3e	02d3	bcc 0x00023f46
00023e94	FUN_00023e94	00023f40	0120	movs r0,#0x1
00023e94	FUN_00023e94	00023f42	fcf7c8fc	bl 0x000208d6
00023e94	FUN_00023e94	00023f46	18ee100a	vmov r0,s16
00023e94	FUN_00023e94	00023f4a	bdec028b	vpop {d8}
00023e94	FUN_00023e94	00023f4e	bde81040	pop.w {r4,lr}
00023e94	FUN_00023e94	00023f52	03f0ecbd	b.w 0x00027b2e
00023e94	FUN_00023e94	00027b2e	00ee100a	vmov s0,r0
00023e94	FUN_00023e94	00027b32	bdee401a	vcvtr.s32.f32 s2,s0
00023e94	FUN_00023e94	00027b36	11ee100a	vmov r0,s2
00023e94	FUN_00023e94	00027b3a	7047	bx lr
00023f56	FUN_00023f56	00023f56	00b5	push {lr}
00023f56	FUN_00023f56	00023f58	2ded048b	vpush {d8,d9}
00023f56	FUN_00023f56	00023f5c	b0ee409a	vmov.f32 s18,s0
00023f56	FUN_00023f56	00023f60	f0ee609a	vmov.f32 s19,s1
00023f56	FUN_00023f56	00023f64	83b0	sub sp,#0xc
00023f56	FUN_00023f56	00023f66	51ec190b	vmov r0,r1,d9
00023f56	FUN_00023f56	00023f6a	03f0fffb	bl 0x0002776c
00023f56	FUN_00023f56	00023f6e	41ec180b	vmov d8,r0,r1
00023f56	FUN_00023f56	00023f72	18ee100a	vmov r0,s16
00023f56	FUN_00023f56	00023f76	18ee901a	vmov r1,s17
00023f56	FUN_00023f56	00023f7a	8ded008b	vstr.64 d8,[sp]
00023f56	FUN_00023f56	00023f7e	0028	cmp r0,#0x0
00023f56	FUN_00023f56	00023f80	18bf	it ne
00023f56	FUN_00023f56	00023f82	0120	mov.ne r0,#0x1
00023f56	FUN_00023f56	00023f84	0843	orrs r0,r1
00023f56	FUN_00023f56	00023f86	20f00040	bic r0,r0,#0x80000000
00023f56	FUN_00023f56	00023f8a	c0f17f60	rsb.w r0,r0,#0xff00000
00023f56	FUN_00023f56	00023f8e	00f1e040	add.w r0,r0,#0x70000000
00023f56	FUN_00023f56	00023f92	c00f	lsrs r0,r0,#0x1f
00023f56	FUN_00023f56	00023f94	14d0	beq 0x00023fc0
00023f56	FUN_00023f56	00023f96	19ee101a	vmov r1,s18
00023f56	FUN_00023f56	00023f9a	19ee900a	vmov r0,s19
00023f56	FUN_00023f56	00023f9e	8ded009b	vstr.64 d9,[sp]
00023f56	FUN_00023f56	00023fa2	0029	cmp r1,#0x0
00023f56	FUN_00023f56	00023fa4	18bf	it ne
00023f56	FUN_00023f56	00023fa6	0121	mov.ne r1,#0x1
00023f56	FUN_00023f56	00023fa8	0843	orrs r0,r1
00023f56	FUN_00023f56	00023faa	20f00040	bic r0,r0,#0x80000000
00023f56	FUN_00023f56	00023fae	c0f17f60	rsb.w r0,r0,#0xff00000
00023f56	FUN_00023f56	00023fb2	00f1e040	add.w r0,r0,#0x70000000
00023f56	FUN_00023f56	00023fb6	c00f	lsrs r0,r0,#0x1f
00023f56	FUN_00023f56	00023fb8	04bf	itt eq
00023f56	FUN_00023f56	00023fba	0120	mov.eq r0,#0x1
00023f56	FUN_00023f56	00023fbc	fcf78bfc	bl.eq 0x000208d6
00023f56	FUN_00023f56	00023fc0	b0ee480a	vmov.f32 s0,s16
00023f56	FUN_00023f56	00023fc4	03b0	add sp,#0xc
00023f56	FUN_00023f56	00023fc6	f0ee680a	vmov.f32 s1,s17
00023f56	FUN_00023f56	00023fca	bdec048b	vpop {d8,d9}
00023f56	FUN_00023f56	00023fce	00bd	pop {pc}
00023fd0	FUN_00023fd0	00023fd0	10b5	push {r4,lr}
00023fd0	FUN_00023fd0	00023fd2	2ded028b	vpush {d8}
00023fd0	FUN_00023fd0	00023fd6	b1eec08a	vsqrt.f32 s16,s0
00023fd0	FUN_00023fd0	00023fda	18ee100a	vmov r0,s16
00023fd0	FUN_00023fd0	00023fde	20f00040	bic r0,r0,#0x80000000
00023fd0	FUN_00023fd0	00023fe2	c0f1ff40	rsb.w r0,r0,#0x7f800000
00023fd0	FUN_00023fd0	00023fe6	c00f	lsrs r0,r0,#0x1f
00023fd0	FUN_00023fd0	00023fe8	0ad0	beq 0x00024000
00023fd0	FUN_00023fd0	00023fea	10ee100a	vmov r0,s0
00023fd0	FUN_00023fd0	00023fee	20f00040	bic r0,r0,#0x80000000
00023fd0	FUN_00023fd0	00023ff2	c0f1ff40	rsb.w r0,r0,#0x7f800000
00023fd0	FUN_00023fd0	00023ff6	c00f	lsrs r0,r0,#0x1f
00023fd0	FUN_00023fd0	00023ff8	04bf	itt eq
00023fd0	FUN_00023fd0	00023ffa	0120	mov.eq r0,#0x1
00023fd0	FUN_00023fd0	00023ffc	fcf76bfc	bl.eq 0x000208d6
00023fd0	FUN_00023fd0	00024000	b0ee480a	vmov.f32 s0,s16
00023fd0	FUN_00023fd0	00024004	bdec028b	vpop {d8}
00023fd0	FUN_00023fd0	00024008	10bd	pop {r4,pc}
0002400c	FUN_0002400c	0002400c	00b5	push {lr}
0002400c	FUN_0002400c	0002400e	10ee101a	vmov r1,s0
0002400c	FUN_0002400c	00024012	2ded028b	vpush {d8}
0002400c	FUN_0002400c	00024016	81b0	sub sp,#0x4
0002400c	FUN_0002400c	00024018	4d4a	ldr r2,[0x00024150]
0002400c	FUN_0002400c	0002401a	6846	mov r0,sp
0002400c	FUN_0002400c	0002401c	b2eb410f	cmp.w r2,r1, lsl #0x1
0002400c	FUN_0002400c	00024020	3cd9	bls 0x0002409c
0002400c	FUN_0002400c	00024022	4ff0e640	mov.w r0,#0x73000000
0002400c	FUN_0002400c	00024026	b0eb410f	cmp.w r0,r1, lsl #0x1
0002400c	FUN_0002400c	0002402a	94bf	ite ls
0002400c	FUN_0002400c	0002402c	0020	mov.ls r0,#0x0
0002400c	FUN_0002400c	0002402e	4ff0ff30	mov.hi.w r0,#0xffffffff
0002400c	FUN_0002400c	00024032	0090	str r0,[sp,#0x0]
0002400c	FUN_0002400c	00024034	0098	ldr r0,[sp,#0x0]
0002400c	FUN_0002400c	00024036	b0ee408a	vmov.f32 s16,s0
0002400c	FUN_0002400c	0002403a	0028	cmp r0,#0x0
0002400c	FUN_0002400c	0002403c	5fdb	blt 0x000240fe
0002400c	FUN_0002400c	0002403e	28ee080a	vmul.f32 s0,s16,s16
0002400c	FUN_0002400c	00024042	dfed440a	vldr.32 s1,[pc,#0x110]
0002400c	FUN_0002400c	00024046	9fed441a	vldr.32 s2,[pc,#0x110]
0002400c	FUN_0002400c	0002404a	00ee201a	vmla.f32 s2,s0,s1
0002400c	FUN_0002400c	0002404e	dfed430a	vldr.32 s1,[pc,#0x10c]
0002400c	FUN_0002400c	00024052	40ee010a	vmla.f32 s1,s0,s2
0002400c	FUN_0002400c	00024056	9fed421a	vldr.32 s2,[pc,#0x108]
0002400c	FUN_0002400c	0002405a	00ee201a	vmla.f32 s2,s0,s1
0002400c	FUN_0002400c	0002405e	dfed410a	vldr.32 s1,[pc,#0x104]
0002400c	FUN_0002400c	00024062	10f0010f	tst r0,#0x1
0002400c	FUN_0002400c	00024066	40ee010a	vmla.f32 s1,s0,s2
0002400c	FUN_0002400c	0002406a	9fed3f1a	vldr.32 s2,[pc,#0xfc]
0002400c	FUN_0002400c	0002406e	00ee201a	vmla.f32 s2,s0,s1
0002400c	FUN_0002400c	00024072	61ee000a	vmul.f32 s1,s2,s0
0002400c	FUN_0002400c	00024076	b0ee480a	vmov.f32 s0,s16
0002400c	FUN_0002400c	0002407a	08ee200a	vmla.f32 s0,s16,s1
0002400c	FUN_0002400c	0002407e	02bf	ittt eq
0002400c	FUN_0002400c	00024080	01b0	add.eq sp,#0x4
0002400c	FUN_0002400c	00024082	bdec028b	vpop.eq {d8}
0002400c	FUN_0002400c	00024086	00bd	pop.eq {pc}
0002400c	FUN_0002400c	00024088	bfee001a	vmov.f32 s2,0xbf800000
0002400c	FUN_0002400c	0002408c	01b0	add sp,#0x4
0002400c	FUN_0002400c	0002408e	c1ee000a	vdiv.f32 s1,s2,s0
0002400c	FUN_0002400c	00024092	bdec028b	vpop {d8}
0002400c	FUN_0002400c	00024096	b0ee600a	vmov.f32 s0,s1
0002400c	FUN_0002400c	0002409a	00bd	pop {pc}
0002400c	FUN_0002400c	0002409c	334b	ldr r3,[0x0002416c]
0002400c	FUN_0002400c	0002409e	21f00042	bic r2,r1,#0x80000000
0002400c	FUN_0002400c	000240a2	9342	cmp r3,r2
0002400c	FUN_0002400c	000240a4	28d9	bls 0x000240f8
0002400c	FUN_0002400c	000240a6	11f0004f	tst r1,#0x80000000
0002400c	FUN_0002400c	000240aa	dfed310a	vldr.32 s1,[pc,#0xc4]
0002400c	FUN_0002400c	000240ae	20ee201a	vmul.f32 s2,s0,s1
0002400c	FUN_0002400c	000240b2	dfed300a	vldr.32 s1,[pc,#0xc0]
0002400c	FUN_0002400c	000240b6	19bf	ittee ne
0002400c	FUN_0002400c	000240b8	31ee601a	vsub.ne.f32 s2,s2,s1
0002400c	FUN_0002400c	000240bc	71ee200a	vadd.ne.f32 s1,s2,s1
0002400c	FUN_0002400c	000240c0	31ee201a	vadd.eq.f32 s2,s2,s1
0002400c	FUN_0002400c	000240c4	71ee600a	vsub.eq.f32 s1,s2,s1
0002400c	FUN_0002400c	000240c8	bdeee01a	vcvt.s32.f32 s2,s1
0002400c	FUN_0002400c	000240cc	11ee100a	vmov r0,s2
0002400c	FUN_0002400c	000240d0	9fed291a	vldr.32 s2,[pc,#0xa4]
0002400c	FUN_0002400c	000240d4	00f00300	and r0,r0,#0x3
0002400c	FUN_0002400c	000240d8	00eec10a	vmls.f32 s0,s1,s2
0002400c	FUN_0002400c	000240dc	9fed271a	vldr.32 s2,[pc,#0x9c]
0002400c	FUN_0002400c	000240e0	0090	str r0,[sp,#0x0]
0002400c	FUN_0002400c	000240e2	00eec10a	vmls.f32 s0,s1,s2
0002400c	FUN_0002400c	000240e6	9fed261a	vldr.32 s2,[pc,#0x98]
0002400c	FUN_0002400c	000240ea	00eec10a	vmls.f32 s0,s1,s2
0002400c	FUN_0002400c	000240ee	9fed251a	vldr.32 s2,[pc,#0x94]
0002400c	FUN_0002400c	000240f2	00eec10a	vmls.f32 s0,s1,s2
0002400c	FUN_0002400c	000240f6	9de7	b 0x00024034
0002400c	FUN_0002400c	000240f8	00f0f4f8	bl 0x000242e4
0002400c	FUN_0002400c	000240fc	9ae7	b 0x00024034
0002400c	FUN_0002400c	000240fe	18ee100a	vmov r0,s16
0002400c	FUN_0002400c	00024102	4000	lsls r0,r0,#0x1
0002400c	FUN_0002400c	00024104	b0f17f4f	cmp.w r0,#0xff000000
0002400c	FUN_0002400c	00024108	0dd2	bcs 0x00024126
0002400c	FUN_0002400c	0002410a	18ee100a	vmov r0,s16
0002400c	FUN_0002400c	0002410e	fff76ffb	bl 0x000237f0
0002400c	FUN_0002400c	00024112	0428	cmp r0,#0x4
0002400c	FUN_0002400c	00024114	08bf	it eq
0002400c	FUN_0002400c	00024116	00f0ddf8	bl.eq 0x000242d4
0002400c	FUN_0002400c	0002411a	b0ee480a	vmov.f32 s0,s16
0002400c	FUN_0002400c	0002411e	01b0	add sp,#0x4
0002400c	FUN_0002400c	00024120	bdec028b	vpop {d8}
0002400c	FUN_0002400c	00024124	00bd	pop {pc}
0002400c	FUN_0002400c	00024126	09d1	bne 0x0002413c
0002400c	FUN_0002400c	00024128	0120	movs r0,#0x1
0002400c	FUN_0002400c	0002412a	fcf7d4fb	bl 0x000208d6
0002400c	FUN_0002400c	0002412e	01b0	add sp,#0x4
0002400c	FUN_0002400c	00024130	bdec028b	vpop {d8}
0002400c	FUN_0002400c	00024134	5df804eb	pop.w lr
0002400c	FUN_0002400c	00024138	00f0c4b8	b.w 0x000242c4
0002400c	FUN_0002400c	0002413c	01b0	add sp,#0x4
0002400c	FUN_0002400c	0002413e	b0ee480a	vmov.f32 s0,s16
0002400c	FUN_0002400c	00024142	bdec028b	vpop {d8}
0002400c	FUN_0002400c	00024146	5df804eb	pop.w lr
0002400c	FUN_0002400c	0002414a	00f0b5b8	b.w 0x000242b8
0002400c	FUN_0002400c	000242b8	30ee000a	vadd.f32 s0,s0,s0
0002400c	FUN_0002400c	000242bc	7047	bx lr
0002400c	FUN_0002400c	000242c4	dfed020a	vldr.32 s1,[pc,#0x8]
0002400c	FUN_0002400c	000242c8	80eea00a	vdiv.f32 s0,s1,s1
0002400c	FUN_0002400c	000242cc	7047	bx lr
00024188	FUN_00024188	00024188	70b5	push {r4,r5,r6,lr}
00024188	FUN_00024188	0002418a	0446	mov r4,r0
00024188	FUN_00024188	0002418c	2ded028b	vpush {d8}
00024188	FUN_00024188	00024190	4d1e	subs r5,r1,#0x1
00024188	FUN_00024188	00024192	00ebc500	add.w r0,r0,r5, lsl #0x3
00024188	FUN_00024188	00024196	b0ee408a	vmov.f32 s16,s0
00024188	FUN_00024188	0002419a	f0ee608a	vmov.f32 s17,s1
00024188	FUN_00024188	0002419e	90ed000b	vldr.64 d0,[r0]
00024188	FUN_00024188	000241a2	35f00600	bics r0,r5,#0x6
00024188	FUN_00024188	000241a6	17d0	beq 0x000241d8
00024188	FUN_00024188	000241a8	53ec182b	vmov r2,r3,d8
00024188	FUN_00024188	000241ac	51ec100b	vmov r0,r1,d0
00024188	FUN_00024188	000241b0	03f0d2f9	bl 0x00027558
00024188	FUN_00024188	000241b4	41ec100b	vmov d0,r0,r1
00024188	FUN_00024188	000241b8	6d1e	subs r5,r5,#0x1
00024188	FUN_00024188	000241ba	04ebc500	add.w r0,r4,r5, lsl #0x3
00024188	FUN_00024188	000241be	90ed001b	vldr.64 d1,[r0]
00024188	FUN_00024188	000241c2	51ec100b	vmov r0,r1,d0
00024188	FUN_00024188	000241c6	53ec112b	vmov r2,r3,d1
00024188	FUN_00024188	000241ca	02f085ff	bl 0x000270d8
00024188	FUN_00024188	000241ce	41ec100b	vmov d0,r0,r1
00024188	FUN_00024188	000241d2	35f00600	bics r0,r5,#0x6
00024188	FUN_00024188	000241d6	e7d1	bne 0x000241a8
00024188	FUN_00024188	000241d8	022d	cmp r5,#0x2
00024188	FUN_00024188	000241da	36d0	beq 0x0002424a
00024188	FUN_00024188	000241dc	042d	cmp r5,#0x4
00024188	FUN_00024188	000241de	1cd0	beq 0x0002421a
00024188	FUN_00024188	000241e0	062d	cmp r5,#0x6
00024188	FUN_00024188	000241e2	1cbf	itt ne
00024188	FUN_00024188	000241e4	bdec028b	vpop.ne {d8}
00024188	FUN_00024188	000241e8	70bd	pop.ne {r4,r5,r6,pc}
00024188	FUN_00024188	000241ea	53ec182b	vmov r2,r3,d8
00024188	FUN_00024188	000241ee	51ec100b	vmov r0,r1,d0
00024188	FUN_00024188	000241f2	03f0b1f9	bl 0x00027558
00024188	FUN_00024188	000241f6	94ed0a1b	vldr.64 d1,[r4,#0x28]
00024188	FUN_00024188	000241fa	53ec112b	vmov r2,r3,d1
00024188	FUN_00024188	000241fe	02f06bff	bl 0x000270d8
00024188	FUN_00024188	00024202	53ec182b	vmov r2,r3,d8
00024188	FUN_00024188	00024206	03f0a7f9	bl 0x00027558
00024188	FUN_00024188	0002420a	94ed081b	vldr.64 d1,[r4,#0x20]
00024188	FUN_00024188	0002420e	53ec112b	vmov r2,r3,d1
00024188	FUN_00024188	00024212	02f061ff	bl 0x000270d8
00024188	FUN_00024188	00024216	41ec100b	vmov d0,r0,r1
00024188	FUN_00024188	0002421a	53ec182b	vmov r2,r3,d8
00024188	FUN_00024188	0002421e	51ec100b	vmov r0,r1,d0
00024188	FUN_00024188	00024222	03f099f9	bl 0x00027558
00024188	FUN_00024188	00024226	94ed061b	vldr.64 d1,[r4,#0x18]
00024188	FUN_00024188	0002422a	53ec112b	vmov r2,r3,d1
00024188	FUN_00024188	0002422e	02f053ff	bl 0x000270d8
00024188	FUN_00024188	00024232	53ec182b	vmov r2,r3,d8
00024188	FUN_00024188	00024236	03f08ff9	bl 0x00027558
00024188	FUN_00024188	0002423a	94ed040b	vldr.64 d0,[r4,#0x10]
00024188	FUN_00024188	0002423e	53ec102b	vmov r2,r3,d0
00024188	FUN_00024188	00024242	02f049ff	bl 0x000270d8
00024188	FUN_00024188	00024246	41ec100b	vmov d0,r0,r1
00024188	FUN_00024188	0002424a	53ec182b	vmov r2,r3,d8
00024188	FUN_00024188	0002424e	51ec100b	vmov r0,r1,d0
00024188	FUN_00024188	00024252	03f081f9	bl 0x00027558
00024188	FUN_00024188	00024256	94ed021b	vldr.64 d1,[r4,#0x8]
00024188	FUN_00024188	0002425a	53ec112b	vmov r2,r3,d1
00024188	FUN_00024188	0002425e	02f03bff	bl 0x000270d8
00024188	FUN_00024188	00024262	53ec182b	vmov r2,r3,d8
00024188	FUN_00024188	00024266	03f077f9	bl 0x00027558
00024188	FUN_00024188	0002426a	94ed001b	vldr.64 d1,[r4]
00024188	FUN_00024188	0002426e	53ec112b	vmov r2,r3,d1
00024188	FUN_00024188	00024272	02f031ff	bl 0x000270d8
00024188	FUN_00024188	00024276	bdec028b	vpop {d8}
00024188	FUN_00024188	0002427a	41ec100b	vmov d0,r0,r1
00024188	FUN_00024188	0002427e	70bd	pop {r4,r5,r6,pc}
000242d4	FUN_000242d4	000242d4	9fed020a	vldr.32 s0,[pc,#0x8]
000242d4	FUN_000242d4	000242d8	20ee000a	vmul.f32 s0,s0,s0
000242d4	FUN_000242d4	000242dc	7047	bx lr
000242e4	FUN_000242e4	000242e4	2de9f001	push {r4,r5,r6,r7,r8}
000242e4	FUN_000242e4	000242e8	4ff07f42	mov.w r2,#0xff000000
000242e4	FUN_000242e4	000242ec	b2eb410f	cmp.w r2,r1, lsl #0x1
000242e4	FUN_000242e4	000242f0	9fbf	itttt ls
000242e4	FUN_000242e4	000242f2	4ff0ff31	mov.ls.w r1,#0xffffffff
000242e4	FUN_000242e4	000242f6	0160	str.ls r1,[r0,#0x0]
000242e4	FUN_000242e4	000242f8	bde8f001	pop.ls.w {r4,r5,r6,r7,r8}
000242e4	FUN_000242e4	000242fc	7047	bx.ls lr
000242e4	FUN_000242e4	000242fe	4ff00042	mov.w r2,#0x80000000
000242e4	FUN_000242e4	00024302	42ea0123	orr.w r3,r2,r1, lsl #0x8
000242e4	FUN_000242e4	00024306	c1f3c752	ubfx r2,r1,#0x17,#0x8
000242e4	FUN_000242e4	0002430a	783a	subs r2,#0x78
000242e4	FUN_000242e4	0002430c	5511	asrs r5,r2,#0x5
000242e4	FUN_000242e4	0002430e	12f01f0c	ands r12,r2,#0x1f
000242e4	FUN_000242e4	00024312	434c	ldr r4,[0x00024420]
000242e4	FUN_000242e4	00024314	ccf12006	rsb.w r6,r12,#0x20
000242e4	FUN_000242e4	00024318	7c44	add r4,pc
000242e4	FUN_000242e4	0002431a	c1f3c752	ubfx r2,r1,#0x17,#0x8
000242e4	FUN_000242e4	0002431e	a2f17802	sub.w r2,r2,#0x78
000242e4	FUN_000242e4	00024322	4fea6212	asr.w r2,r2, asr #0x5
000242e4	FUN_000242e4	00024326	04eb8202	add.w r2,r4,r2, lsl #0x2
000242e4	FUN_000242e4	0002432a	54f82540	ldr.w r4,[r4,r5,lsl #0x2]
000242e4	FUN_000242e4	0002432e	08bf	it eq
000242e4	FUN_000242e4	00024330	d2e90156	ldrd.eq r5,r6,[r2,#0x4]
000242e4	FUN_000242e4	00024334	12d0	beq 0x0002435c
000242e4	FUN_000242e4	00024336	5568	ldr r5,[r2,#0x4]
000242e4	FUN_000242e4	00024338	04fa0cf4	lsl.w r4,r4,r12
000242e4	FUN_000242e4	0002433c	25fa06f7	lsr.w r7,r5,r6
000242e4	FUN_000242e4	00024340	3c43	orrs r4,r7
000242e4	FUN_000242e4	00024342	9768	ldr r7,[r2,#0x8]
000242e4	FUN_000242e4	00024344	05fa0cf5	lsl.w r5,r5,r12
000242e4	FUN_000242e4	00024348	27fa06f8	lsr.w r8,r7,r6
000242e4	FUN_000242e4	0002434c	d268	ldr r2,[r2,#0xc]
000242e4	FUN_000242e4	0002434e	07fa0cfc	lsl.w r12,r7,r12
000242e4	FUN_000242e4	00024352	f240	lsrs r2,r6
000242e4	FUN_000242e4	00024354	45ea0805	orr.w r5,r5,r8
000242e4	FUN_000242e4	00024358	4cea0206	orr.w r6,r12,r2
000242e4	FUN_000242e4	0002435c	a4fb034c	umull r4,r12,r4,r3
000242e4	FUN_000242e4	00024360	a5fb0352	umull r5,r2,r5,r3
000242e4	FUN_000242e4	00024364	a6fb0363	umull r6,r3,r6,r3
000242e4	FUN_000242e4	00024368	1d44	add r5,r3
000242e4	FUN_000242e4	0002436a	9d42	cmp r5,r3
000242e4	FUN_000242e4	0002436c	34bf	ite cc
000242e4	FUN_000242e4	0002436e	0126	mov.cc r6,#0x1
000242e4	FUN_000242e4	00024370	0026	mov.cs r6,#0x0
000242e4	FUN_000242e4	00024372	1319	adds r3,r2,r4
000242e4	FUN_000242e4	00024374	3344	add r3,r6
000242e4	FUN_000242e4	00024376	16b1	cbz r6,0x0002437e
000242e4	FUN_000242e4	00024378	9342	cmp r3,r2
000242e4	FUN_000242e4	0002437a	02d9	bls 0x00024382
000242e4	FUN_000242e4	0002437c	03e0	b 0x00024386
000242e4	FUN_000242e4	0002437e	9342	cmp r3,r2
000242e4	FUN_000242e4	00024380	01d2	bcs 0x00024386
000242e4	FUN_000242e4	00024382	0122	movs r2,#0x1
000242e4	FUN_000242e4	00024384	00e0	b 0x00024388
000242e4	FUN_000242e4	00024386	0022	movs r2,#0x0
000242e4	FUN_000242e4	00024388	6244	add r2,r12
000242e4	FUN_000242e4	0002438a	02f1200c	add.w r12,r2,#0x20
000242e4	FUN_000242e4	0002438e	9206	lsls r2,r2,#0x1a
000242e4	FUN_000242e4	00024390	dc0c	lsrs r4,r3,#0x13
000242e4	FUN_000242e4	00024392	42ea4432	orr.w r2,r2,r4, lsl #0xd
000242e4	FUN_000242e4	00024396	00ee102a	vmov s0,r2
000242e4	FUN_000242e4	0002439a	5b03	lsls r3,r3,#0xd
000242e4	FUN_000242e4	0002439c	dfed210a	vldr.32 s1,[pc,#0x84]
000242e4	FUN_000242e4	000243a0	f8eec01a	vcvt.f32.s32 s3,s0
000242e4	FUN_000242e4	000243a4	00ee103a	vmov s0,r3
000242e4	FUN_000242e4	000243a8	4fea9c1c	lsr.w r12,r12,#0x6
000242e4	FUN_000242e4	000243ac	11f0004f	tst r1,#0x80000000
000242e4	FUN_000242e4	000243b0	b8ee400a	vcvt.f32.u32 s0,s0
000242e4	FUN_000242e4	000243b4	c0f800c0	str.w r12,[r0,#0x0]
000242e4	FUN_000242e4	000243b8	20ee201a	vmul.f32 s2,s0,s1
000242e4	FUN_000242e4	000243bc	00ee105a	vmov s0,r5
000242e4	FUN_000242e4	000243c0	dfed190a	vldr.32 s1,[pc,#0x64]
000242e4	FUN_000242e4	000243c4	b8ee400a	vcvt.f32.u32 s0,s0
000242e4	FUN_000242e4	000243c8	20ee200a	vmul.f32 s0,s0,s1
000242e4	FUN_000242e4	000243cc	71ee810a	vadd.f32 s1,s3,s2
000242e4	FUN_000242e4	000243d0	70ee800a	vadd.f32 s1,s1,s0
000242e4	FUN_000242e4	000243d4	10ee902a	vmov r2,s1
000242e4	FUN_000242e4	000243d8	02f50062	add.w r2,r2,#0x800
000242e4	FUN_000242e4	000243dc	6ff30b02	bfc r2,#0x0,#0xc
000242e4	FUN_000242e4	000243e0	00ee902a	vmov s1,r2
000242e4	FUN_000242e4	000243e4	70eee11a	vsub.f32 s3,s1,s3
000242e4	FUN_000242e4	000243e8	31eec11a	vsub.f32 s2,s3,s2
000242e4	FUN_000242e4	000243ec	dfed101a	vldr.32 s3,[pc,#0x40]
000242e4	FUN_000242e4	000243f0	30ee411a	vsub.f32 s2,s0,s2
000242e4	FUN_000242e4	000243f4	9fed0d0a	vldr.32 s0,[pc,#0x34]
000242e4	FUN_000242e4	000243f8	20ee800a	vmul.f32 s0,s1,s0
000242e4	FUN_000242e4	000243fc	01ee210a	vmla.f32 s0,s2,s3
000242e4	FUN_000242e4	00024400	9fed0c1a	vldr.32 s2,[pc,#0x30]
000242e4	FUN_000242e4	00024404	00ee810a	vmla.f32 s0,s1,s2
000242e4	FUN_000242e4	00024408	04bf	itt eq
000242e4	FUN_000242e4	0002440a	bde8f001	pop.eq.w {r4,r5,r6,r7,r8}
000242e4	FUN_000242e4	0002440e	7047	bx.eq lr
000242e4	FUN_000242e4	00024410	ccf18051	rsb.w r1,r12,#0x10000000
000242e4	FUN_000242e4	00024414	0160	str r1,[r0,#0x0]
000242e4	FUN_000242e4	00024416	bde8f001	pop.w {r4,r5,r6,r7,r8}
000242e4	FUN_000242e4	0002441a	b1ee400a	vneg.f32 s0,s0
000242e4	FUN_000242e4	0002441e	7047	bx lr
00024438	FUN_00024438	00024438	3038	subs r0,#0x30
00024438	FUN_00024438	0002443a	0a28	cmp r0,#0xa
00024438	FUN_00024438	0002443c	01d2	bcs 0x00024442
00024438	FUN_00024438	0002443e	0120	movs r0,#0x1
00024438	FUN_00024438	00024440	7047	bx lr
00024438	FUN_00024438	00024442	0020	movs r0,#0x0
00024438	FUN_00024438	00024444	7047	bx lr
00024448	measure_position_sensor_offset	00024448	2de9f04f	push {r4,r5,r6,r7,r8,r9,r10,r11,lr}
00024448	measure_position_sensor_offset	0002444c	dff860a2	ldr.w r10,[0x000246b0]
00024448	measure_position_sensor_offset	00024450	2ded0c8b	vpush {d8,d9,d10,d11,d12,d13}
00024448	measure_position_sensor_offset	00024454	89b0	sub sp,#0x24
00024448	measure_position_sensor_offset	00024456	9aed130a	vldr.32 s0,[r10,#0x4c]
00024448	measure_position_sensor_offset	0002445a	dfed960a	vldr.32 s1,[pc,#0x258]
00024448	measure_position_sensor_offset	0002445e	60ee200a	vmul.f32 s1,s0,s1
00024448	measure_position_sensor_offset	00024462	fceee00a	vcvt.u32.f32 s1,s1
00024448	measure_position_sensor_offset	00024466	10ee907a	vmov r7,s1
00024448	measure_position_sensor_offset	0002446a	daed150a	vldr.32 s1,[r10,#0x54]
00024448	measure_position_sensor_offset	0002446e	f8ee600a	vcvt.f32.u32 s1,s1
00024448	measure_position_sensor_offset	00024472	9fed91aa	vldr.32 s20,[pc,#0x244]
00024448	measure_position_sensor_offset	00024476	60ee8a0a	vmul.f32 s1,s1,s20
00024448	measure_position_sensor_offset	0002447a	20ee800a	vmul.f32 s0,s1,s0
00024448	measure_position_sensor_offset	0002447e	00ee907a	vmov s1,r7
00024448	measure_position_sensor_offset	00024482	f8ee600a	vcvt.f32.u32 s1,s1
00024448	measure_position_sensor_offset	00024486	c0ee20aa	vdiv.f32 s21,s0,s1
00024448	measure_position_sensor_offset	0002448a	9fed8d8b	vldr.64 d8,[pc,#0x234]
00024448	measure_position_sensor_offset	0002448e	8e48	ldr r0,[0x000246c8]
00024448	measure_position_sensor_offset	00024490	d0ed049a	vldr.32 s19,[r0,#0x10]
00024448	measure_position_sensor_offset	00024494	9fed8d9a	vldr.32 s18,[pc,#0x234]
00024448	measure_position_sensor_offset	00024498	0024	movs r4,#0x0
00024448	measure_position_sensor_offset	0002449a	44f62065	movw r5,#0x4e20
00024448	measure_position_sensor_offset	0002449e	f0ee490a	vmov.f32 s1,s18
00024448	measure_position_sensor_offset	000244a2	b0ee690a	vmov.f32 s0,s19
00024448	measure_position_sensor_offset	000244a6	fdf783fa	bl 0x000219b0
00024448	measure_position_sensor_offset	000244aa	6420	movs r0,#0x64
00024448	measure_position_sensor_offset	000244ac	fdf758fd	bl 0x00021f60
00024448	measure_position_sensor_offset	000244b0	641c	adds r4,r4,#0x1
00024448	measure_position_sensor_offset	000244b2	a542	cmp r5,r4
00024448	measure_position_sensor_offset	000244b4	f3d8	bhi 0x0002449e
00024448	measure_position_sensor_offset	000244b6	0024	movs r4,#0x0
00024448	measure_position_sensor_offset	000244b8	002f	cmp r7,#0x0
00024448	measure_position_sensor_offset	000244ba	40f2ee80	bls.w 0x0002469a
00024448	measure_position_sensor_offset	000244be	dff81082	ldr.w r8,[0x000246d0]
00024448	measure_position_sensor_offset	000244c2	dff810b2	ldr.w r11,[0x000246d4]
00024448	measure_position_sensor_offset	000244c6	dff81092	ldr.w r9,[0x000246d8]
00024448	measure_position_sensor_offset	000244ca	9fed85bb	vldr.64 d11,[pc,#0x214]
00024448	measure_position_sensor_offset	000244ce	9fed86da	vldr.32 s26,[pc,#0x218]
00024448	measure_position_sensor_offset	000244d2	dfed86da	vldr.32 s27,[pc,#0x218]
00024448	measure_position_sensor_offset	000244d6	98f84400	ldrb.w r0,[r8,#0x44]
00024448	measure_position_sensor_offset	000244da	10f0010f	tst r0,#0x1
00024448	measure_position_sensor_offset	000244de	fad0	beq 0x000244d6
00024448	measure_position_sensor_offset	000244e0	b8f85410	ldrh.w r1,[r8,#0x54]
00024448	measure_position_sensor_offset	000244e4	bbf80000	ldrh.w r0,[r11,#0x0]
00024448	measure_position_sensor_offset	000244e8	99ed000a	vldr.32 s0,[r9]
00024448	measure_position_sensor_offset	000244ec	d9ed020a	vldr.32 s1,[r9,#0x8]
00024448	measure_position_sensor_offset	000244f0	01ee901a	vmov s3,r1
00024448	measure_position_sensor_offset	000244f4	99ed031a	vldr.32 s2,[r9,#0xc]
00024448	measure_position_sensor_offset	000244f8	20ee200a	vmul.f32 s0,s0,s1
00024448	measure_position_sensor_offset	000244fc	f8ee611a	vcvt.f32.u32 s3,s3
00024448	measure_position_sensor_offset	00024500	01ee810a	vmla.f32 s0,s3,s2
00024448	measure_position_sensor_offset	00024504	89ed000a	vstr.32 s0,[r9]
00024448	measure_position_sensor_offset	00024508	d9ed011a	vldr.32 s3,[r9,#0x4]
00024448	measure_position_sensor_offset	0002450c	bceec00a	vcvt.u32.f32 s0,s0
00024448	measure_position_sensor_offset	00024510	61eea00a	vmul.f32 s1,s3,s1
00024448	measure_position_sensor_offset	00024514	01ee900a	vmov s3,r0
00024448	measure_position_sensor_offset	00024518	10ee100a	vmov r0,s0
00024448	measure_position_sensor_offset	0002451c	f8ee611a	vcvt.f32.u32 s3,s3
00024448	measure_position_sensor_offset	00024520	85b2	uxth r5,r0
00024448	measure_position_sensor_offset	00024522	41ee810a	vmla.f32 s1,s3,s2
00024448	measure_position_sensor_offset	00024526	c9ed010a	vstr.32 s1,[r9,#0x4]
00024448	measure_position_sensor_offset	0002452a	bceee00a	vcvt.u32.f32 s0,s1
00024448	measure_position_sensor_offset	0002452e	d9ed050a	vldr.32 s1,[r9,#0x14]
00024448	measure_position_sensor_offset	00024532	99ed071a	vldr.32 s2,[r9,#0x1c]
00024448	measure_position_sensor_offset	00024536	10ee100a	vmov r0,s0
00024448	measure_position_sensor_offset	0002453a	00ee105a	vmov s0,r5
00024448	measure_position_sensor_offset	0002453e	86b2	uxth r6,r0
00024448	measure_position_sensor_offset	00024540	b8ee400a	vcvt.f32.u32 s0,s0
00024448	measure_position_sensor_offset	00024544	1aee900a	vmov r0,s21
00024448	measure_position_sensor_offset	00024548	30ee600a	vsub.f32 s0,s0,s1
00024448	measure_position_sensor_offset	0002454c	00ee906a	vmov s1,r6
00024448	measure_position_sensor_offset	00024550	f8ee600a	vcvt.f32.u32 s1,s1
00024448	measure_position_sensor_offset	00024554	70eec10a	vsub.f32 s1,s1,s2
00024448	measure_position_sensor_offset	00024558	99ed0a1a	vldr.32 s2,[r9,#0x28]
00024448	measure_position_sensor_offset	0002455c	20ee81ca	vmul.f32 s24,s1,s2
00024448	measure_position_sensor_offset	00024560	d9ed0c0a	vldr.32 s1,[r9,#0x30]
00024448	measure_position_sensor_offset	00024564	00ee60ca	vmls.f32 s24,s0,s1
00024448	measure_position_sensor_offset	00024568	d9ed0b0a	vldr.32 s1,[r9,#0x2c]
00024448	measure_position_sensor_offset	0002456c	60ee80ca	vmul.f32 s25,s1,s0
00024448	measure_position_sensor_offset	00024570	03f0b2fa	bl 0x00027ad8
00024448	measure_position_sensor_offset	00024574	53ec182b	vmov r2,r3,d8
00024448	measure_position_sensor_offset	00024578	02f0aefd	bl 0x000270d8
00024448	measure_position_sensor_offset	0002457c	41ec180b	vmov d8,r0,r1
00024448	measure_position_sensor_offset	00024580	53ec1b2b	vmov r2,r3,d11
00024448	measure_position_sensor_offset	00024584	02f0e8ff	bl 0x00027558
00024448	measure_position_sensor_offset	00024588	02f0a6ff	bl 0x000274d8
00024448	measure_position_sensor_offset	0002458c	00ee100a	vmov s0,r0
00024448	measure_position_sensor_offset	00024590	b8ee400a	vcvt.f32.u32 s0,s0
00024448	measure_position_sensor_offset	00024594	20ee0a0a	vmul.f32 s0,s0,s20
00024448	measure_position_sensor_offset	00024598	10ee100a	vmov r0,s0
00024448	measure_position_sensor_offset	0002459c	03f09cfa	bl 0x00027ad8
00024448	measure_position_sensor_offset	000245a0	53ec182b	vmov r2,r3,d8
00024448	measure_position_sensor_offset	000245a4	03f0d6f8	bl 0x00027754
00024448	measure_position_sensor_offset	000245a8	02f064fd	bl 0x00027074
00024448	measure_position_sensor_offset	000245ac	0690	str r0,[sp,#0x18]
00024448	measure_position_sensor_offset	000245ae	f0ee4d0a	vmov.f32 s1,s26
00024448	measure_position_sensor_offset	000245b2	b0ee6d0a	vmov.f32 s0,s27
00024448	measure_position_sensor_offset	000245b6	06a8	add r0,sp,#0x18
00024448	measure_position_sensor_offset	000245b8	fdf7fff9	bl 0x000219ba
00024448	measure_position_sensor_offset	000245bc	08a9	add r1,sp,#0x20
00024448	measure_position_sensor_offset	000245be	07a8	add r0,sp,#0x1c
00024448	measure_position_sensor_offset	000245c0	9ded060a	vldr.32 s0,[sp,#0x18]
00024448	measure_position_sensor_offset	000245c4	fdf7eaf9	bl 0x0002199c
00024448	measure_position_sensor_offset	000245c8	9ded080a	vldr.32 s0,[sp,#0x20]
00024448	measure_position_sensor_offset	000245cc	dded070a	vldr.32 s1,[sp,#0x1c]
00024448	measure_position_sensor_offset	000245d0	f0ee491a	vmov.f32 s3,s18
00024448	measure_position_sensor_offset	000245d4	20ee291a	vmul.f32 s2,s0,s19
00024448	measure_position_sensor_offset	000245d8	00eee11a	vmls.f32 s2,s1,s3
00024448	measure_position_sensor_offset	000245dc	60eea90a	vmul.f32 s1,s1,s19
00024448	measure_position_sensor_offset	000245e0	40ee210a	vmla.f32 s1,s0,s3
00024448	measure_position_sensor_offset	000245e4	b0ee410a	vmov.f32 s0,s2
00024448	measure_position_sensor_offset	000245e8	fdf7e2f9	bl 0x000219b0
00024448	measure_position_sensor_offset	000245ec	0120	movs r0,#0x1
00024448	measure_position_sensor_offset	000245ee	88f84600	strb.w r0,[r8,#0x46]
00024448	measure_position_sensor_offset	000245f2	4820	movs r0,#0x48
00024448	measure_position_sensor_offset	000245f4	8df80000	strb.w r0,[sp,#0x0]
00024448	measure_position_sensor_offset	000245f8	9aed150a	vldr.32 s0,[r10,#0x54]
00024448	measure_position_sensor_offset	000245fc	daed130a	vldr.32 s1,[r10,#0x4c]
00024448	measure_position_sensor_offset	00024600	b8ee400a	vcvt.f32.u32 s0,s0
00024448	measure_position_sensor_offset	00024604	20ee200a	vmul.f32 s0,s0,s1
00024448	measure_position_sensor_offset	00024608	10ee100a	vmov r0,s0
00024448	measure_position_sensor_offset	0002460c	03f064fa	bl 0x00027ad8
00024448	measure_position_sensor_offset	00024610	41ec100b	vmov d0,r0,r1
00024448	measure_position_sensor_offset	00024614	51ec180b	vmov r0,r1,d8
00024448	measure_position_sensor_offset	00024618	53ec102b	vmov r2,r3,d0
00024448	measure_position_sensor_offset	0002461c	02f004fe	bl 0x00027228
00024448	measure_position_sensor_offset	00024620	02f028fd	bl 0x00027074
00024448	measure_position_sensor_offset	00024624	cdf80100	str.w r0,[sp,#0x1]
00024448	measure_position_sensor_offset	00024628	f0ee6c0a	vmov.f32 s1,s25
00024448	measure_position_sensor_offset	0002462c	b0ee4c0a	vmov.f32 s0,s24
00024448	measure_position_sensor_offset	00024630	fff7dafa	bl 0x00023be8
00024448	measure_position_sensor_offset	00024634	10ee100a	vmov r0,s0
00024448	measure_position_sensor_offset	00024638	2d49	ldr r1,[0x000246f0]
00024448	measure_position_sensor_offset	0002463a	cdf80500	str.w r0,[sp,#0x5]
00024448	measure_position_sensor_offset	0002463e	ddf80100	ldr.w r0,[sp,#0x1]
00024448	measure_position_sensor_offset	00024642	00ee100a	vmov s0,r0
00024448	measure_position_sensor_offset	00024646	ddf80500	ldr.w r0,[sp,#0x5]
00024448	measure_position_sensor_offset	0002464a	00ee900a	vmov s1,r0
00024448	measure_position_sensor_offset	0002464e	30ee600a	vsub.f32 s0,s0,s1
00024448	measure_position_sensor_offset	00024652	10ee100a	vmov r0,s0
00024448	measure_position_sensor_offset	00024656	8842	cmp r0,r1
00024448	measure_position_sensor_offset	00024658	c8bf	it gt
00024448	measure_position_sensor_offset	0002465a	30ee4a0a	vsub.gt.f32 s0,s0,s20
00024448	measure_position_sensor_offset	0002465e	06dc	bgt 0x0002466e
00024448	measure_position_sensor_offset	00024660	10ee100a	vmov r0,s0
00024448	measure_position_sensor_offset	00024664	2349	ldr r1,[0x000246f4]
00024448	measure_position_sensor_offset	00024666	8842	cmp r0,r1
00024448	measure_position_sensor_offset	00024668	88bf	it hi
00024448	measure_position_sensor_offset	0002466a	30ee0a0a	vadd.hi.f32 s0,s0,s20
00024448	measure_position_sensor_offset	0002466e	10ee100a	vmov r0,s0
00024448	measure_position_sensor_offset	00024672	1121	movs r1,#0x11
00024448	measure_position_sensor_offset	00024674	cdf80900	str.w r0,[sp,#0x9]
00024448	measure_position_sensor_offset	00024678	adf80d50	strh.w r5,[sp,#0xd]
00024448	measure_position_sensor_offset	0002467c	adf80f60	strh.w r6,[sp,#0xf]
00024448	measure_position_sensor_offset	00024680	6846	mov r0,sp
00024448	measure_position_sensor_offset	00024682	fdf701fc	bl 0x00021e88
00024448	measure_position_sensor_offset	00024686	cdf81100	str.w r0,[sp,#0x11]
00024448	measure_position_sensor_offset	0002468a	1521	movs r1,#0x15
00024448	measure_position_sensor_offset	0002468c	6846	mov r0,sp
00024448	measure_position_sensor_offset	0002468e	fff785f8	bl 0x0002379c
00024448	measure_position_sensor_offset	00024692	641c	adds r4,r4,#0x1
00024448	measure_position_sensor_offset	00024694	bc42	cmp r4,r7
00024448	measure_position_sensor_offset	00024696	fff41eaf	bcc.w 0x000244d6
00024448	measure_position_sensor_offset	0002469a	b0ee490a	vmov.f32 s0,s18
00024448	measure_position_sensor_offset	0002469e	f0ee400a	vmov.f32 s1,s0
00024448	measure_position_sensor_offset	000246a2	fdf785f9	bl 0x000219b0
00024448	measure_position_sensor_offset	000246a6	09b0	add sp,#0x24
00024448	measure_position_sensor_offset	000246a8	bdec0c8b	vpop {d8,d9,d10,d11,d12,d13}
00024448	measure_position_sensor_offset	000246ac	bde8f08f	pop.w {r4,r5,r6,r7,r8,r9,r10,r11,pc}
000246f8	calibrate_position_sensor	000246f8	2de9f04f	push {r4,r5,r6,r7,r8,r9,r10,r11,lr}
000246f8	calibrate_position_sensor	000246fc	2ded0c8b	vpush {d8,d9,d10,d11,d12,d13}
000246f8	calibrate_position_sensor	00024700	8fb0	sub sp,#0x3c
000246f8	calibrate_position_sensor	00024702	4ff0000a	mov.w r10,#0x0
000246f8	calibrate_position_sensor	00024706	9fedec8a	vldr.32 s16,[pc,#0x3b0]
000246f8	calibrate_position_sensor	0002470a	4ff0e020	mov.w r0,#0xe000e000
000246f8	calibrate_position_sensor	0002470e	8ded0c8a	vstr.32 s16,[sp,#0x30]
000246f8	calibrate_position_sensor	00024712	4ff48058	mov.w r8,#0x1000
000246f8	calibrate_position_sensor	00024716	0421	movs r1,#0x4
000246f8	calibrate_position_sensor	00024718	d146	mov r9,r10
000246f8	calibrate_position_sensor	0002471a	5746	mov r7,r10
000246f8	calibrate_position_sensor	0002471c	4646	mov r6,r8
000246f8	calibrate_position_sensor	0002471e	f0ee48aa	vmov.f32 s21,s16
000246f8	calibrate_position_sensor	00024722	b0ee48aa	vmov.f32 s20,s16
000246f8	calibrate_position_sensor	00024726	f0ee489a	vmov.f32 s19,s16
000246f8	calibrate_position_sensor	0002472a	b0ee489a	vmov.f32 s18,s16
000246f8	calibrate_position_sensor	0002472e	c0f88011	str.w r1,[r0,#0x180]
000246f8	calibrate_position_sensor	00024732	bff34f8f	dsb #0xf
000246f8	calibrate_position_sensor	00024736	bff36f8f	isb #0xf
000246f8	calibrate_position_sensor	0002473a	e048	ldr r0,[0x00024abc]
000246f8	calibrate_position_sensor	0002473c	90f84410	ldrb.w r1,[r0,#0x44]
000246f8	calibrate_position_sensor	00024740	11f0010f	tst r1,#0x1
000246f8	calibrate_position_sensor	00024744	fad0	beq 0x0002473c
000246f8	calibrate_position_sensor	00024746	b0f85420	ldrh.w r2,[r0,#0x54]
000246f8	calibrate_position_sensor	0002474a	dff874c3	ldr.w r12,[0x00024ac0]
000246f8	calibrate_position_sensor	0002474e	bcf80030	ldrh.w r3,[r12,#0x0]
000246f8	calibrate_position_sensor	00024752	dc49	ldr r1,[0x00024ac4]
000246f8	calibrate_position_sensor	00024754	01ee102a	vmov s2,r2
000246f8	calibrate_position_sensor	00024758	dff86cb3	ldr.w r11,[0x00024ac8]
000246f8	calibrate_position_sensor	0002475c	d1ed000a	vldr.32 s1,[r1]
000246f8	calibrate_position_sensor	00024760	91ed020a	vldr.32 s0,[r1,#0x8]
000246f8	calibrate_position_sensor	00024764	b8ee411a	vcvt.f32.u32 s2,s2
000246f8	calibrate_position_sensor	00024768	60ee801a	vmul.f32 s3,s1,s0
000246f8	calibrate_position_sensor	0002476c	d1ed030a	vldr.32 s1,[r1,#0xc]
000246f8	calibrate_position_sensor	00024770	41ee201a	vmla.f32 s3,s2,s1
000246f8	calibrate_position_sensor	00024774	c1ed001a	vstr.32 s3,[r1]
000246f8	calibrate_position_sensor	00024778	91ed011a	vldr.32 s2,[r1,#0x4]
000246f8	calibrate_position_sensor	0002477c	21ee001a	vmul.f32 s2,s2,s0
000246f8	calibrate_position_sensor	00024780	00ee103a	vmov s0,r3
000246f8	calibrate_position_sensor	00024784	b8ee400a	vcvt.f32.u32 s0,s0
000246f8	calibrate_position_sensor	00024788	00ee201a	vmla.f32 s2,s0,s1
000246f8	calibrate_position_sensor	0002478c	81ed011a	vstr.32 s2,[r1,#0x4]
000246f8	calibrate_position_sensor	00024790	9bed060a	vldr.32 s0,[r11,#0x18]
000246f8	calibrate_position_sensor	00024794	9fedcdca	vldr.32 s24,[pc,#0x334]
000246f8	calibrate_position_sensor	00024798	70ee0cba	vadd.f32 s23,s0,s24
000246f8	calibrate_position_sensor	0002479c	dfedccca	vldr.32 s25,[pc,#0x330]
000246f8	calibrate_position_sensor	000247a0	9fedccda	vldr.32 s26,[pc,#0x330]
000246f8	calibrate_position_sensor	000247a4	dfedcc8a	vldr.32 s17,[pc,#0x330]
000246f8	calibrate_position_sensor	000247a8	c448	ldr r0,[0x00024abc]
000246f8	calibrate_position_sensor	000247aa	90f84410	ldrb.w r1,[r0,#0x44]
000246f8	calibrate_position_sensor	000247ae	11f0010f	tst r1,#0x1
000246f8	calibrate_position_sensor	000247b2	f9d0	beq 0x000247a8
000246f8	calibrate_position_sensor	000247b4	b0f85410	ldrh.w r1,[r0,#0x54]
000246f8	calibrate_position_sensor	000247b8	c148	ldr r0,[0x00024ac0]
000246f8	calibrate_position_sensor	000247ba	0288	ldrh r2,[r0,#0x0]
000246f8	calibrate_position_sensor	000247bc	c148	ldr r0,[0x00024ac4]
000246f8	calibrate_position_sensor	000247be	01ee901a	vmov s3,r1
000246f8	calibrate_position_sensor	000247c2	90ed000a	vldr.32 s0,[r0]
000246f8	calibrate_position_sensor	000247c6	d0ed020a	vldr.32 s1,[r0,#0x8]
000246f8	calibrate_position_sensor	000247ca	f8ee611a	vcvt.f32.u32 s3,s3
000246f8	calibrate_position_sensor	000247ce	20ee201a	vmul.f32 s2,s0,s1
000246f8	calibrate_position_sensor	000247d2	90ed030a	vldr.32 s0,[r0,#0xc]
000246f8	calibrate_position_sensor	000247d6	01ee801a	vmla.f32 s2,s3,s0
000246f8	calibrate_position_sensor	000247da	80ed001a	vstr.32 s2,[r0]
000246f8	calibrate_position_sensor	000247de	d0ed011a	vldr.32 s3,[r0,#0x4]
000246f8	calibrate_position_sensor	000247e2	61eea01a	vmul.f32 s3,s3,s1
000246f8	calibrate_position_sensor	000247e6	00ee902a	vmov s1,r2
000246f8	calibrate_position_sensor	000247ea	f8ee600a	vcvt.f32.u32 s1,s1
000246f8	calibrate_position_sensor	000247ee	40ee801a	vmla.f32 s3,s1,s0
000246f8	calibrate_position_sensor	000247f2	bceec10a	vcvt.u32.f32 s0,s2
000246f8	calibrate_position_sensor	000247f6	c0ed011a	vstr.32 s3,[r0,#0x4]
000246f8	calibrate_position_sensor	000247fa	10ee100a	vmov r0,s0
000246f8	calibrate_position_sensor	000247fe	bceee10a	vcvt.u32.f32 s0,s3
000246f8	calibrate_position_sensor	00024802	84b2	uxth r4,r0
000246f8	calibrate_position_sensor	00024804	10ee100a	vmov r0,s0
000246f8	calibrate_position_sensor	00024808	4c45	cmp r4,r9
000246f8	calibrate_position_sensor	0002480a	85b2	uxth r5,r0
000246f8	calibrate_position_sensor	0002480c	84bf	itt hi
000246f8	calibrate_position_sensor	0002480e	a146	mov.hi r9,r4
000246f8	calibrate_position_sensor	00024810	dbed06aa	vldr.hi.32 s21,[r11,#0x18]
000246f8	calibrate_position_sensor	00024814	4445	cmp r4,r8
000246f8	calibrate_position_sensor	00024816	3cbf	itt cc
000246f8	calibrate_position_sensor	00024818	a046	mov.cc r8,r4
000246f8	calibrate_position_sensor	0002481a	dbed069a	vldr.cc.32 s19,[r11,#0x18]
000246f8	calibrate_position_sensor	0002481e	bd42	cmp r5,r7
000246f8	calibrate_position_sensor	00024820	84bf	itt hi
000246f8	calibrate_position_sensor	00024822	2f46	mov.hi r7,r5
000246f8	calibrate_position_sensor	00024824	9bed06aa	vldr.hi.32 s20,[r11,#0x18]
000246f8	calibrate_position_sensor	00024828	b542	cmp r5,r6
000246f8	calibrate_position_sensor	0002482a	3cbf	itt cc
000246f8	calibrate_position_sensor	0002482c	2e46	mov.cc r6,r5
000246f8	calibrate_position_sensor	0002482e	9bed069a	vldr.cc.32 s18,[r11,#0x18]
000246f8	calibrate_position_sensor	00024832	aa48	ldr r0,[0x00024adc]
000246f8	calibrate_position_sensor	00024834	4168	ldr r1,[r0,#0x4]
000246f8	calibrate_position_sensor	00024836	31b3	cbz r1,0x00024886
000246f8	calibrate_position_sensor	00024838	0021	movs r1,#0x0
000246f8	calibrate_position_sensor	0002483a	4160	str r1,[r0,#0x4]
000246f8	calibrate_position_sensor	0002483c	dbed150a	vldr.32 s1,[r11,#0x54]
000246f8	calibrate_position_sensor	00024840	90ed020a	vldr.32 s0,[r0,#0x8]
000246f8	calibrate_position_sensor	00024844	9bed161a	vldr.32 s2,[r11,#0x58]
000246f8	calibrate_position_sensor	00024848	f8ee600a	vcvt.f32.u32 s1,s1
000246f8	calibrate_position_sensor	0002484c	0ca8	add r0,sp,#0x30
000246f8	calibrate_position_sensor	0002484e	60ee200a	vmul.f32 s1,s0,s1
000246f8	calibrate_position_sensor	00024852	20ee010a	vmul.f32 s0,s0,s2
000246f8	calibrate_position_sensor	00024856	bceec00a	vcvt.u32.f32 s0,s0
000246f8	calibrate_position_sensor	0002485a	b8ee400a	vcvt.f32.u32 s0,s0
000246f8	calibrate_position_sensor	0002485e	40ee4c0a	vmls.f32 s1,s0,s24
000246f8	calibrate_position_sensor	00024862	9bed050a	vldr.32 s0,[r11,#0x14]
000246f8	calibrate_position_sensor	00024866	30ee800a	vadd.f32 s0,s1,s0
000246f8	calibrate_position_sensor	0002486a	f0ee6c0a	vmov.f32 s1,s25
000246f8	calibrate_position_sensor	0002486e	8ded0c0a	vstr.32 s0,[sp,#0x30]
000246f8	calibrate_position_sensor	00024872	b0ee4d0a	vmov.f32 s0,s26
000246f8	calibrate_position_sensor	00024876	fdf7a0f8	bl 0x000219ba
000246f8	calibrate_position_sensor	0002487a	0ea9	add r1,sp,#0x38
000246f8	calibrate_position_sensor	0002487c	0da8	add r0,sp,#0x34
000246f8	calibrate_position_sensor	0002487e	9ded0c0a	vldr.32 s0,[sp,#0x30]
000246f8	calibrate_position_sensor	00024882	fdf78bf8	bl 0x0002199c
000246f8	calibrate_position_sensor	00024886	0af1010a	add.w r10,r10,#0x1
000246f8	calibrate_position_sensor	0002488a	baf1140f	cmp.w r10,#0x14
000246f8	calibrate_position_sensor	0002488e	18d1	bne 0x000248c2
000246f8	calibrate_position_sensor	00024890	6820	movs r0,#0x68
000246f8	calibrate_position_sensor	00024892	8df81800	strb.w r0,[sp,#0x18]
000246f8	calibrate_position_sensor	00024896	4ff0000a	mov.w r10,#0x0
000246f8	calibrate_position_sensor	0002489a	cdf819a0	str.w r10,[sp,#0x19]
000246f8	calibrate_position_sensor	0002489e	cdf81da0	str.w r10,[sp,#0x1d]
000246f8	calibrate_position_sensor	000248a2	cdf821a0	str.w r10,[sp,#0x21]
000246f8	calibrate_position_sensor	000248a6	adf82540	strh.w r4,[sp,#0x25]
000246f8	calibrate_position_sensor	000248aa	adf82750	strh.w r5,[sp,#0x27]
000246f8	calibrate_position_sensor	000248ae	1121	movs r1,#0x11
000246f8	calibrate_position_sensor	000248b0	06a8	add r0,sp,#0x18
000246f8	calibrate_position_sensor	000248b2	fdf7e9fa	bl 0x00021e88
000246f8	calibrate_position_sensor	000248b6	cdf82900	str.w r0,[sp,#0x29]
000246f8	calibrate_position_sensor	000248ba	1521	movs r1,#0x15
000246f8	calibrate_position_sensor	000248bc	06a8	add r0,sp,#0x18
000246f8	calibrate_position_sensor	000248be	fef76dff	bl 0x0002379c
000246f8	calibrate_position_sensor	000248c2	9bed060a	vldr.32 s0,[r11,#0x18]
000246f8	calibrate_position_sensor	000248c6	8648	ldr r0,[0x00024ae0]
000246f8	calibrate_position_sensor	000248c8	30ee6b0a	vsub.f32 s0,s0,s23
000246f8	calibrate_position_sensor	000248cc	80ed068a	vstr.32 s16,[r0,#0x18]
000246f8	calibrate_position_sensor	000248d0	8448	ldr r0,[0x00024ae4]
000246f8	calibrate_position_sensor	000248d2	b0eec0ba	vabs.f32 s22,s0
000246f8	calibrate_position_sensor	000248d6	c0ed068a	vstr.32 s17,[r0,#0x18]
000246f8	calibrate_position_sensor	000248da	9ded0e1a	vldr.32 s2,[sp,#0x38]
000246f8	calibrate_position_sensor	000248de	9ded0d0a	vldr.32 s0,[sp,#0x34]
000246f8	calibrate_position_sensor	000248e2	68ee011a	vmul.f32 s3,s16,s2
000246f8	calibrate_position_sensor	000248e6	68ee000a	vmul.f32 s1,s16,s0
000246f8	calibrate_position_sensor	000248ea	40ee681a	vmls.f32 s3,s0,s17
000246f8	calibrate_position_sensor	000248ee	41ee280a	vmla.f32 s1,s2,s17
000246f8	calibrate_position_sensor	000248f2	b0ee610a	vmov.f32 s0,s3
000246f8	calibrate_position_sensor	000248f6	fdf75bf8	bl 0x000219b0
000246f8	calibrate_position_sensor	000248fa	7049	ldr r1,[0x00024abc]
000246f8	calibrate_position_sensor	000248fc	0120	movs r0,#0x1
000246f8	calibrate_position_sensor	000248fe	81f84600	strb.w r0,[r1,#0x46]
000246f8	calibrate_position_sensor	00024902	7949	ldr r1,[0x00024ae8]
000246f8	calibrate_position_sensor	00024904	0870	strb r0,[r1,#0x0]
000246f8	calibrate_position_sensor	00024906	7949	ldr r1,[0x00024aec]
000246f8	calibrate_position_sensor	00024908	0870	strb r0,[r1,#0x0]
000246f8	calibrate_position_sensor	0002490a	1bee100a	vmov r0,s22
000246f8	calibrate_position_sensor	0002490e	7849	ldr r1,[0x00024af0]
000246f8	calibrate_position_sensor	00024910	8842	cmp r0,r1
000246f8	calibrate_position_sensor	00024912	3ff749af	bgt.w 0x000247a8
000246f8	calibrate_position_sensor	00024916	09eb0800	add.w r0,r9,r8
000246f8	calibrate_position_sensor	0002491a	00ee100a	vmov s0,r0
000246f8	calibrate_position_sensor	0002491e	b6ee001a	vmov.f32 s2,0x3f000000
000246f8	calibrate_position_sensor	00024922	dff8a0a1	ldr.w r10,[0x00024ac4]
000246f8	calibrate_position_sensor	00024926	b8ee400a	vcvt.f32.u32 s0,s0
000246f8	calibrate_position_sensor	0002492a	b819	adds r0,r7,r6
000246f8	calibrate_position_sensor	0002492c	7aee6a0a	vsub.f32 s1,s20,s21
000246f8	calibrate_position_sensor	00024930	704a	ldr r2,[0x00024af4]
000246f8	calibrate_position_sensor	00024932	20ee010a	vmul.f32 s0,s0,s2
000246f8	calibrate_position_sensor	00024936	7049	ldr r1,[0x00024af8]
000246f8	calibrate_position_sensor	00024938	8aed050a	vstr.32 s0,[r10,#0x14]
000246f8	calibrate_position_sensor	0002493c	00ee100a	vmov s0,r0
000246f8	calibrate_position_sensor	00024940	a9eb0800	sub.w r0,r9,r8
000246f8	calibrate_position_sensor	00024944	b8ee400a	vcvt.f32.u32 s0,s0
000246f8	calibrate_position_sensor	00024948	20ee010a	vmul.f32 s0,s0,s2
000246f8	calibrate_position_sensor	0002494c	8aed070a	vstr.32 s0,[r10,#0x1c]
000246f8	calibrate_position_sensor	00024950	00ee100a	vmov s0,r0
000246f8	calibrate_position_sensor	00024954	b81b	subs r0,r7,r6
000246f8	calibrate_position_sensor	00024956	b8eec0ba	vcvt.f32.s32 s22,s0
000246f8	calibrate_position_sensor	0002495a	00ee100a	vmov s0,r0
000246f8	calibrate_position_sensor	0002495e	10ee900a	vmov r0,s1
000246f8	calibrate_position_sensor	00024962	f8eec08a	vcvt.f32.s32 s17,s0
000246f8	calibrate_position_sensor	00024966	9042	cmp r0,r2
000246f8	calibrate_position_sensor	00024968	c8bf	it gt
000246f8	calibrate_position_sensor	0002496a	70eecc0a	vsub.gt.f32 s1,s1,s24
000246f8	calibrate_position_sensor	0002496e	05dc	bgt 0x0002497c
000246f8	calibrate_position_sensor	00024970	10ee900a	vmov r0,s1
000246f8	calibrate_position_sensor	00024974	8842	cmp r0,r1
000246f8	calibrate_position_sensor	00024976	88bf	it hi
000246f8	calibrate_position_sensor	00024978	70ee8c0a	vadd.hi.f32 s1,s1,s24
000246f8	calibrate_position_sensor	0002497c	39ee690a	vsub.f32 s0,s18,s19
000246f8	calibrate_position_sensor	00024980	10ee100a	vmov r0,s0
000246f8	calibrate_position_sensor	00024984	9042	cmp r0,r2
000246f8	calibrate_position_sensor	00024986	c8bf	it gt
000246f8	calibrate_position_sensor	00024988	30ee4c0a	vsub.gt.f32 s0,s0,s24
000246f8	calibrate_position_sensor	0002498c	05dc	bgt 0x0002499a
000246f8	calibrate_position_sensor	0002498e	10ee100a	vmov r0,s0
000246f8	calibrate_position_sensor	00024992	8842	cmp r0,r1
000246f8	calibrate_position_sensor	00024994	88bf	it hi
000246f8	calibrate_position_sensor	00024996	30ee0c0a	vadd.hi.f32 s0,s0,s24
000246f8	calibrate_position_sensor	0002499a	30ee800a	vadd.f32 s0,s1,s0
000246f8	calibrate_position_sensor	0002499e	0af13001	add.w r1,r10,#0x30
000246f8	calibrate_position_sensor	000249a2	081f	subs r0,r1,#0x4
000246f8	calibrate_position_sensor	000249a4	20ee018a	vmul.f32 s16,s0,s2
000246f8	calibrate_position_sensor	000249a8	b0ee480a	vmov.f32 s0,s16
000246f8	calibrate_position_sensor	000249ac	fcf7f6ff	bl 0x0002199c
000246f8	calibrate_position_sensor	000249b0	cbee280a	vdiv.f32 s1,s22,s17
000246f8	calibrate_position_sensor	000249b4	514d	ldr r5,[0x00024afc]
000246f8	calibrate_position_sensor	000249b6	4a20	movs r0,#0x4a
000246f8	calibrate_position_sensor	000249b8	0024	movs r4,#0x0
000246f8	calibrate_position_sensor	000249ba	1121	movs r1,#0x11
000246f8	calibrate_position_sensor	000249bc	caed0a0a	vstr.32 s1,[r10,#0x28]
000246f8	calibrate_position_sensor	000249c0	9aed050a	vldr.32 s0,[r10,#0x14]
000246f8	calibrate_position_sensor	000249c4	85ed000a	vstr.32 s0,[r5]
000246f8	calibrate_position_sensor	000249c8	9aed070a	vldr.32 s0,[r10,#0x1c]
000246f8	calibrate_position_sensor	000249cc	85ed010a	vstr.32 s0,[r5,#0x4]
000246f8	calibrate_position_sensor	000249d0	c5ed020a	vstr.32 s1,[r5,#0x8]
000246f8	calibrate_position_sensor	000249d4	85ed038a	vstr.32 s16,[r5,#0xc]
000246f8	calibrate_position_sensor	000249d8	8df81800	strb.w r0,[sp,#0x18]
000246f8	calibrate_position_sensor	000249dc	cdf81940	str.w r4,[sp,#0x19]
000246f8	calibrate_position_sensor	000249e0	cdf81d40	str.w r4,[sp,#0x1d]
000246f8	calibrate_position_sensor	000249e4	cdf82140	str.w r4,[sp,#0x21]
000246f8	calibrate_position_sensor	000249e8	bbf85400	ldrh.w r0,[r11,#0x54]
000246f8	calibrate_position_sensor	000249ec	adf82500	strh.w r0,[sp,#0x25]
000246f8	calibrate_position_sensor	000249f0	9bed130a	vldr.32 s0,[r11,#0x4c]
000246f8	calibrate_position_sensor	000249f4	bceec00a	vcvt.u32.f32 s0,s0
000246f8	calibrate_position_sensor	000249f8	10ee100a	vmov r0,s0
000246f8	calibrate_position_sensor	000249fc	adf82700	strh.w r0,[sp,#0x27]
000246f8	calibrate_position_sensor	00024a00	06a8	add r0,sp,#0x18
000246f8	calibrate_position_sensor	00024a02	fdf741fa	bl 0x00021e88
000246f8	calibrate_position_sensor	00024a06	cdf82900	str.w r0,[sp,#0x29]
000246f8	calibrate_position_sensor	00024a0a	1521	movs r1,#0x15
000246f8	calibrate_position_sensor	00024a0c	06a8	add r0,sp,#0x18
000246f8	calibrate_position_sensor	00024a0e	fef7c5fe	bl 0x0002379c
000246f8	calibrate_position_sensor	00024a12	0120	movs r0,#0x1
000246f8	calibrate_position_sensor	00024a14	fdf788fa	bl 0x00021f28
000246f8	calibrate_position_sensor	00024a18	fff716fd	bl 0x00024448
000246f8	calibrate_position_sensor	00024a1c	5a20	movs r0,#0x5a
000246f8	calibrate_position_sensor	00024a1e	8df81800	strb.w r0,[sp,#0x18]
000246f8	calibrate_position_sensor	00024a22	cdf81940	str.w r4,[sp,#0x19]
000246f8	calibrate_position_sensor	00024a26	cdf81d40	str.w r4,[sp,#0x1d]
000246f8	calibrate_position_sensor	00024a2a	cdf82140	str.w r4,[sp,#0x21]
000246f8	calibrate_position_sensor	00024a2e	4ff6ff70	movw r0,#0xffff
000246f8	calibrate_position_sensor	00024a32	adf82500	strh.w r0,[sp,#0x25]
000246f8	calibrate_position_sensor	00024a36	adf82700	strh.w r0,[sp,#0x27]
000246f8	calibrate_position_sensor	00024a3a	1121	movs r1,#0x11
000246f8	calibrate_position_sensor	00024a3c	06a8	add r0,sp,#0x18
000246f8	calibrate_position_sensor	00024a3e	fdf723fa	bl 0x00021e88
000246f8	calibrate_position_sensor	00024a42	cdf82900	str.w r0,[sp,#0x29]
000246f8	calibrate_position_sensor	00024a46	1521	movs r1,#0x15
000246f8	calibrate_position_sensor	00024a48	06a8	add r0,sp,#0x18
000246f8	calibrate_position_sensor	00024a4a	fef7a7fe	bl 0x0002379c
000246f8	calibrate_position_sensor	00024a4e	0120	movs r0,#0x1
000246f8	calibrate_position_sensor	00024a50	fdf76afa	bl 0x00021f28
000246f8	calibrate_position_sensor	00024a54	daf82800	ldr.w r0,[r10,#0x28]
000246f8	calibrate_position_sensor	00024a58	03f03ef8	bl 0x00027ad8
000246f8	calibrate_position_sensor	00024a5c	8046	mov r8,r0
000246f8	calibrate_position_sensor	00024a5e	8946	mov r9,r1
000246f8	calibrate_position_sensor	00024a60	e868	ldr r0,[r5,#0xc]
000246f8	calibrate_position_sensor	00024a62	03f039f8	bl 0x00027ad8
000246f8	calibrate_position_sensor	00024a66	0646	mov r6,r0
000246f8	calibrate_position_sensor	00024a68	0f46	mov r7,r1
000246f8	calibrate_position_sensor	00024a6a	daf81c00	ldr.w r0,[r10,#0x1c]
000246f8	calibrate_position_sensor	00024a6e	03f033f8	bl 0x00027ad8
000246f8	calibrate_position_sensor	00024a72	0446	mov r4,r0
000246f8	calibrate_position_sensor	00024a74	0d46	mov r5,r1
000246f8	calibrate_position_sensor	00024a76	daf81400	ldr.w r0,[r10,#0x14]
000246f8	calibrate_position_sensor	00024a7a	03f02df8	bl 0x00027ad8
000246f8	calibrate_position_sensor	00024a7e	8de8f003	stm sp,{r4,r5,r6,r7,r8,r9}
000246f8	calibrate_position_sensor	00024a82	41ec100b	vmov d0,r0,r1
000246f8	calibrate_position_sensor	00024a86	1ea0	adr r0,[0x24b00]
000246f8	calibrate_position_sensor	00024a88	53ec102b	vmov r2,r3,d0
000246f8	calibrate_position_sensor	00024a8c	fbf7f2fc	bl 0x00020474
000246f8	calibrate_position_sensor	00024a90	0a49	ldr r1,[0x00024abc]
000246f8	calibrate_position_sensor	00024a92	0120	movs r0,#0x1
000246f8	calibrate_position_sensor	00024a94	81f84600	strb.w r0,[r1,#0x46]
000246f8	calibrate_position_sensor	00024a98	1349	ldr r1,[0x00024ae8]
000246f8	calibrate_position_sensor	00024a9a	0870	strb r0,[r1,#0x0]
000246f8	calibrate_position_sensor	00024a9c	1349	ldr r1,[0x00024aec]
000246f8	calibrate_position_sensor	00024a9e	0870	strb r0,[r1,#0x0]
000246f8	calibrate_position_sensor	00024aa0	4ff0e021	mov.w r1,#0xe000e000
000246f8	calibrate_position_sensor	00024aa4	0420	movs r0,#0x4
000246f8	calibrate_position_sensor	00024aa6	c1f88002	str.w r0,[r1,#0x280]
000246f8	calibrate_position_sensor	00024aaa	c1f80001	str.w r0,[r1,#0x100]
000246f8	calibrate_position_sensor	00024aae	0fb0	add sp,#0x3c
000246f8	calibrate_position_sensor	00024ab0	bdec0c8b	vpop {d8,d9,d10,d11,d12,d13}
000246f8	calibrate_position_sensor	00024ab4	bde8f08f	pop.w {r4,r5,r6,r7,r8,r9,r10,r11,pc}
00024b20	measure_encoder_alignment	00024b20	2de9f04f	push {r4,r5,r6,r7,r8,r9,r10,r11,lr}
00024b20	measure_encoder_alignment	00024b24	dff84cb3	ldr.w r11,[0x00024e74]
00024b20	measure_encoder_alignment	00024b28	2ded108b	vpush {d8,d9,d10,d11,d12,d13,d14,d15}
00024b20	measure_encoder_alignment	00024b2c	8bb0	sub sp,#0x2c
00024b20	measure_encoder_alignment	00024b2e	dbf85400	ldr.w r0,[r11,#0x54]
00024b20	measure_encoder_alignment	00024b32	00ee100a	vmov s0,r0
00024b20	measure_encoder_alignment	00024b36	0602	lsls r6,r0,#0x8
00024b20	measure_encoder_alignment	00024b38	2825	movs r5,#0x28
00024b20	measure_encoder_alignment	00024b3a	b8ee400a	vcvt.f32.u32 s0,s0
00024b20	measure_encoder_alignment	00024b3e	dfedceba	vldr.32 s23,[pc,#0x338]
00024b20	measure_encoder_alignment	00024b42	06eb8600	add.w r0,r6,r6, lsl #0x2
00024b20	measure_encoder_alignment	00024b46	c000	lsls r0,r0,#0x3
00024b20	measure_encoder_alignment	00024b48	60ee2b0a	vmul.f32 s1,s0,s23
00024b20	measure_encoder_alignment	00024b4c	00ee100a	vmov s0,r0
00024b20	measure_encoder_alignment	00024b50	b8ee401a	vcvt.f32.u32 s2,s0
00024b20	measure_encoder_alignment	00024b54	80ee810a	vdiv.f32 s0,s1,s2
00024b20	measure_encoder_alignment	00024b58	10ee100a	vmov r0,s0
00024b20	measure_encoder_alignment	00024b5c	02f0bcff	bl 0x00027ad8
00024b20	measure_encoder_alignment	00024b60	41ec1a0b	vmov d10,r0,r1
00024b20	measure_encoder_alignment	00024b64	9fedc58b	vldr.64 d8,[pc,#0x314]
00024b20	measure_encoder_alignment	00024b68	02f0a6f9	bl 0x00026eb8
00024b20	measure_encoder_alignment	00024b6c	c548	ldr r0,[0x00024e84]
00024b20	measure_encoder_alignment	00024b6e	d0ed049a	vldr.32 s19,[r0,#0x10]
00024b20	measure_encoder_alignment	00024b72	9fedc59a	vldr.32 s18,[pc,#0x314]
00024b20	measure_encoder_alignment	00024b76	0024	movs r4,#0x0
00024b20	measure_encoder_alignment	00024b78	44f62067	movw r7,#0x4e20
00024b20	measure_encoder_alignment	00024b7c	b0ee690a	vmov.f32 s0,s19
00024b20	measure_encoder_alignment	00024b80	f0ee490a	vmov.f32 s1,s18
00024b20	measure_encoder_alignment	00024b84	fcf714ff	bl 0x000219b0
00024b20	measure_encoder_alignment	00024b88	6420	movs r0,#0x64
00024b20	measure_encoder_alignment	00024b8a	fdf7e9f9	bl 0x00021f60
00024b20	measure_encoder_alignment	00024b8e	641c	adds r4,r4,#0x1
00024b20	measure_encoder_alignment	00024b90	bc42	cmp r4,r7
00024b20	measure_encoder_alignment	00024b92	f3d3	bcc 0x00024b7c
00024b20	measure_encoder_alignment	00024b94	dff8f4a2	ldr.w r10,[0x00024e8c]
00024b20	measure_encoder_alignment	00024b98	0027	movs r7,#0x0
00024b20	measure_encoder_alignment	00024b9a	9aed02ba	vldr.32 s22,[r10,#0x8]
00024b20	measure_encoder_alignment	00024b9e	9fedbcdb	vldr.64 d13,[pc,#0x2f0]
00024b20	measure_encoder_alignment	00024ba2	9fedbdea	vldr.32 s28,[pc,#0x2f4]
00024b20	measure_encoder_alignment	00024ba6	dfedbdea	vldr.32 s29,[pc,#0x2f4]
00024b20	measure_encoder_alignment	00024baa	a0e0	b 0x00024cee
00024b20	measure_encoder_alignment	00024bac	0024	movs r4,#0x0
00024b20	measure_encoder_alignment	00024bae	41e0	b 0x00024c34
00024b20	measure_encoder_alignment	00024bb0	53ec1a2b	vmov r2,r3,d10
00024b20	measure_encoder_alignment	00024bb4	51ec180b	vmov r0,r1,d8
00024b20	measure_encoder_alignment	00024bb8	02f08efa	bl 0x000270d8
00024b20	measure_encoder_alignment	00024bbc	41ec180b	vmov d8,r0,r1
00024b20	measure_encoder_alignment	00024bc0	53ec1d2b	vmov r2,r3,d13
00024b20	measure_encoder_alignment	00024bc4	02f0c8fc	bl 0x00027558
00024b20	measure_encoder_alignment	00024bc8	02f086fc	bl 0x000274d8
00024b20	measure_encoder_alignment	00024bcc	00ee100a	vmov s0,r0
00024b20	measure_encoder_alignment	00024bd0	b8ee400a	vcvt.f32.u32 s0,s0
00024b20	measure_encoder_alignment	00024bd4	20ee2b0a	vmul.f32 s0,s0,s23
00024b20	measure_encoder_alignment	00024bd8	10ee100a	vmov r0,s0
00024b20	measure_encoder_alignment	00024bdc	02f07cff	bl 0x00027ad8
00024b20	measure_encoder_alignment	00024be0	53ec182b	vmov r2,r3,d8
00024b20	measure_encoder_alignment	00024be4	02f0b6fd	bl 0x00027754
00024b20	measure_encoder_alignment	00024be8	02f044fa	bl 0x00027074
00024b20	measure_encoder_alignment	00024bec	0690	str r0,[sp,#0x18]
00024b20	measure_encoder_alignment	00024bee	f0ee4e0a	vmov.f32 s1,s28
00024b20	measure_encoder_alignment	00024bf2	b0ee6e0a	vmov.f32 s0,s29
00024b20	measure_encoder_alignment	00024bf6	06a8	add r0,sp,#0x18
00024b20	measure_encoder_alignment	00024bf8	fcf7dffe	bl 0x000219ba
00024b20	measure_encoder_alignment	00024bfc	08a9	add r1,sp,#0x20
00024b20	measure_encoder_alignment	00024bfe	07a8	add r0,sp,#0x1c
00024b20	measure_encoder_alignment	00024c00	9ded060a	vldr.32 s0,[sp,#0x18]
00024b20	measure_encoder_alignment	00024c04	fcf7cafe	bl 0x0002199c
00024b20	measure_encoder_alignment	00024c08	9ded080a	vldr.32 s0,[sp,#0x20]
00024b20	measure_encoder_alignment	00024c0c	dded070a	vldr.32 s1,[sp,#0x1c]
00024b20	measure_encoder_alignment	00024c10	f0ee491a	vmov.f32 s3,s18
00024b20	measure_encoder_alignment	00024c14	20ee291a	vmul.f32 s2,s0,s19
00024b20	measure_encoder_alignment	00024c18	00eee11a	vmls.f32 s2,s1,s3
00024b20	measure_encoder_alignment	00024c1c	60eea90a	vmul.f32 s1,s1,s19
00024b20	measure_encoder_alignment	00024c20	40ee210a	vmla.f32 s1,s0,s3
00024b20	measure_encoder_alignment	00024c24	b0ee410a	vmov.f32 s0,s2
00024b20	measure_encoder_alignment	00024c28	fcf7c2fe	bl 0x000219b0
00024b20	measure_encoder_alignment	00024c2c	6420	movs r0,#0x64
00024b20	measure_encoder_alignment	00024c2e	fdf797f9	bl 0x00021f60
00024b20	measure_encoder_alignment	00024c32	641c	adds r4,r4,#0x1
00024b20	measure_encoder_alignment	00024c34	ac42	cmp r4,r5
00024b20	measure_encoder_alignment	00024c36	bbd3	bcc 0x00024bb0
00024b20	measure_encoder_alignment	00024c38	9aed020a	vldr.32 s0,[r10,#0x8]
00024b20	measure_encoder_alignment	00024c3c	d146	mov r9,r10
00024b20	measure_encoder_alignment	00024c3e	70ee4b0a	vsub.f32 s1,s0,s22
00024b20	measure_encoder_alignment	00024c42	b0ee40fa	vmov.f32 s30,s0
00024b20	measure_encoder_alignment	00024c46	10ee900a	vmov r0,s1
00024b20	measure_encoder_alignment	00024c4a	b0f1814f	cmp.w r0,#0x40800000
00024b20	measure_encoder_alignment	00024c4e	01dd	ble 0x00024c54
00024b20	measure_encoder_alignment	00024c50	30ee6b0a	vsub.f32 s0,s0,s23
00024b20	measure_encoder_alignment	00024c54	70ee4b0a	vsub.f32 s1,s0,s22
00024b20	measure_encoder_alignment	00024c58	10ee900a	vmov r0,s1
00024b20	measure_encoder_alignment	00024c5c	10f17e5f	cmn r0,#0x3f800000
00024b20	measure_encoder_alignment	00024c60	01d9	bls 0x00024c66
00024b20	measure_encoder_alignment	00024c62	30ee2b0a	vadd.f32 s0,s0,s23
00024b20	measure_encoder_alignment	00024c66	10ee100a	vmov r0,s0
00024b20	measure_encoder_alignment	00024c6a	b0ee40ba	vmov.f32 s22,s0
00024b20	measure_encoder_alignment	00024c6e	02f033ff	bl 0x00027ad8
00024b20	measure_encoder_alignment	00024c72	41ec1c0b	vmov d12,r0,r1
00024b20	measure_encoder_alignment	00024c76	dbf85400	ldr.w r0,[r11,#0x54]
00024b20	measure_encoder_alignment	00024c7a	02f05afc	bl 0x00027532
00024b20	measure_encoder_alignment	00024c7e	41ec100b	vmov d0,r0,r1
00024b20	measure_encoder_alignment	00024c82	0446	mov r4,r0
00024b20	measure_encoder_alignment	00024c84	0991	str r1,[sp,#0x24]
00024b20	measure_encoder_alignment	00024c86	53ec102b	vmov r2,r3,d0
00024b20	measure_encoder_alignment	00024c8a	51ec180b	vmov r0,r1,d8
00024b20	measure_encoder_alignment	00024c8e	02f0cbfa	bl 0x00027228
00024b20	measure_encoder_alignment	00024c92	53ec1c2b	vmov r2,r3,d12
00024b20	measure_encoder_alignment	00024c96	02f035fe	bl 0x00027904
00024b20	measure_encoder_alignment	00024c9a	02f0ebf9	bl 0x00027074
00024b20	measure_encoder_alignment	00024c9e	0999	ldr r1,[sp,#0x24]
00024b20	measure_encoder_alignment	00024ca0	8046	mov r8,r0
00024b20	measure_encoder_alignment	00024ca2	8920	movs r0,#0x89
00024b20	measure_encoder_alignment	00024ca4	41ec104b	vmov d0,r4,r1
00024b20	measure_encoder_alignment	00024ca8	8df80000	strb.w r0,[sp,#0x0]
00024b20	measure_encoder_alignment	00024cac	53ec102b	vmov r2,r3,d0
00024b20	measure_encoder_alignment	00024cb0	51ec180b	vmov r0,r1,d8
00024b20	measure_encoder_alignment	00024cb4	02f0b8fa	bl 0x00027228
00024b20	measure_encoder_alignment	00024cb8	02f0dcf9	bl 0x00027074
00024b20	measure_encoder_alignment	00024cbc	cdf80100	str.w r0,[sp,#0x1]
00024b20	measure_encoder_alignment	00024cc0	1fee100a	vmov r0,s30
00024b20	measure_encoder_alignment	00024cc4	1121	movs r1,#0x11
00024b20	measure_encoder_alignment	00024cc6	cdf80500	str.w r0,[sp,#0x5]
00024b20	measure_encoder_alignment	00024cca	cdf80980	str.w r8,[sp,#0x9]
00024b20	measure_encoder_alignment	00024cce	b9f80000	ldrh.w r0,[r9,#0x0]
00024b20	measure_encoder_alignment	00024cd2	adf80d00	strh.w r0,[sp,#0xd]
00024b20	measure_encoder_alignment	00024cd6	adf80f70	strh.w r7,[sp,#0xf]
00024b20	measure_encoder_alignment	00024cda	6846	mov r0,sp
00024b20	measure_encoder_alignment	00024cdc	fdf7d4f8	bl 0x00021e88
00024b20	measure_encoder_alignment	00024ce0	cdf81100	str.w r0,[sp,#0x11]
00024b20	measure_encoder_alignment	00024ce4	1521	movs r1,#0x15
00024b20	measure_encoder_alignment	00024ce6	6846	mov r0,sp
00024b20	measure_encoder_alignment	00024ce8	fef758fd	bl 0x0002379c
00024b20	measure_encoder_alignment	00024cec	7f1c	adds r7,r7,#0x1
00024b20	measure_encoder_alignment	00024cee	b742	cmp r7,r6
00024b20	measure_encoder_alignment	00024cf0	fff45caf	bcc.w 0x00024bac
00024b20	measure_encoder_alignment	00024cf4	0027	movs r7,#0x0
00024b20	measure_encoder_alignment	00024cf6	a2e0	b 0x00024e3e
00024b20	measure_encoder_alignment	00024cf8	0024	movs r4,#0x0
00024b20	measure_encoder_alignment	00024cfa	41e0	b 0x00024d80
00024b20	measure_encoder_alignment	00024cfc	53ec1a2b	vmov r2,r3,d10
00024b20	measure_encoder_alignment	00024d00	51ec180b	vmov r0,r1,d8
00024b20	measure_encoder_alignment	00024d04	02f0fefd	bl 0x00027904
00024b20	measure_encoder_alignment	00024d08	41ec180b	vmov d8,r0,r1
00024b20	measure_encoder_alignment	00024d0c	53ec1d2b	vmov r2,r3,d13
00024b20	measure_encoder_alignment	00024d10	02f022fc	bl 0x00027558
00024b20	measure_encoder_alignment	00024d14	02f0e0fb	bl 0x000274d8
00024b20	measure_encoder_alignment	00024d18	00ee100a	vmov s0,r0
00024b20	measure_encoder_alignment	00024d1c	b8ee400a	vcvt.f32.u32 s0,s0
00024b20	measure_encoder_alignment	00024d20	20ee2b0a	vmul.f32 s0,s0,s23
00024b20	measure_encoder_alignment	00024d24	10ee100a	vmov r0,s0
00024b20	measure_encoder_alignment	00024d28	02f0d6fe	bl 0x00027ad8
00024b20	measure_encoder_alignment	00024d2c	53ec182b	vmov r2,r3,d8
00024b20	measure_encoder_alignment	00024d30	02f010fd	bl 0x00027754
00024b20	measure_encoder_alignment	00024d34	02f09ef9	bl 0x00027074
00024b20	measure_encoder_alignment	00024d38	0690	str r0,[sp,#0x18]
00024b20	measure_encoder_alignment	00024d3a	f0ee4e0a	vmov.f32 s1,s28
00024b20	measure_encoder_alignment	00024d3e	b0ee6e0a	vmov.f32 s0,s29
00024b20	measure_encoder_alignment	00024d42	06a8	add r0,sp,#0x18
00024b20	measure_encoder_alignment	00024d44	fcf739fe	bl 0x000219ba
00024b20	measure_encoder_alignment	00024d48	08a9	add r1,sp,#0x20
00024b20	measure_encoder_alignment	00024d4a	07a8	add r0,sp,#0x1c
00024b20	measure_encoder_alignment	00024d4c	9ded060a	vldr.32 s0,[sp,#0x18]
00024b20	measure_encoder_alignment	00024d50	fcf724fe	bl 0x0002199c
00024b20	measure_encoder_alignment	00024d54	9ded080a	vldr.32 s0,[sp,#0x20]
00024b20	measure_encoder_alignment	00024d58	dded070a	vldr.32 s1,[sp,#0x1c]
00024b20	measure_encoder_alignment	00024d5c	f0ee491a	vmov.f32 s3,s18
00024b20	measure_encoder_alignment	00024d60	20ee291a	vmul.f32 s2,s0,s19
00024b20	measure_encoder_alignment	00024d64	00eee11a	vmls.f32 s2,s1,s3
00024b20	measure_encoder_alignment	00024d68	60eea90a	vmul.f32 s1,s1,s19
00024b20	measure_encoder_alignment	00024d6c	40ee210a	vmla.f32 s1,s0,s3
00024b20	measure_encoder_alignment	00024d70	b0ee410a	vmov.f32 s0,s2
00024b20	measure_encoder_alignment	00024d74	fcf71cfe	bl 0x000219b0
00024b20	measure_encoder_alignment	00024d78	6420	movs r0,#0x64
00024b20	measure_encoder_alignment	00024d7a	fdf7f1f8	bl 0x00021f60
00024b20	measure_encoder_alignment	00024d7e	641c	adds r4,r4,#0x1
00024b20	measure_encoder_alignment	00024d80	ac42	cmp r4,r5
00024b20	measure_encoder_alignment	00024d82	bbd3	bcc 0x00024cfc
00024b20	measure_encoder_alignment	00024d84	9aed020a	vldr.32 s0,[r10,#0x8]
00024b20	measure_encoder_alignment	00024d88	70ee4b0a	vsub.f32 s1,s0,s22
00024b20	measure_encoder_alignment	00024d8c	b0ee40fa	vmov.f32 s30,s0
00024b20	measure_encoder_alignment	00024d90	10ee900a	vmov r0,s1
00024b20	measure_encoder_alignment	00024d94	b0f1814f	cmp.w r0,#0x40800000
00024b20	measure_encoder_alignment	00024d98	01dd	ble 0x00024d9e
00024b20	measure_encoder_alignment	00024d9a	30ee6b0a	vsub.f32 s0,s0,s23
00024b20	measure_encoder_alignment	00024d9e	70ee4b0a	vsub.f32 s1,s0,s22
00024b20	measure_encoder_alignment	00024da2	10ee900a	vmov r0,s1
00024b20	measure_encoder_alignment	00024da6	10f17e5f	cmn r0,#0x3f800000
00024b20	measure_encoder_alignment	00024daa	01d9	bls 0x00024db0
00024b20	measure_encoder_alignment	00024dac	30ee2b0a	vadd.f32 s0,s0,s23
00024b20	measure_encoder_alignment	00024db0	10ee100a	vmov r0,s0
00024b20	measure_encoder_alignment	00024db4	b0ee40ba	vmov.f32 s22,s0
00024b20	measure_encoder_alignment	00024db8	02f08efe	bl 0x00027ad8
00024b20	measure_encoder_alignment	00024dbc	41ec1c0b	vmov d12,r0,r1
00024b20	measure_encoder_alignment	00024dc0	dbf85400	ldr.w r0,[r11,#0x54]
00024b20	measure_encoder_alignment	00024dc4	8146	mov r9,r0
00024b20	measure_encoder_alignment	00024dc6	02f0b4fb	bl 0x00027532
00024b20	measure_encoder_alignment	00024dca	41ec100b	vmov d0,r0,r1
00024b20	measure_encoder_alignment	00024dce	0446	mov r4,r0
00024b20	measure_encoder_alignment	00024dd0	0991	str r1,[sp,#0x24]
00024b20	measure_encoder_alignment	00024dd2	53ec102b	vmov r2,r3,d0
00024b20	measure_encoder_alignment	00024dd6	51ec180b	vmov r0,r1,d8
00024b20	measure_encoder_alignment	00024dda	02f025fa	bl 0x00027228
00024b20	measure_encoder_alignment	00024dde	53ec1c2b	vmov r2,r3,d12
00024b20	measure_encoder_alignment	00024de2	02f08ffd	bl 0x00027904
00024b20	measure_encoder_alignment	00024de6	02f045f9	bl 0x00027074
00024b20	measure_encoder_alignment	00024dea	0999	ldr r1,[sp,#0x24]
00024b20	measure_encoder_alignment	00024dec	8046	mov r8,r0
00024b20	measure_encoder_alignment	00024dee	8920	movs r0,#0x89
00024b20	measure_encoder_alignment	00024df0	41ec104b	vmov d0,r4,r1
00024b20	measure_encoder_alignment	00024df4	8df80000	strb.w r0,[sp,#0x0]
00024b20	measure_encoder_alignment	00024df8	53ec102b	vmov r2,r3,d0
00024b20	measure_encoder_alignment	00024dfc	51ec180b	vmov r0,r1,d8
00024b20	measure_encoder_alignment	00024e00	02f012fa	bl 0x00027228
00024b20	measure_encoder_alignment	00024e04	02f036f9	bl 0x00027074
00024b20	measure_encoder_alignment	00024e08	cdf80100	str.w r0,[sp,#0x1]
00024b20	measure_encoder_alignment	00024e0c	1fee100a	vmov r0,s30
00024b20	measure_encoder_alignment	00024e10	1121	movs r1,#0x11
00024b20	measure_encoder_alignment	00024e12	cdf80500	str.w r0,[sp,#0x5]
00024b20	measure_encoder_alignment	00024e16	cdf80980	str.w r8,[sp,#0x9]
00024b20	measure_encoder_alignment	00024e1a	baf80000	ldrh.w r0,[r10,#0x0]
00024b20	measure_encoder_alignment	00024e1e	adf80d00	strh.w r0,[sp,#0xd]
00024b20	measure_encoder_alignment	00024e22	07eb0920	add.w r0,r7,r9, lsl #0x8
00024b20	measure_encoder_alignment	00024e26	adf80f00	strh.w r0,[sp,#0xf]
00024b20	measure_encoder_alignment	00024e2a	6846	mov r0,sp
00024b20	measure_encoder_alignment	00024e2c	fdf72cf8	bl 0x00021e88
00024b20	measure_encoder_alignment	00024e30	cdf81100	str.w r0,[sp,#0x11]
00024b20	measure_encoder_alignment	00024e34	1521	movs r1,#0x15
00024b20	measure_encoder_alignment	00024e36	6846	mov r0,sp
00024b20	measure_encoder_alignment	00024e38	fef7b0fc	bl 0x0002379c
00024b20	measure_encoder_alignment	00024e3c	7f1c	adds r7,r7,#0x1
00024b20	measure_encoder_alignment	00024e3e	b742	cmp r7,r6
00024b20	measure_encoder_alignment	00024e40	fff45aaf	bcc.w 0x00024cf8
00024b20	measure_encoder_alignment	00024e44	b0ee490a	vmov.f32 s0,s18
00024b20	measure_encoder_alignment	00024e48	f0ee400a	vmov.f32 s1,s0
00024b20	measure_encoder_alignment	00024e4c	fcf7b0fd	bl 0x000219b0
00024b20	measure_encoder_alignment	00024e50	1349	ldr r1,[0x00024ea0]
00024b20	measure_encoder_alignment	00024e52	0120	movs r0,#0x1
00024b20	measure_encoder_alignment	00024e54	81f84600	strb.w r0,[r1,#0x46]
00024b20	measure_encoder_alignment	00024e58	1249	ldr r1,[0x00024ea4]
00024b20	measure_encoder_alignment	00024e5a	0870	strb r0,[r1,#0x0]
00024b20	measure_encoder_alignment	00024e5c	4ff0e021	mov.w r1,#0xe000e000
00024b20	measure_encoder_alignment	00024e60	0420	movs r0,#0x4
00024b20	measure_encoder_alignment	00024e62	c1f88002	str.w r0,[r1,#0x280]
00024b20	measure_encoder_alignment	00024e66	c1f80001	str.w r0,[r1,#0x100]
00024b20	measure_encoder_alignment	00024e6a	0bb0	add sp,#0x2c
00024b20	measure_encoder_alignment	00024e6c	bdec108b	vpop {d8,d9,d10,d11,d12,d13,d14,d15}
00024b20	measure_encoder_alignment	00024e70	bde8f08f	pop.w {r4,r5,r6,r7,r8,r9,r10,r11,pc}
00024ec0	validate_current_sensors	00024ec0	2de9f05f	push {r4,r5,r6,r7,r8,r9,r10,r11,r12,lr}
00024ec0	validate_current_sensors	00024ec4	2ded028b	vpush {d8}
00024ec0	validate_current_sensors	00024ec8	dfed768a	vldr.32 s17,[pc,#0x1d8]
00024ec0	validate_current_sensors	00024ecc	0520	movs r0,#0x5
00024ec0	validate_current_sensors	00024ece	b0ee688a	vmov.f32 s16,s17
00024ec0	validate_current_sensors	00024ed2	fdf729f8	bl 0x00021f28
00024ec0	validate_current_sensors	00024ed6	744f	ldr r7,[0x000250a8]
00024ec0	validate_current_sensors	00024ed8	4ff00008	mov.w r8,#0x0
00024ec0	validate_current_sensors	00024edc	dff8cca1	ldr.w r10,[0x000250ac]
00024ec0	validate_current_sensors	00024ee0	dff8ccb1	ldr.w r11,[0x000250b0]
00024ec0	validate_current_sensors	00024ee4	dff8cc91	ldr.w r9,[0x000250b4]
00024ec0	validate_current_sensors	00024ee8	734e	ldr r6,[0x000250b8]
00024ec0	validate_current_sensors	00024eea	4446	mov r4,r8
00024ec0	validate_current_sensors	00024eec	0125	movs r5,#0x1
00024ec0	validate_current_sensors	00024eee	c7f84480	str.w r8,[r7,#0x44]
00024ec0	validate_current_sensors	00024ef2	3570	strb r5,[r6,#0x0]
00024ec0	validate_current_sensors	00024ef4	8af80050	strb.w r5,[r10,#0x0]
00024ec0	validate_current_sensors	00024ef8	7048	ldr r0,[0x000250bc]
00024ec0	validate_current_sensors	00024efa	0570	strb r5,[r0,#0x0]
00024ec0	validate_current_sensors	00024efc	cbf80080	str.w r8,[r11,#0x0]
00024ec0	validate_current_sensors	00024f00	6420	movs r0,#0x64
00024ec0	validate_current_sensors	00024f02	fdf72df8	bl 0x00021f60
00024ec0	validate_current_sensors	00024f06	96f84400	ldrb.w r0,[r6,#0x44]
00024ec0	validate_current_sensors	00024f0a	10f0010f	tst r0,#0x1
00024ec0	validate_current_sensors	00024f0e	fad0	beq 0x00024f06
00024ec0	validate_current_sensors	00024f10	b6f85400	ldrh.w r0,[r6,#0x54]
00024ec0	validate_current_sensors	00024f14	00ee100a	vmov s0,r0
00024ec0	validate_current_sensors	00024f18	b8ee400a	vcvt.f32.u32 s0,s0
00024ec0	validate_current_sensors	00024f1c	70ee288a	vadd.f32 s17,s0,s17
00024ec0	validate_current_sensors	00024f20	99f80000	ldrb.w r0,[r9,#0x0]
00024ec0	validate_current_sensors	00024f24	10f0010f	tst r0,#0x1
00024ec0	validate_current_sensors	00024f28	fad0	beq 0x00024f20
00024ec0	validate_current_sensors	00024f2a	6548	ldr r0,[0x000250c0]
00024ec0	validate_current_sensors	00024f2c	0088	ldrh r0,[r0,#0x0]
00024ec0	validate_current_sensors	00024f2e	86f84650	strb.w r5,[r6,#0x46]
00024ec0	validate_current_sensors	00024f32	00ee100a	vmov s0,r0
00024ec0	validate_current_sensors	00024f36	b8ee400a	vcvt.f32.u32 s0,s0
00024ec0	validate_current_sensors	00024f3a	30ee088a	vadd.f32 s16,s0,s16
00024ec0	validate_current_sensors	00024f3e	6148	ldr r0,[0x000250c4]
00024ec0	validate_current_sensors	00024f40	0570	strb r5,[r0,#0x0]
00024ec0	validate_current_sensors	00024f42	6148	ldr r0,[0x000250c8]
00024ec0	validate_current_sensors	00024f44	0570	strb r5,[r0,#0x0]
00024ec0	validate_current_sensors	00024f46	601c	adds r0,r4,#0x1
00024ec0	validate_current_sensors	00024f48	84b2	uxth r4,r0
00024ec0	validate_current_sensors	00024f4a	b4f57a7f	cmp.w r4,#0x3e8
00024ec0	validate_current_sensors	00024f4e	d0d3	bcc 0x00024ef2
00024ec0	validate_current_sensors	00024f50	9fed5e0a	vldr.32 s0,[pc,#0x178]
00024ec0	validate_current_sensors	00024f54	dff878a1	ldr.w r10,[0x000250d0]
00024ec0	validate_current_sensors	00024f58	dff87881	ldr.w r8,[0x000250d4]
00024ec0	validate_current_sensors	00024f5c	68ee808a	vmul.f32 s17,s17,s0
00024ec0	validate_current_sensors	00024f60	28ee008a	vmul.f32 s16,s16,s0
00024ec0	validate_current_sensors	00024f64	5c4c	ldr r4,[0x000250d8]
00024ec0	validate_current_sensors	00024f66	18ee900a	vmov r0,s17
00024ec0	validate_current_sensors	00024f6a	4ff00409	mov.w r9,#0x4
00024ec0	validate_current_sensors	00024f6e	5044	add r0,r10
00024ec0	validate_current_sensors	00024f70	4045	cmp r0,r8
00024ec0	validate_current_sensors	00024f72	0cd3	bcc 0x00024f8e
00024ec0	validate_current_sensors	00024f74	18ee900a	vmov r0,s17
00024ec0	validate_current_sensors	00024f78	c4f88090	str.w r9,[r4,#0x80]
00024ec0	validate_current_sensors	00024f7c	02f0acfd	bl 0x00027ad8
00024ec0	validate_current_sensors	00024f80	41ec100b	vmov d0,r0,r1
00024ec0	validate_current_sensors	00024f84	55a0	adr r0,[0x250dc]
00024ec0	validate_current_sensors	00024f86	53ec102b	vmov r2,r3,d0
00024ec0	validate_current_sensors	00024f8a	fbf773fa	bl 0x00020474
00024ec0	validate_current_sensors	00024f8e	18ee100a	vmov r0,s16
00024ec0	validate_current_sensors	00024f92	5044	add r0,r10
00024ec0	validate_current_sensors	00024f94	4045	cmp r0,r8
00024ec0	validate_current_sensors	00024f96	0cd3	bcc 0x00024fb2
00024ec0	validate_current_sensors	00024f98	18ee100a	vmov r0,s16
00024ec0	validate_current_sensors	00024f9c	c4f88090	str.w r9,[r4,#0x80]
00024ec0	validate_current_sensors	00024fa0	02f09afd	bl 0x00027ad8
00024ec0	validate_current_sensors	00024fa4	41ec100b	vmov d0,r0,r1
00024ec0	validate_current_sensors	00024fa8	53a0	adr r0,[0x250f8]
00024ec0	validate_current_sensors	00024faa	53ec102b	vmov r2,r3,d0
00024ec0	validate_current_sensors	00024fae	fbf761fa	bl 0x00020474
00024ec0	validate_current_sensors	00024fb2	c7ed008a	vstr.32 s17,[r7]
00024ec0	validate_current_sensors	00024fb6	87ed018a	vstr.32 s16,[r7,#0x4]
00024ec0	validate_current_sensors	00024fba	97ed050a	vldr.32 s0,[r7,#0x14]
00024ec0	validate_current_sensors	00024fbe	3a48	ldr r0,[0x000250a8]
00024ec0	validate_current_sensors	00024fc0	38eec00a	vsub.f32 s0,s17,s0
00024ec0	validate_current_sensors	00024fc4	87ed040a	vstr.32 s0,[r7,#0x10]
00024ec0	validate_current_sensors	00024fc8	97ed070a	vldr.32 s0,[r7,#0x1c]
00024ec0	validate_current_sensors	00024fcc	d7ed0a0a	vldr.32 s1,[r7,#0x28]
00024ec0	validate_current_sensors	00024fd0	38ee400a	vsub.f32 s0,s16,s0
00024ec0	validate_current_sensors	00024fd4	20ee200a	vmul.f32 s0,s0,s1
00024ec0	validate_current_sensors	00024fd8	87ed060a	vstr.32 s0,[r7,#0x18]
00024ec0	validate_current_sensors	00024fdc	fcf7f2fc	bl 0x000219c4
00024ec0	validate_current_sensors	00024fe0	97ed0f0a	vldr.32 s0,[r7,#0x3c]
00024ec0	validate_current_sensors	00024fe4	4b49	ldr r1,[0x00025114]
00024ec0	validate_current_sensors	00024fe6	10ee100a	vmov r0,s0
00024ec0	validate_current_sensors	00024fea	dfed4b1a	vldr.32 s3,[pc,#0x12c]
00024ec0	validate_current_sensors	00024fee	8842	cmp r0,r1
00024ec0	validate_current_sensors	00024ff0	06dd	ble 0x00025000
00024ec0	validate_current_sensors	00024ff2	30ee610a	vsub.f32 s0,s0,s3
00024ec0	validate_current_sensors	00024ff6	87ed0f0a	vstr.32 s0,[r7,#0x3c]
00024ec0	validate_current_sensors	00024ffa	786c	ldr r0,[r7,#0x44]
00024ec0	validate_current_sensors	00024ffc	401e	subs r0,r0,#0x1
00024ec0	validate_current_sensors	00024ffe	7864	str r0,[r7,#0x44]
00024ec0	validate_current_sensors	00025000	10ee100a	vmov r0,s0
00024ec0	validate_current_sensors	00025004	4549	ldr r1,[0x0002511c]
00024ec0	validate_current_sensors	00025006	8842	cmp r0,r1
00024ec0	validate_current_sensors	00025008	06d9	bls 0x00025018
00024ec0	validate_current_sensors	0002500a	30ee210a	vadd.f32 s0,s0,s3
00024ec0	validate_current_sensors	0002500e	87ed0f0a	vstr.32 s0,[r7,#0x3c]
00024ec0	validate_current_sensors	00025012	786c	ldr r0,[r7,#0x44]
00024ec0	validate_current_sensors	00025014	401c	adds r0,r0,#0x1
00024ec0	validate_current_sensors	00025016	7864	str r0,[r7,#0x44]
00024ec0	validate_current_sensors	00025018	4149	ldr r1,[0x00025120]
00024ec0	validate_current_sensors	0002501a	4248	ldr r0,[0x00025124]
00024ec0	validate_current_sensors	0002501c	91ed091a	vldr.32 s2,[r1,#0x24]
00024ec0	validate_current_sensors	00025020	d0ed020a	vldr.32 s1,[r0,#0x8]
00024ec0	validate_current_sensors	00025024	d1ed132a	vldr.32 s5,[r1,#0x4c]
00024ec0	validate_current_sensors	00025028	30ee010a	vadd.f32 s0,s0,s2
00024ec0	validate_current_sensors	0002502c	b0ee602a	vmov.f32 s4,s1
00024ec0	validate_current_sensors	00025030	12ee802a	vnmls.f32 s4,s5,s0
00024ec0	validate_current_sensors	00025034	82ee210a	vdiv.f32 s0,s4,s3
00024ec0	validate_current_sensors	00025038	b6ee002a	vmov.f32 s4,0x3f000000
00024ec0	validate_current_sensors	0002503c	b5eec00a	vcmpe.f32 s0,#0
00024ec0	validate_current_sensors	00025040	f1ee10fa	vmrs apsr,fpscr
00024ec0	validate_current_sensors	00025044	ccbf	ite gt
00024ec0	validate_current_sensors	00025046	30ee020a	vadd.gt.f32 s0,s0,s4
00024ec0	validate_current_sensors	0002504a	30ee420a	vsub.le.f32 s0,s0,s4
00024ec0	validate_current_sensors	0002504e	bdeec00a	vcvt.s32.f32 s0,s0
00024ec0	validate_current_sensors	00025052	3648	ldr r0,[0x0002512c]
00024ec0	validate_current_sensors	00025054	81ed020a	vstr.32 s0,[r1,#0x8]
00024ec0	validate_current_sensors	00025058	b8eec00a	vcvt.f32.s32 s0,s0
00024ec0	validate_current_sensors	0002505c	40ee210a	vmla.f32 s1,s0,s3
00024ec0	validate_current_sensors	00025060	91ed170a	vldr.32 s0,[r1,#0x5c]
00024ec0	validate_current_sensors	00025064	10ee801a	vnmls.f32 s2,s1,s0
00024ec0	validate_current_sensors	00025068	81ed061a	vstr.32 s2,[r1,#0x18]
00024ec0	validate_current_sensors	0002506c	2e49	ldr r1,[0x00025128]
00024ec0	validate_current_sensors	0002506e	0161	str r1,[r0,#0x10]
00024ec0	validate_current_sensors	00025070	0168	ldr r1,[r0,#0x0]
00024ec0	validate_current_sensors	00025072	21f40031	bic r1,r1,#0x20000
00024ec0	validate_current_sensors	00025076	0160	str r1,[r0,#0x0]
00024ec0	validate_current_sensors	00025078	2d49	ldr r1,[0x00025130]
00024ec0	validate_current_sensors	0002507a	0161	str r1,[r0,#0x10]
00024ec0	validate_current_sensors	0002507c	2d49	ldr r1,[0x00025134]
00024ec0	validate_current_sensors	0002507e	ce20	movs r0,#0xce
00024ec0	validate_current_sensors	00025080	0860	str r0,[r1,#0x0]
00024ec0	validate_current_sensors	00025082	8120	movs r0,#0x81
00024ec0	validate_current_sensors	00025084	7081	strh r0,[r6,#0xa]
00024ec0	validate_current_sensors	00025086	3020	movs r0,#0x30
00024ec0	validate_current_sensors	00025088	a6f84c00	strh.w r0,[r6,#0x4c]
00024ec0	validate_current_sensors	0002508c	b6f84c00	ldrh.w r0,[r6,#0x4c]
00024ec0	validate_current_sensors	00025090	40f00100	orr r0,r0,#0x1
00024ec0	validate_current_sensors	00025094	a6f84c00	strh.w r0,[r6,#0x4c]
00024ec0	validate_current_sensors	00025098	86f84550	strb.w r5,[r6,#0x45]
00024ec0	validate_current_sensors	0002509c	bdec028b	vpop {d8}
00024ec0	validate_current_sensors	000250a0	bde8f09f	pop.w {r4,r5,r6,r7,r8,r9,r10,r11,r12,pc}
00025138	derive_control_parameters	00025138	10b5	push {r4,lr}
00025138	derive_control_parameters	0002513a	01f0bdfe	bl 0x00026eb8
00025138	derive_control_parameters	0002513e	5a48	ldr r0,[0x000252a8]
00025138	derive_control_parameters	00025140	5b49	ldr r1,[0x000252b0]
00025138	derive_control_parameters	00025142	5c4a	ldr r2,[0x000252b4]
00025138	derive_control_parameters	00025144	d0ed1a0a	vldr.32 s1,[r0,#0x68]
00025138	derive_control_parameters	00025148	5848	ldr r0,[0x000252ac]
00025138	derive_control_parameters	0002514a	90ed000a	vldr.32 s0,[r0]
00025138	derive_control_parameters	0002514e	5a48	ldr r0,[0x000252b8]
00025138	derive_control_parameters	00025150	9fed5a2a	vldr.32 s4,[pc,#0x168]
00025138	derive_control_parameters	00025154	f4eec00a	vcmpe.f32 s1,s0
00025138	derive_control_parameters	00025158	f1ee10fa	vmrs apsr,fpscr
00025138	derive_control_parameters	0002515c	20dd	ble 0x000251a0
00025138	derive_control_parameters	0002515e	90ed0e1a	vldr.32 s2,[r0,#0x38]
00025138	derive_control_parameters	00025162	90ed120a	vldr.32 s0,[r0,#0x48]
00025138	derive_control_parameters	00025166	d0ed021a	vldr.32 s3,[r0,#0x8]
00025138	derive_control_parameters	0002516a	21ee001a	vmul.f32 s2,s2,s0
00025138	derive_control_parameters	0002516e	21ee211a	vmul.f32 s2,s2,s3
00025138	derive_control_parameters	00025172	c1ee201a	vdiv.f32 s3,s2,s1
00025138	derive_control_parameters	00025176	9fed521a	vldr.32 s2,[pc,#0x148]
00025138	derive_control_parameters	0002517a	21ee811a	vmul.f32 s2,s3,s2
00025138	derive_control_parameters	0002517e	81ed001a	vstr.32 s2,[r1]
00025138	derive_control_parameters	00025182	82ed001a	vstr.32 s2,[r2]
00025138	derive_control_parameters	00025186	90ed111a	vldr.32 s2,[r0,#0x44]
00025138	derive_control_parameters	0002518a	c1ee001a	vdiv.f32 s3,s2,s0
00025138	derive_control_parameters	0002518e	90ed030a	vldr.32 s0,[r0,#0xc]
00025138	derive_control_parameters	00025192	21ee800a	vmul.f32 s0,s3,s0
00025138	derive_control_parameters	00025196	81ed010a	vstr.32 s0,[r1,#0x4]
00025138	derive_control_parameters	0002519a	82ed010a	vstr.32 s0,[r2,#0x4]
00025138	derive_control_parameters	0002519e	07e0	b 0x000251b0
00025138	derive_control_parameters	000251a0	81ed002a	vstr.32 s4,[r1]
00025138	derive_control_parameters	000251a4	82ed002a	vstr.32 s4,[r2]
00025138	derive_control_parameters	000251a8	81ed012a	vstr.32 s4,[r1,#0x4]
00025138	derive_control_parameters	000251ac	82ed012a	vstr.32 s4,[r2,#0x4]
00025138	derive_control_parameters	000251b0	4449	ldr r1,[0x000252c4]
00025138	derive_control_parameters	000251b2	90ed030a	vldr.32 s0,[r0,#0xc]
00025138	derive_control_parameters	000251b6	f0ee003a	vmov.f32 s7,0x40000000
00025138	derive_control_parameters	000251ba	81ed040a	vstr.32 s0,[r1,#0x10]
00025138	derive_control_parameters	000251be	90ed023a	vldr.32 s6,[r0,#0x8]
00025138	derive_control_parameters	000251c2	90ed121a	vldr.32 s2,[r0,#0x48]
00025138	derive_control_parameters	000251c6	ffee005a	vmov.f32 s11,0xbf800000
00025138	derive_control_parameters	000251ca	63ee011a	vmul.f32 s3,s6,s2
00025138	derive_control_parameters	000251ce	9fed3e1a	vldr.32 s2,[pc,#0xf8]
00025138	derive_control_parameters	000251d2	60ee810a	vmul.f32 s1,s1,s2
00025138	derive_control_parameters	000251d6	80eea11a	vdiv.f32 s2,s1,s3
00025138	derive_control_parameters	000251da	f7ee001a	vmov.f32 s3,0x3f800000
00025138	derive_control_parameters	000251de	81ed081a	vstr.32 s2,[r1,#0x20]
00025138	derive_control_parameters	000251e2	c1ee812a	vdiv.f32 s5,s3,s2
00025138	derive_control_parameters	000251e6	21ee004a	vmul.f32 s8,s2,s0
00025138	derive_control_parameters	000251ea	c1ed092a	vstr.32 s5,[r1,#0x24]
00025138	derive_control_parameters	000251ee	81ed0a4a	vstr.32 s8,[r1,#0x28]
00025138	derive_control_parameters	000251f2	d0ed0e4a	vldr.32 s9,[r0,#0x38]
00025138	derive_control_parameters	000251f6	c1ed004a	vstr.32 s9,[r1]
00025138	derive_control_parameters	000251fa	d0ed0f0a	vldr.32 s1,[r0,#0x3c]
00025138	derive_control_parameters	000251fe	c1ed070a	vstr.32 s1,[r1,#0x1c]
00025138	derive_control_parameters	00025202	60eea33a	vmul.f32 s7,s1,s7
00025138	derive_control_parameters	00025206	20eea05a	vmul.f32 s10,s1,s1
00025138	derive_control_parameters	0002520a	63ee803a	vmul.f32 s7,s7,s0
00025138	derive_control_parameters	0002520e	25ee005a	vmul.f32 s10,s10,s0
00025138	derive_control_parameters	00025212	c1ed0b3a	vstr.32 s7,[r1,#0x2c]
00025138	derive_control_parameters	00025216	81ed0c5a	vstr.32 s10,[r1,#0x30]
00025138	derive_control_parameters	0002521a	c1ed115a	vstr.32 s11,[r1,#0x44]
00025138	derive_control_parameters	0002521e	c1ed121a	vstr.32 s3,[r1,#0x48]
00025138	derive_control_parameters	00025222	2a49	ldr r1,[0x000252cc]
00025138	derive_control_parameters	00025224	81ed040a	vstr.32 s0,[r1,#0x10]
00025138	derive_control_parameters	00025228	81ed081a	vstr.32 s2,[r1,#0x20]
00025138	derive_control_parameters	0002522c	c1ed092a	vstr.32 s5,[r1,#0x24]
00025138	derive_control_parameters	00025230	81ed0a4a	vstr.32 s8,[r1,#0x28]
00025138	derive_control_parameters	00025234	c1ed004a	vstr.32 s9,[r1]
00025138	derive_control_parameters	00025238	c1ed070a	vstr.32 s1,[r1,#0x1c]
00025138	derive_control_parameters	0002523c	c1ed0b3a	vstr.32 s7,[r1,#0x2c]
00025138	derive_control_parameters	00025240	81ed0c5a	vstr.32 s10,[r1,#0x30]
00025138	derive_control_parameters	00025244	c1ed115a	vstr.32 s11,[r1,#0x44]
00025138	derive_control_parameters	00025248	c1ed121a	vstr.32 s3,[r1,#0x48]
00025138	derive_control_parameters	0002524c	90ed100a	vldr.32 s0,[r0,#0x40]
00025138	derive_control_parameters	00025250	f7ee080a	vmov.f32 s1,0x3fc00000
00025138	derive_control_parameters	00025254	90ed141a	vldr.32 s2,[r0,#0x50]
00025138	derive_control_parameters	00025258	20ee200a	vmul.f32 s0,s0,s1
00025138	derive_control_parameters	0002525c	d0ed130a	vldr.32 s1,[r0,#0x4c]
00025138	derive_control_parameters	00025260	1b49	ldr r1,[0x000252d0]
00025138	derive_control_parameters	00025262	20ee200a	vmul.f32 s0,s0,s1
00025138	derive_control_parameters	00025266	60ee030a	vmul.f32 s1,s0,s6
00025138	derive_control_parameters	0002526a	80ee810a	vdiv.f32 s0,s1,s2
00025138	derive_control_parameters	0002526e	81ed0a0a	vstr.32 s0,[r1,#0x28]
00025138	derive_control_parameters	00025272	c1ee800a	vdiv.f32 s1,s3,s0
00025138	derive_control_parameters	00025276	9fed170a	vldr.32 s0,[pc,#0x5c]
00025138	derive_control_parameters	0002527a	c1ed0b0a	vstr.32 s1,[r1,#0x2c]
00025138	derive_control_parameters	0002527e	81ed070a	vstr.32 s0,[r1,#0x1c]
00025138	derive_control_parameters	00025282	81ed022a	vstr.32 s4,[r1,#0x8]
00025138	derive_control_parameters	00025286	81ed052a	vstr.32 s4,[r1,#0x14]
00025138	derive_control_parameters	0002528a	81ed062a	vstr.32 s4,[r1,#0x18]
00025138	derive_control_parameters	0002528e	90ed160a	vldr.32 s0,[r0,#0x58]
00025138	derive_control_parameters	00025292	81ed080a	vstr.32 s0,[r1,#0x20]
00025138	derive_control_parameters	00025296	90ed170a	vldr.32 s0,[r0,#0x5c]
00025138	derive_control_parameters	0002529a	81ed090a	vstr.32 s0,[r1,#0x24]
00025138	derive_control_parameters	0002529e	c1ed0d5a	vstr.32 s11,[r1,#0x34]
00025138	derive_control_parameters	000252a2	c1ed0e1a	vstr.32 s3,[r1,#0x38]
00025138	derive_control_parameters	000252a6	10bd	pop {r4,pc}
000252d8	copy_persistent_configuration	000252d8	0549	ldr r1,[0x000252f0]
000252d8	copy_persistent_configuration	000252da	10b4	push {r4}
000252d8	copy_persistent_configuration	000252dc	91e81e10	ldm.w r1,{r1,r2,r3,r4,r12}
000252d8	copy_persistent_configuration	000252e0	0248	ldr r0,[0x000252ec]
000252d8	copy_persistent_configuration	000252e2	80e81e10	stm r0,{r1,r2,r3,r4,r12}
000252d8	copy_persistent_configuration	000252e6	10bc	pop {r4}
000252d8	copy_persistent_configuration	000252e8	7047	bx lr
000252f4	main	000252f4	2ded028b	vpush {d8}
000252f4	main	000252f8	b249	ldr r1,[0x000255c4]
000252f4	main	000252fa	4ff40030	mov.w r0,#0x20000
000252f4	main	000252fe	0860	str r0,[r1,#0x0]
000252f4	main	00025300	fdf782ff	bl 0x00023208
000252f4	main	00025304	b048	ldr r0,[0x000255c8]
000252f4	main	00025306	4068	ldr r0,[r0,#0x4]
000252f4	main	00025308	0128	cmp r0,#0x1
000252f4	main	0002530a	18bf	it ne
000252f4	main	0002530c	01f06cfd	bl.ne 0x00026de8
000252f4	main	00025310	aea0	adr r0,[0x255cc]
000252f4	main	00025312	3721	movs r1,#0x37
000252f4	main	00025314	0068	ldr r0,[r0,#0x0]
000252f4	main	00025316	61f31f60	bfi r0,r1,#0x18,#0x8
000252f4	main	0002531a	01f0b9fd	bl 0x00026e90
000252f4	main	0002531e	62b6	cpsie i
000252f4	main	00025320	4ff4fa70	mov.w r0,#0x1f4
000252f4	main	00025324	fcf700fe	bl 0x00021f28
000252f4	main	00025328	fcf764ff	bl 0x000221f4
000252f4	main	0002532c	a949	ldr r1,[0x000255d4]
000252f4	main	0002532e	0870	strb r0,[r1,#0x0]
000252f4	main	00025330	4ff46120	mov.w r0,#0xe1000
000252f4	main	00025334	fef732f9	bl 0x0002359c
000252f4	main	00025338	fcf762fb	bl 0x00021a00
000252f4	main	0002533c	00f0c4f9	bl 0x000256c8
000252f4	main	00025340	fcf7b6fd	bl 0x00021eb0
000252f4	main	00025344	fdf764fc	bl 0x00022c10
000252f4	main	00025348	fdf786f9	bl 0x00022658
000252f4	main	0002534c	a24f	ldr r7,[0x000255d8]
000252f4	main	0002534e	07f14000	add.w r0,r7,#0x40
000252f4	main	00025352	fcf7d5fb	bl 0x00021b00
000252f4	main	00025356	97ed130a	vldr.32 s0,[r7,#0x4c]
000252f4	main	0002535a	dfeda00a	vldr.32 s1,[pc,#0x280]
000252f4	main	0002535e	20ee200a	vmul.f32 s0,s0,s1
000252f4	main	00025362	87ed1a0a	vstr.32 s0,[r7,#0x68]
000252f4	main	00025366	fdf7abfa	bl 0x000228c0
000252f4	main	0002536a	fff7a9fd	bl 0x00024ec0
000252f4	main	0002536e	07f18c08	add.w r8,r7,#0x8c
000252f4	main	00025372	0024	movs r4,#0x0
000252f4	main	00025374	9fed9a8a	vldr.32 s16,[pc,#0x268]
000252f4	main	00025378	a7f17c05	sub.w r5,r7,#0x7c
000252f4	main	0002537c	c8f80440	str.w r4,[r8,#0x4]
000252f4	main	00025380	88ed048a	vstr.32 s16,[r8,#0x10]
000252f4	main	00025384	4ff00109	mov.w r9,#0x1
000252f4	main	00025388	9648	ldr r0,[0x000255e4]
000252f4	main	0002538a	c5e90e49	strd r4,r9,[r5,#0x38]
000252f4	main	0002538e	018c	ldrh r1,[r0,#0x20]
000252f4	main	00025390	05f50572	add.w r2,r5,#0x214
000252f4	main	00025394	b0f88c00	ldrh.w r0,[r0,#0x8c]
000252f4	main	00025398	1268	ldr r2,[r2,#0x0]
000252f4	main	0002539a	89b2	uxth r1,r1
000252f4	main	0002539c	80b2	uxth r0,r0
000252f4	main	0002539e	9047	blx r2
000252f4	main	000253a0	01f0daf9	bl 0x00026758
000252f4	main	000253a4	b86e	ldr r0,[r7,#0x68]
000252f4	main	000253a6	dff840b2	ldr.w r11,[0x000255e8]
000252f4	main	000253aa	904e	ldr r6,[0x000255ec]
000252f4	main	000253ac	b0f1844f	cmp.w r0,#0x42000000
000252f4	main	000253b0	18dd	ble 0x000253e4
000252f4	main	000253b2	bbf80000	ldrh.w r0,[r11,#0x0]
000252f4	main	000253b6	40f40050	orr r0,r0,#0x2000
000252f4	main	000253ba	abf80000	strh.w r0,[r11,#0x0]
000252f4	main	000253be	3088	ldrh r0,[r6,#0x0]
000252f4	main	000253c0	40f00400	orr r0,r0,#0x4
000252f4	main	000253c4	3080	strh r0,[r6,#0x0]
000252f4	main	000253c6	4ff47a70	mov.w r0,#0x3e8
000252f4	main	000253ca	fcf7adfd	bl 0x00021f28
000252f4	main	000253ce	b86e	ldr r0,[r7,#0x68]
000252f4	main	000253d0	02f082fb	bl 0x00027ad8
000252f4	main	000253d4	41ec100b	vmov d0,r0,r1
000252f4	main	000253d8	8548	ldr r0,[0x000255f0]
000252f4	main	000253da	53ec102b	vmov r2,r3,d0
000252f4	main	000253de	fbf749f8	bl 0x00020474
000252f4	main	000253e2	e6e7	b 0x000253b2
000252f4	main	000253e4	fdf7e2fd	bl 0x00022fac
000252f4	main	000253e8	8249	ldr r1,[0x000255f4]
000252f4	main	000253ea	4ff4f070	mov.w r0,#0x1e0
000252f4	main	000253ee	4866	str r0,[r1,#0x64]
000252f4	main	000253f0	8149	ldr r1,[0x000255f8]
000252f4	main	000253f2	2020	movs r0,#0x20
000252f4	main	000253f4	81f80004	strb.w r0,[r1,#0x400]
000252f4	main	000253f8	881e	subs r0,r1,#0x2
000252f4	main	000253fa	4ff0040a	mov.w r10,#0x4
000252f4	main	000253fe	c0f880a2	str.w r10,[r0,#0x280]
000252f4	main	00025402	c0f800a1	str.w r10,[r0,#0x100]
000252f4	main	00025406	dff8f4b1	ldr.w r11,[0x000255fc]
000252f4	main	0002540a	c846	mov r8,r9
000252f4	main	0002540c	8146	mov r9,r0
000252f4	main	0002540e	e86b	ldr r0,[r5,#0x3c]
000252f4	main	00025410	0128	cmp r0,#0x1
000252f4	main	00025412	44d1	bne 0x0002549e
000252f4	main	00025414	a86b	ldr r0,[r5,#0x38]
000252f4	main	00025416	10b1	cbz r0,0x0002541e
000252f4	main	00025418	0228	cmp r0,#0x2
000252f4	main	0002541a	32d0	beq 0x00025482
000252f4	main	0002541c	3fe0	b 0x0002549e
000252f4	main	0002541e	ec63	str r4,[r5,#0x3c]
000252f4	main	00025420	87ed008a	vstr.32 s16,[r7]
000252f4	main	00025424	87ed018a	vstr.32 s16,[r7,#0x4]
000252f4	main	00025428	87ed028a	vstr.32 s16,[r7,#0x8]
000252f4	main	0002542c	87ed038a	vstr.32 s16,[r7,#0xc]
000252f4	main	00025430	87ed048a	vstr.32 s16,[r7,#0x10]
000252f4	main	00025434	72a0	adr r0,[0x25600]
000252f4	main	00025436	fbf71df8	bl 0x00020474
000252f4	main	0002543a	72a0	adr r0,[0x25604]
000252f4	main	0002543c	fbf71af8	bl 0x00020474
000252f4	main	00025440	0a20	movs r0,#0xa
000252f4	main	00025442	fcf78dfd	bl 0x00021f60
000252f4	main	00025446	73a0	adr r0,[0x25614]
000252f4	main	00025448	fbf714f8	bl 0x00020474
000252f4	main	0002544c	0a20	movs r0,#0xa
000252f4	main	0002544e	fcf787fd	bl 0x00021f60
000252f4	main	00025452	75a0	adr r0,[0x25628]
000252f4	main	00025454	fbf70ef8	bl 0x00020474
000252f4	main	00025458	0a20	movs r0,#0xa
000252f4	main	0002545a	fcf781fd	bl 0x00021f60
000252f4	main	0002545e	77a0	adr r0,[0x2563c]
000252f4	main	00025460	fbf708f8	bl 0x00020474
000252f4	main	00025464	0a20	movs r0,#0xa
000252f4	main	00025466	fcf77bfd	bl 0x00021f60
000252f4	main	0002546a	bbf80000	ldrh.w r0,[r11,#0x0]
000252f4	main	0002546e	40f40050	orr r0,r0,#0x2000
000252f4	main	00025472	abf80000	strh.w r0,[r11,#0x0]
000252f4	main	00025476	7748	ldr r0,[0x00025654]
000252f4	main	00025478	0188	ldrh r1,[r0,#0x0]
000252f4	main	0002547a	41f00401	orr r1,r1,#0x4
000252f4	main	0002547e	0180	strh r1,[r0,#0x0]
000252f4	main	00025480	0de0	b 0x0002549e
000252f4	main	00025482	75a0	adr r0,[0x25658]
000252f4	main	00025484	ec63	str r4,[r5,#0x3c]
000252f4	main	00025486	faf7f5ff	bl 0x00020474
000252f4	main	0002548a	5748	ldr r0,[0x000255e8]
000252f4	main	0002548c	0188	ldrh r1,[r0,#0x0]
000252f4	main	0002548e	41f40051	orr r1,r1,#0x2000
000252f4	main	00025492	0180	strh r1,[r0,#0x0]
000252f4	main	00025494	5548	ldr r0,[0x000255ec]
000252f4	main	00025496	0188	ldrh r1,[r0,#0x0]
000252f4	main	00025498	41f00401	orr r1,r1,#0x4
000252f4	main	0002549c	0180	strh r1,[r0,#0x0]
000252f4	main	0002549e	754e	ldr r6,[0x00025674]
000252f4	main	000254a0	f06a	ldr r0,[r6,#0x2c]
000252f4	main	000254a2	a8b1	cbz r0,0x000254d0
000252f4	main	000254a4	d7f88000	ldr.w r0,[r7,#0x80]
000252f4	main	000254a8	0128	cmp r0,#0x1
000252f4	main	000254aa	10d9	bls 0x000254ce
000252f4	main	000254ac	b06c	ldr r0,[r6,#0x48]
000252f4	main	000254ae	401c	adds r0,r0,#0x1
000252f4	main	000254b0	b064	str r0,[r6,#0x48]
000252f4	main	000254b2	fa28	cmp r0,#0xfa
000252f4	main	000254b4	0bd9	bls 0x000254ce
000252f4	main	000254b6	b464	str r4,[r6,#0x48]
000252f4	main	000254b8	bbf80000	ldrh.w r0,[r11,#0x0]
000252f4	main	000254bc	40f40050	orr r0,r0,#0x2000
000252f4	main	000254c0	abf80000	strh.w r0,[r11,#0x0]
000252f4	main	000254c4	6c48	ldr r0,[0x00025678]
000252f4	main	000254c6	0188	ldrh r1,[r0,#0x0]
000252f4	main	000254c8	41f00401	orr r1,r1,#0x4
000252f4	main	000254cc	0180	strh r1,[r0,#0x0]
000252f4	main	000254ce	f462	str r4,[r6,#0x2c]
000252f4	main	000254d0	306b	ldr r0,[r6,#0x30]
000252f4	main	000254d2	0128	cmp r0,#0x1
000252f4	main	000254d4	02d0	beq 0x000254dc
000252f4	main	000254d6	0228	cmp r0,#0x2
000252f4	main	000254d8	05d0	beq 0x000254e6
000252f4	main	000254da	08e0	b 0x000254ee
000252f4	main	000254dc	67a0	adr r0,[0x2567c]
000252f4	main	000254de	faf7c9ff	bl 0x00020474
000252f4	main	000254e2	3463	str r4,[r6,#0x30]
000252f4	main	000254e4	03e0	b 0x000254ee
000252f4	main	000254e6	69a0	adr r0,[0x2568c]
000252f4	main	000254e8	faf7c4ff	bl 0x00020474
000252f4	main	000254ec	3463	str r4,[r6,#0x30]
000252f4	main	000254ee	f068	ldr r0,[r6,#0xc]
000252f4	main	000254f0	b8b1	cbz r0,0x00025522
000252f4	main	000254f2	72b6	cpsid i
000252f4	main	000254f4	2522	movs r2,#0x25
000252f4	main	000254f6	3b49	ldr r1,[0x000255e4]
000252f4	main	000254f8	6848	ldr r0,[0x0002569c]
000252f4	main	000254fa	fcf754fa	bl 0x000219a6
000252f4	main	000254fe	6848	ldr r0,[0x000256a0]
000252f4	main	00025500	f460	str r4,[r6,#0xc]
000252f4	main	00025502	80f84680	strb.w r8,[r0,#0x46]
000252f4	main	00025506	6748	ldr r0,[0x000256a4]
000252f4	main	00025508	80f80080	strb.w r8,[r0,#0x0]
000252f4	main	0002550c	c9f880a2	str.w r10,[r9,#0x280]
000252f4	main	00025510	6548	ldr r0,[0x000256a8]
000252f4	main	00025512	30f8581f	ldrh.w r1,[r0,#0x58]!
000252f4	main	00025516	21f42061	bic r1,r1,#0xa00
000252f4	main	0002551a	0180	strh r1,[r0,#0x0]
000252f4	main	0002551c	c9f88082	str.w r8,[r9,#0x280]
000252f4	main	00025520	62b6	cpsie i
000252f4	main	00025522	b068	ldr r0,[r6,#0x8]
000252f4	main	00025524	0028	cmp r0,#0x0
000252f4	main	00025526	18bf	it ne
000252f4	main	00025528	b460	str.ne r4,[r6,#0x8]
000252f4	main	0002552a	3069	ldr r0,[r6,#0x10]
000252f4	main	0002552c	28b1	cbz r0,0x0002553a
000252f4	main	0002552e	00f0b9ff	bl 0x000264a4
000252f4	main	00025532	fff7f5fa	bl 0x00024b20
000252f4	main	00025536	3461	str r4,[r6,#0x10]
000252f4	main	00025538	ac63	str r4,[r5,#0x38]
000252f4	main	0002553a	f069	ldr r0,[r6,#0x1c]
000252f4	main	0002553c	68b3	cbz r0,0x0002559a
000252f4	main	0002553e	72b6	cpsid i
000252f4	main	00025540	0128	cmp r0,#0x1
000252f4	main	00025542	05d1	bne 0x00025550
000252f4	main	00025544	40f20312	movw r2,#0x103
000252f4	main	00025548	5849	ldr r1,[0x000256ac]
000252f4	main	0002554a	5948	ldr r0,[0x000256b0]
000252f4	main	0002554c	fcf72bfa	bl 0x000219a6
000252f4	main	00025550	f069	ldr r0,[r6,#0x1c]
000252f4	main	00025552	0228	cmp r0,#0x2
000252f4	main	00025554	09d1	bne 0x0002556a
000252f4	main	00025556	8202	lsls r2,r0,#0xa
000252f4	main	00025558	5649	ldr r1,[0x000256b4]
000252f4	main	0002555a	5748	ldr r0,[0x000256b8]
000252f4	main	0002555c	fcf723fa	bl 0x000219a6
000252f4	main	00025560	0422	movs r2,#0x4
000252f4	main	00025562	5649	ldr r1,[0x000256bc]
000252f4	main	00025564	5648	ldr r0,[0x000256c0]
000252f4	main	00025566	fcf71efa	bl 0x000219a6
000252f4	main	0002556a	f461	str r4,[r6,#0x1c]
000252f4	main	0002556c	fdf774f8	bl 0x00022658
000252f4	main	00025570	5448	ldr r0,[0x000256c4]
000252f4	main	00025572	80ed048a	vstr.32 s16,[r0,#0x10]
000252f4	main	00025576	4a48	ldr r0,[0x000256a0]
000252f4	main	00025578	80f84680	strb.w r8,[r0,#0x46]
000252f4	main	0002557c	4948	ldr r0,[0x000256a4]
000252f4	main	0002557e	80f80080	strb.w r8,[r0,#0x0]
000252f4	main	00025582	c9f880a2	str.w r10,[r9,#0x280]
000252f4	main	00025586	4848	ldr r0,[0x000256a8]
000252f4	main	00025588	30f8581f	ldrh.w r1,[r0,#0x58]!
000252f4	main	0002558c	21f42061	bic r1,r1,#0xa00
000252f4	main	00025590	0180	strh r1,[r0,#0x0]
000252f4	main	00025592	c9f88082	str.w r8,[r9,#0x280]
000252f4	main	00025596	62b6	cpsie i
000252f4	main	00025598	ac63	str r4,[r5,#0x38]
000252f4	main	0002559a	706a	ldr r0,[r6,#0x24]
000252f4	main	0002559c	18b1	cbz r0,0x000255a6
000252f4	main	0002559e	00f011f9	bl 0x000257c4
000252f4	main	000255a2	7462	str r4,[r6,#0x24]
000252f4	main	000255a4	ac63	str r4,[r5,#0x38]
000252f4	main	000255a6	b06a	ldr r0,[r6,#0x28]
000252f4	main	000255a8	20b1	cbz r0,0x000255b4
000252f4	main	000255aa	c0b2	uxtb r0,r0
000252f4	main	000255ac	01f0a8fb	bl 0x00026d00
000252f4	main	000255b0	b462	str r4,[r6,#0x28]
000252f4	main	000255b2	ac63	str r4,[r5,#0x38]
000252f4	main	000255b4	7069	ldr r0,[r6,#0x14]
000252f4	main	000255b6	0028	cmp r0,#0x0
000252f4	main	000255b8	3ff429af	beq.w 0x0002540e
000252f4	main	000255bc	fff79cf8	bl 0x000246f8
000252f4	main	000255c0	7461	str r4,[r6,#0x14]
000252f4	main	000255c2	24e7	b 0x0002540e
000256c8	power_stage_self_test_or_halt	000256c8	70b5	push {r4,r5,r6,lr}
000256c8	power_stage_self_test_or_halt	000256ca	88b0	sub sp,#0x20
000256c8	power_stage_self_test_or_halt	000256cc	1c22	movs r2,#0x1c
000256c8	power_stage_self_test_or_halt	000256ce	23a1	adr r1,[0x2575c]
000256c8	power_stage_self_test_or_halt	000256d0	6846	mov r0,sp
000256c8	power_stage_self_test_or_halt	000256d2	fbf774f8	bl 0x000207be
000256c8	power_stage_self_test_or_halt	000256d6	fdf7e7fa	bl 0x00022ca8
000256c8	power_stage_self_test_or_halt	000256da	0400	movs r4,r0
000256c8	power_stage_self_test_or_halt	000256dc	3cd0	beq 0x00025758
000256c8	power_stage_self_test_or_halt	000256de	4ff46120	mov.w r0,#0xe1000
000256c8	power_stage_self_test_or_halt	000256e2	fdf75bff	bl 0x0002359c
000256c8	power_stage_self_test_or_halt	000256e6	c4f34010	ubfx r0,r4,#0x5,#0x1
000256c8	power_stage_self_test_or_halt	000256ea	3030	adds r0,#0x30
000256c8	power_stage_self_test_or_halt	000256ec	8df80000	strb.w r0,[sp,#0x0]
000256c8	power_stage_self_test_or_halt	000256f0	c4f30010	ubfx r0,r4,#0x4,#0x1
000256c8	power_stage_self_test_or_halt	000256f4	3030	adds r0,#0x30
000256c8	power_stage_self_test_or_halt	000256f6	8df80500	strb.w r0,[sp,#0x5]
000256c8	power_stage_self_test_or_halt	000256fa	c4f3c000	ubfx r0,r4,#0x3,#0x1
000256c8	power_stage_self_test_or_halt	000256fe	3030	adds r0,#0x30
000256c8	power_stage_self_test_or_halt	00025700	8df80a00	strb.w r0,[sp,#0xa]
000256c8	power_stage_self_test_or_halt	00025704	c4f38000	ubfx r0,r4,#0x2,#0x1
000256c8	power_stage_self_test_or_halt	00025708	3030	adds r0,#0x30
000256c8	power_stage_self_test_or_halt	0002570a	8df80f00	strb.w r0,[sp,#0xf]
000256c8	power_stage_self_test_or_halt	0002570e	c4f34000	ubfx r0,r4,#0x1,#0x1
000256c8	power_stage_self_test_or_halt	00025712	3030	adds r0,#0x30
000256c8	power_stage_self_test_or_halt	00025714	8df81400	strb.w r0,[sp,#0x14]
000256c8	power_stage_self_test_or_halt	00025718	04f00100	and r0,r4,#0x1
000256c8	power_stage_self_test_or_halt	0002571c	3030	adds r0,#0x30
000256c8	power_stage_self_test_or_halt	0002571e	164c	ldr r4,[0x00025778]
000256c8	power_stage_self_test_or_halt	00025720	154d	ldr r5,[0x00025778]
000256c8	power_stage_self_test_or_halt	00025722	8df81900	strb.w r0,[sp,#0x19]
000256c8	power_stage_self_test_or_halt	00025726	2c34	adds r4,#0x2c
000256c8	power_stage_self_test_or_halt	00025728	4ff4fa76	mov.w r6,#0x1f4
000256c8	power_stage_self_test_or_halt	0002572c	13a0	adr r0,[0x2577c]
000256c8	power_stage_self_test_or_halt	0002572e	faf7a1fe	bl 0x00020474
000256c8	power_stage_self_test_or_halt	00025732	6946	mov r1,sp
000256c8	power_stage_self_test_or_halt	00025734	1da0	adr r0,[0x257ac]
000256c8	power_stage_self_test_or_halt	00025736	faf79dfe	bl 0x00020474
000256c8	power_stage_self_test_or_halt	0002573a	21a0	adr r0,[0x257c0]
000256c8	power_stage_self_test_or_halt	0002573c	faf79afe	bl 0x00020474
000256c8	power_stage_self_test_or_halt	00025740	2888	ldrh r0,[r5,#0x0]
000256c8	power_stage_self_test_or_halt	00025742	40f40050	orr r0,r0,#0x2000
000256c8	power_stage_self_test_or_halt	00025746	2880	strh r0,[r5,#0x0]
000256c8	power_stage_self_test_or_halt	00025748	2088	ldrh r0,[r4,#0x0]
000256c8	power_stage_self_test_or_halt	0002574a	40f00400	orr r0,r0,#0x4
000256c8	power_stage_self_test_or_halt	0002574e	2080	strh r0,[r4,#0x0]
000256c8	power_stage_self_test_or_halt	00025750	3046	mov r0,r6
000256c8	power_stage_self_test_or_halt	00025752	fcf7e9fb	bl 0x00021f28
000256c8	power_stage_self_test_or_halt	00025756	e9e7	b 0x0002572c
000256c8	power_stage_self_test_or_halt	00025758	08b0	add sp,#0x20
000256c8	power_stage_self_test_or_halt	0002575a	70bd	pop {r4,r5,r6,pc}
000257c4	run_motor_parameter_identification	000257c4	2de9f04f	push {r4,r5,r6,r7,r8,r9,r10,r11,lr}
000257c4	run_motor_parameter_identification	000257c8	0026	movs r6,#0x0
000257c4	run_motor_parameter_identification	000257ca	2ded108b	vpush {d8,d9,d10,d11,d12,d13,d14,d15}
000257c4	run_motor_parameter_identification	000257ce	c7b0	sub sp,#0x11c
000257c4	run_motor_parameter_identification	000257d0	3546	mov r5,r6
000257c4	run_motor_parameter_identification	000257d2	3446	mov r4,r6
000257c4	run_motor_parameter_identification	000257d4	9fedfeba	vldr.32 s22,[pc,#0x3f8]
000257c4	run_motor_parameter_identification	000257d8	b7ee000a	vmov.f32 s0,0x3f800000
000257c4	run_motor_parameter_identification	000257dc	8ded01ba	vstr.32 s22,[sp,#0x4]
000257c4	run_motor_parameter_identification	000257e0	f0ee4bba	vmov.f32 s23,s22
000257c4	run_motor_parameter_identification	000257e4	f0ee4bca	vmov.f32 s25,s22
000257c4	run_motor_parameter_identification	000257e8	b0ee4bea	vmov.f32 s28,s22
000257c4	run_motor_parameter_identification	000257ec	8ded020a	vstr.32 s0,[sp,#0x8]
000257c4	run_motor_parameter_identification	000257f0	9fedf8da	vldr.32 s26,[pc,#0x3e0]
000257c4	run_motor_parameter_identification	000257f4	b0ee4bfa	vmov.f32 s30,s22
000257c4	run_motor_parameter_identification	000257f8	8ded45da	vstr.32 s26,[sp,#0x114]
000257c4	run_motor_parameter_identification	000257fc	b0ee4bca	vmov.f32 s24,s22
000257c4	run_motor_parameter_identification	00025800	9fedf58b	vldr.64 d8,[pc,#0x3d4]
000257c4	run_motor_parameter_identification	00025804	2822	movs r2,#0x28
000257c4	run_motor_parameter_identification	00025806	f649	ldr r1,[0x00025be0]
000257c4	run_motor_parameter_identification	00025808	b0ee48aa	vmov.f32 s20,s16
000257c4	run_motor_parameter_identification	0002580c	f0ee68aa	vmov.f32 s21,s17
000257c4	run_motor_parameter_identification	00025810	b0ee489a	vmov.f32 s18,s16
000257c4	run_motor_parameter_identification	00025814	f0ee689a	vmov.f32 s19,s17
000257c4	run_motor_parameter_identification	00025818	1ea8	add r0,sp,#0x78
000257c4	run_motor_parameter_identification	0002581a	faf7d0ff	bl 0x000207be
000257c4	run_motor_parameter_identification	0002581e	f049	ldr r1,[0x00025be0]
000257c4	run_motor_parameter_identification	00025820	2822	movs r2,#0x28
000257c4	run_motor_parameter_identification	00025822	2831	adds r1,#0x28
000257c4	run_motor_parameter_identification	00025824	28a8	add r0,sp,#0xa0
000257c4	run_motor_parameter_identification	00025826	faf7caff	bl 0x000207be
000257c4	run_motor_parameter_identification	0002582a	4ff0e020	mov.w r0,#0xe000e000
000257c4	run_motor_parameter_identification	0002582e	0421	movs r1,#0x4
000257c4	run_motor_parameter_identification	00025830	c0f88011	str.w r1,[r0,#0x180]
000257c4	run_motor_parameter_identification	00025834	bff34f8f	dsb #0xf
000257c4	run_motor_parameter_identification	00025838	bff36f8f	isb #0xf
000257c4	run_motor_parameter_identification	0002583c	01f03cfb	bl 0x00026eb8
000257c4	run_motor_parameter_identification	00025840	41f68c07	movw r7,#0x188c
000257c4	run_motor_parameter_identification	00025844	f0ee4b0a	vmov.f32 s1,s22
000257c4	run_motor_parameter_identification	00025848	9fede60a	vldr.32 s0,[pc,#0x398]
000257c4	run_motor_parameter_identification	0002584c	fcf7b0f8	bl 0x000219b0
000257c4	run_motor_parameter_identification	00025850	6420	movs r0,#0x64
000257c4	run_motor_parameter_identification	00025852	fcf785fb	bl 0x00021f60
000257c4	run_motor_parameter_identification	00025856	761c	adds r6,r6,#0x1
000257c4	run_motor_parameter_identification	00025858	be42	cmp r6,r7
000257c4	run_motor_parameter_identification	0002585a	f3d3	bcc 0x00025844
000257c4	run_motor_parameter_identification	0002585c	dff888a3	ldr.w r10,[0x00025be8]
000257c4	run_motor_parameter_identification	00025860	9aed020a	vldr.32 s0,[r10,#0x8]
000257c4	run_motor_parameter_identification	00025864	daed050a	vldr.32 s1,[r10,#0x14]
000257c4	run_motor_parameter_identification	00025868	20ee0d1a	vmul.f32 s2,s0,s26
000257c4	run_motor_parameter_identification	0002586c	80ee810a	vdiv.f32 s0,s1,s2
000257c4	run_motor_parameter_identification	00025870	8ded420a	vstr.32 s0,[sp,#0x108]
000257c4	run_motor_parameter_identification	00025874	9fedd60a	vldr.32 s0,[pc,#0x358]
000257c4	run_motor_parameter_identification	00025878	dc49	ldr r1,[0x00025bec]
000257c4	run_motor_parameter_identification	0002587a	8ded330a	vstr.32 s0,[sp,#0xcc]
000257c4	run_motor_parameter_identification	0002587e	8ded340a	vstr.32 s0,[sp,#0xd0]
000257c4	run_motor_parameter_identification	00025882	8ded350a	vstr.32 s0,[sp,#0xd4]
000257c4	run_motor_parameter_identification	00025886	8ded360a	vstr.32 s0,[sp,#0xd8]
000257c4	run_motor_parameter_identification	0002588a	8ded37da	vstr.32 s26,[sp,#0xdc]
000257c4	run_motor_parameter_identification	0002588e	8ded380a	vstr.32 s0,[sp,#0xe0]
000257c4	run_motor_parameter_identification	00025892	8ded390a	vstr.32 s0,[sp,#0xe4]
000257c4	run_motor_parameter_identification	00025896	8ded3ada	vstr.32 s26,[sp,#0xe8]
000257c4	run_motor_parameter_identification	0002589a	0120	movs r0,#0x1
000257c4	run_motor_parameter_identification	0002589c	81f84600	strb.w r0,[r1,#0x46]
000257c4	run_motor_parameter_identification	000258a0	d34a	ldr r2,[0x00025bf0]
000257c4	run_motor_parameter_identification	000258a2	1070	strb r0,[r2,#0x0]
000257c4	run_motor_parameter_identification	000258a4	d34a	ldr r2,[0x00025bf4]
000257c4	run_motor_parameter_identification	000258a6	1070	strb r0,[r2,#0x0]
000257c4	run_motor_parameter_identification	000258a8	dff84c83	ldr.w r8,[0x00025bf8]
000257c4	run_motor_parameter_identification	000258ac	0026	movs r6,#0x0
000257c4	run_motor_parameter_identification	000258ae	dfedd3da	vldr.32 s27,[pc,#0x34c]
000257c4	run_motor_parameter_identification	000258b2	dff84cb3	ldr.w r11,[0x00025c00]
000257c4	run_motor_parameter_identification	000258b6	8946	mov r9,r1
000257c4	run_motor_parameter_identification	000258b8	4f46	mov r7,r9
000257c4	run_motor_parameter_identification	000258ba	99f84400	ldrb.w r0,[r9,#0x44]
000257c4	run_motor_parameter_identification	000258be	c007	lsls r0,r0,#0x1f
000257c4	run_motor_parameter_identification	000258c0	fad0	beq 0x000258b8
000257c4	run_motor_parameter_identification	000258c2	42f21070	movw r0,#0x2710
000257c4	run_motor_parameter_identification	000258c6	6d1c	adds r5,r5,#0x1
000257c4	run_motor_parameter_identification	000258c8	8542	cmp r5,r0
000257c4	run_motor_parameter_identification	000258ca	09d8	bhi 0x000258e0
000257c4	run_motor_parameter_identification	000258cc	6420	movs r0,#0x64
000257c4	run_motor_parameter_identification	000258ce	b5fbf0f1	udiv r1,r5,r0
000257c4	run_motor_parameter_identification	000258d2	00fb1150	mls r0,r0,r1,r5
000257c4	run_motor_parameter_identification	000258d6	18b9	cbnz r0,0x000258e0
000257c4	run_motor_parameter_identification	000258d8	9ded420a	vldr.32 s0,[sp,#0x108]
000257c4	run_motor_parameter_identification	000258dc	3cee00ca	vadd.f32 s24,s24,s0
000257c4	run_motor_parameter_identification	000258e0	0a20	movs r0,#0xa
000257c4	run_motor_parameter_identification	000258e2	b5fbf0f1	udiv r1,r5,r0
000257c4	run_motor_parameter_identification	000258e6	00fb1150	mls r0,r0,r1,r5
000257c4	run_motor_parameter_identification	000258ea	40bb	cbnz r0,0x0002593e
000257c4	run_motor_parameter_identification	000258ec	00ee105a	vmov s0,r5
000257c4	run_motor_parameter_identification	000258f0	dded450a	vldr.32 s1,[sp,#0x114]
000257c4	run_motor_parameter_identification	000258f4	b8ee400a	vcvt.f32.u32 s0,s0
000257c4	run_motor_parameter_identification	000258f8	60ee800a	vmul.f32 s1,s1,s0
000257c4	run_motor_parameter_identification	000258fc	9fedc10a	vldr.32 s0,[pc,#0x304]
000257c4	run_motor_parameter_identification	00025900	20ee800a	vmul.f32 s0,s1,s0
000257c4	run_motor_parameter_identification	00025904	dfedc00a	vldr.32 s1,[pc,#0x300]
000257c4	run_motor_parameter_identification	00025908	60ee200a	vmul.f32 s1,s0,s1
000257c4	run_motor_parameter_identification	0002590c	fceee00a	vcvt.u32.f32 s1,s1
000257c4	run_motor_parameter_identification	00025910	f8ee600a	vcvt.f32.u32 s1,s1
000257c4	run_motor_parameter_identification	00025914	00eeed0a	vmls.f32 s0,s1,s27
000257c4	run_motor_parameter_identification	00025918	8ded060a	vstr.32 s0,[sp,#0x18]
000257c4	run_motor_parameter_identification	0002591c	dfedbb0a	vldr.32 s1,[pc,#0x2ec]
000257c4	run_motor_parameter_identification	00025920	9fedbb0a	vldr.32 s0,[pc,#0x2ec]
000257c4	run_motor_parameter_identification	00025924	06a8	add r0,sp,#0x18
000257c4	run_motor_parameter_identification	00025926	fcf748f8	bl 0x000219ba
000257c4	run_motor_parameter_identification	0002592a	46a9	add r1,sp,#0x118
000257c4	run_motor_parameter_identification	0002592c	41a8	add r0,sp,#0x104
000257c4	run_motor_parameter_identification	0002592e	9ded060a	vldr.32 s0,[sp,#0x18]
000257c4	run_motor_parameter_identification	00025932	fcf733f8	bl 0x0002199c
000257c4	run_motor_parameter_identification	00025936	9ded410a	vldr.32 s0,[sp,#0x104]
000257c4	run_motor_parameter_identification	0002593a	2cee00fa	vmul.f32 s30,s24,s0
000257c4	run_motor_parameter_identification	0002593e	3846	mov r0,r7
000257c4	run_motor_parameter_identification	00025940	b946	mov r9,r7
000257c4	run_motor_parameter_identification	00025942	30f8501f	ldrh.w r1,[r0,#0x50]!
000257c4	run_motor_parameter_identification	00025946	adf80c10	strh.w r1,[sp,#0xc]
000257c4	run_motor_parameter_identification	0002594a	a949	ldr r1,[0x00025bf0]
000257c4	run_motor_parameter_identification	0002594c	0a31	adds r1,#0xa
000257c4	run_motor_parameter_identification	0002594e	0988	ldrh r1,[r1,#0x0]
000257c4	run_motor_parameter_identification	00025950	adf81010	strh.w r1,[sp,#0x10]
000257c4	run_motor_parameter_identification	00025954	a749	ldr r1,[0x00025bf4]
000257c4	run_motor_parameter_identification	00025956	0a31	adds r1,#0xa
000257c4	run_motor_parameter_identification	00025958	0988	ldrh r1,[r1,#0x0]
000257c4	run_motor_parameter_identification	0002595a	adf81410	strh.w r1,[sp,#0x14]
000257c4	run_motor_parameter_identification	0002595e	4088	ldrh r0,[r0,#0x2]
000257c4	run_motor_parameter_identification	00025960	adf81400	strh.w r0,[sp,#0x14]
000257c4	run_motor_parameter_identification	00025964	daed000a	vldr.32 s1,[r10]
000257c4	run_motor_parameter_identification	00025968	bdf81400	ldrh.w r0,[sp,#0x14]
000257c4	run_motor_parameter_identification	0002596c	5746	mov r7,r10
000257c4	run_motor_parameter_identification	0002596e	00ee100a	vmov s0,r0
000257c4	run_motor_parameter_identification	00025972	b8ee400a	vcvt.f32.u32 s0,s0
000257c4	run_motor_parameter_identification	00025976	20ee800a	vmul.f32 s0,s1,s0
000257c4	run_motor_parameter_identification	0002597a	88ed1a0a	vstr.32 s0,[r8,#0x68]
000257c4	run_motor_parameter_identification	0002597e	dfeda50a	vldr.32 s1,[pc,#0x294]
000257c4	run_motor_parameter_identification	00025982	20ee200a	vmul.f32 s0,s0,s1
000257c4	run_motor_parameter_identification	00025986	88ed1b0a	vstr.32 s0,[r8,#0x6c]
000257c4	run_motor_parameter_identification	0002598a	98ed101a	vldr.32 s2,[r8,#0x40]
000257c4	run_motor_parameter_identification	0002598e	bdf80c10	ldrh.w r1,[sp,#0xc]
000257c4	run_motor_parameter_identification	00025992	00ee101a	vmov s0,r1
000257c4	run_motor_parameter_identification	00025996	b8ee400a	vcvt.f32.u32 s0,s0
000257c4	run_motor_parameter_identification	0002599a	31ee401a	vsub.f32 s2,s2,s0
000257c4	run_motor_parameter_identification	0002599e	9fed9e0a	vldr.32 s0,[pc,#0x278]
000257c4	run_motor_parameter_identification	000259a2	d8ed111a	vldr.32 s3,[r8,#0x44]
000257c4	run_motor_parameter_identification	000259a6	bdf81000	ldrh.w r0,[sp,#0x10]
000257c4	run_motor_parameter_identification	000259aa	21ee00da	vmul.f32 s26,s2,s0
000257c4	run_motor_parameter_identification	000259ae	01ee100a	vmov s2,r0
000257c4	run_motor_parameter_identification	000259b2	9a48	ldr r0,[0x00025c1c]
000257c4	run_motor_parameter_identification	000259b4	b8ee411a	vcvt.f32.u32 s2,s2
000257c4	run_motor_parameter_identification	000259b8	4168	ldr r1,[r0,#0x4]
000257c4	run_motor_parameter_identification	000259ba	31eec11a	vsub.f32 s2,s3,s2
000257c4	run_motor_parameter_identification	000259be	f0ee4d1a	vmov.f32 s3,s26
000257c4	run_motor_parameter_identification	000259c2	21ee000a	vmul.f32 s0,s2,s0
000257c4	run_motor_parameter_identification	000259c6	b0ee001a	vmov.f32 s2,0x40000000
000257c4	run_motor_parameter_identification	000259ca	40ee011a	vmla.f32 s3,s0,s2
000257c4	run_motor_parameter_identification	000259ce	61eea0fa	vmul.f32 s31,s3,s1
000257c4	run_motor_parameter_identification	000259d2	31b3	cbz r1,0x00025a22
000257c4	run_motor_parameter_identification	000259d4	0021	movs r1,#0x0
000257c4	run_motor_parameter_identification	000259d6	4160	str r1,[r0,#0x4]
000257c4	run_motor_parameter_identification	000259d8	dbed150a	vldr.32 s1,[r11,#0x54]
000257c4	run_motor_parameter_identification	000259dc	90ed020a	vldr.32 s0,[r0,#0x8]
000257c4	run_motor_parameter_identification	000259e0	9bed161a	vldr.32 s2,[r11,#0x58]
000257c4	run_motor_parameter_identification	000259e4	f8ee600a	vcvt.f32.u32 s1,s1
000257c4	run_motor_parameter_identification	000259e8	60ee200a	vmul.f32 s1,s0,s1
000257c4	run_motor_parameter_identification	000259ec	20ee010a	vmul.f32 s0,s0,s2
000257c4	run_motor_parameter_identification	000259f0	bceec00a	vcvt.u32.f32 s0,s0
000257c4	run_motor_parameter_identification	000259f4	b8ee400a	vcvt.f32.u32 s0,s0
000257c4	run_motor_parameter_identification	000259f8	40ee6d0a	vmls.f32 s1,s0,s27
000257c4	run_motor_parameter_identification	000259fc	9bed050a	vldr.32 s0,[r11,#0x14]
000257c4	run_motor_parameter_identification	00025a00	30ee800a	vadd.f32 s0,s1,s0
000257c4	run_motor_parameter_identification	00025a04	8ded000a	vstr.32 s0,[sp]
000257c4	run_motor_parameter_identification	00025a08	dfed800a	vldr.32 s1,[pc,#0x200]
000257c4	run_motor_parameter_identification	00025a0c	9fed800a	vldr.32 s0,[pc,#0x200]
000257c4	run_motor_parameter_identification	00025a10	6846	mov r0,sp
000257c4	run_motor_parameter_identification	00025a12	fbf7d2ff	bl 0x000219ba
000257c4	run_motor_parameter_identification	00025a16	02a9	add r1,sp,#0x8
000257c4	run_motor_parameter_identification	00025a18	01a8	add r0,sp,#0x4
000257c4	run_motor_parameter_identification	00025a1a	9ded000a	vldr.32 s0,[sp]
000257c4	run_motor_parameter_identification	00025a1e	fbf7bdff	bl 0x0002199c
000257c4	run_motor_parameter_identification	00025a22	dded020a	vldr.32 s1,[sp,#0x8]
000257c4	run_motor_parameter_identification	00025a26	9ded010a	vldr.32 s0,[sp,#0x4]
000257c4	run_motor_parameter_identification	00025a2a	44f62060	movw r0,#0x4e20
000257c4	run_motor_parameter_identification	00025a2e	60ee8dea	vmul.f32 s29,s1,s26
000257c4	run_motor_parameter_identification	00025a32	8542	cmp r5,r0
000257c4	run_motor_parameter_identification	00025a34	40ee2fea	vmla.f32 s29,s0,s31
000257c4	run_motor_parameter_identification	00025a38	60eeaffa	vmul.f32 s31,s1,s31
000257c4	run_motor_parameter_identification	00025a3c	40ee4dfa	vmls.f32 s31,s0,s26
000257c4	run_motor_parameter_identification	00025a40	0ed9	bls 0x00025a60
000257c4	run_motor_parameter_identification	00025a42	97ed020a	vldr.32 s0,[r7,#0x8]
000257c4	run_motor_parameter_identification	00025a46	32a8	add r0,sp,#0xc8
000257c4	run_motor_parameter_identification	00025a48	20ee2e0a	vmul.f32 s0,s0,s29
000257c4	run_motor_parameter_identification	00025a4c	8ded320a	vstr.32 s0,[sp,#0xc8]
000257c4	run_motor_parameter_identification	00025a50	98ed1b0a	vldr.32 s0,[r8,#0x6c]
000257c4	run_motor_parameter_identification	00025a54	20ee2b0a	vmul.f32 s0,s0,s23
000257c4	run_motor_parameter_identification	00025a58	8ded340a	vstr.32 s0,[sp,#0xd0]
000257c4	run_motor_parameter_identification	00025a5c	fbf7b7ff	bl 0x000219ce
000257c4	run_motor_parameter_identification	00025a60	7fee6e0a	vsub.f32 s1,s30,s29
000257c4	run_motor_parameter_identification	00025a64	97ed060a	vldr.32 s0,[r7,#0x18]
000257c4	run_motor_parameter_identification	00025a68	97ed071a	vldr.32 s2,[r7,#0x1c]
000257c4	run_motor_parameter_identification	00025a6c	60ee201a	vmul.f32 s3,s0,s1
000257c4	run_motor_parameter_identification	00025a70	20ee6fda	vnmul.f32 s26,s0,s31
000257c4	run_motor_parameter_identification	00025a74	f1ee410a	vneg.f32 s1,s2
000257c4	run_motor_parameter_identification	00025a78	b0ee610a	vmov.f32 s0,s3
000257c4	run_motor_parameter_identification	00025a7c	fbf7acff	bl 0x000219d8
000257c4	run_motor_parameter_identification	00025a80	f0ee40ba	vmov.f32 s23,s0
000257c4	run_motor_parameter_identification	00025a84	9ded020a	vldr.32 s0,[sp,#0x8]
000257c4	run_motor_parameter_identification	00025a88	dded010a	vldr.32 s1,[sp,#0x4]
000257c4	run_motor_parameter_identification	00025a8c	20ee2b1a	vmul.f32 s2,s0,s23
000257c4	run_motor_parameter_identification	00025a90	00eecd1a	vmls.f32 s2,s1,s26
000257c4	run_motor_parameter_identification	00025a94	60eeab0a	vmul.f32 s1,s1,s23
000257c4	run_motor_parameter_identification	00025a98	40ee0d0a	vmla.f32 s1,s0,s26
000257c4	run_motor_parameter_identification	00025a9c	b0ee410a	vmov.f32 s0,s2
000257c4	run_motor_parameter_identification	00025aa0	fbf786ff	bl 0x000219b0
000257c4	run_motor_parameter_identification	00025aa4	0120	movs r0,#0x1
000257c4	run_motor_parameter_identification	00025aa6	89f84600	strb.w r0,[r9,#0x46]
000257c4	run_motor_parameter_identification	00025aaa	5149	ldr r1,[0x00025bf0]
000257c4	run_motor_parameter_identification	00025aac	0870	strb r0,[r1,#0x0]
000257c4	run_motor_parameter_identification	00025aae	5149	ldr r1,[0x00025bf4]
000257c4	run_motor_parameter_identification	00025ab0	0870	strb r0,[r1,#0x0]
000257c4	run_motor_parameter_identification	00025ab2	4ef66020	movw r0,#0xea60
000257c4	run_motor_parameter_identification	00025ab6	761c	adds r6,r6,#0x1
000257c4	run_motor_parameter_identification	00025ab8	8642	cmp r6,r0
000257c4	run_motor_parameter_identification	00025aba	fff4fdae	bcc.w 0x000258b8
000257c4	run_motor_parameter_identification	00025abe	0520	movs r0,#0x5
000257c4	run_motor_parameter_identification	00025ac0	fcf732fa	bl 0x00021f28
000257c4	run_motor_parameter_identification	00025ac4	dfed42ea	vldr.32 s29,[pc,#0x108]
000257c4	run_motor_parameter_identification	00025ac8	b0ee6e0a	vmov.f32 s0,s29
000257c4	run_motor_parameter_identification	00025acc	f0ee400a	vmov.f32 s1,s0
000257c4	run_motor_parameter_identification	00025ad0	fbf76eff	bl 0x000219b0
000257c4	run_motor_parameter_identification	00025ad4	9aed031a	vldr.32 s2,[r10,#0xc]
000257c4	run_motor_parameter_identification	00025ad8	9ded360a	vldr.32 s0,[sp,#0xd8]
000257c4	run_motor_parameter_identification	00025adc	504d	ldr r5,[0x00025c20]
000257c4	run_motor_parameter_identification	00025ade	b7ee00ca	vmov.f32 s24,0x3f800000
000257c4	run_motor_parameter_identification	00025ae2	c1ee000a	vdiv.f32 s1,s2,s0
000257c4	run_motor_parameter_identification	00025ae6	c5ed120a	vstr.32 s1,[r5,#0x48]
000257c4	run_motor_parameter_identification	00025aea	9ded351a	vldr.32 s2,[sp,#0xd4]
000257c4	run_motor_parameter_identification	00025aee	7cee411a	vsub.f32 s3,s24,s2
000257c4	run_motor_parameter_identification	00025af2	81ee801a	vdiv.f32 s2,s3,s0
000257c4	run_motor_parameter_identification	00025af6	85ed111a	vstr.32 s2,[r5,#0x44]
000257c4	run_motor_parameter_identification	00025afa	b5eec01a	vcmpe.f32 s2,#0
000257c4	run_motor_parameter_identification	00025afe	f1ee10fa	vmrs apsr,fpscr
000257c4	run_motor_parameter_identification	00025b02	04d3	bcc 0x00025b0e
000257c4	run_motor_parameter_identification	00025b04	f5eec00a	vcmpe.f32 s1,#0
000257c4	run_motor_parameter_identification	00025b08	f1ee10fa	vmrs apsr,fpscr
000257c4	run_motor_parameter_identification	00025b0c	07d2	bcs 0x00025b1e
000257c4	run_motor_parameter_identification	00025b0e	45a0	adr r0,[0x25c24]
000257c4	run_motor_parameter_identification	00025b10	faf7b0fc	bl 0x00020474
000257c4	run_motor_parameter_identification	00025b14	47b0	add sp,#0x11c
000257c4	run_motor_parameter_identification	00025b16	bdec108b	vpop {d8,d9,d10,d11,d12,d13,d14,d15}
000257c4	run_motor_parameter_identification	00025b1a	bde8f08f	pop.w {r4,r5,r6,r7,r8,r9,r10,r11,pc}
000257c4	run_motor_parameter_identification	00025b1e	0520	movs r0,#0x5
000257c4	run_motor_parameter_identification	00025b20	fcf702fa	bl 0x00021f28
000257c4	run_motor_parameter_identification	00025b24	3e48	ldr r0,[0x00025c20]
000257c4	run_motor_parameter_identification	00025b26	90ed120a	vldr.32 s0,[r0,#0x48]
000257c4	run_motor_parameter_identification	00025b2a	8ded070a	vstr.32 s0,[sp,#0x1c]
000257c4	run_motor_parameter_identification	00025b2e	dfed400a	vldr.32 s1,[pc,#0x100]
000257c4	run_motor_parameter_identification	00025b32	2d49	ldr r1,[0x00025be8]
000257c4	run_motor_parameter_identification	00025b34	cded080a	vstr.32 s1,[sp,#0x20]
000257c4	run_motor_parameter_identification	00025b38	dfed2a0a	vldr.32 s1,[pc,#0xa8]
000257c4	run_motor_parameter_identification	00025b3c	dfed3d1a	vldr.32 s3,[pc,#0xf4]
000257c4	run_motor_parameter_identification	00025b40	cded090a	vstr.32 s1,[sp,#0x24]
000257c4	run_motor_parameter_identification	00025b44	cded0fea	vstr.32 s29,[sp,#0x3c]
000257c4	run_motor_parameter_identification	00025b48	cded10ea	vstr.32 s29,[sp,#0x40]
000257c4	run_motor_parameter_identification	00025b4c	d1ed030a	vldr.32 s1,[r1,#0xc]
000257c4	run_motor_parameter_identification	00025b50	b7ee002a	vmov.f32 s4,0x3f800000
000257c4	run_motor_parameter_identification	00025b54	cded1b0a	vstr.32 s1,[sp,#0x6c]
000257c4	run_motor_parameter_identification	00025b58	90ed111a	vldr.32 s2,[r0,#0x44]
000257c4	run_motor_parameter_identification	00025b5c	18a8	add r0,sp,#0x60
000257c4	run_motor_parameter_identification	00025b5e	2f4f	ldr r7,[0x00025c1c]
000257c4	run_motor_parameter_identification	00025b60	c1ee000a	vdiv.f32 s1,s2,s0
000257c4	run_motor_parameter_identification	00025b64	81ee801a	vdiv.f32 s2,s3,s0
000257c4	run_motor_parameter_identification	00025b68	c2ee001a	vdiv.f32 s3,s4,s0
000257c4	run_motor_parameter_identification	00025b6c	c0ec030a	vstmia r0,{s1,s2,s3}
000257c4	run_motor_parameter_identification	00025b70	15a8	add r0,sp,#0x54
000257c4	run_motor_parameter_identification	00025b72	cded13ea	vstr.32 s29,[sp,#0x4c]
000257c4	run_motor_parameter_identification	00025b76	cded14ea	vstr.32 s29,[sp,#0x50]
000257c4	run_motor_parameter_identification	00025b7a	c0ec030a	vstmia r0,{s1,s2,s3}
000257c4	run_motor_parameter_identification	00025b7e	0120	movs r0,#0x1
000257c4	run_motor_parameter_identification	00025b80	c7ed04ea	vstr.32 s29,[r7,#0x10]
000257c4	run_motor_parameter_identification	00025b84	89f84600	strb.w r0,[r9,#0x46]
000257c4	run_motor_parameter_identification	00025b88	194a	ldr r2,[0x00025bf0]
000257c4	run_motor_parameter_identification	00025b8a	1070	strb r0,[r2,#0x0]
000257c4	run_motor_parameter_identification	00025b8c	194a	ldr r2,[0x00025bf4]
000257c4	run_motor_parameter_identification	00025b8e	1070	strb r0,[r2,#0x0]
000257c4	run_motor_parameter_identification	00025b90	0020	movs r0,#0x0
000257c4	run_motor_parameter_identification	00025b92	b0ee6eca	vmov.f32 s24,s29
000257c4	run_motor_parameter_identification	00025b96	0546	mov r5,r0
000257c4	run_motor_parameter_identification	00025b98	0646	mov r6,r0
000257c4	run_motor_parameter_identification	00025b9a	7860	str r0,[r7,#0x4]
000257c4	run_motor_parameter_identification	00025b9c	99f84410	ldrb.w r1,[r9,#0x44]
000257c4	run_motor_parameter_identification	00025ba0	4846	mov r0,r9
000257c4	run_motor_parameter_identification	00025ba2	c907	lsls r1,r1,#0x1f
000257c4	run_motor_parameter_identification	00025ba4	fad0	beq 0x00025b9c
000257c4	run_motor_parameter_identification	00025ba6	30f8501f	ldrh.w r1,[r0,#0x50]!
000257c4	run_motor_parameter_identification	00025baa	adf80c10	strh.w r1,[sp,#0xc]
000257c4	run_motor_parameter_identification	00025bae	1049	ldr r1,[0x00025bf0]
000257c4	run_motor_parameter_identification	00025bb0	0a31	adds r1,#0xa
000257c4	run_motor_parameter_identification	00025bb2	0988	ldrh r1,[r1,#0x0]
000257c4	run_motor_parameter_identification	00025bb4	adf81010	strh.w r1,[sp,#0x10]
000257c4	run_motor_parameter_identification	00025bb8	0e49	ldr r1,[0x00025bf4]
000257c4	run_motor_parameter_identification	00025bba	0a31	adds r1,#0xa
000257c4	run_motor_parameter_identification	00025bbc	0988	ldrh r1,[r1,#0x0]
000257c4	run_motor_parameter_identification	00025bbe	adf81410	strh.w r1,[sp,#0x14]
000257c4	run_motor_parameter_identification	00025bc2	4088	ldrh r0,[r0,#0x2]
000257c4	run_motor_parameter_identification	00025bc4	adf81400	strh.w r0,[sp,#0x14]
000257c4	run_motor_parameter_identification	00025bc8	dff81ca0	ldr.w r10,[0x00025be8]
000257c4	run_motor_parameter_identification	00025bcc	34e0	b 0x00025c38
000257c4	run_motor_parameter_identification	00025c38	daed000a	vldr.32 s1,[r10]
000257c4	run_motor_parameter_identification	00025c3c	bdf81400	ldrh.w r0,[sp,#0x14]
000257c4	run_motor_parameter_identification	00025c40	00ee100a	vmov s0,r0
000257c4	run_motor_parameter_identification	00025c44	b8ee400a	vcvt.f32.u32 s0,s0
000257c4	run_motor_parameter_identification	00025c48	20ee800a	vmul.f32 s0,s1,s0
000257c4	run_motor_parameter_identification	00025c4c	5fed0f0a	vldr.32 s1,[pc,#-0x3c]
000257c4	run_motor_parameter_identification	00025c50	88ed1a0a	vstr.32 s0,[r8,#0x68]
000257c4	run_motor_parameter_identification	00025c54	20ee200a	vmul.f32 s0,s0,s1
000257c4	run_motor_parameter_identification	00025c58	88ed1b0a	vstr.32 s0,[r8,#0x6c]
000257c4	run_motor_parameter_identification	00025c5c	98ed101a	vldr.32 s2,[r8,#0x40]
000257c4	run_motor_parameter_identification	00025c60	bdf80c10	ldrh.w r1,[sp,#0xc]
000257c4	run_motor_parameter_identification	00025c64	1fed14fa	vldr.32 s30,[pc,#-0x50]
000257c4	run_motor_parameter_identification	00025c68	00ee101a	vmov s0,r1
000257c4	run_motor_parameter_identification	00025c6c	bdf81000	ldrh.w r0,[sp,#0x10]
000257c4	run_motor_parameter_identification	00025c70	b8ee400a	vcvt.f32.u32 s0,s0
000257c4	run_motor_parameter_identification	00025c74	31ee400a	vsub.f32 s0,s2,s0
000257c4	run_motor_parameter_identification	00025c78	98ed111a	vldr.32 s2,[r8,#0x44]
000257c4	run_motor_parameter_identification	00025c7c	20ee0fda	vmul.f32 s26,s0,s30
000257c4	run_motor_parameter_identification	00025c80	00ee100a	vmov s0,r0
000257c4	run_motor_parameter_identification	00025c84	7868	ldr r0,[r7,#0x4]
000257c4	run_motor_parameter_identification	00025c86	6d1c	adds r5,r5,#0x1
000257c4	run_motor_parameter_identification	00025c88	b8ee400a	vcvt.f32.u32 s0,s0
000257c4	run_motor_parameter_identification	00025c8c	f0ee4d1a	vmov.f32 s3,s26
000257c4	run_motor_parameter_identification	00025c90	31ee400a	vsub.f32 s0,s2,s0
000257c4	run_motor_parameter_identification	00025c94	b0ee001a	vmov.f32 s2,0x40000000
000257c4	run_motor_parameter_identification	00025c98	20ee0f0a	vmul.f32 s0,s0,s30
000257c4	run_motor_parameter_identification	00025c9c	40ee011a	vmla.f32 s3,s0,s2
000257c4	run_motor_parameter_identification	00025ca0	61eea0fa	vmul.f32 s31,s3,s1
000257c4	run_motor_parameter_identification	00025ca4	30b3	cbz r0,0x00025cf4
000257c4	run_motor_parameter_identification	00025ca6	0020	movs r0,#0x0
000257c4	run_motor_parameter_identification	00025ca8	7860	str r0,[r7,#0x4]
000257c4	run_motor_parameter_identification	00025caa	dbed150a	vldr.32 s1,[r11,#0x54]
000257c4	run_motor_parameter_identification	00025cae	97ed020a	vldr.32 s0,[r7,#0x8]
000257c4	run_motor_parameter_identification	00025cb2	9bed161a	vldr.32 s2,[r11,#0x58]
000257c4	run_motor_parameter_identification	00025cb6	f8ee600a	vcvt.f32.u32 s1,s1
000257c4	run_motor_parameter_identification	00025cba	6846	mov r0,sp
000257c4	run_motor_parameter_identification	00025cbc	60ee200a	vmul.f32 s1,s0,s1
000257c4	run_motor_parameter_identification	00025cc0	20ee010a	vmul.f32 s0,s0,s2
000257c4	run_motor_parameter_identification	00025cc4	bceec00a	vcvt.u32.f32 s0,s0
000257c4	run_motor_parameter_identification	00025cc8	b8ee400a	vcvt.f32.u32 s0,s0
000257c4	run_motor_parameter_identification	00025ccc	40ee6d0a	vmls.f32 s1,s0,s27
000257c4	run_motor_parameter_identification	00025cd0	9bed050a	vldr.32 s0,[r11,#0x14]
000257c4	run_motor_parameter_identification	00025cd4	30ee800a	vadd.f32 s0,s1,s0
000257c4	run_motor_parameter_identification	00025cd8	5fed340a	vldr.32 s1,[pc,#-0xd0]
000257c4	run_motor_parameter_identification	00025cdc	8ded000a	vstr.32 s0,[sp]
000257c4	run_motor_parameter_identification	00025ce0	1fed350a	vldr.32 s0,[pc,#-0xd4]
000257c4	run_motor_parameter_identification	00025ce4	fbf769fe	bl 0x000219ba
000257c4	run_motor_parameter_identification	00025ce8	02a9	add r1,sp,#0x8
000257c4	run_motor_parameter_identification	00025cea	01a8	add r0,sp,#0x4
000257c4	run_motor_parameter_identification	00025cec	9ded000a	vldr.32 s0,[sp]
000257c4	run_motor_parameter_identification	00025cf0	fbf754fe	bl 0x0002199c
000257c4	run_motor_parameter_identification	00025cf4	9ded020a	vldr.32 s0,[sp,#0x8]
000257c4	run_motor_parameter_identification	00025cf8	dded010a	vldr.32 s1,[sp,#0x4]
000257c4	run_motor_parameter_identification	00025cfc	5146	mov r1,r10
000257c4	run_motor_parameter_identification	00025cfe	60ee0d3a	vmul.f32 s7,s0,s26
000257c4	run_motor_parameter_identification	00025d02	20ee2f1a	vmul.f32 s2,s0,s31
000257c4	run_motor_parameter_identification	00025d06	9aed020a	vldr.32 s0,[r10,#0x8]
000257c4	run_motor_parameter_identification	00025d0a	07a8	add r0,sp,#0x1c
000257c4	run_motor_parameter_identification	00025d0c	40eeaf3a	vmla.f32 s7,s1,s31
000257c4	run_motor_parameter_identification	00025d10	00eecd1a	vmls.f32 s2,s1,s26
000257c4	run_motor_parameter_identification	00025d14	60ee230a	vmul.f32 s1,s0,s7
000257c4	run_motor_parameter_identification	00025d18	20ee010a	vmul.f32 s0,s0,s2
000257c4	run_motor_parameter_identification	00025d1c	cded0a0a	vstr.32 s1,[sp,#0x28]
000257c4	run_motor_parameter_identification	00025d20	8ded0b0a	vstr.32 s0,[sp,#0x2c]
000257c4	run_motor_parameter_identification	00025d24	cded0eca	vstr.32 s25,[sp,#0x38]
000257c4	run_motor_parameter_identification	00025d28	98ed1b0a	vldr.32 s0,[r8,#0x6c]
000257c4	run_motor_parameter_identification	00025d2c	60ee2b0a	vmul.f32 s1,s0,s23
000257c4	run_motor_parameter_identification	00025d30	20ee0c0a	vmul.f32 s0,s0,s24
000257c4	run_motor_parameter_identification	00025d34	cded0c0a	vstr.32 s1,[sp,#0x30]
000257c4	run_motor_parameter_identification	00025d38	8ded0d0a	vstr.32 s0,[sp,#0x34]
000257c4	run_motor_parameter_identification	00025d3c	fbf751fe	bl 0x000219e2
000257c4	run_motor_parameter_identification	00025d40	142d	cmp r5,#0x14
000257c4	run_motor_parameter_identification	00025d42	25d1	bne 0x00025d90
000257c4	run_motor_parameter_identification	00025d44	9bed150a	vldr.32 s0,[r11,#0x54]
000257c4	run_motor_parameter_identification	00025d48	d7ed040a	vldr.32 s1,[r7,#0x10]
000257c4	run_motor_parameter_identification	00025d4c	b8ee400a	vcvt.f32.u32 s0,s0
000257c4	run_motor_parameter_identification	00025d50	60ee800a	vmul.f32 s1,s1,s0
000257c4	run_motor_parameter_identification	00025d54	9fedfe0a	vldr.32 s0,[pc,#0x3f8]
000257c4	run_motor_parameter_identification	00025d58	20ee800a	vmul.f32 s0,s1,s0
000257c4	run_motor_parameter_identification	00025d5c	dbed1a0a	vldr.32 s1,[r11,#0x68]
000257c4	run_motor_parameter_identification	00025d60	60ee8eca	vmul.f32 s25,s1,s28
000257c4	run_motor_parameter_identification	00025d64	dbed1b0a	vldr.32 s1,[r11,#0x6c]
000257c4	run_motor_parameter_identification	00025d68	c7ed04ea	vstr.32 s29,[r7,#0x10]
000257c4	run_motor_parameter_identification	00025d6c	40ee20ca	vmla.f32 s25,s0,s1
000257c4	run_motor_parameter_identification	00025d70	b0ee6cea	vmov.f32 s28,s25
000257c4	run_motor_parameter_identification	00025d74	9fedf70a	vldr.32 s0,[pc,#0x3dc]
000257c4	run_motor_parameter_identification	00025d78	3cee00ca	vadd.f32 s24,s24,s0
000257c4	run_motor_parameter_identification	00025d7c	91ed080a	vldr.32 s0,[r1,#0x20]
000257c4	run_motor_parameter_identification	00025d80	b4eecc0a	vcmpe.f32 s0,s24
000257c4	run_motor_parameter_identification	00025d84	f1ee10fa	vmrs apsr,fpscr
000257c4	run_motor_parameter_identification	00025d88	01d8	bhi 0x00025d8e
000257c4	run_motor_parameter_identification	00025d8a	b0ee40ca	vmov.f32 s24,s0
000257c4	run_motor_parameter_identification	00025d8e	0025	movs r5,#0x0
000257c4	run_motor_parameter_identification	00025d90	91ed030a	vldr.32 s0,[r1,#0xc]
000257c4	run_motor_parameter_identification	00025d94	f2ee040a	vmov.f32 s1,0x41200000
000257c4	run_motor_parameter_identification	00025d98	60ee200a	vmul.f32 s1,s0,s1
000257c4	run_motor_parameter_identification	00025d9c	b0ee6b0a	vmov.f32 s0,s23
000257c4	run_motor_parameter_identification	00025da0	00eee30a	vmls.f32 s0,s1,s7
000257c4	run_motor_parameter_identification	00025da4	9fedec1a	vldr.32 s2,[pc,#0x3b0]
000257c4	run_motor_parameter_identification	00025da8	dfedec0a	vldr.32 s1,[pc,#0x3b0]
000257c4	run_motor_parameter_identification	00025dac	fbf714fe	bl 0x000219d8
000257c4	run_motor_parameter_identification	00025db0	dded020a	vldr.32 s1,[sp,#0x8]
000257c4	run_motor_parameter_identification	00025db4	f0ee40ba	vmov.f32 s23,s0
000257c4	run_motor_parameter_identification	00025db8	9ded010a	vldr.32 s0,[sp,#0x4]
000257c4	run_motor_parameter_identification	00025dbc	20eeab1a	vmul.f32 s2,s1,s23
000257c4	run_motor_parameter_identification	00025dc0	00ee4c1a	vmls.f32 s2,s0,s24
000257c4	run_motor_parameter_identification	00025dc4	20ee2b0a	vmul.f32 s0,s0,s23
000257c4	run_motor_parameter_identification	00025dc8	00ee8c0a	vmla.f32 s0,s1,s24
000257c4	run_motor_parameter_identification	00025dcc	f0ee400a	vmov.f32 s1,s0
000257c4	run_motor_parameter_identification	00025dd0	b0ee410a	vmov.f32 s0,s2
000257c4	run_motor_parameter_identification	00025dd4	fbf7ecfd	bl 0x000219b0
000257c4	run_motor_parameter_identification	00025dd8	4ff0010a	mov.w r10,#0x1
000257c4	run_motor_parameter_identification	00025ddc	89f846a0	strb.w r10,[r9,#0x46]
000257c4	run_motor_parameter_identification	00025de0	df49	ldr r1,[0x00026160]
000257c4	run_motor_parameter_identification	00025de2	81f800a0	strb.w r10,[r1,#0x0]
000257c4	run_motor_parameter_identification	00025de6	df49	ldr r1,[0x00026164]
000257c4	run_motor_parameter_identification	00025de8	81f800a0	strb.w r10,[r1,#0x0]
000257c4	run_motor_parameter_identification	00025dec	49f64040	movw r0,#0x9c40
000257c4	run_motor_parameter_identification	00025df0	761c	adds r6,r6,#0x1
000257c4	run_motor_parameter_identification	00025df2	8642	cmp r6,r0
000257c4	run_motor_parameter_identification	00025df4	fff4d2ae	bcc.w 0x00025b9c
000257c4	run_motor_parameter_identification	00025df8	0120	movs r0,#0x1
000257c4	run_motor_parameter_identification	00025dfa	fcf795f8	bl 0x00021f28
000257c4	run_motor_parameter_identification	00025dfe	1fed8cda	vldr.32 s26,[pc,#-0x230]
000257c4	run_motor_parameter_identification	00025e02	f0ee4d0a	vmov.f32 s1,s26
000257c4	run_motor_parameter_identification	00025e06	b0ee4d0a	vmov.f32 s0,s26
000257c4	run_motor_parameter_identification	00025e0a	fbf7d1fd	bl 0x000219b0
000257c4	run_motor_parameter_identification	00025e0e	d648	ldr r0,[0x00026168]
000257c4	run_motor_parameter_identification	00025e10	dded1d0a	vldr.32 s1,[sp,#0x74]
000257c4	run_motor_parameter_identification	00025e14	d54e	ldr r6,[0x0002616c]
000257c4	run_motor_parameter_identification	00025e16	c0ed130a	vstr.32 s1,[r0,#0x4c]
000257c4	run_motor_parameter_identification	00025e1a	87ed04da	vstr.32 s26,[r7,#0x10]
000257c4	run_motor_parameter_identification	00025e1e	d0ed111a	vldr.32 s3,[r0,#0x44]
000257c4	run_motor_parameter_identification	00025e22	90ed120a	vldr.32 s0,[r0,#0x48]
000257c4	run_motor_parameter_identification	00025e26	d249	ldr r1,[0x00026170]
000257c4	run_motor_parameter_identification	00025e28	81ee801a	vdiv.f32 s2,s3,s0
000257c4	run_motor_parameter_identification	00025e2c	d6ed031a	vldr.32 s3,[r6,#0xc]
000257c4	run_motor_parameter_identification	00025e30	21ee211a	vmul.f32 s2,s2,s3
000257c4	run_motor_parameter_identification	00025e34	8ded1f1a	vstr.32 s2,[sp,#0x7c]
000257c4	run_motor_parameter_identification	00025e38	8ded291a	vstr.32 s2,[sp,#0xa4]
000257c4	run_motor_parameter_identification	00025e3c	d0ed181a	vldr.32 s3,[r0,#0x60]
000257c4	run_motor_parameter_identification	00025e40	96ed021a	vldr.32 s2,[r6,#0x8]
000257c4	run_motor_parameter_identification	00025e44	61ee811a	vmul.f32 s3,s3,s2
000257c4	run_motor_parameter_identification	00025e48	21ee800a	vmul.f32 s0,s3,s0
000257c4	run_motor_parameter_identification	00025e4c	d1ed1a1a	vldr.32 s3,[r1,#0x68]
000257c4	run_motor_parameter_identification	00025e50	80ee212a	vdiv.f32 s4,s0,s3
000257c4	run_motor_parameter_identification	00025e54	9fedc70a	vldr.32 s0,[pc,#0x31c]
000257c4	run_motor_parameter_identification	00025e58	f7ee082a	vmov.f32 s5,0x3fc00000
000257c4	run_motor_parameter_identification	00025e5c	5946	mov r1,r11
000257c4	run_motor_parameter_identification	00025e5e	22ee000a	vmul.f32 s0,s4,s0
000257c4	run_motor_parameter_identification	00025e62	b7ee082a	vmov.f32 s4,0x3fc00000
000257c4	run_motor_parameter_identification	00025e66	8ded1e0a	vstr.32 s0,[sp,#0x78]
000257c4	run_motor_parameter_identification	00025e6a	8ded280a	vstr.32 s0,[sp,#0xa0]
000257c4	run_motor_parameter_identification	00025e6e	9bed150a	vldr.32 s0,[r11,#0x54]
000257c4	run_motor_parameter_identification	00025e72	f8ee401a	vcvt.f32.u32 s3,s0
000257c4	run_motor_parameter_identification	00025e76	61ee821a	vmul.f32 s3,s3,s4
000257c4	run_motor_parameter_identification	00025e7a	90ed142a	vldr.32 s4,[r0,#0x50]
000257c4	run_motor_parameter_identification	00025e7e	be48	ldr r0,[0x00026178]
000257c4	run_motor_parameter_identification	00025e80	61eea01a	vmul.f32 s3,s3,s1
000257c4	run_motor_parameter_identification	00025e84	61ee821a	vmul.f32 s3,s3,s4
000257c4	run_motor_parameter_identification	00025e88	b8ee402a	vcvt.f32.u32 s4,s0
000257c4	run_motor_parameter_identification	00025e8c	b8ee400a	vcvt.f32.u32 s0,s0
000257c4	run_motor_parameter_identification	00025e90	61ee811a	vmul.f32 s3,s3,s2
000257c4	run_motor_parameter_identification	00025e94	22ee222a	vmul.f32 s4,s4,s5
000257c4	run_motor_parameter_identification	00025e98	cbed111a	vstr.32 s3,[r11,#0x44]
000257c4	run_motor_parameter_identification	00025e9c	62ee200a	vmul.f32 s1,s4,s1
000257c4	run_motor_parameter_identification	00025ea0	60ee810a	vmul.f32 s1,s1,s2
000257c4	run_motor_parameter_identification	00025ea4	cded450a	vstr.32 s1,[sp,#0x114]
000257c4	run_motor_parameter_identification	00025ea8	f7ee000a	vmov.f32 s1,0x3f800000
000257c4	run_motor_parameter_identification	00025eac	80eea11a	vdiv.f32 s2,s1,s3
000257c4	run_motor_parameter_identification	00025eb0	81ed121a	vstr.32 s2,[r1,#0x48]
000257c4	run_motor_parameter_identification	00025eb4	d0ed020a	vldr.32 s1,[r0,#0x8]
000257c4	run_motor_parameter_identification	00025eb8	91ed161a	vldr.32 s2,[r1,#0x58]
000257c4	run_motor_parameter_identification	00025ebc	20ee800a	vmul.f32 s0,s1,s0
000257c4	run_motor_parameter_identification	00025ec0	60ee810a	vmul.f32 s1,s1,s2
000257c4	run_motor_parameter_identification	00025ec4	fceee00a	vcvt.u32.f32 s1,s1
000257c4	run_motor_parameter_identification	00025ec8	f8ee600a	vcvt.f32.u32 s1,s1
000257c4	run_motor_parameter_identification	00025ecc	00eeed0a	vmls.f32 s0,s1,s27
000257c4	run_motor_parameter_identification	00025ed0	dbed050a	vldr.32 s1,[r11,#0x14]
000257c4	run_motor_parameter_identification	00025ed4	30ee200a	vadd.f32 s0,s0,s1
000257c4	run_motor_parameter_identification	00025ed8	8ded000a	vstr.32 s0,[sp]
000257c4	run_motor_parameter_identification	00025edc	5fedb50a	vldr.32 s1,[pc,#-0x2d4]
000257c4	run_motor_parameter_identification	00025ee0	1fedb50a	vldr.32 s0,[pc,#-0x2d4]
000257c4	run_motor_parameter_identification	00025ee4	6846	mov r0,sp
000257c4	run_motor_parameter_identification	00025ee6	fbf768fd	bl 0x000219ba
000257c4	run_motor_parameter_identification	00025eea	02a9	add r1,sp,#0x8
000257c4	run_motor_parameter_identification	00025eec	01a8	add r0,sp,#0x4
000257c4	run_motor_parameter_identification	00025eee	9ded000a	vldr.32 s0,[sp]
000257c4	run_motor_parameter_identification	00025ef2	fbf753fd	bl 0x0002199c
000257c4	run_motor_parameter_identification	00025ef6	a048	ldr r0,[0x00026178]
000257c4	run_motor_parameter_identification	00025ef8	9f49	ldr r1,[0x00026178]
000257c4	run_motor_parameter_identification	00025efa	80ed04da	vstr.32 s26,[r0,#0x10]
000257c4	run_motor_parameter_identification	00025efe	0020	movs r0,#0x0
000257c4	run_motor_parameter_identification	00025f00	4860	str r0,[r1,#0x4]
000257c4	run_motor_parameter_identification	00025f02	d6ed090a	vldr.32 s1,[r6,#0x24]
000257c4	run_motor_parameter_identification	00025f06	96ed021a	vldr.32 s2,[r6,#0x8]
000257c4	run_motor_parameter_identification	00025f0a	0546	mov r5,r0
000257c4	run_motor_parameter_identification	00025f0c	0120	movs r0,#0x1
000257c4	run_motor_parameter_identification	00025f0e	80ee810a	vdiv.f32 s0,s1,s2
000257c4	run_motor_parameter_identification	00025f12	8ded420a	vstr.32 s0,[sp,#0x108]
000257c4	run_motor_parameter_identification	00025f16	d6ed0aea	vldr.32 s29,[r6,#0x28]
000257c4	run_motor_parameter_identification	00025f1a	89f84600	strb.w r0,[r9,#0x46]
000257c4	run_motor_parameter_identification	00025f1e	9049	ldr r1,[0x00026160]
000257c4	run_motor_parameter_identification	00025f20	0870	strb r0,[r1,#0x0]
000257c4	run_motor_parameter_identification	00025f22	9049	ldr r1,[0x00026164]
000257c4	run_motor_parameter_identification	00025f24	0870	strb r0,[r1,#0x0]
000257c4	run_motor_parameter_identification	00025f26	0026	movs r6,#0x0
000257c4	run_motor_parameter_identification	00025f28	c846	mov r8,r9
000257c4	run_motor_parameter_identification	00025f2a	98f84400	ldrb.w r0,[r8,#0x44]
000257c4	run_motor_parameter_identification	00025f2e	c007	lsls r0,r0,#0x1f
000257c4	run_motor_parameter_identification	00025f30	fbd0	beq 0x00025f2a
000257c4	run_motor_parameter_identification	00025f32	641c	adds r4,r4,#0x1
000257c4	run_motor_parameter_identification	00025f34	00ee104a	vmov s0,r4
000257c4	run_motor_parameter_identification	00025f38	b8ee400a	vcvt.f32.u32 s0,s0
000257c4	run_motor_parameter_identification	00025f3c	6eee800a	vmul.f32 s1,s29,s0
000257c4	run_motor_parameter_identification	00025f40	1fedd00a	vldr.32 s0,[pc,#-0x340]
000257c4	run_motor_parameter_identification	00025f44	60ee80ba	vmul.f32 s23,s1,s0
000257c4	run_motor_parameter_identification	00025f48	1fedd10a	vldr.32 s0,[pc,#-0x344]
000257c4	run_motor_parameter_identification	00025f4c	2bee800a	vmul.f32 s0,s23,s0
000257c4	run_motor_parameter_identification	00025f50	bceec00a	vcvt.u32.f32 s0,s0
000257c4	run_motor_parameter_identification	00025f54	f8ee400a	vcvt.f32.u32 s1,s0
000257c4	run_motor_parameter_identification	00025f58	b0ee6b0a	vmov.f32 s0,s23
000257c4	run_motor_parameter_identification	00025f5c	00eeed0a	vmls.f32 s0,s1,s27
000257c4	run_motor_parameter_identification	00025f60	8ded060a	vstr.32 s0,[sp,#0x18]
000257c4	run_motor_parameter_identification	00025f64	5fedd70a	vldr.32 s1,[pc,#-0x35c]
000257c4	run_motor_parameter_identification	00025f68	1fedd70a	vldr.32 s0,[pc,#-0x35c]
000257c4	run_motor_parameter_identification	00025f6c	06a8	add r0,sp,#0x18
000257c4	run_motor_parameter_identification	00025f6e	6d1c	adds r5,r5,#0x1
000257c4	run_motor_parameter_identification	00025f70	fbf723fd	bl 0x000219ba
000257c4	run_motor_parameter_identification	00025f74	46a9	add r1,sp,#0x118
000257c4	run_motor_parameter_identification	00025f76	41a8	add r0,sp,#0x104
000257c4	run_motor_parameter_identification	00025f78	9ded060a	vldr.32 s0,[sp,#0x18]
000257c4	run_motor_parameter_identification	00025f7c	fbf70efd	bl 0x0002199c
000257c4	run_motor_parameter_identification	00025f80	dded420a	vldr.32 s1,[sp,#0x108]
000257c4	run_motor_parameter_identification	00025f84	9ded410a	vldr.32 s0,[sp,#0x104]
000257c4	run_motor_parameter_identification	00025f88	1bee900a	vmov r0,s23
000257c4	run_motor_parameter_identification	00025f8c	7b49	ldr r1,[0x0002617c]
000257c4	run_motor_parameter_identification	00025f8e	60ee80fa	vmul.f32 s31,s1,s0
000257c4	run_motor_parameter_identification	00025f92	8842	cmp r0,r1
000257c4	run_motor_parameter_identification	00025f94	3cdd	ble 0x00026010
000257c4	run_motor_parameter_identification	00025f96	53ec182b	vmov r2,r3,d8
000257c4	run_motor_parameter_identification	00025f9a	51ec190b	vmov r0,r1,d9
000257c4	run_motor_parameter_identification	00025f9e	01f0dbfa	bl 0x00027558
000257c4	run_motor_parameter_identification	00025fa2	41ec100b	vmov d0,r0,r1
000257c4	run_motor_parameter_identification	00025fa6	fdf7d6ff	bl 0x00023f56
000257c4	run_motor_parameter_identification	00025faa	53ec102b	vmov r2,r3,d0
000257c4	run_motor_parameter_identification	00025fae	51ec1a0b	vmov r0,r1,d10
000257c4	run_motor_parameter_identification	00025fb2	01f039f9	bl 0x00027228
000257c4	run_motor_parameter_identification	00025fb6	41ec100b	vmov d0,r0,r1
000257c4	run_motor_parameter_identification	00025fba	fdf769fc	bl 0x00023890
000257c4	run_motor_parameter_identification	00025fbe	51ec100b	vmov r0,r1,d0
000257c4	run_motor_parameter_identification	00025fc2	01f057f8	bl 0x00027074
000257c4	run_motor_parameter_identification	00025fc6	00ee100a	vmov s0,r0
000257c4	run_motor_parameter_identification	00025fca	53ec182b	vmov r2,r3,d8
000257c4	run_motor_parameter_identification	00025fce	8ded430a	vstr.32 s0,[sp,#0x10c]
000257c4	run_motor_parameter_identification	00025fd2	51ec190b	vmov r0,r1,d9
000257c4	run_motor_parameter_identification	00025fd6	01f027f9	bl 0x00027228
000257c4	run_motor_parameter_identification	00025fda	41ec100b	vmov d0,r0,r1
000257c4	run_motor_parameter_identification	00025fde	fdf7baff	bl 0x00023f56
000257c4	run_motor_parameter_identification	00025fe2	51ec100b	vmov r0,r1,d0
000257c4	run_motor_parameter_identification	00025fe6	01f045f8	bl 0x00027074
000257c4	run_motor_parameter_identification	00025fea	00ee100a	vmov s0,r0
000257c4	run_motor_parameter_identification	00025fee	dded450a	vldr.32 s1,[sp,#0x114]
000257c4	run_motor_parameter_identification	00025ff2	20ee200a	vmul.f32 s0,s0,s1
000257c4	run_motor_parameter_identification	00025ff6	8ded440a	vstr.32 s0,[sp,#0x110]
000257c4	run_motor_parameter_identification	00025ffa	9fed618b	vldr.64 d8,[pc,#0x184]
000257c4	run_motor_parameter_identification	00025ffe	0024	movs r4,#0x0
000257c4	run_motor_parameter_identification	00026000	b0ee48aa	vmov.f32 s20,s16
000257c4	run_motor_parameter_identification	00026004	f0ee68aa	vmov.f32 s21,s17
000257c4	run_motor_parameter_identification	00026008	b0ee489a	vmov.f32 s18,s16
000257c4	run_motor_parameter_identification	0002600c	f0ee689a	vmov.f32 s19,s17
000257c4	run_motor_parameter_identification	00026010	4046	mov r0,r8
000257c4	run_motor_parameter_identification	00026012	30f8501f	ldrh.w r1,[r0,#0x50]!
000257c4	run_motor_parameter_identification	00026016	adf80c10	strh.w r1,[sp,#0xc]
000257c4	run_motor_parameter_identification	0002601a	5149	ldr r1,[0x00026160]
000257c4	run_motor_parameter_identification	0002601c	0a31	adds r1,#0xa
000257c4	run_motor_parameter_identification	0002601e	0988	ldrh r1,[r1,#0x0]
000257c4	run_motor_parameter_identification	00026020	adf81010	strh.w r1,[sp,#0x10]
000257c4	run_motor_parameter_identification	00026024	4f49	ldr r1,[0x00026164]
000257c4	run_motor_parameter_identification	00026026	0a31	adds r1,#0xa
000257c4	run_motor_parameter_identification	00026028	0988	ldrh r1,[r1,#0x0]
000257c4	run_motor_parameter_identification	0002602a	adf81410	strh.w r1,[sp,#0x14]
000257c4	run_motor_parameter_identification	0002602e	4088	ldrh r0,[r0,#0x2]
000257c4	run_motor_parameter_identification	00026030	adf81400	strh.w r0,[sp,#0x14]
000257c4	run_motor_parameter_identification	00026034	4d48	ldr r0,[0x0002616c]
000257c4	run_motor_parameter_identification	00026036	d0ed000a	vldr.32 s1,[r0]
000257c4	run_motor_parameter_identification	0002603a	bdf81400	ldrh.w r0,[sp,#0x14]
000257c4	run_motor_parameter_identification	0002603e	dff83091	ldr.w r9,[0x00026170]
000257c4	run_motor_parameter_identification	00026042	00ee100a	vmov s0,r0
000257c4	run_motor_parameter_identification	00026046	b8ee400a	vcvt.f32.u32 s0,s0
000257c4	run_motor_parameter_identification	0002604a	20ee800a	vmul.f32 s0,s1,s0
000257c4	run_motor_parameter_identification	0002604e	89ed1a0a	vstr.32 s0,[r9,#0x68]
000257c4	run_motor_parameter_identification	00026052	d9ed100a	vldr.32 s1,[r9,#0x40]
000257c4	run_motor_parameter_identification	00026056	bdf80c10	ldrh.w r1,[sp,#0xc]
000257c4	run_motor_parameter_identification	0002605a	bdf81000	ldrh.w r0,[sp,#0x10]
000257c4	run_motor_parameter_identification	0002605e	00ee101a	vmov s0,r1
000257c4	run_motor_parameter_identification	00026062	b8ee400a	vcvt.f32.u32 s0,s0
000257c4	run_motor_parameter_identification	00026066	30eec00a	vsub.f32 s0,s1,s0
000257c4	run_motor_parameter_identification	0002606a	d9ed110a	vldr.32 s1,[r9,#0x44]
000257c4	run_motor_parameter_identification	0002606e	20ee0fca	vmul.f32 s24,s0,s30
000257c4	run_motor_parameter_identification	00026072	00ee100a	vmov s0,r0
000257c4	run_motor_parameter_identification	00026076	7868	ldr r0,[r7,#0x4]
000257c4	run_motor_parameter_identification	00026078	b8ee400a	vcvt.f32.u32 s0,s0
000257c4	run_motor_parameter_identification	0002607c	b0ee4c1a	vmov.f32 s2,s24
000257c4	run_motor_parameter_identification	00026080	30eec00a	vsub.f32 s0,s1,s0
000257c4	run_motor_parameter_identification	00026084	f0ee000a	vmov.f32 s1,0x40000000
000257c4	run_motor_parameter_identification	00026088	20ee0f0a	vmul.f32 s0,s0,s30
000257c4	run_motor_parameter_identification	0002608c	00ee201a	vmla.f32 s2,s0,s1
000257c4	run_motor_parameter_identification	00026090	9fed3d0a	vldr.32 s0,[pc,#0xf4]
000257c4	run_motor_parameter_identification	00026094	61ee00ba	vmul.f32 s23,s2,s0
000257c4	run_motor_parameter_identification	00026098	30b3	cbz r0,0x000260e8
000257c4	run_motor_parameter_identification	0002609a	0020	movs r0,#0x0
000257c4	run_motor_parameter_identification	0002609c	7860	str r0,[r7,#0x4]
000257c4	run_motor_parameter_identification	0002609e	dbed150a	vldr.32 s1,[r11,#0x54]
000257c4	run_motor_parameter_identification	000260a2	97ed020a	vldr.32 s0,[r7,#0x8]
000257c4	run_motor_parameter_identification	000260a6	9bed161a	vldr.32 s2,[r11,#0x58]
000257c4	run_motor_parameter_identification	000260aa	f8ee600a	vcvt.f32.u32 s1,s1
000257c4	run_motor_parameter_identification	000260ae	6846	mov r0,sp
000257c4	run_motor_parameter_identification	000260b0	60ee200a	vmul.f32 s1,s0,s1
000257c4	run_motor_parameter_identification	000260b4	20ee010a	vmul.f32 s0,s0,s2
000257c4	run_motor_parameter_identification	000260b8	bceec00a	vcvt.u32.f32 s0,s0
000257c4	run_motor_parameter_identification	000260bc	b8ee400a	vcvt.f32.u32 s0,s0
000257c4	run_motor_parameter_identification	000260c0	40ee6d0a	vmls.f32 s1,s0,s27
000257c4	run_motor_parameter_identification	000260c4	9bed050a	vldr.32 s0,[r11,#0x14]
000257c4	run_motor_parameter_identification	000260c8	30ee800a	vadd.f32 s0,s1,s0
000257c4	run_motor_parameter_identification	000260cc	dfed2f0a	vldr.32 s1,[pc,#0xbc]
000257c4	run_motor_parameter_identification	000260d0	8ded000a	vstr.32 s0,[sp]
000257c4	run_motor_parameter_identification	000260d4	9fed2e0a	vldr.32 s0,[pc,#0xb8]
000257c4	run_motor_parameter_identification	000260d8	fbf76ffc	bl 0x000219ba
000257c4	run_motor_parameter_identification	000260dc	02a9	add r1,sp,#0x8
000257c4	run_motor_parameter_identification	000260de	01a8	add r0,sp,#0x4
000257c4	run_motor_parameter_identification	000260e0	9ded000a	vldr.32 s0,[sp]
000257c4	run_motor_parameter_identification	000260e4	fbf75afc	bl 0x0002199c
000257c4	run_motor_parameter_identification	000260e8	dded020a	vldr.32 s1,[sp,#0x8]
000257c4	run_motor_parameter_identification	000260ec	9ded010a	vldr.32 s0,[sp,#0x4]
000257c4	run_motor_parameter_identification	000260f0	142d	cmp r5,#0x14
000257c4	run_motor_parameter_identification	000260f2	20ee8cea	vmul.f32 s28,s1,s24
000257c4	run_motor_parameter_identification	000260f6	60eeabca	vmul.f32 s25,s1,s23
000257c4	run_motor_parameter_identification	000260fa	00ee2bea	vmla.f32 s28,s0,s23
000257c4	run_motor_parameter_identification	000260fe	40ee4cca	vmls.f32 s25,s0,s24
000257c4	run_motor_parameter_identification	00026102	61d1	bne 0x000261c8
000257c4	run_motor_parameter_identification	00026104	d7ed040a	vldr.32 s1,[r7,#0x10]
000257c4	run_motor_parameter_identification	00026108	9fed110a	vldr.32 s0,[pc,#0x44]
000257c4	run_motor_parameter_identification	0002610c	0025	movs r5,#0x0
000257c4	run_motor_parameter_identification	0002610e	20ee801a	vmul.f32 s2,s1,s0
000257c4	run_motor_parameter_identification	00026112	9bed1a0a	vldr.32 s0,[r11,#0x68]
000257c4	run_motor_parameter_identification	00026116	dbed1b0a	vldr.32 s1,[r11,#0x6c]
000257c4	run_motor_parameter_identification	0002611a	20ee0bba	vmul.f32 s22,s0,s22
000257c4	run_motor_parameter_identification	0002611e	60ee0dba	vmul.f32 s23,s0,s26
000257c4	run_motor_parameter_identification	00026122	0ceea0ba	vmla.f32 s22,s25,s1
000257c4	run_motor_parameter_identification	00026126	41ee20ba	vmla.f32 s23,s2,s1
000257c4	run_motor_parameter_identification	0002612a	9fed1a1a	vldr.32 s2,[pc,#0x68]
000257c4	run_motor_parameter_identification	0002612e	87ed041a	vstr.32 s2,[r7,#0x10]
000257c4	run_motor_parameter_identification	00026132	2bee0b0a	vmul.f32 s0,s22,s22
000257c4	run_motor_parameter_identification	00026136	b0ee6bda	vmov.f32 s26,s23
000257c4	run_motor_parameter_identification	0002613a	10ee100a	vmov r0,s0
000257c4	run_motor_parameter_identification	0002613e	01f0cbfc	bl 0x00027ad8
000257c4	run_motor_parameter_identification	00026142	53ec192b	vmov r2,r3,d9
000257c4	run_motor_parameter_identification	00026146	00f0c7ff	bl 0x000270d8
000257c4	run_motor_parameter_identification	0002614a	41ec190b	vmov d9,r0,r1
000257c4	run_motor_parameter_identification	0002614e	23e0	b 0x00026198
000257c4	run_motor_parameter_identification	00026198	2bee2b0a	vmul.f32 s0,s22,s23
000257c4	run_motor_parameter_identification	0002619c	10ee100a	vmov r0,s0
000257c4	run_motor_parameter_identification	000261a0	01f09afc	bl 0x00027ad8
000257c4	run_motor_parameter_identification	000261a4	53ec1a2b	vmov r2,r3,d10
000257c4	run_motor_parameter_identification	000261a8	00f096ff	bl 0x000270d8
000257c4	run_motor_parameter_identification	000261ac	2beeab0a	vmul.f32 s0,s23,s23
000257c4	run_motor_parameter_identification	000261b0	41ec1a0b	vmov d10,r0,r1
000257c4	run_motor_parameter_identification	000261b4	10ee100a	vmov r0,s0
000257c4	run_motor_parameter_identification	000261b8	01f08efc	bl 0x00027ad8
000257c4	run_motor_parameter_identification	000261bc	53ec182b	vmov r2,r3,d8
000257c4	run_motor_parameter_identification	000261c0	00f08aff	bl 0x000270d8
000257c4	run_motor_parameter_identification	000261c4	41ec180b	vmov d8,r0,r1
000257c4	run_motor_parameter_identification	000261c8	b1ee4e0a	vneg.f32 s0,s28
000257c4	run_motor_parameter_identification	000261cc	8ded200a	vstr.32 s0,[sp,#0x80]
000257c4	run_motor_parameter_identification	000261d0	3feeec0a	vsub.f32 s0,s31,s25
000257c4	run_motor_parameter_identification	000261d4	1ea8	add r0,sp,#0x78
000257c4	run_motor_parameter_identification	000261d6	8ded2a0a	vstr.32 s0,[sp,#0xa8]
000257c4	run_motor_parameter_identification	000261da	fbf707fc	bl 0x000219ec
000257c4	run_motor_parameter_identification	000261de	28a8	add r0,sp,#0xa0
000257c4	run_motor_parameter_identification	000261e0	fbf704fc	bl 0x000219ec
000257c4	run_motor_parameter_identification	000261e4	9ded240a	vldr.32 s0,[sp,#0x90]
000257c4	run_motor_parameter_identification	000261e8	9ded021a	vldr.32 s2,[sp,#0x8]
000257c4	run_motor_parameter_identification	000261ec	dded011a	vldr.32 s3,[sp,#0x4]
000257c4	run_motor_parameter_identification	000261f0	dded2e0a	vldr.32 s1,[sp,#0xb8]
000257c4	run_motor_parameter_identification	000261f4	21ee002a	vmul.f32 s4,s2,s0
000257c4	run_motor_parameter_identification	000261f8	21ee800a	vmul.f32 s0,s3,s0
000257c4	run_motor_parameter_identification	000261fc	01eee02a	vmls.f32 s4,s3,s1
000257c4	run_motor_parameter_identification	00026200	01ee200a	vmla.f32 s0,s2,s1
000257c4	run_motor_parameter_identification	00026204	f0ee400a	vmov.f32 s1,s0
000257c4	run_motor_parameter_identification	00026208	b0ee420a	vmov.f32 s0,s4
000257c4	run_motor_parameter_identification	0002620c	fbf7d0fb	bl 0x000219b0
000257c4	run_motor_parameter_identification	00026210	88f846a0	strb.w r10,[r8,#0x46]
000257c4	run_motor_parameter_identification	00026214	9b49	ldr r1,[0x00026484]
000257c4	run_motor_parameter_identification	00026216	81f800a0	strb.w r10,[r1,#0x0]
000257c4	run_motor_parameter_identification	0002621a	9b49	ldr r1,[0x00026488]
000257c4	run_motor_parameter_identification	0002621c	81f800a0	strb.w r10,[r1,#0x0]
000257c4	run_motor_parameter_identification	00026220	9a48	ldr r0,[0x0002648c]
000257c4	run_motor_parameter_identification	00026222	761c	adds r6,r6,#0x1
000257c4	run_motor_parameter_identification	00026224	8642	cmp r6,r0
000257c4	run_motor_parameter_identification	00026226	fff480ae	bcc.w 0x00025f2a
000257c4	run_motor_parameter_identification	0002622a	0024	movs r4,#0x0
000257c4	run_motor_parameter_identification	0002622c	98f84400	ldrb.w r0,[r8,#0x44]
000257c4	run_motor_parameter_identification	00026230	c007	lsls r0,r0,#0x1f
000257c4	run_motor_parameter_identification	00026232	fbd0	beq 0x0002622c
000257c4	run_motor_parameter_identification	00026234	b8f85000	ldrh.w r0,[r8,#0x50]
000257c4	run_motor_parameter_identification	00026238	1fed2a9a	vldr.32 s18,[pc,#-0xa8]
000257c4	run_motor_parameter_identification	0002623c	adf80c00	strh.w r0,[sp,#0xc]
000257c4	run_motor_parameter_identification	00026240	9048	ldr r0,[0x00026484]
000257c4	run_motor_parameter_identification	00026242	0a30	adds r0,#0xa
000257c4	run_motor_parameter_identification	00026244	0088	ldrh r0,[r0,#0x0]
000257c4	run_motor_parameter_identification	00026246	adf81000	strh.w r0,[sp,#0x10]
000257c4	run_motor_parameter_identification	0002624a	8f48	ldr r0,[0x00026488]
000257c4	run_motor_parameter_identification	0002624c	0a30	adds r0,#0xa
000257c4	run_motor_parameter_identification	0002624e	0088	ldrh r0,[r0,#0x0]
000257c4	run_motor_parameter_identification	00026250	adf81400	strh.w r0,[sp,#0x14]
000257c4	run_motor_parameter_identification	00026254	b8f85200	ldrh.w r0,[r8,#0x52]
000257c4	run_motor_parameter_identification	00026258	adf81400	strh.w r0,[sp,#0x14]
000257c4	run_motor_parameter_identification	0002625c	8c48	ldr r0,[0x00026490]
000257c4	run_motor_parameter_identification	0002625e	d0ed000a	vldr.32 s1,[r0]
000257c4	run_motor_parameter_identification	00026262	bdf81400	ldrh.w r0,[sp,#0x14]
000257c4	run_motor_parameter_identification	00026266	00ee100a	vmov s0,r0
000257c4	run_motor_parameter_identification	0002626a	b8ee400a	vcvt.f32.u32 s0,s0
000257c4	run_motor_parameter_identification	0002626e	20ee800a	vmul.f32 s0,s1,s0
000257c4	run_motor_parameter_identification	00026272	89ed1a0a	vstr.32 s0,[r9,#0x68]
000257c4	run_motor_parameter_identification	00026276	d9ed100a	vldr.32 s1,[r9,#0x40]
000257c4	run_motor_parameter_identification	0002627a	bdf80c10	ldrh.w r1,[sp,#0xc]
000257c4	run_motor_parameter_identification	0002627e	bdf81000	ldrh.w r0,[sp,#0x10]
000257c4	run_motor_parameter_identification	00026282	00ee101a	vmov s0,r1
000257c4	run_motor_parameter_identification	00026286	b8ee400a	vcvt.f32.u32 s0,s0
000257c4	run_motor_parameter_identification	0002628a	30eec00a	vsub.f32 s0,s1,s0
000257c4	run_motor_parameter_identification	0002628e	d9ed110a	vldr.32 s1,[r9,#0x44]
000257c4	run_motor_parameter_identification	00026292	20ee0f8a	vmul.f32 s16,s0,s30
000257c4	run_motor_parameter_identification	00026296	00ee100a	vmov s0,r0
000257c4	run_motor_parameter_identification	0002629a	b8ee400a	vcvt.f32.u32 s0,s0
000257c4	run_motor_parameter_identification	0002629e	b0ee481a	vmov.f32 s2,s16
000257c4	run_motor_parameter_identification	000262a2	30eec00a	vsub.f32 s0,s1,s0
000257c4	run_motor_parameter_identification	000262a6	f0ee000a	vmov.f32 s1,0x40000000
000257c4	run_motor_parameter_identification	000262aa	20ee0f0a	vmul.f32 s0,s0,s30
000257c4	run_motor_parameter_identification	000262ae	00ee201a	vmla.f32 s2,s0,s1
000257c4	run_motor_parameter_identification	000262b2	1fed4b0a	vldr.32 s0,[pc,#-0x12c]
000257c4	run_motor_parameter_identification	000262b6	7868	ldr r0,[r7,#0x4]
000257c4	run_motor_parameter_identification	000262b8	61ee008a	vmul.f32 s17,s2,s0
000257c4	run_motor_parameter_identification	000262bc	30b3	cbz r0,0x0002630c
000257c4	run_motor_parameter_identification	000262be	0020	movs r0,#0x0
000257c4	run_motor_parameter_identification	000262c0	7860	str r0,[r7,#0x4]
000257c4	run_motor_parameter_identification	000262c2	dbed150a	vldr.32 s1,[r11,#0x54]
000257c4	run_motor_parameter_identification	000262c6	97ed020a	vldr.32 s0,[r7,#0x8]
000257c4	run_motor_parameter_identification	000262ca	9bed161a	vldr.32 s2,[r11,#0x58]
000257c4	run_motor_parameter_identification	000262ce	f8ee600a	vcvt.f32.u32 s1,s1
000257c4	run_motor_parameter_identification	000262d2	60ee200a	vmul.f32 s1,s0,s1
000257c4	run_motor_parameter_identification	000262d6	20ee010a	vmul.f32 s0,s0,s2
000257c4	run_motor_parameter_identification	000262da	bceec00a	vcvt.u32.f32 s0,s0
000257c4	run_motor_parameter_identification	000262de	b8ee400a	vcvt.f32.u32 s0,s0
000257c4	run_motor_parameter_identification	000262e2	40ee6d0a	vmls.f32 s1,s0,s27
000257c4	run_motor_parameter_identification	000262e6	9bed050a	vldr.32 s0,[r11,#0x14]
000257c4	run_motor_parameter_identification	000262ea	30ee800a	vadd.f32 s0,s1,s0
000257c4	run_motor_parameter_identification	000262ee	8ded000a	vstr.32 s0,[sp]
000257c4	run_motor_parameter_identification	000262f2	5fed5a0a	vldr.32 s1,[pc,#-0x168]
000257c4	run_motor_parameter_identification	000262f6	1fed5a0a	vldr.32 s0,[pc,#-0x168]
000257c4	run_motor_parameter_identification	000262fa	6846	mov r0,sp
000257c4	run_motor_parameter_identification	000262fc	fbf75dfb	bl 0x000219ba
000257c4	run_motor_parameter_identification	00026300	02a9	add r1,sp,#0x8
000257c4	run_motor_parameter_identification	00026302	01a8	add r0,sp,#0x4
000257c4	run_motor_parameter_identification	00026304	9ded000a	vldr.32 s0,[sp]
000257c4	run_motor_parameter_identification	00026308	fbf748fb	bl 0x0002199c
000257c4	run_motor_parameter_identification	0002630c	9ded020a	vldr.32 s0,[sp,#0x8]
000257c4	run_motor_parameter_identification	00026310	dded010a	vldr.32 s1,[sp,#0x4]
000257c4	run_motor_parameter_identification	00026314	1ea8	add r0,sp,#0x78
000257c4	run_motor_parameter_identification	00026316	20ee081a	vmul.f32 s2,s0,s16
000257c4	run_motor_parameter_identification	0002631a	20ee280a	vmul.f32 s0,s0,s17
000257c4	run_motor_parameter_identification	0002631e	00eea81a	vmla.f32 s2,s1,s17
000257c4	run_motor_parameter_identification	00026322	00eec80a	vmls.f32 s0,s1,s16
000257c4	run_motor_parameter_identification	00026326	f1ee410a	vneg.f32 s1,s2
000257c4	run_motor_parameter_identification	0002632a	39ee400a	vsub.f32 s0,s18,s0
000257c4	run_motor_parameter_identification	0002632e	cded200a	vstr.32 s1,[sp,#0x80]
000257c4	run_motor_parameter_identification	00026332	8ded2a0a	vstr.32 s0,[sp,#0xa8]
000257c4	run_motor_parameter_identification	00026336	fbf759fb	bl 0x000219ec
000257c4	run_motor_parameter_identification	0002633a	28a8	add r0,sp,#0xa0
000257c4	run_motor_parameter_identification	0002633c	fbf756fb	bl 0x000219ec
000257c4	run_motor_parameter_identification	00026340	dded240a	vldr.32 s1,[sp,#0x90]
000257c4	run_motor_parameter_identification	00026344	9ded021a	vldr.32 s2,[sp,#0x8]
000257c4	run_motor_parameter_identification	00026348	9ded2e0a	vldr.32 s0,[sp,#0xb8]
000257c4	run_motor_parameter_identification	0002634c	dded011a	vldr.32 s3,[sp,#0x4]
000257c4	run_motor_parameter_identification	00026350	21ee202a	vmul.f32 s4,s2,s1
000257c4	run_motor_parameter_identification	00026354	61eea00a	vmul.f32 s1,s3,s1
000257c4	run_motor_parameter_identification	00026358	01eec02a	vmls.f32 s4,s3,s0
000257c4	run_motor_parameter_identification	0002635c	41ee000a	vmla.f32 s1,s2,s0
000257c4	run_motor_parameter_identification	00026360	b0ee420a	vmov.f32 s0,s4
000257c4	run_motor_parameter_identification	00026364	fbf724fb	bl 0x000219b0
000257c4	run_motor_parameter_identification	00026368	88f846a0	strb.w r10,[r8,#0x46]
000257c4	run_motor_parameter_identification	0002636c	4549	ldr r1,[0x00026484]
000257c4	run_motor_parameter_identification	0002636e	81f800a0	strb.w r10,[r1,#0x0]
000257c4	run_motor_parameter_identification	00026372	4549	ldr r1,[0x00026488]
000257c4	run_motor_parameter_identification	00026374	81f800a0	strb.w r10,[r1,#0x0]
000257c4	run_motor_parameter_identification	00026378	44f62060	movw r0,#0x4e20
000257c4	run_motor_parameter_identification	0002637c	641c	adds r4,r4,#0x1
000257c4	run_motor_parameter_identification	0002637e	8442	cmp r4,r0
000257c4	run_motor_parameter_identification	00026380	fff454af	bcc.w 0x0002622c
000257c4	run_motor_parameter_identification	00026384	0120	movs r0,#0x1
000257c4	run_motor_parameter_identification	00026386	fbf7cffd	bl 0x00021f28
000257c4	run_motor_parameter_identification	0002638a	1fed7e0a	vldr.32 s0,[pc,#-0x1f8]
000257c4	run_motor_parameter_identification	0002638e	f0ee400a	vmov.f32 s1,s0
000257c4	run_motor_parameter_identification	00026392	fbf70dfb	bl 0x000219b0
000257c4	run_motor_parameter_identification	00026396	9ded430a	vldr.32 s0,[sp,#0x10c]
000257c4	run_motor_parameter_identification	0002639a	fdf737fe	bl 0x0002400c
000257c4	run_motor_parameter_identification	0002639e	b0ee408a	vmov.f32 s16,s0
000257c4	run_motor_parameter_identification	000263a2	b7ee000a	vmov.f32 s0,0x3f800000
000257c4	run_motor_parameter_identification	000263a6	08ee080a	vmla.f32 s0,s16,s16
000257c4	run_motor_parameter_identification	000263aa	fdf711fe	bl 0x00023fd0
000257c4	run_motor_parameter_identification	000263ae	9ded441a	vldr.32 s2,[sp,#0x110]
000257c4	run_motor_parameter_identification	000263b2	384c	ldr r4,[0x00026494]
000257c4	run_motor_parameter_identification	000263b4	3848	ldr r0,[0x00026498]
000257c4	run_motor_parameter_identification	000263b6	c1ee000a	vdiv.f32 s1,s2,s0
000257c4	run_motor_parameter_identification	000263ba	5546	mov r5,r10
000257c4	run_motor_parameter_identification	000263bc	1521	movs r1,#0x15
000257c4	run_motor_parameter_identification	000263be	c4ed0b0a	vstr.32 s1,[r4,#0x2c]
000257c4	run_motor_parameter_identification	000263c2	20ee880a	vmul.f32 s0,s1,s16
000257c4	run_motor_parameter_identification	000263c6	6eeead0a	vmul.f32 s1,s29,s27
000257c4	run_motor_parameter_identification	000263ca	80ee201a	vdiv.f32 s2,s0,s1
000257c4	run_motor_parameter_identification	000263ce	84ed0c1a	vstr.32 s2,[r4,#0x30]
000257c4	run_motor_parameter_identification	000263d2	c0f80ca0	str.w r10,[r0,#0xc]
000257c4	run_motor_parameter_identification	000263d6	6520	movs r0,#0x65
000257c4	run_motor_parameter_identification	000263d8	8df8ec00	strb.w r0,[sp,#0xec]
000257c4	run_motor_parameter_identification	000263dc	606c	ldr r0,[r4,#0x44]
000257c4	run_motor_parameter_identification	000263de	cdf8ed00	str.w r0,[sp,#0xed]
000257c4	run_motor_parameter_identification	000263e2	a06c	ldr r0,[r4,#0x48]
000257c4	run_motor_parameter_identification	000263e4	cdf8f100	str.w r0,[sp,#0xf1]
000257c4	run_motor_parameter_identification	000263e8	e06c	ldr r0,[r4,#0x4c]
000257c4	run_motor_parameter_identification	000263ea	cdf8f500	str.w r0,[sp,#0xf5]
000257c4	run_motor_parameter_identification	000263ee	e06a	ldr r0,[r4,#0x2c]
000257c4	run_motor_parameter_identification	000263f0	cdf8f900	str.w r0,[sp,#0xf9]
000257c4	run_motor_parameter_identification	000263f4	206b	ldr r0,[r4,#0x30]
000257c4	run_motor_parameter_identification	000263f6	cdf8fd00	str.w r0,[sp,#0xfd]
000257c4	run_motor_parameter_identification	000263fa	3ba8	add r0,sp,#0xec
000257c4	run_motor_parameter_identification	000263fc	fdf7cef9	bl 0x0002379c
000257c4	run_motor_parameter_identification	00026400	94ed100a	vldr.32 s0,[r4,#0x40]
000257c4	run_motor_parameter_identification	00026404	2248	ldr r0,[0x00026490]
000257c4	run_motor_parameter_identification	00026406	b8ee400a	vcvt.f32.u32 s0,s0
000257c4	run_motor_parameter_identification	0002640a	80ed100a	vstr.32 s0,[r0,#0x40]
000257c4	run_motor_parameter_identification	0002640e	94ed110a	vldr.32 s0,[r4,#0x44]
000257c4	run_motor_parameter_identification	00026412	80ed110a	vstr.32 s0,[r0,#0x44]
000257c4	run_motor_parameter_identification	00026416	94ed120a	vldr.32 s0,[r4,#0x48]
000257c4	run_motor_parameter_identification	0002641a	80ed120a	vstr.32 s0,[r0,#0x48]
000257c4	run_motor_parameter_identification	0002641e	94ed130a	vldr.32 s0,[r4,#0x4c]
000257c4	run_motor_parameter_identification	00026422	80ed130a	vstr.32 s0,[r0,#0x4c]
000257c4	run_motor_parameter_identification	00026426	94ed0c0a	vldr.32 s0,[r4,#0x30]
000257c4	run_motor_parameter_identification	0002642a	80ed140a	vstr.32 s0,[r0,#0x50]
000257c4	run_motor_parameter_identification	0002642e	94ed1f0a	vldr.32 s0,[r4,#0x7c]
000257c4	run_motor_parameter_identification	00026432	80ed150a	vstr.32 s0,[r0,#0x54]
000257c4	run_motor_parameter_identification	00026436	fef77ffe	bl 0x00025138
000257c4	run_motor_parameter_identification	0002643a	1848	ldr r0,[0x0002649c]
000257c4	run_motor_parameter_identification	0002643c	94ed1a0a	vldr.32 s0,[r4,#0x68]
000257c4	run_motor_parameter_identification	00026440	80ed010a	vstr.32 s0,[r0,#0x4]
000257c4	run_motor_parameter_identification	00026444	94ed190a	vldr.32 s0,[r4,#0x64]
000257c4	run_motor_parameter_identification	00026448	80ed000a	vstr.32 s0,[r0]
000257c4	run_motor_parameter_identification	0002644c	1448	ldr r0,[0x000264a0]
000257c4	run_motor_parameter_identification	0002644e	94ed1b0a	vldr.32 s0,[r4,#0x6c]
000257c4	run_motor_parameter_identification	00026452	80ed000a	vstr.32 s0,[r0]
000257c4	run_motor_parameter_identification	00026456	94ed1c0a	vldr.32 s0,[r4,#0x70]
000257c4	run_motor_parameter_identification	0002645a	80ed010a	vstr.32 s0,[r0,#0x4]
000257c4	run_motor_parameter_identification	0002645e	88f84650	strb.w r5,[r8,#0x46]
000257c4	run_motor_parameter_identification	00026462	0848	ldr r0,[0x00026484]
000257c4	run_motor_parameter_identification	00026464	0570	strb r5,[r0,#0x0]
000257c4	run_motor_parameter_identification	00026466	0848	ldr r0,[0x00026488]
000257c4	run_motor_parameter_identification	00026468	0570	strb r5,[r0,#0x0]
000257c4	run_motor_parameter_identification	0002646a	4ff0e020	mov.w r0,#0xe000e000
000257c4	run_motor_parameter_identification	0002646e	0421	movs r1,#0x4
000257c4	run_motor_parameter_identification	00026470	c0f88012	str.w r1,[r0,#0x280]
000257c4	run_motor_parameter_identification	00026474	c0f80011	str.w r1,[r0,#0x100]
000257c4	run_motor_parameter_identification	00026478	47b0	add sp,#0x11c
000257c4	run_motor_parameter_identification	0002647a	bdec108b	vpop {d8,d9,d10,d11,d12,d13,d14,d15}
000257c4	run_motor_parameter_identification	0002647e	bde8f08f	pop.w {r4,r5,r6,r7,r8,r9,r10,r11,pc}
000264a4	detect_motor_direction_and_pole_pairs	000264a4	70b5	push {r4,r5,r6,lr}
000264a4	detect_motor_direction_and_pole_pairs	000264a6	2ded0c8b	vpush {d8,d9,d10,d11,d12,d13}
000264a4	detect_motor_direction_and_pole_pairs	000264aa	86b0	sub sp,#0x18
000264a4	detect_motor_direction_and_pole_pairs	000264ac	9fed7e8a	vldr.32 s16,[pc,#0x1f8]
000264a4	detect_motor_direction_and_pole_pairs	000264b0	4ff0e021	mov.w r1,#0xe000e000
000264a4	detect_motor_direction_and_pole_pairs	000264b4	0420	movs r0,#0x4
000264a4	detect_motor_direction_and_pole_pairs	000264b6	f0ee488a	vmov.f32 s17,s16
000264a4	detect_motor_direction_and_pole_pairs	000264ba	c1f88001	str.w r0,[r1,#0x180]
000264a4	detect_motor_direction_and_pole_pairs	000264be	bff34f8f	dsb #0xf
000264a4	detect_motor_direction_and_pole_pairs	000264c2	bff36f8f	isb #0xf
000264a4	detect_motor_direction_and_pole_pairs	000264c6	00f0f7fc	bl 0x00026eb8
000264a4	detect_motor_direction_and_pole_pairs	000264ca	7849	ldr r1,[0x000266ac]
000264a4	detect_motor_direction_and_pole_pairs	000264cc	0020	movs r0,#0x0
000264a4	detect_motor_direction_and_pole_pairs	000264ce	b0ee489a	vmov.f32 s18,s16
000264a4	detect_motor_direction_and_pole_pairs	000264d2	01eb8002	add.w r2,r1,r0, lsl #0x2
000264a4	detect_motor_direction_and_pole_pairs	000264d6	401c	adds r0,r0,#0x1
000264a4	detect_motor_direction_and_pole_pairs	000264d8	82ed009a	vstr.32 s18,[r2]
000264a4	detect_motor_direction_and_pole_pairs	000264dc	ff28	cmp r0,#0xff
000264a4	detect_motor_direction_and_pole_pairs	000264de	f8d9	bls 0x000264d2
000264a4	detect_motor_direction_and_pole_pairs	000264e0	734e	ldr r6,[0x000266b0]
000264a4	detect_motor_direction_and_pole_pairs	000264e2	7448	ldr r0,[0x000266b4]
000264a4	detect_motor_direction_and_pole_pairs	000264e4	b7ee00ca	vmov.f32 s24,0x3f800000
000264a4	detect_motor_direction_and_pole_pairs	000264e8	86ed0dca	vstr.32 s24,[r6,#0x34]
000264a4	detect_motor_direction_and_pole_pairs	000264ec	d0ed049a	vldr.32 s19,[r0,#0x10]
000264a4	detect_motor_direction_and_pole_pairs	000264f0	0024	movs r4,#0x0
000264a4	detect_motor_direction_and_pole_pairs	000264f2	42f21075	movw r5,#0x2710
000264a4	detect_motor_direction_and_pole_pairs	000264f6	b0ee690a	vmov.f32 s0,s19
000264a4	detect_motor_direction_and_pole_pairs	000264fa	f0ee490a	vmov.f32 s1,s18
000264a4	detect_motor_direction_and_pole_pairs	000264fe	fbf757fa	bl 0x000219b0
000264a4	detect_motor_direction_and_pole_pairs	00026502	3220	movs r0,#0x32
000264a4	detect_motor_direction_and_pole_pairs	00026504	fbf72cfd	bl 0x00021f60
000264a4	detect_motor_direction_and_pole_pairs	00026508	641c	adds r4,r4,#0x1
000264a4	detect_motor_direction_and_pole_pairs	0002650a	ac42	cmp r4,r5
000264a4	detect_motor_direction_and_pole_pairs	0002650c	f3d3	bcc 0x000264f6
000264a4	detect_motor_direction_and_pole_pairs	0002650e	6a4c	ldr r4,[0x000266b8]
000264a4	detect_motor_direction_and_pole_pairs	00026510	94ed02aa	vldr.32 s20,[r4,#0x8]
000264a4	detect_motor_direction_and_pole_pairs	00026514	9fed69ba	vldr.32 s22,[pc,#0x1a4]
000264a4	detect_motor_direction_and_pole_pairs	00026518	dfed69ba	vldr.32 s23,[pc,#0x1a4]
000264a4	detect_motor_direction_and_pole_pairs	0002651c	dfed69aa	vldr.32 s21,[pc,#0x1a4]
000264a4	detect_motor_direction_and_pole_pairs	00026520	dfed69ca	vldr.32 s25,[pc,#0x1a4]
000264a4	detect_motor_direction_and_pole_pairs	00026524	9fed69da	vldr.32 s26,[pc,#0x1a4]
000264a4	detect_motor_direction_and_pole_pairs	00026528	694d	ldr r5,[0x000266d0]
000264a4	detect_motor_direction_and_pole_pairs	0002652a	41e0	b 0x000265b0
000264a4	detect_motor_direction_and_pole_pairs	0002652c	78ee8b8a	vadd.f32 s17,s17,s22
000264a4	detect_motor_direction_and_pole_pairs	00026530	6846	mov r0,sp
000264a4	detect_motor_direction_and_pole_pairs	00026532	28eeab0a	vmul.f32 s0,s17,s23
000264a4	detect_motor_direction_and_pole_pairs	00026536	bceec00a	vcvt.u32.f32 s0,s0
000264a4	detect_motor_direction_and_pole_pairs	0002653a	f8ee400a	vcvt.f32.u32 s1,s0
000264a4	detect_motor_direction_and_pole_pairs	0002653e	b0ee680a	vmov.f32 s0,s17
000264a4	detect_motor_direction_and_pole_pairs	00026542	00eeea0a	vmls.f32 s0,s1,s21
000264a4	detect_motor_direction_and_pole_pairs	00026546	f0ee6c0a	vmov.f32 s1,s25
000264a4	detect_motor_direction_and_pole_pairs	0002654a	8ded000a	vstr.32 s0,[sp]
000264a4	detect_motor_direction_and_pole_pairs	0002654e	b0ee4d0a	vmov.f32 s0,s26
000264a4	detect_motor_direction_and_pole_pairs	00026552	fbf732fa	bl 0x000219ba
000264a4	detect_motor_direction_and_pole_pairs	00026556	04a9	add r1,sp,#0x10
000264a4	detect_motor_direction_and_pole_pairs	00026558	03a8	add r0,sp,#0xc
000264a4	detect_motor_direction_and_pole_pairs	0002655a	9ded000a	vldr.32 s0,[sp]
000264a4	detect_motor_direction_and_pole_pairs	0002655e	fbf71dfa	bl 0x0002199c
000264a4	detect_motor_direction_and_pole_pairs	00026562	9ded040a	vldr.32 s0,[sp,#0x10]
000264a4	detect_motor_direction_and_pole_pairs	00026566	dded030a	vldr.32 s1,[sp,#0xc]
000264a4	detect_motor_direction_and_pole_pairs	0002656a	f0ee491a	vmov.f32 s3,s18
000264a4	detect_motor_direction_and_pole_pairs	0002656e	20ee291a	vmul.f32 s2,s0,s19
000264a4	detect_motor_direction_and_pole_pairs	00026572	00eee11a	vmls.f32 s2,s1,s3
000264a4	detect_motor_direction_and_pole_pairs	00026576	60eea90a	vmul.f32 s1,s1,s19
000264a4	detect_motor_direction_and_pole_pairs	0002657a	40ee210a	vmla.f32 s1,s0,s3
000264a4	detect_motor_direction_and_pole_pairs	0002657e	b0ee410a	vmov.f32 s0,s2
000264a4	detect_motor_direction_and_pole_pairs	00026582	fbf715fa	bl 0x000219b0
000264a4	detect_motor_direction_and_pole_pairs	00026586	3220	movs r0,#0x32
000264a4	detect_motor_direction_and_pole_pairs	00026588	fbf7eafc	bl 0x00021f60
000264a4	detect_motor_direction_and_pole_pairs	0002658c	94ed020a	vldr.32 s0,[r4,#0x8]
000264a4	detect_motor_direction_and_pole_pairs	00026590	5049	ldr r1,[0x000266d4]
000264a4	detect_motor_direction_and_pole_pairs	00026592	30ee4a8a	vsub.f32 s16,s0,s20
000264a4	detect_motor_direction_and_pole_pairs	00026596	18ee100a	vmov r0,s16
000264a4	detect_motor_direction_and_pole_pairs	0002659a	8842	cmp r0,r1
000264a4	detect_motor_direction_and_pole_pairs	0002659c	01dd	ble 0x000265a2
000264a4	detect_motor_direction_and_pole_pairs	0002659e	38ee6a8a	vsub.f32 s16,s16,s21
000264a4	detect_motor_direction_and_pole_pairs	000265a2	4d49	ldr r1,[0x000266d8]
000264a4	detect_motor_direction_and_pole_pairs	000265a4	18ee100a	vmov r0,s16
000264a4	detect_motor_direction_and_pole_pairs	000265a8	8842	cmp r0,r1
000264a4	detect_motor_direction_and_pole_pairs	000265aa	01d9	bls 0x000265b0
000264a4	detect_motor_direction_and_pole_pairs	000265ac	38ee2a8a	vadd.f32 s16,s16,s21
000264a4	detect_motor_direction_and_pole_pairs	000265b0	18ee100a	vmov r0,s16
000264a4	detect_motor_direction_and_pole_pairs	000265b4	a842	cmp r0,r5
000264a4	detect_motor_direction_and_pole_pairs	000265b6	04da	bge 0x000265c2
000264a4	detect_motor_direction_and_pole_pairs	000265b8	18ee100a	vmov r0,s16
000264a4	detect_motor_direction_and_pole_pairs	000265bc	4749	ldr r1,[0x000266dc]
000264a4	detect_motor_direction_and_pole_pairs	000265be	8842	cmp r0,r1
000264a4	detect_motor_direction_and_pole_pairs	000265c0	b4d3	bcc 0x0002652c
000264a4	detect_motor_direction_and_pole_pairs	000265c2	b5eec08a	vcmpe.f32 s16,#0
000264a4	detect_motor_direction_and_pole_pairs	000265c6	f1ee10fa	vmrs apsr,fpscr
000264a4	detect_motor_direction_and_pole_pairs	000265ca	01dc	bgt 0x000265d0
000264a4	detect_motor_direction_and_pole_pairs	000265cc	b0ee00ca	vmov.f32 s24,0x40000000
000264a4	detect_motor_direction_and_pole_pairs	000265d0	434d	ldr r5,[0x000266e0]
000264a4	detect_motor_direction_and_pole_pairs	000265d2	78ee8b8a	vadd.f32 s17,s17,s22
000264a4	detect_motor_direction_and_pole_pairs	000265d6	6846	mov r0,sp
000264a4	detect_motor_direction_and_pole_pairs	000265d8	28eeab0a	vmul.f32 s0,s17,s23
000264a4	detect_motor_direction_and_pole_pairs	000265dc	bceec00a	vcvt.u32.f32 s0,s0
000264a4	detect_motor_direction_and_pole_pairs	000265e0	f8ee400a	vcvt.f32.u32 s1,s0
000264a4	detect_motor_direction_and_pole_pairs	000265e4	b0ee680a	vmov.f32 s0,s17
000264a4	detect_motor_direction_and_pole_pairs	000265e8	00eeea0a	vmls.f32 s0,s1,s21
000264a4	detect_motor_direction_and_pole_pairs	000265ec	f0ee6c0a	vmov.f32 s1,s25
000264a4	detect_motor_direction_and_pole_pairs	000265f0	8ded000a	vstr.32 s0,[sp]
000264a4	detect_motor_direction_and_pole_pairs	000265f4	b0ee4d0a	vmov.f32 s0,s26
000264a4	detect_motor_direction_and_pole_pairs	000265f8	fbf7dff9	bl 0x000219ba
000264a4	detect_motor_direction_and_pole_pairs	000265fc	04a9	add r1,sp,#0x10
000264a4	detect_motor_direction_and_pole_pairs	000265fe	03a8	add r0,sp,#0xc
000264a4	detect_motor_direction_and_pole_pairs	00026600	9ded000a	vldr.32 s0,[sp]
000264a4	detect_motor_direction_and_pole_pairs	00026604	fbf7caf9	bl 0x0002199c
000264a4	detect_motor_direction_and_pole_pairs	00026608	9ded040a	vldr.32 s0,[sp,#0x10]
000264a4	detect_motor_direction_and_pole_pairs	0002660c	dded030a	vldr.32 s1,[sp,#0xc]
000264a4	detect_motor_direction_and_pole_pairs	00026610	f0ee491a	vmov.f32 s3,s18
000264a4	detect_motor_direction_and_pole_pairs	00026614	20ee291a	vmul.f32 s2,s0,s19
000264a4	detect_motor_direction_and_pole_pairs	00026618	00eee11a	vmls.f32 s2,s1,s3
000264a4	detect_motor_direction_and_pole_pairs	0002661c	60eea90a	vmul.f32 s1,s1,s19
000264a4	detect_motor_direction_and_pole_pairs	00026620	40ee210a	vmla.f32 s1,s0,s3
000264a4	detect_motor_direction_and_pole_pairs	00026624	b0ee410a	vmov.f32 s0,s2
000264a4	detect_motor_direction_and_pole_pairs	00026628	fbf7c2f9	bl 0x000219b0
000264a4	detect_motor_direction_and_pole_pairs	0002662c	3220	movs r0,#0x32
000264a4	detect_motor_direction_and_pole_pairs	0002662e	fbf797fc	bl 0x00021f60
000264a4	detect_motor_direction_and_pole_pairs	00026632	94ed020a	vldr.32 s0,[r4,#0x8]
000264a4	detect_motor_direction_and_pole_pairs	00026636	30ee4a0a	vsub.f32 s0,s0,s20
000264a4	detect_motor_direction_and_pole_pairs	0002663a	b0eec00a	vabs.f32 s0,s0
000264a4	detect_motor_direction_and_pole_pairs	0002663e	10ee100a	vmov r0,s0
000264a4	detect_motor_direction_and_pole_pairs	00026642	a842	cmp r0,r5
000264a4	detect_motor_direction_and_pole_pairs	00026644	c5dc	bgt 0x000265d2
000264a4	detect_motor_direction_and_pole_pairs	00026646	b0ee490a	vmov.f32 s0,s18
000264a4	detect_motor_direction_and_pole_pairs	0002664a	f0ee400a	vmov.f32 s1,s0
000264a4	detect_motor_direction_and_pole_pairs	0002664e	fbf7aff9	bl 0x000219b0
000264a4	detect_motor_direction_and_pole_pairs	00026652	88eeaa0a	vdiv.f32 s0,s17,s21
000264a4	detect_motor_direction_and_pole_pairs	00026656	86ed0dca	vstr.32 s24,[r6,#0x34]
000264a4	detect_motor_direction_and_pole_pairs	0002665a	fdf71bfc	bl 0x00023e94
000264a4	detect_motor_direction_and_pole_pairs	0002665e	00ee100a	vmov s0,r0
000264a4	detect_motor_direction_and_pole_pairs	00026662	2049	ldr r1,[0x000266e4]
000264a4	detect_motor_direction_and_pole_pairs	00026664	7065	str r0,[r6,#0x54]
000264a4	detect_motor_direction_and_pole_pairs	00026666	b8ee400a	vcvt.f32.u32 s0,s0
000264a4	detect_motor_direction_and_pole_pairs	0002666a	0864	str r0,[r1,#0x40]
000264a4	detect_motor_direction_and_pole_pairs	0002666c	c0ee2a0a	vdiv.f32 s1,s0,s21
000264a4	detect_motor_direction_and_pole_pairs	00026670	00ee100a	vmov s0,r0
000264a4	detect_motor_direction_and_pole_pairs	00026674	b8ee400a	vcvt.f32.u32 s0,s0
000264a4	detect_motor_direction_and_pole_pairs	00026678	c6ed160a	vstr.32 s1,[r6,#0x58]
000264a4	detect_motor_direction_and_pole_pairs	0002667c	d1ed140a	vldr.32 s1,[r1,#0x50]
000264a4	detect_motor_direction_and_pole_pairs	00026680	6321	movs r1,#0x63
000264a4	detect_motor_direction_and_pole_pairs	00026682	20ee200a	vmul.f32 s0,s0,s1
000264a4	detect_motor_direction_and_pole_pairs	00026686	86ed180a	vstr.32 s0,[r6,#0x60]
000264a4	detect_motor_direction_and_pole_pairs	0002668a	8df80410	strb.w r1,[sp,#0x4]
000264a4	detect_motor_direction_and_pole_pairs	0002668e	5521	movs r1,#0x55
000264a4	detect_motor_direction_and_pole_pairs	00026690	8df80910	strb.w r1,[sp,#0x9]
000264a4	detect_motor_direction_and_pole_pairs	00026694	cdf80500	str.w r0,[sp,#0x5]
000264a4	detect_motor_direction_and_pole_pairs	00026698	0621	movs r1,#0x6
000264a4	detect_motor_direction_and_pole_pairs	0002669a	01a8	add r0,sp,#0x4
000264a4	detect_motor_direction_and_pole_pairs	0002669c	fdf77ef8	bl 0x0002379c
000264a4	detect_motor_direction_and_pole_pairs	000266a0	06b0	add sp,#0x18
000264a4	detect_motor_direction_and_pole_pairs	000266a2	bdec0c8b	vpop {d8,d9,d10,d11,d12,d13}
000264a4	detect_motor_direction_and_pole_pairs	000266a6	70bd	pop {r4,r5,r6,pc}
000266e8	halt_on_bus_overvoltage	000266e8	70b5	push {r4,r5,r6,lr}
000266e8	halt_on_bus_overvoltage	000266ea	0f4e	ldr r6,[0x00026728]
000266e8	halt_on_bus_overvoltage	000266ec	b06e	ldr r0,[r6,#0x68]
000266e8	halt_on_bus_overvoltage	000266ee	b0f1844f	cmp.w r0,#0x42000000
000266e8	halt_on_bus_overvoltage	000266f2	c6bf	itte gt
000266e8	halt_on_bus_overvoltage	000266f4	0d4d	ldr.gt r5,[0x0002672c]
000266e8	halt_on_bus_overvoltage	000266f6	0e4c	ldr.gt r4,[0x00026730]
000266e8	halt_on_bus_overvoltage	000266f8	70bd	pop.le {r4,r5,r6,pc}
000266e8	halt_on_bus_overvoltage	000266fa	2888	ldrh r0,[r5,#0x0]
000266e8	halt_on_bus_overvoltage	000266fc	40f40050	orr r0,r0,#0x2000
000266e8	halt_on_bus_overvoltage	00026700	2880	strh r0,[r5,#0x0]
000266e8	halt_on_bus_overvoltage	00026702	2088	ldrh r0,[r4,#0x0]
000266e8	halt_on_bus_overvoltage	00026704	40f00400	orr r0,r0,#0x4
000266e8	halt_on_bus_overvoltage	00026708	2080	strh r0,[r4,#0x0]
000266e8	halt_on_bus_overvoltage	0002670a	4ff47a70	mov.w r0,#0x3e8
000266e8	halt_on_bus_overvoltage	0002670e	fbf70bfc	bl 0x00021f28
000266e8	halt_on_bus_overvoltage	00026712	b06e	ldr r0,[r6,#0x68]
000266e8	halt_on_bus_overvoltage	00026714	01f0e0f9	bl 0x00027ad8
000266e8	halt_on_bus_overvoltage	00026718	41ec100b	vmov d0,r0,r1
000266e8	halt_on_bus_overvoltage	0002671c	05a0	adr r0,[0x26734]
000266e8	halt_on_bus_overvoltage	0002671e	53ec102b	vmov r2,r3,d0
000266e8	halt_on_bus_overvoltage	00026722	f9f7a7fe	bl 0x00020474
000266e8	halt_on_bus_overvoltage	00026726	e8e7	b 0x000266fa
00026758	debug_print_device_info	00026758	70b5	push {r4,r5,r6,lr}
00026758	debug_print_device_info	0002675a	a94b	ldr r3,[0x00026a00]
00026758	debug_print_device_info	0002675c	2ded028b	vpush {d8}
00026758	debug_print_device_info	00026760	9869	ldr r0,[r3,#0x18]
00026758	debug_print_device_info	00026762	10f4407f	tst r0,#0x300
00026758	debug_print_device_info	00026766	dfeda70a	vldr.32 s1,[pc,#0x29c]
00026758	debug_print_device_info	0002676a	06d0	beq 0x0002677a
00026758	debug_print_device_info	0002676c	9869	ldr r0,[r3,#0x18]
00026758	debug_print_device_info	0002676e	4ff44071	mov.w r1,#0x300
00026758	debug_print_device_info	00026772	31ea0000	bics.w r0,r1,r0
00026758	debug_print_device_info	00026776	1ad0	beq 0x000267ae
00026758	debug_print_device_info	00026778	33e0	b 0x000267e2
00026758	debug_print_device_info	0002677a	d869	ldr r0,[r3,#0x1c]
00026758	debug_print_device_info	0002677c	d969	ldr r1,[r3,#0x1c]
00026758	debug_print_device_info	0002677e	c0f30740	ubfx r0,r0,#0x10,#0x8
00026758	debug_print_device_info	00026782	da69	ldr r2,[r3,#0x1c]
00026758	debug_print_device_info	00026784	c1f30721	ubfx r1,r1,#0x8,#0x8
00026758	debug_print_device_info	00026788	401c	adds r0,r0,#0x1
00026758	debug_print_device_info	0002678a	00ee100a	vmov s0,r0
00026758	debug_print_device_info	0002678e	d2b2	uxtb r2,r2
00026758	debug_print_device_info	00026790	491c	adds r1,r1,#0x1
00026758	debug_print_device_info	00026792	b8ee400a	vcvt.f32.u32 s0,s0
00026758	debug_print_device_info	00026796	521c	adds r2,r2,#0x1
00026758	debug_print_device_info	00026798	8818	adds r0,r1,r2
00026758	debug_print_device_info	0002679a	401c	adds r0,r0,#0x1
00026758	debug_print_device_info	0002679c	80ee801a	vdiv.f32 s2,s1,s0
00026758	debug_print_device_info	000267a0	00ee100a	vmov s0,r0
00026758	debug_print_device_info	000267a4	b8ee400a	vcvt.f32.u32 s0,s0
00026758	debug_print_device_info	000267a8	81ee008a	vdiv.f32 s16,s2,s0
00026758	debug_print_device_info	000267ac	19e0	b 0x000267e2
00026758	debug_print_device_info	000267ae	d868	ldr r0,[r3,#0xc]
00026758	debug_print_device_info	000267b0	d968	ldr r1,[r3,#0xc]
00026758	debug_print_device_info	000267b2	c0f30440	ubfx r0,r0,#0x10,#0x5
00026758	debug_print_device_info	000267b6	c1f30421	ubfx r1,r1,#0x8,#0x5
00026758	debug_print_device_info	000267ba	4a1c	adds r2,r1,#0x1
00026758	debug_print_device_info	000267bc	d968	ldr r1,[r3,#0xc]
00026758	debug_print_device_info	000267be	401c	adds r0,r0,#0x1
00026758	debug_print_device_info	000267c0	00ee100a	vmov s0,r0
00026758	debug_print_device_info	000267c4	c1f30311	ubfx r1,r1,#0x4,#0x4
00026758	debug_print_device_info	000267c8	491c	adds r1,r1,#0x1
00026758	debug_print_device_info	000267ca	b8ee400a	vcvt.f32.u32 s0,s0
00026758	debug_print_device_info	000267ce	5018	adds r0,r2,r1
00026758	debug_print_device_info	000267d0	401c	adds r0,r0,#0x1
00026758	debug_print_device_info	000267d2	80ee801a	vdiv.f32 s2,s1,s0
00026758	debug_print_device_info	000267d6	00ee100a	vmov s0,r0
00026758	debug_print_device_info	000267da	b8ee400a	vcvt.f32.u32 s0,s0
00026758	debug_print_device_info	000267de	81ee008a	vdiv.f32 s16,s2,s0
00026758	debug_print_device_info	000267e2	89a0	adr r0,[0x26a08]
00026758	debug_print_device_info	000267e4	f9f746fe	bl 0x00020474
00026758	debug_print_device_info	000267e8	8c48	ldr r0,[0x00026a1c]
00026758	debug_print_device_info	000267ea	0078	ldrb r0,[r0,#0x0]
00026758	debug_print_device_info	000267ec	0028	cmp r0,#0x0
00026758	debug_print_device_info	000267ee	08bf	it eq
00026758	debug_print_device_info	000267f0	8ba0	adr.eq r0,[0x26a20]
00026758	debug_print_device_info	000267f2	0bd0	beq 0x0002680c
00026758	debug_print_device_info	000267f4	0128	cmp r0,#0x1
00026758	debug_print_device_info	000267f6	08bf	it eq
00026758	debug_print_device_info	000267f8	8ba0	adr.eq r0,[0x26a28]
00026758	debug_print_device_info	000267fa	07d0	beq 0x0002680c
00026758	debug_print_device_info	000267fc	0228	cmp r0,#0x2
00026758	debug_print_device_info	000267fe	08bf	it eq
00026758	debug_print_device_info	00026800	8ba0	adr.eq r0,[0x26a30]
00026758	debug_print_device_info	00026802	03d0	beq 0x0002680c
00026758	debug_print_device_info	00026804	0328	cmp r0,#0x3
00026758	debug_print_device_info	00026806	08bf	it eq
00026758	debug_print_device_info	00026808	8ba0	adr.eq r0,[0x26a38]
00026758	debug_print_device_info	0002680a	01d1	bne 0x00026810
00026758	debug_print_device_info	0002680c	f9f732fe	bl 0x00020474
00026758	debug_print_device_info	00026810	8ba0	adr r0,[0x26a40]
00026758	debug_print_device_info	00026812	f9f72ffe	bl 0x00020474
00026758	debug_print_device_info	00026816	41f29931	movw r1,#0x1399
00026758	debug_print_device_info	0002681a	8ea0	adr r0,[0x26a54]
00026758	debug_print_device_info	0002681c	f9f72afe	bl 0x00020474
00026758	debug_print_device_info	00026820	0421	movs r1,#0x4
00026758	debug_print_device_info	00026822	92a0	adr r0,[0x26a6c]
00026758	debug_print_device_info	00026824	f9f726fe	bl 0x00020474
00026758	debug_print_device_info	00026828	9fed950b	vldr.64 d0,[pc,#0x254]
00026758	debug_print_device_info	0002682c	96a0	adr r0,[0x26a88]
00026758	debug_print_device_info	0002682e	53ec102b	vmov r2,r3,d0
00026758	debug_print_device_info	00026832	f9f71ffe	bl 0x00020474
00026758	debug_print_device_info	00026836	974c	ldr r4,[0x00026a94]
00026758	debug_print_device_info	00026838	206c	ldr r0,[r4,#0x40]
00026758	debug_print_device_info	0002683a	01f04df9	bl 0x00027ad8
00026758	debug_print_device_info	0002683e	41ec100b	vmov d0,r0,r1
00026758	debug_print_device_info	00026842	95a0	adr r0,[0x26a98]
00026758	debug_print_device_info	00026844	53ec102b	vmov r2,r3,d0
00026758	debug_print_device_info	00026848	f9f714fe	bl 0x00020474
00026758	debug_print_device_info	0002684c	606c	ldr r0,[r4,#0x44]
00026758	debug_print_device_info	0002684e	01f043f9	bl 0x00027ad8
00026758	debug_print_device_info	00026852	41ec100b	vmov d0,r0,r1
00026758	debug_print_device_info	00026856	96a0	adr r0,[0x26ab0]
00026758	debug_print_device_info	00026858	53ec102b	vmov r2,r3,d0
00026758	debug_print_device_info	0002685c	f9f70afe	bl 0x00020474
00026758	debug_print_device_info	00026860	a06c	ldr r0,[r4,#0x48]
00026758	debug_print_device_info	00026862	01f039f9	bl 0x00027ad8
00026758	debug_print_device_info	00026866	41ec100b	vmov d0,r0,r1
00026758	debug_print_device_info	0002686a	97a0	adr r0,[0x26ac8]
00026758	debug_print_device_info	0002686c	53ec102b	vmov r2,r3,d0
00026758	debug_print_device_info	00026870	f9f700fe	bl 0x00020474
00026758	debug_print_device_info	00026874	a4f17c05	sub.w r5,r4,#0x7c
00026758	debug_print_device_info	00026878	6869	ldr r0,[r5,#0x14]
00026758	debug_print_device_info	0002687a	01f02df9	bl 0x00027ad8
00026758	debug_print_device_info	0002687e	41ec100b	vmov d0,r0,r1
00026758	debug_print_device_info	00026882	97a0	adr r0,[0x26ae0]
00026758	debug_print_device_info	00026884	53ec102b	vmov r2,r3,d0
00026758	debug_print_device_info	00026888	f9f7f4fd	bl 0x00020474
00026758	debug_print_device_info	0002688c	686a	ldr r0,[r5,#0x24]
00026758	debug_print_device_info	0002688e	01f023f9	bl 0x00027ad8
00026758	debug_print_device_info	00026892	41ec100b	vmov d0,r0,r1
00026758	debug_print_device_info	00026896	9ea0	adr r0,[0x26b10]
00026758	debug_print_device_info	00026898	53ec102b	vmov r2,r3,d0
00026758	debug_print_device_info	0002689c	f9f7eafd	bl 0x00020474
00026758	debug_print_device_info	000268a0	a869	ldr r0,[r5,#0x18]
00026758	debug_print_device_info	000268a2	01f019f9	bl 0x00027ad8
00026758	debug_print_device_info	000268a6	41ec100b	vmov d0,r0,r1
00026758	debug_print_device_info	000268aa	a1a0	adr r0,[0x26b30]
00026758	debug_print_device_info	000268ac	53ec102b	vmov r2,r3,d0
00026758	debug_print_device_info	000268b0	f9f7e0fd	bl 0x00020474
00026758	debug_print_device_info	000268b4	a54d	ldr r5,[0x00026b4c]
00026758	debug_print_device_info	000268b6	a6a0	adr r0,[0x26b50]
00026758	debug_print_device_info	000268b8	296a	ldr r1,[r5,#0x20]
00026758	debug_print_device_info	000268ba	f9f7dbfd	bl 0x00020474
00026758	debug_print_device_info	000268be	aaa0	adr r0,[0x26b68]
00026758	debug_print_device_info	000268c0	e969	ldr r1,[r5,#0x1c]
00026758	debug_print_device_info	000268c2	f9f7d7fd	bl 0x00020474
00026758	debug_print_device_info	000268c6	18ee100a	vmov r0,s16
00026758	debug_print_device_info	000268ca	ad49	ldr r1,[0x00026b80]
00026758	debug_print_device_info	000268cc	8842	cmp r0,r1
00026758	debug_print_device_info	000268ce	07da	bge 0x000268e0
00026758	debug_print_device_info	000268d0	bceec80a	vcvt.u32.f32 s0,s16
00026758	debug_print_device_info	000268d4	aba0	adr r0,[0x26b84]
00026758	debug_print_device_info	000268d6	10ee101a	vmov r1,s0
00026758	debug_print_device_info	000268da	f9f7cbfd	bl 0x00020474
00026758	debug_print_device_info	000268de	0ee0	b 0x000268fe
00026758	debug_print_device_info	000268e0	9fedad0a	vldr.32 s0,[pc,#0x2b4]
00026758	debug_print_device_info	000268e4	28ee000a	vmul.f32 s0,s16,s0
00026758	debug_print_device_info	000268e8	10ee100a	vmov r0,s0
00026758	debug_print_device_info	000268ec	01f0f4f8	bl 0x00027ad8
00026758	debug_print_device_info	000268f0	41ec100b	vmov d0,r0,r1
00026758	debug_print_device_info	000268f4	a9a0	adr r0,[0x26b9c]
00026758	debug_print_device_info	000268f6	53ec102b	vmov r2,r3,d0
00026758	debug_print_device_info	000268fa	f9f7bbfd	bl 0x00020474
00026758	debug_print_device_info	000268fe	ada0	adr r0,[0x26bb4]
00026758	debug_print_device_info	00026900	f9f7b8fd	bl 0x00020474
00026758	debug_print_device_info	00026904	95ed110a	vldr.32 s0,[r5,#0x44]
00026758	debug_print_device_info	00026908	dfedaf0a	vldr.32 s1,[pc,#0x2bc]
00026758	debug_print_device_info	0002690c	20ee200a	vmul.f32 s0,s0,s1
00026758	debug_print_device_info	00026910	10ee100a	vmov r0,s0
00026758	debug_print_device_info	00026914	01f0e0f8	bl 0x00027ad8
00026758	debug_print_device_info	00026918	41ec100b	vmov d0,r0,r1
00026758	debug_print_device_info	0002691c	aba0	adr r0,[0x26bcc]
00026758	debug_print_device_info	0002691e	53ec102b	vmov r2,r3,d0
00026758	debug_print_device_info	00026922	f9f7a7fd	bl 0x00020474
00026758	debug_print_device_info	00026926	95ed120a	vldr.32 s0,[r5,#0x48]
00026758	debug_print_device_info	0002692a	dfedad0a	vldr.32 s1,[pc,#0x2b4]
00026758	debug_print_device_info	0002692e	20ee200a	vmul.f32 s0,s0,s1
00026758	debug_print_device_info	00026932	10ee100a	vmov r0,s0
00026758	debug_print_device_info	00026936	01f0cff8	bl 0x00027ad8
00026758	debug_print_device_info	0002693a	41ec100b	vmov d0,r0,r1
00026758	debug_print_device_info	0002693e	a9a0	adr r0,[0x26be4]
00026758	debug_print_device_info	00026940	53ec102b	vmov r2,r3,d0
00026758	debug_print_device_info	00026944	f9f796fd	bl 0x00020474
00026758	debug_print_device_info	00026948	e86c	ldr r0,[r5,#0x4c]
00026758	debug_print_device_info	0002694a	01f0c5f8	bl 0x00027ad8
00026758	debug_print_device_info	0002694e	41ec100b	vmov d0,r0,r1
00026758	debug_print_device_info	00026952	a9a0	adr r0,[0x26bf8]
00026758	debug_print_device_info	00026954	53ec102b	vmov r2,r3,d0
00026758	debug_print_device_info	00026958	f9f78cfd	bl 0x00020474
00026758	debug_print_device_info	0002695c	a06e	ldr r0,[r4,#0x68]
00026758	debug_print_device_info	0002695e	01f0bbf8	bl 0x00027ad8
00026758	debug_print_device_info	00026962	41ec100b	vmov d0,r0,r1
00026758	debug_print_device_info	00026966	a9a0	adr r0,[0x26c0c]
00026758	debug_print_device_info	00026968	53ec102b	vmov r2,r3,d0
00026758	debug_print_device_info	0002696c	f9f782fd	bl 0x00020474
00026758	debug_print_device_info	00026970	aaa0	adr r0,[0x26c1c]
00026758	debug_print_device_info	00026972	f9f77ffd	bl 0x00020474
00026758	debug_print_device_info	00026976	e06b	ldr r0,[r4,#0x3c]
00026758	debug_print_device_info	00026978	0128	cmp r0,#0x1
00026758	debug_print_device_info	0002697a	0bd1	bne 0x00026994
00026758	debug_print_device_info	0002697c	ada0	adr r0,[0x26c34]
00026758	debug_print_device_info	0002697e	f9f779fd	bl 0x00020474
00026758	debug_print_device_info	00026982	b1a0	adr r0,[0x26c48]
00026758	debug_print_device_info	00026984	f9f776fd	bl 0x00020474
00026758	debug_print_device_info	00026988	b7a0	adr r0,[0x26c68]
00026758	debug_print_device_info	0002698a	f9f773fd	bl 0x00020474
00026758	debug_print_device_info	0002698e	baa0	adr r0,[0x26c78]
00026758	debug_print_device_info	00026990	f9f770fd	bl 0x00020474
00026758	debug_print_device_info	00026994	e06b	ldr r0,[r4,#0x3c]
00026758	debug_print_device_info	00026996	0228	cmp r0,#0x2
00026758	debug_print_device_info	00026998	0bd1	bne 0x000269b2
00026758	debug_print_device_info	0002699a	bda0	adr r0,[0x26c90]
00026758	debug_print_device_info	0002699c	f9f76afd	bl 0x00020474
00026758	debug_print_device_info	000269a0	bfa0	adr r0,[0x26ca0]
00026758	debug_print_device_info	000269a2	f9f767fd	bl 0x00020474
00026758	debug_print_device_info	000269a6	b0a0	adr r0,[0x26c68]
00026758	debug_print_device_info	000269a8	f9f764fd	bl 0x00020474
00026758	debug_print_device_info	000269ac	b2a0	adr r0,[0x26c78]
00026758	debug_print_device_info	000269ae	f9f761fd	bl 0x00020474
00026758	debug_print_device_info	000269b2	e06b	ldr r0,[r4,#0x3c]
00026758	debug_print_device_info	000269b4	0328	cmp r0,#0x3
00026758	debug_print_device_info	000269b6	0bd1	bne 0x000269d0
00026758	debug_print_device_info	000269b8	b5a0	adr r0,[0x26c90]
00026758	debug_print_device_info	000269ba	f9f75bfd	bl 0x00020474
00026758	debug_print_device_info	000269be	a2a0	adr r0,[0x26c48]
00026758	debug_print_device_info	000269c0	f9f758fd	bl 0x00020474
00026758	debug_print_device_info	000269c4	c0a0	adr r0,[0x26cc8]
00026758	debug_print_device_info	000269c6	f9f755fd	bl 0x00020474
00026758	debug_print_device_info	000269ca	aba0	adr r0,[0x26c78]
00026758	debug_print_device_info	000269cc	f9f752fd	bl 0x00020474
00026758	debug_print_device_info	000269d0	e06b	ldr r0,[r4,#0x3c]
00026758	debug_print_device_info	000269d2	0428	cmp r0,#0x4
00026758	debug_print_device_info	000269d4	1cbf	itt ne
00026758	debug_print_device_info	000269d6	bdec028b	vpop.ne {d8}
00026758	debug_print_device_info	000269da	70bd	pop.ne {r4,r5,r6,pc}
00026758	debug_print_device_info	000269dc	aca0	adr r0,[0x26c90]
00026758	debug_print_device_info	000269de	f9f749fd	bl 0x00020474
00026758	debug_print_device_info	000269e2	99a0	adr r0,[0x26c48]
00026758	debug_print_device_info	000269e4	f9f746fd	bl 0x00020474
00026758	debug_print_device_info	000269e8	9fa0	adr r0,[0x26c68]
00026758	debug_print_device_info	000269ea	f9f743fd	bl 0x00020474
00026758	debug_print_device_info	000269ee	bdec028b	vpop {d8}
00026758	debug_print_device_info	000269f2	bba0	adr r0,[0x26ce0]
00026758	debug_print_device_info	000269f4	bde87040	pop.w {r4,r5,r6,lr}
00026758	debug_print_device_info	000269f8	f9f73cbd	b.w 0x00020474
00026d00	handle_firmware_control_request	00026d00	2de9f041	push {r4,r5,r6,r7,r8,lr}
00026d00	handle_firmware_control_request	00026d04	0546	mov r5,r0
00026d00	handle_firmware_control_request	00026d06	8026	movs r6,#0x80
00026d00	handle_firmware_control_request	00026d08	8220	movs r0,#0x82
00026d00	handle_firmware_control_request	00026d0a	f9f75dfb	bl 0x000203c8
00026d00	handle_firmware_control_request	00026d0e	6727	movs r7,#0x67
00026d00	handle_firmware_control_request	00026d10	0446	mov r4,r0
00026d00	handle_firmware_control_request	00026d12	012d	cmp r5,#0x1
00026d00	handle_firmware_control_request	00026d14	05d0	beq 0x00026d22
00026d00	handle_firmware_control_request	00026d16	5526	movs r6,#0x55
00026d00	handle_firmware_control_request	00026d18	022d	cmp r5,#0x2
00026d00	handle_firmware_control_request	00026d1a	10d0	beq 0x00026d3e
00026d00	handle_firmware_control_request	00026d1c	062d	cmp r5,#0x6
00026d00	handle_firmware_control_request	00026d1e	2dd0	beq 0x00026d7c
00026d00	handle_firmware_control_request	00026d20	4ee0	b 0x00026dc0
00026d00	handle_firmware_control_request	00026d22	2770	strb r7,[r4,#0x0]
00026d00	handle_firmware_control_request	00026d24	3246	mov r2,r6
00026d00	handle_firmware_control_request	00026d26	2949	ldr r1,[0x00026dcc]
00026d00	handle_firmware_control_request	00026d28	601c	adds r0,r4,#0x1
00026d00	handle_firmware_control_request	00026d2a	f9f703fd	bl 0x00020734
00026d00	handle_firmware_control_request	00026d2e	aa20	movs r0,#0xaa
00026d00	handle_firmware_control_request	00026d30	84f88100	strb.w r0,[r4,#0x81]
00026d00	handle_firmware_control_request	00026d34	8221	movs r1,#0x82
00026d00	handle_firmware_control_request	00026d36	2046	mov r0,r4
00026d00	handle_firmware_control_request	00026d38	fcf730fd	bl 0x0002379c
00026d00	handle_firmware_control_request	00026d3c	40e0	b 0x00026dc0
00026d00	handle_firmware_control_request	00026d3e	72b6	cpsid i
00026d00	handle_firmware_control_request	00026d40	2522	movs r2,#0x25
00026d00	handle_firmware_control_request	00026d42	2249	ldr r1,[0x00026dcc]
00026d00	handle_firmware_control_request	00026d44	2248	ldr r0,[0x00026dd0]
00026d00	handle_firmware_control_request	00026d46	faf72efe	bl 0x000219a6
00026d00	handle_firmware_control_request	00026d4a	62b6	cpsie i
00026d00	handle_firmware_control_request	00026d4c	2670	strb r6,[r4,#0x0]
00026d00	handle_firmware_control_request	00026d4e	6770	strb r7,[r4,#0x1]
00026d00	handle_firmware_control_request	00026d50	a670	strb r6,[r4,#0x2]
00026d00	handle_firmware_control_request	00026d52	0321	movs r1,#0x3
00026d00	handle_firmware_control_request	00026d54	2046	mov r0,r4
00026d00	handle_firmware_control_request	00026d56	fcf721fd	bl 0x0002379c
00026d00	handle_firmware_control_request	00026d5a	72b6	cpsid i
00026d00	handle_firmware_control_request	00026d5c	6420	movs r0,#0x64
00026d00	handle_firmware_control_request	00026d5e	fbf7fff8	bl 0x00021f60
00026d00	handle_firmware_control_request	00026d62	bff34f8f	dsb #0xf
00026d00	handle_firmware_control_request	00026d66	1b48	ldr r0,[0x00026dd4]
00026d00	handle_firmware_control_request	00026d68	0168	ldr r1,[r0,#0x0]
00026d00	handle_firmware_control_request	00026d6a	1b4a	ldr r2,[0x00026dd8]
00026d00	handle_firmware_control_request	00026d6c	01f4e061	and r1,r1,#0x700
00026d00	handle_firmware_control_request	00026d70	1143	orrs r1,r2
00026d00	handle_firmware_control_request	00026d72	0160	str r1,[r0,#0x0]
00026d00	handle_firmware_control_request	00026d74	bff34f8f	dsb #0xf
00026d00	handle_firmware_control_request	00026d78	00bf	nop
00026d00	handle_firmware_control_request	00026d7a	fde7	b 0x00026d78
00026d00	handle_firmware_control_request	00026d7c	2670	strb r6,[r4,#0x0]
00026d00	handle_firmware_control_request	00026d7e	6770	strb r7,[r4,#0x1]
00026d00	handle_firmware_control_request	00026d80	5120	movs r0,#0x51
00026d00	handle_firmware_control_request	00026d82	124d	ldr r5,[0x00026dcc]
00026d00	handle_firmware_control_request	00026d84	a070	strb r0,[r4,#0x2]
00026d00	handle_firmware_control_request	00026d86	1548	ldr r0,[0x00026ddc]
00026d00	handle_firmware_control_request	00026d88	95ed180a	vldr.32 s0,[r5,#0x60]
00026d00	handle_firmware_control_request	00026d8c	80ed0e0a	vstr.32 s0,[r0,#0x38]
00026d00	handle_firmware_control_request	00026d90	fef7d2f9	bl 0x00025138
00026d00	handle_firmware_control_request	00026d94	1248	ldr r0,[0x00026de0]
00026d00	handle_firmware_control_request	00026d96	95ed190a	vldr.32 s0,[r5,#0x64]
00026d00	handle_firmware_control_request	00026d9a	0321	movs r1,#0x3
00026d00	handle_firmware_control_request	00026d9c	80ed000a	vstr.32 s0,[r0]
00026d00	handle_firmware_control_request	00026da0	95ed1a0a	vldr.32 s0,[r5,#0x68]
00026d00	handle_firmware_control_request	00026da4	80ed010a	vstr.32 s0,[r0,#0x4]
00026d00	handle_firmware_control_request	00026da8	0e48	ldr r0,[0x00026de4]
00026d00	handle_firmware_control_request	00026daa	95ed1b0a	vldr.32 s0,[r5,#0x6c]
00026d00	handle_firmware_control_request	00026dae	80ed000a	vstr.32 s0,[r0]
00026d00	handle_firmware_control_request	00026db2	95ed1c0a	vldr.32 s0,[r5,#0x70]
00026d00	handle_firmware_control_request	00026db6	80ed010a	vstr.32 s0,[r0,#0x4]
00026d00	handle_firmware_control_request	00026dba	2046	mov r0,r4
00026d00	handle_firmware_control_request	00026dbc	fcf7eefc	bl 0x0002379c
00026d00	handle_firmware_control_request	00026dc0	2046	mov r0,r4
00026d00	handle_firmware_control_request	00026dc2	bde8f041	pop.w {r4,r5,r6,r7,r8,lr}
00026d00	handle_firmware_control_request	00026dc6	f9f72ebb	b.w 0x00020426
00026de8	select_configuration_bank_a	000219f6	48f2416c	movw r12,#0x8641
00026de8	select_configuration_bank_a	000219fa	c1f6ff7c	movt r12,#0x1fff
00026de8	select_configuration_bank_a	000219fe	6047	bx r12
00026de8	select_configuration_bank_a	00026de8	00b5	push {lr}
00026de8	select_configuration_bank_a	00026dea	fef775fa	bl 0x000252d8
00026de8	select_configuration_bank_a	00026dee	0448	ldr r0,[0x00026e00]
00026de8	select_configuration_bank_a	00026df0	0121	movs r1,#0x1
00026de8	select_configuration_bank_a	00026df2	4160	str r1,[r0,#0x4]
00026de8	select_configuration_bank_a	00026df4	0021	movs r1,#0x0
00026de8	select_configuration_bank_a	00026df6	0160	str r1,[r0,#0x0]
00026de8	select_configuration_bank_a	00026df8	5df804eb	pop.w lr
00026de8	select_configuration_bank_a	00026dfc	faf7fbbd	b.w 0x000219f6
00026e04	select_configuration_bank_b	00026e04	00b5	push {lr}
00026e04	select_configuration_bank_b	00026e06	fef767fa	bl 0x000252d8
00026e04	select_configuration_bank_b	00026e0a	0448	ldr r0,[0x00026e1c]
00026e04	select_configuration_bank_b	00026e0c	0121	movs r1,#0x1
00026e04	select_configuration_bank_b	00026e0e	0160	str r1,[r0,#0x0]
00026e04	select_configuration_bank_b	00026e10	0021	movs r1,#0x0
00026e04	select_configuration_bank_b	00026e12	4160	str r1,[r0,#0x4]
00026e04	select_configuration_bank_b	00026e14	5df804eb	pop.w lr
00026e04	select_configuration_bank_b	00026e18	faf7edbd	b.w 0x000219f6
00026e20	FUN_00026e20	00026e20	00b5	push {lr}
00026e20	FUN_00026e20	00026e22	2ded048b	vpush {d8,d9}
00026e20	FUN_00026e20	00026e26	83b0	sub sp,#0xc
00026e20	FUN_00026e20	00026e28	41ec190b	vmov d9,r0,r1
00026e20	FUN_00026e20	00026e2c	00f09efc	bl 0x0002776c
00026e20	FUN_00026e20	00026e30	41ec180b	vmov d8,r0,r1
00026e20	FUN_00026e20	00026e34	18ee100a	vmov r0,s16
00026e20	FUN_00026e20	00026e38	18ee901a	vmov r1,s17
00026e20	FUN_00026e20	00026e3c	8ded008b	vstr.64 d8,[sp]
00026e20	FUN_00026e20	00026e40	0028	cmp r0,#0x0
00026e20	FUN_00026e20	00026e42	18bf	it ne
00026e20	FUN_00026e20	00026e44	0120	mov.ne r0,#0x1
00026e20	FUN_00026e20	00026e46	0843	orrs r0,r1
00026e20	FUN_00026e20	00026e48	20f00040	bic r0,r0,#0x80000000
00026e20	FUN_00026e20	00026e4c	c0f17f60	rsb.w r0,r0,#0xff00000
00026e20	FUN_00026e20	00026e50	00f1e040	add.w r0,r0,#0x70000000
00026e20	FUN_00026e20	00026e54	c00f	lsrs r0,r0,#0x1f
00026e20	FUN_00026e20	00026e56	14d0	beq 0x00026e82
00026e20	FUN_00026e20	00026e58	19ee101a	vmov r1,s18
00026e20	FUN_00026e20	00026e5c	19ee900a	vmov r0,s19
00026e20	FUN_00026e20	00026e60	8ded009b	vstr.64 d9,[sp]
00026e20	FUN_00026e20	00026e64	0029	cmp r1,#0x0
00026e20	FUN_00026e20	00026e66	18bf	it ne
00026e20	FUN_00026e20	00026e68	0121	mov.ne r1,#0x1
00026e20	FUN_00026e20	00026e6a	0843	orrs r0,r1
00026e20	FUN_00026e20	00026e6c	20f00040	bic r0,r0,#0x80000000
00026e20	FUN_00026e20	00026e70	c0f17f60	rsb.w r0,r0,#0xff00000
00026e20	FUN_00026e20	00026e74	00f1e040	add.w r0,r0,#0x70000000
00026e20	FUN_00026e20	00026e78	c00f	lsrs r0,r0,#0x1f
00026e20	FUN_00026e20	00026e7a	04bf	itt eq
00026e20	FUN_00026e20	00026e7c	0120	mov.eq r0,#0x1
00026e20	FUN_00026e20	00026e7e	f9f72afd	bl.eq 0x000208d6
00026e20	FUN_00026e20	00026e82	51ec180b	vmov r0,r1,d8
00026e20	FUN_00026e20	00026e86	03b0	add sp,#0xc
00026e20	FUN_00026e20	00026e88	bdec048b	vpop {d8,d9}
00026e20	FUN_00026e20	00026e8c	00bd	pop {pc}
00026e90	store_hardware_variant	00026e90	10b5	push {r4,lr}
00026e90	store_hardware_variant	00026e92	a0f13034	sub.w r4,r0,#0x30303030
00026e90	store_hardware_variant	00026e96	0648	ldr r0,[0x00026eb0]
00026e90	store_hardware_variant	00026e98	c068	ldr r0,[r0,#0xc]
00026e90	store_hardware_variant	00026e9a	a042	cmp r0,r4
00026e90	store_hardware_variant	00026e9c	08bf	it eq
00026e90	store_hardware_variant	00026e9e	10bd	pop.eq {r4,pc}
00026e90	store_hardware_variant	00026ea0	fef71afa	bl 0x000252d8
00026e90	store_hardware_variant	00026ea4	0348	ldr r0,[0x00026eb4]
00026e90	store_hardware_variant	00026ea6	c460	str r4,[r0,#0xc]
00026e90	store_hardware_variant	00026ea8	bde81040	pop.w {r4,lr}
00026e90	store_hardware_variant	00026eac	faf7a3bd	b.w 0x000219f6
00026eb8	enforce_device_key_binding_or_halt	00026eb8	f0b5	push {r4,r5,r6,r7,lr}
00026eb8	enforce_device_key_binding_or_halt	00026eba	cdb0	sub sp,#0x134
00026eb8	enforce_device_key_binding_or_halt	00026ebc	2022	movs r2,#0x20
00026eb8	enforce_device_key_binding_or_halt	00026ebe	46a1	adr r1,[0x26fd8]
00026eb8	enforce_device_key_binding_or_halt	00026ec0	44a8	add r0,sp,#0x110
00026eb8	enforce_device_key_binding_or_halt	00026ec2	f9f77cfc	bl 0x000207be
00026eb8	enforce_device_key_binding_or_halt	00026ec6	4c49	ldr r1,[0x00026ff8]
00026eb8	enforce_device_key_binding_or_halt	00026ec8	0020	movs r0,#0x0
00026eb8	enforce_device_key_binding_or_halt	00026eca	40aa	add r2,sp,#0x100
00026eb8	enforce_device_key_binding_or_halt	00026ecc	11f8013b	ldrb.w r3,[r1],#0x1
00026eb8	enforce_device_key_binding_or_halt	00026ed0	1354	strb r3,[r2,r0]
00026eb8	enforce_device_key_binding_or_halt	00026ed2	401c	adds r0,r0,#0x1
00026eb8	enforce_device_key_binding_or_halt	00026ed4	c0b2	uxtb r0,r0
00026eb8	enforce_device_key_binding_or_halt	00026ed6	0c28	cmp r0,#0xc
00026eb8	enforce_device_key_binding_or_halt	00026ed8	f8d3	bcc 0x00026ecc
00026eb8	enforce_device_key_binding_or_halt	00026eda	0120	movs r0,#0x1
00026eb8	enforce_device_key_binding_or_halt	00026edc	8df80c01	strb.w r0,[sp,#0x10c]
00026eb8	enforce_device_key_binding_or_halt	00026ee0	0220	movs r0,#0x2
00026eb8	enforce_device_key_binding_or_halt	00026ee2	8df80d01	strb.w r0,[sp,#0x10d]
00026eb8	enforce_device_key_binding_or_halt	00026ee6	0320	movs r0,#0x3
00026eb8	enforce_device_key_binding_or_halt	00026ee8	8df80e01	strb.w r0,[sp,#0x10e]
00026eb8	enforce_device_key_binding_or_halt	00026eec	0420	movs r0,#0x4
00026eb8	enforce_device_key_binding_or_halt	00026eee	8df80f01	strb.w r0,[sp,#0x10f]
00026eb8	enforce_device_key_binding_or_halt	00026ef2	44a9	add r1,sp,#0x110
00026eb8	enforce_device_key_binding_or_halt	00026ef4	6846	mov r0,sp
00026eb8	enforce_device_key_binding_or_halt	00026ef6	fbf73bfb	bl 0x00022570
00026eb8	enforce_device_key_binding_or_halt	00026efa	1023	movs r3,#0x10
00026eb8	enforce_device_key_binding_or_halt	00026efc	40aa	add r2,sp,#0x100
00026eb8	enforce_device_key_binding_or_halt	00026efe	3ca9	add r1,sp,#0xf0
00026eb8	enforce_device_key_binding_or_halt	00026f00	6846	mov r0,sp
00026eb8	enforce_device_key_binding_or_halt	00026f02	faf78bfe	bl 0x00021c1c
00026eb8	enforce_device_key_binding_or_halt	00026f06	9df8f400	ldrb.w r0,[sp,#0xf4]
00026eb8	enforce_device_key_binding_or_halt	00026f0a	ddf8f510	ldr.w r1,[sp,#0xf5]
00026eb8	enforce_device_key_binding_or_halt	00026f0e	9df8fa50	ldrb.w r5,[sp,#0xfa]
00026eb8	enforce_device_key_binding_or_halt	00026f12	40ea0122	orr.w r2,r0,r1, lsl #0x8
00026eb8	enforce_device_key_binding_or_halt	00026f16	9df8f300	ldrb.w r0,[sp,#0xf3]
00026eb8	enforce_device_key_binding_or_halt	00026f1a	ddf8fd10	ldr.w r1,[sp,#0xfd]
00026eb8	enforce_device_key_binding_or_halt	00026f1e	0306	lsls r3,r0,#0x18
00026eb8	enforce_device_key_binding_or_halt	00026f20	42ea1022	orr.w r2,r2,r0, lsr #0x8
00026eb8	enforce_device_key_binding_or_halt	00026f24	9df8f200	ldrb.w r0,[sp,#0xf2]
00026eb8	enforce_device_key_binding_or_halt	00026f28	dff8d0c0	ldr.w r12,[0x00026ffc]
00026eb8	enforce_device_key_binding_or_halt	00026f2c	43ea0043	orr.w r3,r3,r0, lsl #0x10
00026eb8	enforce_device_key_binding_or_halt	00026f30	42ea1042	orr.w r2,r2,r0, lsr #0x10
00026eb8	enforce_device_key_binding_or_halt	00026f34	9df8f100	ldrb.w r0,[sp,#0xf1]
00026eb8	enforce_device_key_binding_or_halt	00026f38	43ea0023	orr.w r3,r3,r0, lsl #0x8
00026eb8	enforce_device_key_binding_or_halt	00026f3c	42ea1062	orr.w r2,r2,r0, lsr #0x18
00026eb8	enforce_device_key_binding_or_halt	00026f40	9df8f000	ldrb.w r0,[sp,#0xf0]
00026eb8	enforce_device_key_binding_or_halt	00026f44	0343	orrs r3,r0
00026eb8	enforce_device_key_binding_or_halt	00026f46	9df8fc00	ldrb.w r0,[sp,#0xfc]
00026eb8	enforce_device_key_binding_or_halt	00026f4a	40ea0121	orr.w r1,r0,r1, lsl #0x8
00026eb8	enforce_device_key_binding_or_halt	00026f4e	9df8fb00	ldrb.w r0,[sp,#0xfb]
00026eb8	enforce_device_key_binding_or_halt	00026f52	040a	lsrs r4,r0,#0x8
00026eb8	enforce_device_key_binding_or_halt	00026f54	2143	orrs r1,r4
00026eb8	enforce_device_key_binding_or_halt	00026f56	0006	lsls r0,r0,#0x18
00026eb8	enforce_device_key_binding_or_halt	00026f58	40ea0540	orr.w r0,r0,r5, lsl #0x10
00026eb8	enforce_device_key_binding_or_halt	00026f5c	41ea1541	orr.w r1,r1,r5, lsr #0x10
00026eb8	enforce_device_key_binding_or_halt	00026f60	9df8f950	ldrb.w r5,[sp,#0xf9]
00026eb8	enforce_device_key_binding_or_halt	00026f64	9df8f840	ldrb.w r4,[sp,#0xf8]
00026eb8	enforce_device_key_binding_or_halt	00026f68	40ea0520	orr.w r0,r0,r5, lsl #0x8
00026eb8	enforce_device_key_binding_or_halt	00026f6c	41ea1561	orr.w r1,r1,r5, lsr #0x18
00026eb8	enforce_device_key_binding_or_halt	00026f70	dce90067	ldrd r6,r7,[r12,#0x0]
00026eb8	enforce_device_key_binding_or_halt	00026f74	2043	orrs r0,r4
00026eb8	enforce_device_key_binding_or_halt	00026f76	214d	ldr r5,[0x00026ffc]
00026eb8	enforce_device_key_binding_or_halt	00026f78	204c	ldr r4,[0x00026ffc]
00026eb8	enforce_device_key_binding_or_halt	00026f7a	4035	adds r5,#0x40
00026eb8	enforce_device_key_binding_or_halt	00026f7c	8034	adds r4,#0x80
00026eb8	enforce_device_key_binding_or_halt	00026f7e	5e40	eors r6,r3
00026eb8	enforce_device_key_binding_or_halt	00026f80	5740	eors r7,r2
00026eb8	enforce_device_key_binding_or_halt	00026f82	3e43	orrs r6,r7
00026eb8	enforce_device_key_binding_or_halt	00026f84	05d1	bne 0x00026f92
00026eb8	enforce_device_key_binding_or_halt	00026f86	dce90267	ldrd r6,r7,[r12,#0x8]
00026eb8	enforce_device_key_binding_or_halt	00026f8a	4640	eors r6,r0
00026eb8	enforce_device_key_binding_or_halt	00026f8c	4f40	eors r7,r1
00026eb8	enforce_device_key_binding_or_halt	00026f8e	3e43	orrs r6,r7
00026eb8	enforce_device_key_binding_or_halt	00026f90	20d0	beq 0x00026fd4
00026eb8	enforce_device_key_binding_or_halt	00026f92	d5e90067	ldrd r6,r7,[r5,#0x0]
00026eb8	enforce_device_key_binding_or_halt	00026f96	5e40	eors r6,r3
00026eb8	enforce_device_key_binding_or_halt	00026f98	5740	eors r7,r2
00026eb8	enforce_device_key_binding_or_halt	00026f9a	3e43	orrs r6,r7
00026eb8	enforce_device_key_binding_or_halt	00026f9c	05d1	bne 0x00026faa
00026eb8	enforce_device_key_binding_or_halt	00026f9e	d5e90265	ldrd r6,r5,[r5,#0x8]
00026eb8	enforce_device_key_binding_or_halt	00026fa2	4640	eors r6,r0
00026eb8	enforce_device_key_binding_or_halt	00026fa4	4d40	eors r5,r1
00026eb8	enforce_device_key_binding_or_halt	00026fa6	2e43	orrs r6,r5
00026eb8	enforce_device_key_binding_or_halt	00026fa8	14d0	beq 0x00026fd4
00026eb8	enforce_device_key_binding_or_halt	00026faa	d4e90056	ldrd r5,r6,[r4,#0x0]
00026eb8	enforce_device_key_binding_or_halt	00026fae	6b40	eors r3,r5
00026eb8	enforce_device_key_binding_or_halt	00026fb0	7240	eors r2,r6
00026eb8	enforce_device_key_binding_or_halt	00026fb2	1343	orrs r3,r2
00026eb8	enforce_device_key_binding_or_halt	00026fb4	05d1	bne 0x00026fc2
00026eb8	enforce_device_key_binding_or_halt	00026fb6	d4e90223	ldrd r2,r3,[r4,#0x8]
00026eb8	enforce_device_key_binding_or_halt	00026fba	5040	eors r0,r2
00026eb8	enforce_device_key_binding_or_halt	00026fbc	5940	eors r1,r3
00026eb8	enforce_device_key_binding_or_halt	00026fbe	0843	orrs r0,r1
00026eb8	enforce_device_key_binding_or_halt	00026fc0	08d0	beq 0x00026fd4
00026eb8	enforce_device_key_binding_or_halt	00026fc2	4ff4fa74	mov.w r4,#0x1f4
00026eb8	enforce_device_key_binding_or_halt	00026fc6	2046	mov r0,r4
00026eb8	enforce_device_key_binding_or_halt	00026fc8	faf7aeff	bl 0x00021f28
00026eb8	enforce_device_key_binding_or_halt	00026fcc	0ca0	adr r0,[0x27000]
00026eb8	enforce_device_key_binding_or_halt	00026fce	f9f751fa	bl 0x00020474
00026eb8	enforce_device_key_binding_or_halt	00026fd2	f8e7	b 0x00026fc6
00026eb8	enforce_device_key_binding_or_halt	00026fd4	4db0	add sp,#0x134
00026eb8	enforce_device_key_binding_or_halt	00026fd6	f0bd	pop {r4,r5,r6,r7,pc}
00027034	FUN_00027034	00027034	c109	lsrs r1,r0,#0x7
00027034	FUN_00027034	00027036	01ebc101	add.w r1,r1,r1, lsl #0x3
00027034	FUN_00027034	0002703a	01eb4101	add.w r1,r1,r1, lsl #0x1
00027034	FUN_00027034	0002703e	81ea4000	eor.w r0,r1,r0, lsl #0x1
00027034	FUN_00027034	00027042	c0b2	uxtb r0,r0
00027034	FUN_00027034	00027044	7047	bx lr
00027048	FUN_00027048	00027048	10b5	push {r4,lr}
00027048	FUN_00027048	0002704a	0029	cmp r1,#0x0
00027048	FUN_00027048	0002704c	0ad0	beq 0x00027064
00027048	FUN_00027048	0002704e	0878	ldrb r0,[r1,#0x0]
00027048	FUN_00027048	00027050	0028	cmp r0,#0x0
00027048	FUN_00027048	00027052	07d0	beq 0x00027064
00027048	FUN_00027048	00027054	0548	ldr r0,[0x0002706c]
00027048	FUN_00027048	00027056	7844	add r0,pc
00027048	FUN_00027048	00027058	faf772f8	bl 0x00021140
00027048	FUN_00027048	0002705c	0028	cmp r0,#0x0
00027048	FUN_00027048	0002705e	01d0	beq 0x00027064
00027048	FUN_00027048	00027060	0020	movs r0,#0x0
00027048	FUN_00027048	00027062	10bd	pop {r4,pc}
00027048	FUN_00027048	00027064	0248	ldr r0,[0x00027070]
00027048	FUN_00027048	00027066	7844	add r0,pc
00027048	FUN_00027048	00027068	10bd	pop {r4,pc}
00027074	FUN_00027074	00027074	21f00042	bic r2,r1,#0x80000000
00027074	FUN_00027074	00027078	a2f16052	sub.w r2,r2,#0x38000000
00027074	FUN_00027074	0002707c	b2f5801f	cmp.w r2,#0x100000
00027074	FUN_00027074	00027080	01f00043	and r3,r1,#0x80000000
00027074	FUN_00027074	00027084	28bf	it cs
00027074	FUN_00027074	00027086	d2f17f6c	rsbs.cs.w r12,r2,#0xff00000
00027074	FUN_00027074	0002708a	0bd9	bls 0x000270a4
00027074	FUN_00027074	0002708c	5fea001c	lsls.w r12,r0,#0x4
00027074	FUN_00027074	00027090	43eac202	orr.w r2,r3,r2, lsl #0x3
00027074	FUN_00027074	00027094	42eb5070	adc.w r0,r2,r0, lsr #0x1d
00027074	FUN_00027074	00027098	18bf	it ne
00027074	FUN_00027074	0002709a	7047	bx.ne lr
00027074	FUN_00027074	0002709c	28bf	it cs
00027074	FUN_00027074	0002709e	20f00100	bic.cs r0,r0,#0x1
00027074	FUN_00027074	000270a2	7047	bx lr
00027074	FUN_00027074	000270a4	b2f5801f	cmp.w r2,#0x100000
00027074	FUN_00027074	000270a8	bcbf	itt lt
00027074	FUN_00027074	000270aa	1846	mov.lt r0,r3
00027074	FUN_00027074	000270ac	7047	bx.lt lr
00027074	FUN_00027074	000270ae	4fea410c	lsl.w r12,r1,#0x1
00027074	FUN_00027074	000270b2	1cf5001f	cmn r12,#0x200000
00027074	FUN_00027074	000270b6	02d2	bcs 0x000270be
00027074	FUN_00027074	000270b8	0846	mov r0,r1
00027074	FUN_00027074	000270ba	00f0babd	b.w 0x00027c32
00027074	FUN_00027074	000270be	70b5	push {r4,r5,r6,lr}
00027074	FUN_00027074	000270c0	00f0f4fa	bl 0x000276ac
00027074	FUN_00027074	000270c4	0000	movs r0,r0
00027074	FUN_00027074	000270c6	0089	ldrh r0,[r0,#0x8]
00027074	FUN_00027074	000270c8	fff7f6bf	b.w 0x000270b8
00027074	FUN_00027074	00027c32	ff21	movs r1,#0xff
00027074	FUN_00027074	00027c34	41ead050	orr.w r0,r1,r0, lsr #0x17
00027074	FUN_00027074	00027c38	c005	lsls r0,r0,#0x17
00027074	FUN_00027074	00027c3a	7047	bx lr
000270d8	FUN_000270d8	000270d8	10b5	push {r4,lr}
000270d8	FUN_000270d8	000270da	91ea030f	teq.w r1,r3
000270d8	FUN_000270d8	000270de	48bf	it mi
000270d8	FUN_000270d8	000270e0	83f00043	eor.mi r3,r3,#0x80000000
000270d8	FUN_000270d8	000270e4	00f11684	bmi.w 0x00027914
000270d8	FUN_000270d8	000270e8	841a	subs r4,r0,r2
000270d8	FUN_000270d8	000270ea	71eb030c	sbcs.w r12,r1,r3
000270d8	FUN_000270d8	000270ee	05d2	bcs 0x000270fc
000270d8	FUN_000270d8	000270f0	1219	adds r2,r2,r4
000270d8	FUN_000270d8	000270f2	43eb0c03	adc.w r3,r3,r12
000270d8	FUN_000270d8	000270f6	001b	subs r0,r0,r4
000270d8	FUN_000270d8	000270f8	61eb0c01	sbc.w r1,r1,r12
000270d8	FUN_000270d8	000270fc	dff824e1	ldr.w lr,[0x00027224]
000270d8	FUN_000270d8	00027100	4fea1154	lsr.w r4,r1,#0x14
000270d8	FUN_000270d8	00027104	a4eb135c	sub.w r12,r4,r3, lsr #0x14
000270d8	FUN_000270d8	00027108	1eea430f	tst.w lr,r3, lsl #0x1
000270d8	FUN_000270d8	0002710c	18bf	it ne
000270d8	FUN_000270d8	0002710e	9eea445f	teq.ne.w lr,r4, lsl #0x15
000270d8	FUN_000270d8	00027112	73d0	beq 0x000271fc
000270d8	FUN_000270d8	00027114	23ea0e03	bic.w r3,r3,lr
000270d8	FUN_000270d8	00027118	dcf1200e	rsbs.w lr,r12,#0x20
000270d8	FUN_000270d8	0002711c	21ea0451	bic.w r1,r1,r4, lsl #0x14
000270d8	FUN_000270d8	00027120	43f48013	orr r3,r3,#0x100000
000270d8	FUN_000270d8	00027124	32d3	bcc 0x0002718c
000270d8	FUN_000270d8	00027126	22fa0cfe	lsr.w lr,r2,r12
000270d8	FUN_000270d8	0002712a	10eb0e00	adds.w r0,r0,lr
000270d8	FUN_000270d8	0002712e	23fa0cfe	lsr.w lr,r3,r12
000270d8	FUN_000270d8	00027132	41eb0e01	adc.w r1,r1,lr
000270d8	FUN_000270d8	00027136	ccf1200e	rsb.w lr,r12,#0x20
000270d8	FUN_000270d8	0002713a	03fa0efe	lsl.w lr,r3,lr
000270d8	FUN_000270d8	0002713e	10eb0e00	adds.w r0,r0,lr
000270d8	FUN_000270d8	00027142	51f10001	adcs r1,r1,#0x0
000270d8	FUN_000270d8	00027146	b1f5801f	cmp.w r1,#0x100000
000270d8	FUN_000270d8	0002714a	ccf1200e	rsb.w lr,r12,#0x20
000270d8	FUN_000270d8	0002714e	32d2	bcs 0x000271b6
000270d8	FUN_000270d8	00027150	01eb0451	add.w r1,r1,r4, lsl #0x14
000270d8	FUN_000270d8	00027154	12fa0ef2	lsls.w r2,r2,lr
000270d8	FUN_000270d8	00027158	bde81040	pop.w {r4,lr}
000270d8	FUN_000270d8	0002715c	58bf	it pl
000270d8	FUN_000270d8	0002715e	7047	bx.pl lr
000270d8	FUN_000270d8	00027160	401c	adds r0,r0,#0x1
000270d8	FUN_000270d8	00027162	38bf	it cc
000270d8	FUN_000270d8	00027164	5fea4202	lsls.cc.w r2,r2,#0x1
000270d8	FUN_000270d8	00027168	18bf	it ne
000270d8	FUN_000270d8	0002716a	7047	bx.ne lr
000270d8	FUN_000270d8	0002716c	0028	cmp r0,#0x0
000270d8	FUN_000270d8	0002716e	14bf	ite ne
000270d8	FUN_000270d8	00027170	20f00100	bic.ne r0,r0,#0x1
000270d8	FUN_000270d8	00027174	41f10001	adc.eq r1,r1,#0x0
000270d8	FUN_000270d8	00027178	4fea4103	lsl.w r3,r1,#0x1
000270d8	FUN_000270d8	0002717c	13f5001f	cmn r3,#0x200000
000270d8	FUN_000270d8	00027180	38bf	it cc
000270d8	FUN_000270d8	00027182	7047	bx.cc lr
000270d8	FUN_000270d8	00027184	a1f1c041	sub.w r1,r1,#0x60000000
000270d8	FUN_000270d8	00027188	00f0deba	b.w 0x00027748
000270d8	FUN_000270d8	0002718c	012a	cmp r2,#0x1
000270d8	FUN_000270d8	0002718e	43eb0302	adc.w r2,r3,r3
000270d8	FUN_000270d8	00027192	acf1200c	sub.w r12,r12,#0x20
000270d8	FUN_000270d8	00027196	dcf11f0e	rsbs.w lr,r12,#0x1f
000270d8	FUN_000270d8	0002719a	32bf	itee cc
000270d8	FUN_000270d8	0002719c	4ff0000e	mov.cc.w lr,#0x0
000270d8	FUN_000270d8	000271a0	23fa0cf3	lsr.cs.w r3,r3,r12
000270d8	FUN_000270d8	000271a4	10eb0300	adds.cs.w r0,r0,r3
000270d8	FUN_000270d8	000271a8	41eb0451	adc.w r1,r1,r4, lsl #0x14
000270d8	FUN_000270d8	000271ac	b4eb115f	cmp.w r4,r1, lsr #0x14
000270d8	FUN_000270d8	000271b0	d0d0	beq 0x00027154
000270d8	FUN_000270d8	000271b2	a1eb0451	sub.w r1,r1,r4, lsl #0x14
000270d8	FUN_000270d8	000271b6	01f58011	add.w r1,r1,#0x100000
000270d8	FUN_000270d8	000271ba	4908	lsrs r1,r1,#0x1
000270d8	FUN_000270d8	000271bc	5fea3000	rrxs r0,r0
000270d8	FUN_000270d8	000271c0	01eb0451	add.w r1,r1,r4, lsl #0x14
000270d8	FUN_000270d8	000271c4	0ed3	bcc 0x000271e4
000270d8	FUN_000270d8	000271c6	50f10000	adcs r0,r0,#0x0
000270d8	FUN_000270d8	000271ca	38bf	it cc
000270d8	FUN_000270d8	000271cc	12fa0efe	lsls.cc.w lr,r2,lr
000270d8	FUN_000270d8	000271d0	08d1	bne 0x000271e4
000270d8	FUN_000270d8	000271d2	bde81040	pop.w {r4,lr}
000270d8	FUN_000270d8	000271d6	c9e7	b 0x0002716c
000270d8	FUN_000270d8	000271e4	bde81040	pop.w {r4,lr}
000270d8	FUN_000270d8	000271e8	4fea4103	lsl.w r3,r1,#0x1
000270d8	FUN_000270d8	000271ec	13f5001f	cmn r3,#0x200000
000270d8	FUN_000270d8	000271f0	38bf	it cc
000270d8	FUN_000270d8	000271f2	7047	bx.cc lr
000270d8	FUN_000270d8	000271f4	a1f1c041	sub.w r1,r1,#0x60000000
000270d8	FUN_000270d8	000271f8	00f0a6ba	b.w 0x00027748
000270d8	FUN_000270d8	000271fc	9eea445f	teq.w lr,r4, lsl #0x15
000270d8	FUN_000270d8	00027200	08d0	beq 0x00027214
000270d8	FUN_000270d8	00027202	11ea5e0f	tst.w r1,lr, lsr #0x1
000270d8	FUN_000270d8	00027206	bde81040	pop.w {r4,lr}
000270d8	FUN_000270d8	0002720a	04bf	itt eq
000270d8	FUN_000270d8	0002720c	01f00041	and.eq r1,r1,#0x80000000
000270d8	FUN_000270d8	00027210	0020	mov.eq r0,#0x0
000270d8	FUN_000270d8	00027212	7047	bx lr
000270d8	FUN_000270d8	00027214	bde81040	pop.w {r4,lr}
000270d8	FUN_000270d8	00027218	70b5	push {r4,r5,r6,lr}
000270d8	FUN_000270d8	0002721a	00f047fa	bl 0x000276ac
000270d8	FUN_000270d8	0002721e	00bf	nop
00027228	FUN_00027228	00027228	2de9c041	push {r6,r7,r8,lr}
00027228	FUN_00027228	0002722c	30b4	push {r4,r5}
00027228	FUN_00027228	0002722e	dff8a0c2	ldr.w r12,[0x000274d0]
00027228	FUN_00027228	00027232	3cea1114	bics.w r4,r12,r1, lsr #0x4
00027228	FUN_00027228	00027236	18bf	it ne
00027228	FUN_00027228	00027238	3cea1314	bics.ne.w r4,r12,r3, lsr #0x4
00027228	FUN_00027228	0002723c	00f0ec80	beq.w 0x00027418
00027228	FUN_00027228	00027240	81ea0305	eor.w r5,r1,r3
00027228	FUN_00027228	00027244	1cea1114	ands.w r4,r12,r1, lsr #0x4
00027228	FUN_00027228	00027248	44ead574	orr.w r4,r4,r5, lsr #0x1f
00027228	FUN_00027228	0002724c	18bf	it ne
00027228	FUN_00027228	0002724e	1cea1315	ands.ne.w r5,r12,r3, lsr #0x4
00027228	FUN_00027228	00027252	00f0c780	beq.w 0x000273e4
00027228	FUN_00027228	00027256	a4eb0504	sub.w r4,r4,r5
00027228	FUN_00027228	0002725a	4ff00045	mov.w r5,#0x80000000
00027228	FUN_00027228	0002725e	45eac121	orr.w r1,r5,r1, lsl #0xb
00027228	FUN_00027228	00027262	45eac323	orr.w r3,r5,r3, lsl #0xb
00027228	FUN_00027228	00027266	41ea5051	orr.w r1,r1,r0, lsr #0x15
00027228	FUN_00027228	0002726a	43ea5253	orr.w r3,r3,r2, lsr #0x15
00027228	FUN_00027228	0002726e	04f17f74	add.w r4,r4,#0x3fc0000
00027228	FUN_00027228	00027272	9942	cmp r1,r3
00027228	FUN_00027228	00027274	04f50034	add.w r4,r4,#0x20000
00027228	FUN_00027228	00027278	4feac020	lsl.w r0,r0,#0xb
00027228	FUN_00027228	0002727c	4feac222	lsl.w r2,r2,#0xb
00027228	FUN_00027228	00027280	08bf	it eq
00027228	FUN_00027228	00027282	9042	cmp.eq r0,r2
00027228	FUN_00027228	00027284	00f09c80	beq.w 0x000273c0
00027228	FUN_00027228	00027288	4fea1365	lsr.w r5,r3,#0x18
00027228	FUN_00027228	0002728c	0ff24016	adr.w r6,0x273d0
00027228	FUN_00027228	00027290	765d	ldrb r6,[r6,r5]
00027228	FUN_00027228	00027292	4fea1345	lsr.w r5,r3,#0x10
00027228	FUN_00027228	00027296	06fb05f7	mul r7,r6,r5
00027228	FUN_00027228	0002729a	c7f18077	rsb.w r7,r7,#0x1000000
00027228	FUN_00027228	0002729e	06fb07f7	mul r7,r6,r7
00027228	FUN_00027228	000272a2	4fead737	lsr.w r7,r7,#0xf
00027228	FUN_00027228	000272a6	a7fb0368	umull r6,r8,r7,r3
00027228	FUN_00027228	000272aa	7642	rsbs r6,r6
00027228	FUN_00027228	000272ac	c8f58038	rsb.w r8,r8,#0x10000
00027228	FUN_00027228	000272b0	a7fb06ce	umull r12,lr,r7,r6
00027228	FUN_00027228	000272b4	38bf	it cc
00027228	FUN_00027228	000272b6	a8f10108	sub.cc.w r8,r8,#0x1
00027228	FUN_00027228	000272ba	07fb08e6	mla r6,r7,r8,lr
00027228	FUN_00027228	000272be	4ff0000e	mov.w lr,#0x0
00027228	FUN_00027228	000272c2	a6fb028c	umull r8,r12,r6,r2
00027228	FUN_00027228	000272c6	e6fb03ce	umlal r12,lr,r6,r3
00027228	FUN_00027228	000272ca	dcf1000c	rsbs.w r12,r12,#0x0
00027228	FUN_00027228	000272ce	cef1004e	rsb.w lr,lr,#0x80000000
00027228	FUN_00027228	000272d2	38bf	it cc
00027228	FUN_00027228	000272d4	aef1010e	sub.cc.w lr,lr,#0x1
00027228	FUN_00027228	000272d8	a6fb0c58	umull r5,r8,r6,r12
00027228	FUN_00027228	000272dc	4ff00007	mov.w r7,#0x0
00027228	FUN_00027228	000272e0	4ff00005	mov.w r5,#0x0
00027228	FUN_00027228	000272e4	e6fb0e87	umlal r8,r7,r6,lr
00027228	FUN_00027228	000272e8	a1fb08c6	umull r12,r6,r1,r8
00027228	FUN_00027228	000272ec	a0fb07ce	umull r12,lr,r0,r7
00027228	FUN_00027228	000272f0	16eb0e06	adds.w r6,r6,lr
00027228	FUN_00027228	000272f4	45f10005	adc r5,r5,#0x0
00027228	FUN_00027228	000272f8	e1fb0765	umlal r6,r5,r1,r7
00027228	FUN_00027228	000272fc	15f1e04e	adds.w lr,r5,#0x70000000
00027228	FUN_00027228	00027300	7ebf	ittt vc
00027228	FUN_00027228	00027302	a4f58034	sub.vc.w r4,r4,#0x10000
00027228	FUN_00027228	00027306	5fea4606	lsls.vc.w r6,r6,#0x1
00027228	FUN_00027228	0002730a	6d41	adc.vc r5,r5
00027228	FUN_00027228	0002730c	16f18007	adds.w r7,r6,#0x80
00027228	FUN_00027228	00027310	45f10005	adc r5,r5,#0x0
00027228	FUN_00027228	00027314	4fea1727	lsr.w r7,r7,#0x8
00027228	FUN_00027228	00027318	4fea0666	lsl.w r6,r6,#0x18
00027228	FUN_00027228	0002731c	47ea0567	orr.w r7,r7,r5, lsl #0x18
00027228	FUN_00027228	00027320	a6f1de46	sub.w r6,r6,#0x6f000000
00027228	FUN_00027228	00027324	b6f1805f	cmp.w r6,#0x10000000
00027228	FUN_00027228	00027328	4fea1525	lsr.w r5,r5,#0x8
00027228	FUN_00027228	0002732c	1fd9	bls 0x0002736e
00027228	FUN_00027228	0002732e	3846	mov r0,r7
00027228	FUN_00027228	00027330	24f0010c	bic r12,r4,#0x1
00027228	FUN_00027228	00027334	05ebc471	add.w r1,r5,r4, lsl #0x1f
00027228	FUN_00027228	00027338	bcf1fe6f	cmp.w r12,#0x7f00000
00027228	FUN_00027228	0002733c	01eb0c11	add.w r1,r1,r12, lsl #0x4
00027228	FUN_00027228	00027340	02d8	bhi 0x00027348
00027228	FUN_00027228	00027342	f0bc	pop {r4,r5,r6,r7}
00027228	FUN_00027228	00027344	bde80081	pop.w {r8,pc}
00027228	FUN_00027228	00027348	2442	tst r4,r4
00027228	FUN_00027228	0002734a	5cbf	itt pl
00027228	FUN_00027228	0002734c	01f5801e	add.pl.w lr,r1,#0x100000
00027228	FUN_00027228	00027350	9eeac47f	teq.pl.w lr,r4, lsl #0x1f
00027228	FUN_00027228	00027354	02d4	bmi 0x0002735c
00027228	FUN_00027228	00027356	f0bc	pop {r4,r5,r6,r7}
00027228	FUN_00027228	00027358	bde80081	pop.w {r8,pc}
00027228	FUN_00027228	0002735c	2442	tst r4,r4
00027228	FUN_00027228	0002735e	38d4	bmi 0x000273d2
00027228	FUN_00027228	00027360	f0bc	pop {r4,r5,r6,r7}
00027228	FUN_00027228	00027362	a1f1c041	sub.w r1,r1,#0x60000000
00027228	FUN_00027228	00027366	bde80041	pop.w {r8,lr}
00027228	FUN_00027228	0002736a	00f0edb9	b.w 0x00027748
00027228	FUN_00027228	0002736e	4fead222	lsr.w r2,r2,#0xb
00027228	FUN_00027228	00027372	42ea4352	orr.w r2,r2,r3, lsl #0x15
00027228	FUN_00027228	00027376	4fead323	lsr.w r3,r3,#0xb
00027228	FUN_00027228	0002737a	a7fb0286	umull r8,r6,r7,r2
00027228	FUN_00027228	0002737e	4fead020	lsr.w r0,r0,#0xb
00027228	FUN_00027228	00027382	40ea4150	orr.w r0,r0,r1, lsl #0x15
00027228	FUN_00027228	00027386	07fb0366	mla r6,r7,r3,r6
00027228	FUN_00027228	0002738a	1eea0e0f	tst.w lr,lr
00027228	FUN_00027228	0002738e	4fead121	lsr.w r1,r1,#0xb
00027228	FUN_00027228	00027392	05fb0266	mla r6,r5,r2,r6
00027228	FUN_00027228	00027396	58bf	it pl
00027228	FUN_00027228	00027398	a6eb0056	sub.pl.w r6,r6,r0, lsl #0x14
00027228	FUN_00027228	0002739c	b6eb0056	subs.w r6,r6,r0, lsl #0x14
00027228	FUN_00027228	000273a0	4fea520e	lsr.w lr,r2,#0x1
00027228	FUN_00027228	000273a4	4eeac37e	orr.w lr,lr,r3, lsl #0x1f
00027228	FUN_00027228	000273a8	18eb0e0e	adds.w lr,r8,lr
00027228	FUN_00027228	000273ac	56eb530e	adcs.w lr,r6,r3, lsr #0x1
00027228	FUN_00027228	000273b0	bdd5	bpl 0x0002732e
00027228	FUN_00027228	000273b2	18eb0208	adds.w r8,r8,r2
00027228	FUN_00027228	000273b6	5e41	adcs r6,r3
00027228	FUN_00027228	000273b8	7f1c	adds r7,r7,#0x1
00027228	FUN_00027228	000273ba	55f10005	adcs r5,r5,#0x0
00027228	FUN_00027228	000273be	b6e7	b 0x0002732e
00027228	FUN_00027228	000273c0	4ff48015	mov.w r5,#0x100000
00027228	FUN_00027228	000273c4	4ff00007	mov.w r7,#0x0
00027228	FUN_00027228	000273c8	4ff00006	mov.w r6,#0x0
00027228	FUN_00027228	000273cc	4ff00008	mov.w r8,#0x0
00027228	FUN_00027228	000273d0	ade7	b 0x0002732e
00027228	FUN_00027228	000273d2	f0bc	pop {r4,r5,r6,r7}
00027228	FUN_00027228	000273d4	4ff00000	mov.w r0,#0x0
00027228	FUN_00027228	000273d8	01f1c041	add.w r1,r1,#0x60000000
00027228	FUN_00027228	000273dc	01f00041	and r1,r1,#0x80000000
00027228	FUN_00027228	000273e0	bde80081	pop.w {r8,pc}
00027228	FUN_00027228	000273e4	11ea0c1f	tst.w r1,r12, lsl #0x4
00027228	FUN_00027228	000273e8	0cea1315	and.w r5,r12,r3, lsr #0x4
00027228	FUN_00027228	000273ec	00d0	beq 0x000273f0
00027228	FUN_00027228	000273ee	0ce0	b 0x0002740a
00027228	FUN_00027228	000273f0	13ea0c1f	tst.w r3,r12, lsl #0x4
00027228	FUN_00027228	000273f4	00f02580	beq.w 0x00027442
00027228	FUN_00027228	000273f8	4ff00000	mov.w r0,#0x0
00027228	FUN_00027228	000273fc	f0bc	pop {r4,r5,r6,r7}
00027228	FUN_00027228	000273fe	81ea0301	eor.w r1,r1,r3
00027228	FUN_00027228	00027402	01f00041	and r1,r1,#0x80000000
00027228	FUN_00027228	00027406	bde80081	pop.w {r8,pc}
00027228	FUN_00027228	0002740a	f0bc	pop {r4,r5,r6,r7}
00027228	FUN_00027228	0002740c	bde80041	pop.w {r8,lr}
00027228	FUN_00027228	00027410	81ea0301	eor.w r1,r1,r3
00027228	FUN_00027228	00027414	00f098b9	b.w 0x00027748
00027228	FUN_00027228	00027418	f0bc	pop {r4,r5,r6,r7}
00027228	FUN_00027228	0002741a	bde80041	pop.w {r8,lr}
00027228	FUN_00027228	0002741e	70b5	push {r4,r5,r6,lr}
00027228	FUN_00027228	00027420	00f044f9	bl 0x000276ac
00027228	FUN_00027228	00027424	097e	ldrb r1,[r1,#0x18]
00027228	FUN_00027228	00027426	fc3e	subs r6,#0xfc
00027228	FUN_00027228	00027428	00f007b8	b.w 0x0002743a
00027228	FUN_00027228	0002743a	81ea0301	eor.w r1,r1,r3
00027228	FUN_00027228	0002743e	00f083b9	b.w 0x00027748
00027228	FUN_00027228	00027442	f0bc	pop {r4,r5,r6,r7}
00027228	FUN_00027228	00027444	bde80041	pop.w {r8,lr}
00027228	FUN_00027228	00027448	4ff00000	mov.w r0,#0x0
00027228	FUN_00027228	0002744c	2149	ldr r1,[0x000274d4]
00027228	FUN_00027228	0002744e	7047	bx lr
000274d8	FUN_000274d8	000274d8	4fea1153	lsr.w r3,r1,#0x14
000274d8	FUN_000274d8	000274dc	a3f58063	sub.w r3,r3,#0x400
000274d8	FUN_000274d8	000274e0	d3f11e03	rsbs.w r3,r3,#0x1e
000274d8	FUN_000274d8	000274e4	a8bf	it ge
000274d8	FUN_000274d8	000274e6	d3f1200c	rsbs.ge.w r12,r3,#0x20
000274d8	FUN_000274d8	000274ea	08db	blt 0x000274fe
000274d8	FUN_000274d8	000274ec	4ff00042	mov.w r2,#0x80000000
000274d8	FUN_000274d8	000274f0	42eac122	orr.w r2,r2,r1, lsl #0xb
000274d8	FUN_000274d8	000274f4	52ea5052	orrs.w r2,r2,r0, lsr #0x15
000274d8	FUN_000274d8	000274f8	32fa03f0	lsrs.w r0,r2,r3
000274d8	FUN_000274d8	000274fc	7047	bx lr
000274d8	FUN_000274d8	000274fe	0942	tst r1,r1
000274d8	FUN_000274d8	00027500	0bd4	bmi 0x0002751a
000274d8	FUN_000274d8	00027502	102b	cmp r3,#0x10
000274d8	FUN_000274d8	00027504	c4bf	itt gt
000274d8	FUN_000274d8	00027506	0020	mov.gt r0,#0x0
000274d8	FUN_000274d8	00027508	7047	bx.gt lr
000274d8	FUN_000274d8	0002750a	03f5787c	add.w r12,r3,#0x3e0
000274d8	FUN_000274d8	0002750e	bcf1ff3f	cmp.w r12,#0xffffffff
000274d8	FUN_000274d8	00027512	05d0	beq 0x00027520
000274d8	FUN_000274d8	00027514	4ff0ff30	mov.w r0,#0xffffffff
000274d8	FUN_000274d8	00027518	7047	bx lr
000274d8	FUN_000274d8	0002751a	4ff00000	mov.w r0,#0x0
000274d8	FUN_000274d8	0002751e	7047	bx lr
000274d8	FUN_000274d8	00027520	70b5	push {r4,r5,r6,lr}
000274d8	FUN_000274d8	00027522	00f0c3f8	bl 0x000276ac
000274d8	FUN_000274d8	00027526	00bf	nop
000274d8	FUN_000274d8	00027528	4992	str r2,[sp,#0x124]
000274d8	FUN_000274d8	0002752a	2480	strh r4,[r4,#0x0]
000274d8	FUN_000274d8	0002752c	0020	movs r0,#0x0
000274d8	FUN_000274d8	0002752e	7047	bx lr
00027532	FUN_00027532	00027532	b0fa80f3	clz r3,r0
00027532	FUN_00027532	00027536	10fa03f1	lsls.w r1,r0,r3
00027532	FUN_00027532	0002753a	0ad0	beq 0x00027552
00027532	FUN_00027532	0002753c	c3f11d03	rsb.w r3,r3,#0x1d
00027532	FUN_00027532	00027540	03f58063	add.w r3,r3,#0x400
00027532	FUN_00027532	00027544	4fea4150	lsl.w r0,r1,#0x15
00027532	FUN_00027532	00027548	4fea0352	lsl.w r2,r3,#0x14
00027532	FUN_00027532	0002754c	02ebd121	add.w r1,r2,r1, lsr #0xb
00027532	FUN_00027532	00027550	7047	bx lr
00027532	FUN_00027532	00027552	4ff00000	mov.w r0,#0x0
00027532	FUN_00027532	00027556	7047	bx lr
00027558	FUN_00027558	00027558	dff848c1	ldr.w r12,[0x000276a4]
00027558	FUN_00027558	0002755c	70b5	push {r4,r5,r6,lr}
00027558	FUN_00027558	0002755e	1cea111e	ands.w lr,r12,r1, lsr #0x4
00027558	FUN_00027558	00027562	1ebf	ittt ne
00027558	FUN_00027558	00027564	1cea1315	ands.ne.w r5,r12,r3, lsr #0x4
00027558	FUN_00027558	00027568	9eea0c0f	teq.ne.w lr,r12
00027558	FUN_00027558	0002756c	95ea0c0f	teq.ne.w r5,r12
00027558	FUN_00027558	00027570	00f06f80	beq.w 0x00027652
00027558	FUN_00027558	00027574	81ea0304	eor.w r4,r1,r3
00027558	FUN_00027558	00027578	23ea4c13	bic.w r3,r3,r12, lsl #0x5
00027558	FUN_00027558	0002757c	4eead47e	orr.w lr,lr,r4, lsr #0x1f
00027558	FUN_00027558	00027580	21ea4c11	bic.w r1,r1,r12, lsl #0x5
00027558	FUN_00027558	00027584	41f48011	orr r1,r1,#0x100000
00027558	FUN_00027558	00027588	43f48013	orr r3,r3,#0x100000
00027558	FUN_00027558	0002758c	ae44	add lr,r5
00027558	FUN_00027558	0002758e	a1fb024c	umull r4,r12,r1,r2
00027558	FUN_00027558	00027592	a0fb0365	umull r6,r5,r0,r3
00027558	FUN_00027558	00027596	aef17f7e	sub.w lr,lr,#0x3fc0000
00027558	FUN_00027558	0002759a	3619	adds r6,r6,r4
00027558	FUN_00027558	0002759c	55eb0c05	adcs.w r5,r5,r12
00027558	FUN_00027558	000275a0	a1fb034c	umull r4,r12,r1,r3
00027558	FUN_00027558	000275a4	4cf10003	adc r3,r12,#0x0
00027558	FUN_00027558	000275a8	a0fb021c	umull r1,r12,r0,r2
00027558	FUN_00027558	000275ac	16eb0c06	adds.w r6,r6,r12
00027558	FUN_00027558	000275b0	6541	adcs r5,r4
00027558	FUN_00027558	000275b2	53f10003	adcs r3,r3,#0x0
00027558	FUN_00027558	000275b6	0942	tst r1,r1
00027558	FUN_00027558	000275b8	18bf	it ne
00027558	FUN_00027558	000275ba	46f00106	orr.ne r6,r6,#0x1
00027558	FUN_00027558	000275be	13f4007f	tst r3,#0x200
00027558	FUN_00027558	000275c2	0bd1	bne 0x000275dc
00027558	FUN_00027558	000275c4	4fea0331	lsl.w r1,r3,#0xc
00027558	FUN_00027558	000275c8	4fea0530	lsl.w r0,r5,#0xc
00027558	FUN_00027558	000275cc	3403	lsls r4,r6,#0xc
00027558	FUN_00027558	000275ce	41ea1551	orr.w r1,r1,r5, lsr #0x14
00027558	FUN_00027558	000275d2	40ea1650	orr.w r0,r0,r6, lsr #0x14
00027558	FUN_00027558	000275d6	6ff00302	mvn r2,#0x3
00027558	FUN_00027558	000275da	0ae0	b 0x000275f2
00027558	FUN_00027558	000275dc	4feac321	lsl.w r1,r3,#0xb
00027558	FUN_00027558	000275e0	4feac520	lsl.w r0,r5,#0xb
00027558	FUN_00027558	000275e4	f402	lsls r4,r6,#0xb
00027558	FUN_00027558	000275e6	41ea5551	orr.w r1,r1,r5, lsr #0x15
00027558	FUN_00027558	000275ea	40ea5650	orr.w r0,r0,r6, lsr #0x15
00027558	FUN_00027558	000275ee	6ff00202	mvn r2,#0x2
00027558	FUN_00027558	000275f2	02eb2e42	add.w r2,r2,lr, asr #0x10
00027558	FUN_00027558	000275f6	01eb0255	add.w r5,r1,r2, lsl #0x14
00027558	FUN_00027558	000275fa	85eace71	eor.w r1,r5,lr, lsl #0x1f
00027558	FUN_00027558	000275fe	0ad0	beq 0x00027616
00027558	FUN_00027558	00027600	5fea440c	lsls.w r12,r4,#0x1
00027558	FUN_00027558	00027604	18bf	it ne
00027558	FUN_00027558	00027606	24f00044	bic.ne r4,r4,#0x80000000
00027558	FUN_00027558	0002760a	50f10000	adcs r0,r0,#0x0
00027558	FUN_00027558	0002760e	41f10001	adc r1,r1,#0x0
00027558	FUN_00027558	00027612	20ead470	bic.w r0,r0,r4, lsr #0x1f
00027558	FUN_00027558	00027616	40f2fe7c	movw r12,#0x7fe
00027558	FUN_00027558	0002761a	6245	cmp r2,r12
00027558	FUN_00027558	0002761c	00d2	bcs 0x00027620
00027558	FUN_00027558	0002761e	70bd	pop {r4,r5,r6,pc}
00027558	FUN_00027558	00027620	a842	cmp r0,r5
00027558	FUN_00027558	00027622	14bf	ite ne
00027558	FUN_00027558	00027624	4ff08044	mov.ne.w r4,#0x40000000
00027558	FUN_00027558	00027628	4ff04044	mov.eq.w r4,#0xc0000000
00027558	FUN_00027558	0002762c	002e	cmp r6,#0x0
00027558	FUN_00027558	0002762e	08bf	it eq
00027558	FUN_00027558	00027630	0024	mov.eq r4,#0x0
00027558	FUN_00027558	00027632	bef1806f	cmp.w lr,#0x4000000
00027558	FUN_00027558	00027636	a8bf	it ge
00027558	FUN_00027558	00027638	a1f1c041	sub.ge.w r1,r1,#0x60000000
00027558	FUN_00027558	0002763c	bde87040	pop.w {r4,r5,r6,lr}
00027558	FUN_00027558	00027640	80f28280	bge.w 0x00027748
00027558	FUN_00027558	00027644	4ff00000	mov.w r0,#0x0
00027558	FUN_00027558	00027648	01f1c041	add.w r1,r1,#0x60000000
00027558	FUN_00027558	0002764c	01f00041	and r1,r1,#0x80000000
00027558	FUN_00027558	00027650	7047	bx lr
00027558	FUN_00027558	00027652	9eea0c0f	teq.w lr,r12
00027558	FUN_00027558	00027656	0cea1315	and.w r5,r12,r3, lsr #0x4
00027558	FUN_00027558	0002765a	18bf	it ne
00027558	FUN_00027558	0002765c	95ea0c0f	teq.ne.w r5,r12
00027558	FUN_00027558	00027660	06d0	beq 0x00027670
00027558	FUN_00027558	00027662	4ff00000	mov.w r0,#0x0
00027558	FUN_00027558	00027666	81ea030e	eor.w lr,r1,r3
00027558	FUN_00027558	0002766a	0ef00041	and r1,lr,#0x80000000
00027558	FUN_00027558	0002766e	70bd	pop {r4,r5,r6,pc}
00027558	FUN_00027558	00027670	00f01cf8	bl 0x000276ac
00027558	FUN_00027558	00027674	8900	lsls r1,r1,#0x2
00027558	FUN_00027558	00027676	013e	subs r6,#0x1
00027558	FUN_00027558	00027678	00f007b8	b.w 0x0002768a
00027558	FUN_00027558	0002768a	81ea0301	eor.w r1,r1,r3
00027558	FUN_00027558	0002768e	00f05bb8	b.w 0x00027748
00027558	FUN_00027558	00027748	0808	lsrs r0,r1,#0x20
00027558	FUN_00027558	0002774a	a0f50011	sub.w r1,r0,#0x200000
00027558	FUN_00027558	0002774e	4fea3101	rrx r1,r1
00027558	FUN_00027558	00027752	7047	bx lr
000276ac	FUN_000276ac	000276ac	0ef1020e	add.w lr,lr,#0x2
000276ac	FUN_000276ac	000276b0	2ef0030e	bic lr,lr,#0x3
000276ac	FUN_000276ac	000276b4	5ef8046b	ldr.w r6,[lr],#0x4
000276ac	FUN_000276ac	000276b8	3642	tst r6,r6
000276ac	FUN_000276ac	000276ba	05d4	bmi 0x000276c8
000276ac	FUN_000276ac	000276bc	012a	cmp r2,#0x1
000276ac	FUN_000276ac	000276be	43eb0305	adc.w r5,r3,r3
000276ac	FUN_000276ac	000276c2	15f5001f	cmn r5,#0x200000
000276ac	FUN_000276ac	000276c6	12d8	bhi 0x000276ee
000276ac	FUN_000276ac	000276c8	0128	cmp r0,#0x1
000276ac	FUN_000276ac	000276ca	41eb010c	adc.w r12,r1,r1
000276ac	FUN_000276ac	000276ce	1cf5001f	cmn r12,#0x200000
000276ac	FUN_000276ac	000276d2	0cd8	bhi 0x000276ee
000276ac	FUN_000276ac	000276d4	0ed1	bne 0x000276f4
000276ac	FUN_000276ac	000276d6	4fead17c	lsr.w r12,r1,#0x1f
000276ac	FUN_000276ac	000276da	15f5001f	cmn r5,#0x200000
000276ac	FUN_000276ac	000276de	0ceb4c0c	add.w r12,r12,r12, lsl #0x1
000276ac	FUN_000276ac	000276e2	0cf1020c	add.w r12,r12,#0x2
000276ac	FUN_000276ac	000276e6	08bf	it eq
000276ac	FUN_000276ac	000276e8	4cebd37c	adc.eq.w r12,r12,r3, lsr #0x1f
000276ac	FUN_000276ac	000276ec	04e0	b 0x000276f8
000276ac	FUN_000276ac	000276ee	4ff0080c	mov.w r12,#0x8
000276ac	FUN_000276ac	000276f2	01e0	b 0x000276f8
000276ac	FUN_000276ac	000276f4	4fead37c	lsr.w r12,r3,#0x1f
000276ac	FUN_000276ac	000276f8	0ceb4c05	add.w r5,r12,r12, lsl #0x1
000276ac	FUN_000276ac	000276fc	26fa05f6	lsr.w r6,r6,r5
000276ac	FUN_000276ac	00027700	06f00706	and r6,r6,#0x7
000276ac	FUN_000276ac	00027704	b6f1040c	subs.w r12,r6,#0x4
000276ac	FUN_000276ac	00027708	06d2	bcs 0x00027718
000276ac	FUN_000276ac	0002770a	0eeb860c	add.w r12,lr,r6, lsl #0x2
000276ac	FUN_000276ac	0002770e	bde87040	pop.w {r4,r5,r6,lr}
000276ac	FUN_000276ac	00027712	4cf0010c	orr r12,r12,#0x1
000276ac	FUN_000276ac	00027716	6047	bx r12
000276ac	FUN_000276ac	00027718	dfe80cf0	tbb [pc,r12]
000276ac	FUN_000276ac	00027720	4ff00041	mov.w r1,#0x80000000
000276ac	FUN_000276ac	00027724	4ff00000	mov.w r0,#0x0
000276ac	FUN_000276ac	00027728	a1f50021	sub.w r1,r1,#0x80000
000276ac	FUN_000276ac	0002772c	70bd	pop {r4,r5,r6,pc}
000276ac	FUN_000276ac	0002772e	1946	mov r1,r3
000276ac	FUN_000276ac	00027730	1046	mov r0,r2
000276ac	FUN_000276ac	00027732	0128	cmp r0,#0x1
000276ac	FUN_000276ac	00027734	51eb0104	adcs.w r4,r1,r1
000276ac	FUN_000276ac	00027738	18bf	it ne
000276ac	FUN_000276ac	0002773a	d4f50014	rsbs.ne.w r4,r4,#0x200000
000276ac	FUN_000276ac	0002773e	84bf	itt hi
000276ac	FUN_000276ac	00027740	0020	mov.hi r0,#0x0
000276ac	FUN_000276ac	00027742	01f00041	and.hi r1,r1,#0x80000000
000276ac	FUN_000276ac	00027746	70bd	pop {r4,r5,r6,pc}
00027754	FUN_00027754	00027754	91ea030f	teq.w r1,r3
00027754	FUN_00027754	00027758	10b5	push {r4,lr}
00027754	FUN_00027754	0002775a	81f00041	eor r1,r1,#0x80000000
00027754	FUN_00027754	0002775e	3ff5c3ac	bmi.w 0x000270e8
00027754	FUN_00027754	00027762	83f00043	eor r3,r3,#0x80000000
00027754	FUN_00027754	00027766	00f0d5b8	b.w 0x00027914
0002776c	FUN_0002776c	0002776c	2de9f041	push {r4,r5,r6,r7,r8,lr}
0002776c	FUN_0002776c	00027770	01f5801c	add.w r12,r1,#0x100000
0002776c	FUN_0002776c	00027774	bcf5001f	cmp.w r12,#0x200000
0002776c	FUN_0002776c	00027778	c0f2a980	blt.w 0x000278ce
0002776c	FUN_0002776c	0002777c	4fea115c	lsr.w r12,r1,#0x14
0002776c	FUN_0002776c	00027780	21ea0c51	bic.w r1,r1,r12, lsl #0x14
0002776c	FUN_0002776c	00027784	0cf1fd0c	add.w r12,r12,#0xfd
0002776c	FUN_0002776c	00027788	41f48011	orr r1,r1,#0x100000
0002776c	FUN_0002776c	0002778c	5fea5c0c	lsrs.w r12,r12,#0x1
0002776c	FUN_0002776c	00027790	0cf5c07c	add.w r12,r12,#0x180
0002776c	FUN_0002776c	00027794	01d3	bcc 0x0002779a
0002776c	FUN_0002776c	00027796	4000	lsls r0,r0,#0x1
0002776c	FUN_0002776c	00027798	4941	adcs r1,r1
0002776c	FUN_0002776c	0002779a	30a4	adr r4,[0x2785c]
0002776c	FUN_0002776c	0002779c	8902	lsls r1,r1,#0xa
0002776c	FUN_0002776c	0002779e	41ea9051	orr.w r1,r1,r0, lsr #0x16
0002776c	FUN_0002776c	000277a2	8702	lsls r7,r0,#0xa
0002776c	FUN_0002776c	000277a4	8e0e	lsrs r6,r1,#0x1a
0002776c	FUN_0002776c	000277a6	0a0c	lsrs r2,r1,#0x10
0002776c	FUN_0002776c	000277a8	a45d	ldrb r4,[r4,r6]
0002776c	FUN_0002776c	000277aa	04fb04f6	mul r6,r4,r4
0002776c	FUN_0002776c	000277ae	02fb06f6	mul r6,r2,r6
0002776c	FUN_0002776c	000277b2	c6f14046	rsb.w r6,r6,#0xc0000000
0002776c	FUN_0002776c	000277b6	a4fb0662	umull r6,r2,r4,r6
0002776c	FUN_0002776c	000277ba	f60d	lsrs r6,r6,#0x17
0002776c	FUN_0002776c	000277bc	46ea4226	orr.w r6,r6,r2, lsl #0x9
0002776c	FUN_0002776c	000277c0	06fb06f4	mul r4,r6,r6
0002776c	FUN_0002776c	000277c4	a4fb0123	umull r2,r3,r4,r1
0002776c	FUN_0002776c	000277c8	5242	rsbs r2,r2
0002776c	FUN_0002776c	000277ca	c3f14043	rsb.w r3,r3,#0xc0000000
0002776c	FUN_0002776c	000277ce	38bf	it cc
0002776c	FUN_0002776c	000277d0	5b1e	sub.cc r3,r3,#0x1
0002776c	FUN_0002776c	000277d2	a6fb0242	umull r4,r2,r6,r2
0002776c	FUN_0002776c	000277d6	0024	movs r4,#0x0
0002776c	FUN_0002776c	000277d8	e6fb0324	umlal r2,r4,r6,r3
0002776c	FUN_0002776c	000277dc	d20b	lsrs r2,r2,#0xf
0002776c	FUN_0002776c	000277de	42ea4446	orr.w r6,r2,r4, lsl #0x11
0002776c	FUN_0002776c	000277e2	a6fb0623	umull r2,r3,r6,r6
0002776c	FUN_0002776c	000277e6	a1fb02e2	umull lr,r2,r1,r2
0002776c	FUN_0002776c	000277ea	a3fb07e4	umull lr,r4,r3,r7
0002776c	FUN_0002776c	000277ee	e3fb6142	umaal r4,r2,r3,r1
0002776c	FUN_0002776c	000277f2	6442	rsbs r4,r4
0002776c	FUN_0002776c	000277f4	c2f1404e	rsb.w lr,r2,#0xc0000000
0002776c	FUN_0002776c	000277f8	38bf	it cc
0002776c	FUN_0002776c	000277fa	aef1010e	sub.cc.w lr,lr,#0x1
0002776c	FUN_0002776c	000277fe	a6fb0423	umull r2,r3,r6,r4
0002776c	FUN_0002776c	00027802	4ff00002	mov.w r2,#0x0
0002776c	FUN_0002776c	00027806	e6fb0e32	umlal r3,r2,r6,lr
0002776c	FUN_0002776c	0002780a	a2fb0346	umull r4,r6,r2,r3
0002776c	FUN_0002776c	0002780e	3400	movs r4,r6
0002776c	FUN_0002776c	00027810	e2fb6264	umaal r6,r4,r2,r2
0002776c	FUN_0002776c	00027814	a1fb06e6	umull lr,r6,r1,r6
0002776c	FUN_0002776c	00027818	a4fb07e8	umull lr,r8,r4,r7
0002776c	FUN_0002776c	0002781c	e4fb6168	umaal r6,r8,r4,r1
0002776c	FUN_0002776c	00027820	7642	rsbs r6,r6
0002776c	FUN_0002776c	00027822	c8f14058	rsb.w r8,r8,#0x30000000
0002776c	FUN_0002776c	00027826	38bf	it cc
0002776c	FUN_0002776c	00027828	a8f10108	sub.cc.w r8,r8,#0x1
0002776c	FUN_0002776c	0002782c	a2fb06e4	umull lr,r4,r2,r6
0002776c	FUN_0002776c	00027830	a3fb08e5	umull lr,r5,r3,r8
0002776c	FUN_0002776c	00027834	e2fb6854	umaal r5,r4,r2,r8
0002776c	FUN_0002776c	00027838	a1fb05e6	umull lr,r6,r1,r5
0002776c	FUN_0002776c	0002783c	a7fb04e8	umull lr,r8,r7,r4
0002776c	FUN_0002776c	00027840	e1fb6486	umaal r8,r6,r1,r4
0002776c	FUN_0002776c	00027844	18f12005	adds.w r5,r8,#0x20
0002776c	FUN_0002776c	00027848	56f10006	adcs r6,r6,#0x0
0002776c	FUN_0002776c	0002784c	a809	lsrs r0,r5,#0x6
0002776c	FUN_0002776c	0002784e	a8f11b08	sub.w r8,r8,#0x1b
0002776c	FUN_0002776c	00027852	b109	lsrs r1,r6,#0x6
0002776c	FUN_0002776c	00027854	08f03f08	and r8,r8,#0x3f
0002776c	FUN_0002776c	00027858	b8f10a0f	cmp.w r8,#0xa
0002776c	FUN_0002776c	0002785c	40ea8660	orr.w r0,r0,r6, lsl #0x1a
0002776c	FUN_0002776c	00027860	1cd9	bls 0x0002789c
0002776c	FUN_0002776c	00027862	01eb0c51	add.w r1,r1,r12, lsl #0x14
0002776c	FUN_0002776c	00027866	bde8f081	pop.w {r4,r5,r6,r7,r8,pc}
0002776c	FUN_0002776c	0002789c	a0fb0068	umull r6,r8,r0,r0
0002776c	FUN_0002776c	000278a0	00fb01f2	mul r2,r0,r1
0002776c	FUN_0002776c	000278a4	08eb4208	add.w r8,r8,r2, lsl #0x1
0002776c	FUN_0002776c	000278a8	b8eb8728	subs.w r8,r8,r7, lsl #0xa
0002776c	FUN_0002776c	000278ac	07d5	bpl 0x000278be
0002776c	FUN_0002776c	000278ae	3418	adds r4,r6,r0
0002776c	FUN_0002776c	000278b0	58eb0104	adcs.w r4,r8,r1
0002776c	FUN_0002776c	000278b4	d5d5	bpl 0x00027862
0002776c	FUN_0002776c	000278b6	401c	adds r0,r0,#0x1
0002776c	FUN_0002776c	000278b8	51f10001	adcs r1,r1,#0x0
0002776c	FUN_0002776c	000278bc	d1e7	b 0x00027862
0002776c	FUN_0002776c	000278be	341a	subs r4,r6,r0
0002776c	FUN_0002776c	000278c0	78eb0104	sbcs.w r4,r8,r1
0002776c	FUN_0002776c	000278c4	cdd4	bmi 0x00027862
0002776c	FUN_0002776c	000278c6	401e	subs r0,r0,#0x1
0002776c	FUN_0002776c	000278c8	71f10001	sbcs r1,r1,#0x0
0002776c	FUN_0002776c	000278cc	c9e7	b 0x00027862
0002776c	FUN_0002776c	000278ce	5fea4c0c	lsls.w r12,r12,#0x1
0002776c	FUN_0002776c	000278d2	5fea9c5c	lsrs.w r12,r12,#0x16
0002776c	FUN_0002776c	000278d6	0dd1	bne 0x000278f4
0002776c	FUN_0002776c	000278d8	05d3	bcc 0x000278e6
0002776c	FUN_0002776c	000278da	4ff00000	mov.w r0,#0x0
0002776c	FUN_0002776c	000278de	01f00041	and r1,r1,#0x80000000
0002776c	FUN_0002776c	000278e2	bde8f081	pop.w {r4,r5,r6,r7,r8,pc}
0002776c	FUN_0002776c	000278e6	bde8f041	pop.w {r4,r5,r6,r7,r8,lr}
0002776c	FUN_0002776c	000278ea	70b5	push {r4,r5,r6,lr}
0002776c	FUN_0002776c	000278ec	fff7defe	bl 0x000276ac
0002776c	FUN_0002776c	000278f0	6ddb	blt 0x000279ce
0002776c	FUN_0002776c	000278f2	ffbe	bkpt 0xff
0002776c	FUN_0002776c	000278f4	bde8f041	pop.w {r4,r5,r6,r7,r8,lr}
0002776c	FUN_0002776c	000278f8	4ff00000	mov.w r0,#0x0
0002776c	FUN_0002776c	000278fc	0049	ldr r1,[0x00027900]
0002776c	FUN_0002776c	000278fe	7047	bx lr
00027904	FUN_00027904	00027904	10b5	push {r4,lr}
00027904	FUN_00027904	00027906	91ea030f	teq.w r1,r3
00027904	FUN_00027904	0002790a	48bf	it mi
00027904	FUN_00027904	0002790c	83f00043	eor.mi r3,r3,#0x80000000
00027904	FUN_00027904	00027910	3ff5eaab	bmi.w 0x000270e8
00027904	FUN_00027904	00027914	841a	subs r4,r0,r2
00027904	FUN_00027904	00027916	71eb030c	sbcs.w r12,r1,r3
00027904	FUN_00027904	0002791a	07d2	bcs 0x0002792c
00027904	FUN_00027904	0002791c	1219	adds r2,r2,r4
00027904	FUN_00027904	0002791e	8cf0004c	eor r12,r12,#0x80000000
00027904	FUN_00027904	00027922	43eb0c03	adc.w r3,r3,r12
00027904	FUN_00027904	00027926	001b	subs r0,r0,r4
00027904	FUN_00027904	00027928	61eb0c01	sbc.w r1,r1,r12
00027904	FUN_00027904	0002792c	dff8a4e1	ldr.w lr,[0x00027ad4]
00027904	FUN_00027904	00027930	4fea1154	lsr.w r4,r1,#0x14
00027904	FUN_00027904	00027934	a4eb135c	sub.w r12,r4,r3, lsr #0x14
00027904	FUN_00027904	00027938	1eea430f	tst.w lr,r3, lsl #0x1
00027904	FUN_00027904	0002793c	18bf	it ne
00027904	FUN_00027904	0002793e	9eea445f	teq.ne.w lr,r4, lsl #0x15
00027904	FUN_00027904	00027942	00f0b080	beq.w 0x00027aa6
00027904	FUN_00027904	00027946	23ea6e03	bic.w r3,r3,lr, asr #0x1
00027904	FUN_00027904	0002794a	5242	rsbs r2,r2
00027904	FUN_00027904	0002794c	21ea0451	bic.w r1,r1,r4, lsl #0x14
00027904	FUN_00027904	00027950	c3eb6e03	rsb r3,r3,lr, asr #0x1
00027904	FUN_00027904	00027954	38bf	it cc
00027904	FUN_00027904	00027956	5b1e	sub.cc r3,r3,#0x1
00027904	FUN_00027904	00027958	dcf1200e	rsbs.w lr,r12,#0x20
00027904	FUN_00027904	0002795c	25d3	bcc 0x000279aa
00027904	FUN_00027904	0002795e	22fa0cfe	lsr.w lr,r2,r12
00027904	FUN_00027904	00027962	10eb0e00	adds.w r0,r0,lr
00027904	FUN_00027904	00027966	43fa0cfe	asr.w lr,r3,r12
00027904	FUN_00027904	0002796a	41eb0e01	adc.w r1,r1,lr
00027904	FUN_00027904	0002796e	ccf1200e	rsb.w lr,r12,#0x20
00027904	FUN_00027904	00027972	03fa0efe	lsl.w lr,r3,lr
00027904	FUN_00027904	00027976	10eb0e00	adds.w r0,r0,lr
00027904	FUN_00027904	0002797a	51f10001	adcs r1,r1,#0x0
00027904	FUN_00027904	0002797e	ccf1200e	rsb.w lr,r12,#0x20
00027904	FUN_00027904	00027982	29d4	bmi 0x000279d8
00027904	FUN_00027904	00027984	12fa0ef2	lsls.w r2,r2,lr
00027904	FUN_00027904	00027988	01eb0451	add.w r1,r1,r4, lsl #0x14
00027904	FUN_00027904	0002798c	bde81040	pop.w {r4,lr}
00027904	FUN_00027904	00027990	58bf	it pl
00027904	FUN_00027904	00027992	7047	bx.pl lr
00027904	FUN_00027904	00027994	401c	adds r0,r0,#0x1
00027904	FUN_00027904	00027996	1cbf	itt ne
00027904	FUN_00027904	00027998	b2f1004f	cmp.ne.w r2,#0x80000000
00027904	FUN_00027904	0002799c	7047	bx.ne lr
00027904	FUN_00027904	0002799e	0028	cmp r0,#0x0
00027904	FUN_00027904	000279a0	0cbf	ite eq
00027904	FUN_00027904	000279a2	491c	add.eq r1,r1,#0x1
00027904	FUN_00027904	000279a4	20f00100	bic.ne r0,r0,#0x1
00027904	FUN_00027904	000279a8	7047	bx lr
00027904	FUN_00027904	000279aa	12eb020e	adds.w lr,r2,r2
00027904	FUN_00027904	000279ae	43eb0302	adc.w r2,r3,r3
00027904	FUN_00027904	000279b2	18bf	it ne
00027904	FUN_00027904	000279b4	4ff0010e	mov.ne.w lr,#0x1
00027904	FUN_00027904	000279b8	4eea4202	orr.w r2,lr,r2, lsl #0x1
00027904	FUN_00027904	000279bc	acf1200c	sub.w r12,r12,#0x20
00027904	FUN_00027904	000279c0	dcf11e0e	rsbs.w lr,r12,#0x1e
00027904	FUN_00027904	000279c4	54d9	bls 0x00027a70
00027904	FUN_00027904	000279c6	43fa0cfe	asr.w lr,r3,r12
00027904	FUN_00027904	000279ca	10eb0e00	adds.w r0,r0,lr
00027904	FUN_00027904	000279ce	51f1ff31	adcs r1,r1,#0xffffffff
00027904	FUN_00027904	000279d2	ccf11e0e	rsb.w lr,r12,#0x1e
00027904	FUN_00027904	000279d6	d5d5	bpl 0x00027984
00027904	FUN_00027904	000279d8	0ef1010e	add.w lr,lr,#0x1
00027904	FUN_00027904	000279dc	12fa0efe	lsls.w lr,r2,lr
00027904	FUN_00027904	000279e0	4041	adcs r0,r0
00027904	FUN_00027904	000279e2	41eb0101	adc.w r1,r1,r1
00027904	FUN_00027904	000279e6	01eb445c	add.w r12,r1,r4, lsl #0x15
00027904	FUN_00027904	000279ea	5fea5c5c	lsrs.w r12,r12,#0x15
00027904	FUN_00027904	000279ee	10d9	bls 0x00027a12
00027904	FUN_00027904	000279f0	10ebde70	adds.w r0,r0,lr, lsr #0x1f
00027904	FUN_00027904	000279f4	01eb0451	add.w r1,r1,r4, lsl #0x14
00027904	FUN_00027904	000279f8	38bf	it cc
00027904	FUN_00027904	000279fa	bef1004f	cmp.cc.w lr,#0x80000000
00027904	FUN_00027904	000279fe	bde81040	pop.w {r4,lr}
00027904	FUN_00027904	00027a02	18bf	it ne
00027904	FUN_00027904	00027a04	7047	bx.ne lr
00027904	FUN_00027904	00027a06	0028	cmp r0,#0x0
00027904	FUN_00027904	00027a08	0cbf	ite eq
00027904	FUN_00027904	00027a0a	491c	add.eq r1,r1,#0x1
00027904	FUN_00027904	00027a0c	20f00100	bic.ne r0,r0,#0x1
00027904	FUN_00027904	00027a10	7047	bx lr
00027904	FUN_00027904	00027a12	30d2	bcs 0x00027a76
00027904	FUN_00027904	00027a14	4fead42c	lsr.w r12,r4,#0xb
00027904	FUN_00027904	00027a18	11f50011	adds.w r1,r1,#0x200000
00027904	FUN_00027904	00027a1c	24f40064	bic r4,r4,#0x800
00027904	FUN_00027904	00027a20	1bd0	beq 0x00027a5a
00027904	FUN_00027904	00027a22	b1fa81f2	clz r2,r1
00027904	FUN_00027904	00027a26	0b3a	subs r2,#0xb
00027904	FUN_00027904	00027a28	a41a	subs r4,r4,r2
00027904	FUN_00027904	00027a2a	a41e	subs r4,r4,#0x2
00027904	FUN_00027904	00027a2c	d2f12003	rsbs.w r3,r2,#0x20
00027904	FUN_00027904	00027a30	9140	lsls r1,r2
00027904	FUN_00027904	00027a32	30fa03f3	lsrs.w r3,r0,r3
00027904	FUN_00027904	00027a36	1943	orrs r1,r3
00027904	FUN_00027904	00027a38	9040	lsls r0,r2
00027904	FUN_00027904	00027a3a	01ebcc71	add.w r1,r1,r12, lsl #0x1f
00027904	FUN_00027904	00027a3e	002c	cmp r4,#0x0
00027904	FUN_00027904	00027a40	01eb0451	add.w r1,r1,r4, lsl #0x14
00027904	FUN_00027904	00027a44	bde81040	pop.w {r4,lr}
00027904	FUN_00027904	00027a48	a8bf	it ge
00027904	FUN_00027904	00027a4a	7047	bx.ge lr
00027904	FUN_00027904	00027a4c	01f1c041	add.w r1,r1,#0x60000000
00027904	FUN_00027904	00027a50	4ff00000	mov.w r0,#0x0
00027904	FUN_00027904	00027a54	01f00041	and r1,r1,#0x80000000
00027904	FUN_00027904	00027a58	7047	bx lr
00027904	FUN_00027904	00027a5a	b0fa80f3	clz r3,r0
00027904	FUN_00027904	00027a5e	10fa03f1	lsls.w r1,r0,r3
00027904	FUN_00027904	00027a62	00d1	bne 0x00027a66
00027904	FUN_00027904	00027a64	10bd	pop {r4,pc}
00027904	FUN_00027904	00027a66	e41a	subs r4,r4,r3
00027904	FUN_00027904	00027a68	173c	subs r4,#0x17
00027904	FUN_00027904	00027a6a	4805	lsls r0,r1,#0x15
00027904	FUN_00027904	00027a6c	c90a	lsrs r1,r1,#0xb
00027904	FUN_00027904	00027a6e	e4e7	b 0x00027a3a
00027904	FUN_00027904	00027a70	01eb0451	add.w r1,r1,r4, lsl #0x14
00027904	FUN_00027904	00027a74	10bd	pop {r4,pc}
00027904	FUN_00027904	00027a76	4910	asrs r1,r1,#0x1
00027904	FUN_00027904	00027a78	01eb0451	add.w r1,r1,r4, lsl #0x14
00027904	FUN_00027904	00027a7c	bde81040	pop.w {r4,lr}
00027904	FUN_00027904	00027a80	4fea3000	rrx r0,r0
00027904	FUN_00027904	00027a84	02e0	b 0x00027a8c
00027904	FUN_00027904	00027a86	4ff00001	mov.w r1,#0x0
00027904	FUN_00027904	00027a8a	7047	bx lr
00027904	FUN_00027904	00027a8c	4a00	lsls r2,r1,#0x1
00027904	FUN_00027904	00027a8e	08bf	it eq
00027904	FUN_00027904	00027a90	0042	tst.eq r0,r0
00027904	FUN_00027904	00027a92	f8d0	beq 0x00027a86
00027904	FUN_00027904	00027a94	b2f5001f	cmp.w r2,#0x200000
00027904	FUN_00027904	00027a98	28bf	it cs
00027904	FUN_00027904	00027a9a	7047	bx.cs lr
00027904	FUN_00027904	00027a9c	01f00041	and r1,r1,#0x80000000
00027904	FUN_00027904	00027aa0	4ff00000	mov.w r0,#0x0
00027904	FUN_00027904	00027aa4	7047	bx lr
00027904	FUN_00027904	00027aa6	9eea445f	teq.w lr,r4, lsl #0x15
00027904	FUN_00027904	00027aaa	07d0	beq 0x00027abc
00027904	FUN_00027904	00027aac	11ea5e0f	tst.w r1,lr, lsr #0x1
00027904	FUN_00027904	00027ab0	bde81040	pop.w {r4,lr}
00027904	FUN_00027904	00027ab4	04bf	itt eq
00027904	FUN_00027904	00027ab6	0021	mov.eq r1,#0x0
00027904	FUN_00027904	00027ab8	0020	mov.eq r0,#0x0
00027904	FUN_00027904	00027aba	7047	bx lr
00027904	FUN_00027904	00027abc	bde81040	pop.w {r4,lr}
00027904	FUN_00027904	00027ac0	70b5	push {r4,r5,r6,lr}
00027904	FUN_00027904	00027ac2	fff7f3fd	bl 0x000276ac
00027904	FUN_00027904	00027ac6	00bf	nop
00027904	FUN_00027904	00027ac8	40df	svc 0x40
00027904	FUN_00027904	00027aca	f63e	subs r6,#0xf6
00027904	FUN_00027904	00027acc	83f00041	eor r1,r3,#0x80000000
00027904	FUN_00027904	00027ad0	1046	mov r0,r2
00027904	FUN_00027904	00027ad2	7047	bx lr
00027ad8	FUN_00027ad8	00027ad8	4300	lsls r3,r0,#0x1
00027ad8	FUN_00027ad8	00027ada	4fead30c	lsr.w r12,r3,#0x3
00027ad8	FUN_00027ad8	00027ade	4fea3c0c	rrx r12,r12
00027ad8	FUN_00027ad8	00027ae2	4340	eors r3,r0
00027ad8	FUN_00027ad8	00027ae4	1fbf	itttt ne
00027ad8	FUN_00027ad8	00027ae6	4007	lsl.ne r0,r0,#0x1d
00027ad8	FUN_00027ad8	00027ae8	0cf16051	add.ne.w r1,r12,#0x38000000
00027ad8	FUN_00027ad8	00027aec	13f0fe4f	tst.ne r3,#0x7f000000
00027ad8	FUN_00027ad8	00027af0	7047	bx.ne lr
00027ad8	FUN_00027ad8	00027af2	1cf0006f	tst r12,#0x8000000
00027ad8	FUN_00027ad8	00027af6	03d1	bne 0x00027b00
00027ad8	FUN_00027ad8	00027af8	0020	movs r0,#0x0
00027ad8	FUN_00027ad8	00027afa	0cf00041	and r1,r12,#0x80000000
00027ad8	FUN_00027ad8	00027afe	7047	bx lr
00027ad8	FUN_00027ad8	00027b00	0cf00043	and r3,r12,#0x80000000
00027ad8	FUN_00027ad8	00027b04	43ea5070	orr.w r0,r3,r0, lsr #0x1d
00027ad8	FUN_00027ad8	00027b08	10b5	push {r4,lr}
00027ad8	FUN_00027ad8	00027b0a	40eacc00	orr.w r0,r0,r12, lsl #0x3
00027ad8	FUN_00027ad8	00027b0e	00f045f8	bl 0x00027b9c
00027ad8	FUN_00027ad8	00027b12	00bf	nop
00027ad8	FUN_00027ad8	00027b14	0000	movs r0,r0
00027ad8	FUN_00027ad8	00027b16	0092	str r2,[sp,#0x0]
00027ad8	FUN_00027ad8	00027b18	4fea0001	mov.w r1,r0
00027ad8	FUN_00027ad8	00027b1c	fff714be	b.w 0x00027748
00027b3c	FUN_00027b3c	00027b3c	4ff07e52	mov.w r2,#0x3f800000
00027b3c	FUN_00027b3c	00027b40	09e0	b 0x00027b56
00027b3c	FUN_00027b3c	00027b56	0b00	movs r3,r1
00027b3c	FUN_00027b3c	00027b58	02f17062	add.w r2,r2,#0xf000000
00027b3c	FUN_00027b3c	00027b5c	12bf	itee ne
00027b3c	FUN_00027b3c	00027b5e	2023	mov.ne r3,#0x20
00027b3c	FUN_00027b3c	00027b60	5fea0001	movs.eq.w r1,r0
00027b3c	FUN_00027b3c	00027b64	7047	bx.eq lr
00027b3c	FUN_00027b3c	00027b66	b1fa81fc	clz r12,r1
00027b3c	FUN_00027b3c	00027b6a	a3eb0c03	sub.w r3,r3,r12
00027b3c	FUN_00027b3c	00027b6e	01fa0cf1	lsl.w r1,r1,r12
00027b3c	FUN_00027b3c	00027b72	20fa03fc	lsr.w r12,r0,r3
00027b3c	FUN_00027b3c	00027b76	02ebc352	add.w r2,r2,r3, lsl #0x17
00027b3c	FUN_00027b3c	00027b7a	c3f12003	rsb.w r3,r3,#0x20
00027b3c	FUN_00027b3c	00027b7e	41ea0c01	orr.w r1,r1,r12
00027b3c	FUN_00027b3c	00027b82	10fa03fc	lsls.w r12,r0,r3
00027b3c	FUN_00027b3c	00027b86	5cea416c	orrs.w r12,r12,r1, lsl #0x19
00027b3c	FUN_00027b3c	00027b8a	42eb1120	adc.w r0,r2,r1, lsr #0x8
00027b3c	FUN_00027b3c	00027b8e	18bf	it ne
00027b3c	FUN_00027b3c	00027b90	5ff0806c	movs.ne.w r12,#0x4000000
00027b3c	FUN_00027b3c	00027b94	28bf	it cs
00027b3c	FUN_00027b3c	00027b96	20f00100	bic.cs r0,r0,#0x1
00027b3c	FUN_00027b3c	00027b9a	7047	bx lr
00027b9c	FUN_00027b9c	00027b9c	0ef1020e	add.w lr,lr,#0x2
00027b9c	FUN_00027b9c	00027ba0	2ef0030e	bic lr,lr,#0x3
00027b9c	FUN_00027b9c	00027ba4	5ef8044b	ldr.w r4,[lr],#0x4
00027b9c	FUN_00027b9c	00027ba8	2442	tst r4,r4
00027b9c	FUN_00027b9c	00027baa	04d4	bmi 0x00027bb6
00027b9c	FUN_00027b9c	00027bac	4fea4102	lsl.w r2,r1,#0x1
00027b9c	FUN_00027b9c	00027bb0	b2f17f4f	cmp.w r2,#0xff000000
00027b9c	FUN_00027b9c	00027bb4	11d8	bhi 0x00027bda
00027b9c	FUN_00027b9c	00027bb6	4fea4003	lsl.w r3,r0,#0x1
00027b9c	FUN_00027b9c	00027bba	b3f17f4f	cmp.w r3,#0xff000000
00027b9c	FUN_00027b9c	00027bbe	0cd8	bhi 0x00027bda
00027b9c	FUN_00027b9c	00027bc0	0ed1	bne 0x00027be0
00027b9c	FUN_00027b9c	00027bc2	4fead07c	lsr.w r12,r0,#0x1f
00027b9c	FUN_00027b9c	00027bc6	b2f17f4f	cmp.w r2,#0xff000000
00027b9c	FUN_00027b9c	00027bca	0ceb4c0c	add.w r12,r12,r12, lsl #0x1
00027b9c	FUN_00027b9c	00027bce	0cf1020c	add.w r12,r12,#0x2
00027b9c	FUN_00027b9c	00027bd2	08bf	it eq
00027b9c	FUN_00027b9c	00027bd4	4cebd17c	adc.eq.w r12,r12,r1, lsr #0x1f
00027b9c	FUN_00027b9c	00027bd8	04e0	b 0x00027be4
00027b9c	FUN_00027b9c	00027bda	4ff0080c	mov.w r12,#0x8
00027b9c	FUN_00027b9c	00027bde	01e0	b 0x00027be4
00027b9c	FUN_00027b9c	00027be0	4fead17c	lsr.w r12,r1,#0x1f
00027b9c	FUN_00027b9c	00027be4	0ceb4c03	add.w r3,r12,r12, lsl #0x1
00027b9c	FUN_00027b9c	00027be8	24fa03f4	lsr.w r4,r4,r3
00027b9c	FUN_00027b9c	00027bec	04f00704	and r4,r4,#0x7
00027b9c	FUN_00027b9c	00027bf0	b4f1040c	subs.w r12,r4,#0x4
00027b9c	FUN_00027b9c	00027bf4	06d2	bcs 0x00027c04
00027b9c	FUN_00027b9c	00027bf6	0eeb840c	add.w r12,lr,r4, lsl #0x2
00027b9c	FUN_00027b9c	00027bfa	bde81040	pop.w {r4,lr}
00027b9c	FUN_00027b9c	00027bfe	4cf0010c	orr r12,r12,#0x1
00027b9c	FUN_00027b9c	00027c02	6047	bx r12
00027b9c	FUN_00027b9c	00027c04	dfe80cf0	tbb [pc,r12]
00027b9c	FUN_00027b9c	00027c0c	4ff00040	mov.w r0,#0x80000000
00027b9c	FUN_00027b9c	00027c10	a0f58000	sub.w r0,r0,#0x400000
00027b9c	FUN_00027b9c	00027c14	10bd	pop {r4,pc}
00027b9c	FUN_00027b9c	00027c16	0846	mov r0,r1
00027b9c	FUN_00027b9c	00027c18	4200	lsls r2,r0,#0x1
00027b9c	FUN_00027b9c	00027c1a	18bf	it ne
00027b9c	FUN_00027b9c	00027c1c	d2f18072	rsbs.ne.w r2,r2,#0x1000000
00027b9c	FUN_00027b9c	00027c20	88bf	it hi
00027b9c	FUN_00027b9c	00027c22	00f00040	and.hi r0,r0,#0x80000000
00027b9c	FUN_00027b9c	00027c26	10bd	pop {r4,pc}
00027c28	FUN_00027c28	00027c28	4ff04070	mov.w r0,#0x3000000
00027c28	FUN_00027c28	00027c2c	e1ee100a	vmsr fpscr,r0
00027c28	FUN_00027c28	00027c30	7047	bx lr
00027c3c	FUN_00027c3c	00027c3c	5fea400c	lsls.w r12,r0,#0x1
00027c3c	FUN_00027c3c	00027c40	5fea1c6c	lsrs.w r12,r12,#0x18
00027c3c	FUN_00027c3c	00027c44	bcf17f03	subs.w r3,r12,#0x7f
00027c3c	FUN_00027c3c	00027c48	14d4	bmi 0x00027c74
00027c3c	FUN_00027c3c	00027c4a	d3f11702	rsbs.w r2,r3,#0x17
00027c3c	FUN_00027c3c	00027c4e	40f31c80	ble.w 0x00027c8a
00027c3c	FUN_00027c3c	00027c52	4ff0010c	mov.w r12,#0x1
00027c3c	FUN_00027c3c	00027c56	0cfa02fc	lsl.w r12,r12,r2
00027c3c	FUN_00027c3c	00027c5a	acf10103	sub.w r3,r12,#0x1
00027c3c	FUN_00027c3c	00027c5e	0340	ands r3,r0
00027c3c	FUN_00027c3c	00027c60	b3eb5c02	subs.w r2,r3,r12, lsr #0x1
00027c3c	FUN_00027c3c	00027c64	20ea0300	bic.w r0,r0,r3
00027c3c	FUN_00027c3c	00027c68	08bf	it eq
00027c3c	FUN_00027c3c	00027c6a	10ea0c0f	tst.eq.w r0,r12
00027c3c	FUN_00027c3c	00027c6e	88bf	it hi
00027c3c	FUN_00027c3c	00027c70	6044	add.hi r0,r12
00027c3c	FUN_00027c3c	00027c72	7047	bx lr
00027c3c	FUN_00027c3c	00027c74	b3f1ff3f	cmp.w r3,#0xffffffff
00027c3c	FUN_00027c3c	00027c78	28bf	it cs
00027c3c	FUN_00027c3c	00027c7a	5fea002c	lsls.cs.w r12,r0,#0x8
00027c3c	FUN_00027c3c	00027c7e	00f00040	and r0,r0,#0x80000000
00027c3c	FUN_00027c3c	00027c82	88bf	it hi
00027c3c	FUN_00027c3c	00027c84	40f07e50	orr.hi r0,r0,#0x3f800000
00027c3c	FUN_00027c3c	00027c88	7047	bx lr
00027c3c	FUN_00027c3c	00027c8a	bcf1ff0f	cmp.w r12,#0xff
00027c3c	FUN_00027c3c	00027c8e	b8bf	it lt
00027c3c	FUN_00027c3c	00027c90	7047	bx.lt lr
00027c3c	FUN_00027c3c	00027c92	10b5	push {r4,lr}
00027c3c	FUN_00027c3c	00027c94	fff782ff	bl 0x00027b9c
00027c3c	FUN_00027c3c	00027c98	40db	blt 0x00027d1c
00027c3c	FUN_00027c3c	00027c9a	b6be	bkpt 0xb6
00027c3c	FUN_00027c3c	00027c9c	f8f753bf	b.w 0x00020b46
00028680	FUN_00028680	00028680	f0b4	push {r4,r5,r6,r7}
00028680	FUN_00028680	00028682	fd48	ldr r0,[0x00028a78]
00028680	FUN_00028680	00028684	fd4c	ldr r4,[0x00028a7c]
00028680	FUN_00028680	00028686	dff8f8c3	ldr.w r12,[0x00028a80]
00028680	FUN_00028680	0002868a	0368	ldr r3,[r0,#0x0]
00028680	FUN_00028680	0002868c	626a	ldr r2,[r4,#0x24]
00028680	FUN_00028680	0002868e	0121	movs r1,#0x1
00028680	FUN_00028680	00028690	9342	cmp r3,r2
00028680	FUN_00028680	00028692	05d9	bls 0x000286a0
00028680	FUN_00028680	00028694	22b1	cbz r2,0x000286a0
00028680	FUN_00028680	00028696	c0e90021	strd r2,r1,[r0,#0x0]
00028680	FUN_00028680	0002869a	0d22	movs r2,#0xd
00028680	FUN_00028680	0002869c	ccf88020	str.w r2,[r12,#0x80]
00028680	FUN_00028680	000286a0	f84d	ldr r5,[0x00028a84]
00028680	FUN_00028680	000286a2	d4ed020a	vldr.32 s1,[r4,#0x8]
00028680	FUN_00028680	000286a6	0023	movs r3,#0x0
00028680	FUN_00028680	000286a8	95ed100a	vldr.32 s0,[r5,#0x40]
00028680	FUN_00028680	000286ac	4ff4fa56	mov.w r6,#0x1f40
00028680	FUN_00028680	000286b0	b4eee00a	vcmpe.f32 s0,s1
00028680	FUN_00028680	000286b4	f1ee10fa	vmrs apsr,fpscr
00028680	FUN_00028680	000286b8	0bdd	ble 0x000286d2
00028680	FUN_00028680	000286ba	426c	ldr r2,[r0,#0x44]
00028680	FUN_00028680	000286bc	521c	adds r2,r2,#0x1
00028680	FUN_00028680	000286be	4264	str r2,[r0,#0x44]
00028680	FUN_00028680	000286c0	b2f5fa5f	cmp.w r2,#0x1f40
00028680	FUN_00028680	000286c4	09d9	bls 0x000286da
00028680	FUN_00028680	000286c6	0c22	movs r2,#0xc
00028680	FUN_00028680	000286c8	ccf88020	str.w r2,[r12,#0x80]
00028680	FUN_00028680	000286cc	4664	str r6,[r0,#0x44]
00028680	FUN_00028680	000286ce	4160	str r1,[r0,#0x4]
00028680	FUN_00028680	000286d0	03e0	b 0x000286da
00028680	FUN_00028680	000286d2	4268	ldr r2,[r0,#0x4]
00028680	FUN_00028680	000286d4	002a	cmp r2,#0x0
00028680	FUN_00028680	000286d6	08bf	it eq
00028680	FUN_00028680	000286d8	4364	str.eq r3,[r0,#0x44]
00028680	FUN_00028680	000286da	eb4f	ldr r7,[0x00028a88]
00028680	FUN_00028680	000286dc	dcf88420	ldr.w r2,[r12,#0x84]
00028680	FUN_00028680	000286e0	ba42	cmp r2,r7
00028680	FUN_00028680	000286e2	0bdd	ble 0x000286fc
00028680	FUN_00028680	000286e4	026c	ldr r2,[r0,#0x40]
00028680	FUN_00028680	000286e6	521c	adds r2,r2,#0x1
00028680	FUN_00028680	000286e8	0264	str r2,[r0,#0x40]
00028680	FUN_00028680	000286ea	b2f5fa5f	cmp.w r2,#0x1f40
00028680	FUN_00028680	000286ee	09d9	bls 0x00028704
00028680	FUN_00028680	000286f0	0b22	movs r2,#0xb
00028680	FUN_00028680	000286f2	ccf88020	str.w r2,[r12,#0x80]
00028680	FUN_00028680	000286f6	0664	str r6,[r0,#0x40]
00028680	FUN_00028680	000286f8	4160	str r1,[r0,#0x4]
00028680	FUN_00028680	000286fa	03e0	b 0x00028704
00028680	FUN_00028680	000286fc	4268	ldr r2,[r0,#0x4]
00028680	FUN_00028680	000286fe	002a	cmp r2,#0x0
00028680	FUN_00028680	00028700	08bf	it eq
00028680	FUN_00028680	00028702	0364	str.eq r3,[r0,#0x40]
00028680	FUN_00028680	00028704	9ced190a	vldr.32 s0,[r12,#0x64]
00028680	FUN_00028680	00028708	d4ed030a	vldr.32 s1,[r4,#0xc]
00028680	FUN_00028680	0002870c	41f28836	movw r6,#0x1388
00028680	FUN_00028680	00028710	b0eec00a	vabs.f32 s0,s0
00028680	FUN_00028680	00028714	b4eee00a	vcmpe.f32 s0,s1
00028680	FUN_00028680	00028718	f1ee10fa	vmrs apsr,fpscr
00028680	FUN_00028680	0002871c	0add	ble 0x00028734
00028680	FUN_00028680	0002871e	c26b	ldr r2,[r0,#0x3c]
00028680	FUN_00028680	00028720	521c	adds r2,r2,#0x1
00028680	FUN_00028680	00028722	c263	str r2,[r0,#0x3c]
00028680	FUN_00028680	00028724	b242	cmp r2,r6
00028680	FUN_00028680	00028726	09d9	bls 0x0002873c
00028680	FUN_00028680	00028728	0a22	movs r2,#0xa
00028680	FUN_00028680	0002872a	ccf88020	str.w r2,[r12,#0x80]
00028680	FUN_00028680	0002872e	c663	str r6,[r0,#0x3c]
00028680	FUN_00028680	00028730	4160	str r1,[r0,#0x4]
00028680	FUN_00028680	00028732	03e0	b 0x0002873c
00028680	FUN_00028680	00028734	4268	ldr r2,[r0,#0x4]
00028680	FUN_00028680	00028736	002a	cmp r2,#0x0
00028680	FUN_00028680	00028738	08bf	it eq
00028680	FUN_00028680	0002873a	c363	str.eq r3,[r0,#0x3c]
00028680	FUN_00028680	0002873c	9ced1a0a	vldr.32 s0,[r12,#0x68]
00028680	FUN_00028680	00028740	d4ed000a	vldr.32 s1,[r4]
00028680	FUN_00028680	00028744	b4eee00a	vcmpe.f32 s0,s1
00028680	FUN_00028680	00028748	f1ee10fa	vmrs apsr,fpscr
00028680	FUN_00028680	0002874c	0ad8	bhi 0x00028764
00028680	FUN_00028680	0002874e	426b	ldr r2,[r0,#0x34]
00028680	FUN_00028680	00028750	521c	adds r2,r2,#0x1
00028680	FUN_00028680	00028752	4263	str r2,[r0,#0x34]
00028680	FUN_00028680	00028754	9642	cmp r6,r2
00028680	FUN_00028680	00028756	09d2	bcs 0x0002876c
00028680	FUN_00028680	00028758	0922	movs r2,#0x9
00028680	FUN_00028680	0002875a	ccf88020	str.w r2,[r12,#0x80]
00028680	FUN_00028680	0002875e	4663	str r6,[r0,#0x34]
00028680	FUN_00028680	00028760	4160	str r1,[r0,#0x4]
00028680	FUN_00028680	00028762	03e0	b 0x0002876c
00028680	FUN_00028680	00028764	4268	ldr r2,[r0,#0x4]
00028680	FUN_00028680	00028766	002a	cmp r2,#0x0
00028680	FUN_00028680	00028768	08bf	it eq
00028680	FUN_00028680	0002876a	4363	str.eq r3,[r0,#0x34]
00028680	FUN_00028680	0002876c	d4ed1d0a	vldr.32 s1,[r4,#0x74]
00028680	FUN_00028680	00028770	b4eee00a	vcmpe.f32 s0,s1
00028680	FUN_00028680	00028774	f1ee10fa	vmrs apsr,fpscr
00028680	FUN_00028680	00028778	0cdd	ble 0x00028794
00028680	FUN_00028680	0002877a	826b	ldr r2,[r0,#0x38]
00028680	FUN_00028680	0002877c	44f62064	movw r4,#0x4e20
00028680	FUN_00028680	00028780	521c	adds r2,r2,#0x1
00028680	FUN_00028680	00028782	8263	str r2,[r0,#0x38]
00028680	FUN_00028680	00028784	a242	cmp r2,r4
00028680	FUN_00028680	00028786	09d9	bls 0x0002879c
00028680	FUN_00028680	00028788	8463	str r4,[r0,#0x38]
00028680	FUN_00028680	0002878a	4160	str r1,[r0,#0x4]
00028680	FUN_00028680	0002878c	0820	movs r0,#0x8
00028680	FUN_00028680	0002878e	ccf88000	str.w r0,[r12,#0x80]
00028680	FUN_00028680	00028792	09e0	b 0x000287a8
00028680	FUN_00028680	00028794	4268	ldr r2,[r0,#0x4]
00028680	FUN_00028680	00028796	002a	cmp r2,#0x0
00028680	FUN_00028680	00028798	08bf	it eq
00028680	FUN_00028680	0002879a	8363	str.eq r3,[r0,#0x38]
00028680	FUN_00028680	0002879c	dcf88000	ldr.w r0,[r12,#0x80]
00028680	FUN_00028680	000287a0	0728	cmp r0,#0x7
00028680	FUN_00028680	000287a2	9cbf	itt ls
00028680	FUN_00028680	000287a4	f0bc	pop.ls {r4,r5,r6,r7}
00028680	FUN_00028680	000287a6	7047	bx.ls lr
00028680	FUN_00028680	000287a8	a86b	ldr r0,[r5,#0x38]
00028680	FUN_00028680	000287aa	0228	cmp r0,#0x2
00028680	FUN_00028680	000287ac	08bf	it eq
00028680	FUN_00028680	000287ae	c5e90e31	strd.eq r3,r1,[r5,#0x38]
00028680	FUN_00028680	000287b2	f0bc	pop {r4,r5,r6,r7}
00028680	FUN_00028680	000287b4	7047	bx lr
000287b6	FUN_000287b6	000287b6	2de9f05f	push {r4,r5,r6,r7,r8,r9,r10,r11,r12,lr}
000287b6	FUN_000287b6	000287ba	b14d	ldr r5,[0x00028a80]
000287b6	FUN_000287b6	000287bc	2ded028b	vpush {d8}
000287b6	FUN_000287b6	000287c0	a86b	ldr r0,[r5,#0x38]
000287b6	FUN_000287b6	000287c2	401c	adds r0,r0,#0x1
000287b6	FUN_000287b6	000287c4	a863	str r0,[r5,#0x38]
000287b6	FUN_000287b6	000287c6	b148	ldr r0,[0x00028a8c]
000287b6	FUN_000287b6	000287c8	30f8501f	ldrh.w r1,[r0,#0x50]!
000287b6	FUN_000287b6	000287cc	b04e	ldr r6,[0x00028a90]
000287b6	FUN_000287b6	000287ce	3180	strh r1,[r6,#0x0]
000287b6	FUN_000287b6	000287d0	b049	ldr r1,[0x00028a94]
000287b6	FUN_000287b6	000287d2	0988	ldrh r1,[r1,#0x0]
000287b6	FUN_000287b6	000287d4	7180	strh r1,[r6,#0x2]
000287b6	FUN_000287b6	000287d6	b049	ldr r1,[0x00028a98]
000287b6	FUN_000287b6	000287d8	0988	ldrh r1,[r1,#0x0]
000287b6	FUN_000287b6	000287da	b180	strh r1,[r6,#0x4]
000287b6	FUN_000287b6	000287dc	4188	ldrh r1,[r0,#0x2]
000287b6	FUN_000287b6	000287de	f180	strh r1,[r6,#0x6]
000287b6	FUN_000287b6	000287e0	ae49	ldr r1,[0x00028a9c]
000287b6	FUN_000287b6	000287e2	0988	ldrh r1,[r1,#0x0]
000287b6	FUN_000287b6	000287e4	b181	strh r1,[r6,#0xc]
000287b6	FUN_000287b6	000287e6	ae49	ldr r1,[0x00028aa0]
000287b6	FUN_000287b6	000287e8	0988	ldrh r1,[r1,#0x0]
000287b6	FUN_000287b6	000287ea	f181	strh r1,[r6,#0xe]
000287b6	FUN_000287b6	000287ec	8088	ldrh r0,[r0,#0x4]
000287b6	FUN_000287b6	000287ee	3081	strh r0,[r6,#0x8]
000287b6	FUN_000287b6	000287f0	ac48	ldr r0,[0x00028aa4]
000287b6	FUN_000287b6	000287f2	0088	ldrh r0,[r0,#0x0]
000287b6	FUN_000287b6	000287f4	7081	strh r0,[r6,#0xa]
000287b6	FUN_000287b6	000287f6	ac48	ldr r0,[0x00028aa8]
000287b6	FUN_000287b6	000287f8	0088	ldrh r0,[r0,#0x0]
000287b6	FUN_000287b6	000287fa	3082	strh r0,[r6,#0x10]
000287b6	FUN_000287b6	000287fc	b089	ldrh r0,[r6,#0xc]
000287b6	FUN_000287b6	000287fe	ac49	ldr r1,[0x00028ab0]
000287b6	FUN_000287b6	00028800	c0f30710	ubfx r0,r0,#0x4,#0x8
000287b6	FUN_000287b6	00028804	01eb8000	add.w r0,r1,r0, lsl #0x2
000287b6	FUN_000287b6	00028808	dff8a0b2	ldr.w r11,[0x00028aac]
000287b6	FUN_000287b6	0002880c	90ed000a	vldr.32 s0,[r0]
000287b6	FUN_000287b6	00028810	9c4c	ldr r4,[0x00028a84]
000287b6	FUN_000287b6	00028812	85ed210a	vstr.32 s0,[r5,#0x84]
000287b6	FUN_000287b6	00028816	f089	ldrh r0,[r6,#0xe]
000287b6	FUN_000287b6	00028818	c0f30710	ubfx r0,r0,#0x4,#0x8
000287b6	FUN_000287b6	0002881c	8bf80000	strb.w r0,[r11,#0x0]
000287b6	FUN_000287b6	00028820	94ed100a	vldr.32 s0,[r4,#0x40]
000287b6	FUN_000287b6	00028824	d4ed1d0a	vldr.32 s1,[r4,#0x74]
000287b6	FUN_000287b6	00028828	01eb8000	add.w r0,r1,r0, lsl #0x2
000287b6	FUN_000287b6	0002882c	20ee200a	vmul.f32 s0,s0,s1
000287b6	FUN_000287b6	00028830	d4ed1e0a	vldr.32 s1,[r4,#0x78]
000287b6	FUN_000287b6	00028834	90ed001a	vldr.32 s2,[r0]
000287b6	FUN_000287b6	00028838	00ee810a	vmla.f32 s0,s1,s2
000287b6	FUN_000287b6	0002883c	84ed100a	vstr.32 s0,[r4,#0x40]
000287b6	FUN_000287b6	00028840	f088	ldrh r0,[r6,#0x6]
000287b6	FUN_000287b6	00028842	00ee100a	vmov s0,r0
000287b6	FUN_000287b6	00028846	b8ee400a	vcvt.f32.u32 s0,s0
000287b6	FUN_000287b6	0002884a	dfed9a0a	vldr.32 s1,[pc,#0x268]
000287b6	FUN_000287b6	0002884e	20ee200a	vmul.f32 s0,s0,s1
000287b6	FUN_000287b6	00028852	85ed1a0a	vstr.32 s0,[r5,#0x68]
000287b6	FUN_000287b6	00028856	9fed988a	vldr.32 s16,[pc,#0x260]
000287b6	FUN_000287b6	0002885a	20ee080a	vmul.f32 s0,s0,s16
000287b6	FUN_000287b6	0002885e	85ed1b0a	vstr.32 s0,[r5,#0x6c]
000287b6	FUN_000287b6	00028862	3088	ldrh r0,[r6,#0x0]
000287b6	FUN_000287b6	00028864	d5ed100a	vldr.32 s1,[r5,#0x40]
000287b6	FUN_000287b6	00028868	00ee100a	vmov s0,r0
000287b6	FUN_000287b6	0002886c	b8ee400a	vcvt.f32.u32 s0,s0
000287b6	FUN_000287b6	00028870	30eec00a	vsub.f32 s0,s1,s0
000287b6	FUN_000287b6	00028874	dfed910a	vldr.32 s1,[pc,#0x244]
000287b6	FUN_000287b6	00028878	20ee200a	vmul.f32 s0,s0,s1
000287b6	FUN_000287b6	0002887c	85ed130a	vstr.32 s0,[r5,#0x4c]
000287b6	FUN_000287b6	00028880	7088	ldrh r0,[r6,#0x2]
000287b6	FUN_000287b6	00028882	d5ed111a	vldr.32 s3,[r5,#0x44]
000287b6	FUN_000287b6	00028886	01ee100a	vmov s2,r0
000287b6	FUN_000287b6	0002888a	b8ee411a	vcvt.f32.u32 s2,s2
000287b6	FUN_000287b6	0002888e	31eec11a	vsub.f32 s2,s3,s2
000287b6	FUN_000287b6	00028892	61ee200a	vmul.f32 s1,s2,s1
000287b6	FUN_000287b6	00028896	b7ee001a	vmov.f32 s2,0x3f800000
000287b6	FUN_000287b6	0002889a	c5ed140a	vstr.32 s1,[r5,#0x50]
000287b6	FUN_000287b6	0002889e	ffee000a	vmov.f32 s1,0xbf800000
000287b6	FUN_000287b6	000288a2	02f0b2f8	bl 0x0002aa0a
000287b6	FUN_000287b6	000288a6	85ed130a	vstr.32 s0,[r5,#0x4c]
000287b6	FUN_000287b6	000288aa	95ed140a	vldr.32 s0,[r5,#0x50]
000287b6	FUN_000287b6	000288ae	b7ee001a	vmov.f32 s2,0x3f800000
000287b6	FUN_000287b6	000288b2	ffee000a	vmov.f32 s1,0xbf800000
000287b6	FUN_000287b6	000288b6	02f0a8f8	bl 0x0002aa0a
000287b6	FUN_000287b6	000288ba	85ed140a	vstr.32 s0,[r5,#0x50]
000287b6	FUN_000287b6	000288be	8048	ldr r0,[0x00028ac0]
000287b6	FUN_000287b6	000288c0	3189	ldrh r1,[r6,#0x8]
000287b6	FUN_000287b6	000288c2	90ed000a	vldr.32 s0,[r0]
000287b6	FUN_000287b6	000288c6	d0ed020a	vldr.32 s1,[r0,#0x8]
000287b6	FUN_000287b6	000288ca	01ee101a	vmov s2,r1
000287b6	FUN_000287b6	000288ce	20ee200a	vmul.f32 s0,s0,s1
000287b6	FUN_000287b6	000288d2	f8ee411a	vcvt.f32.u32 s3,s2
000287b6	FUN_000287b6	000288d6	90ed031a	vldr.32 s2,[r0,#0xc]
000287b6	FUN_000287b6	000288da	01ee810a	vmla.f32 s0,s3,s2
000287b6	FUN_000287b6	000288de	80ed000a	vstr.32 s0,[r0]
000287b6	FUN_000287b6	000288e2	d0ed011a	vldr.32 s3,[r0,#0x4]
000287b6	FUN_000287b6	000288e6	7189	ldrh r1,[r6,#0xa]
000287b6	FUN_000287b6	000288e8	61eea00a	vmul.f32 s1,s3,s1
000287b6	FUN_000287b6	000288ec	01ee901a	vmov s3,r1
000287b6	FUN_000287b6	000288f0	f8ee611a	vcvt.f32.u32 s3,s3
000287b6	FUN_000287b6	000288f4	41ee810a	vmla.f32 s1,s3,s2
000287b6	FUN_000287b6	000288f8	c0ed010a	vstr.32 s1,[r0,#0x4]
000287b6	FUN_000287b6	000288fc	90ed051a	vldr.32 s2,[r0,#0x14]
000287b6	FUN_000287b6	00028900	30ee410a	vsub.f32 s0,s0,s2
000287b6	FUN_000287b6	00028904	80ed040a	vstr.32 s0,[r0,#0x10]
000287b6	FUN_000287b6	00028908	90ed070a	vldr.32 s0,[r0,#0x1c]
000287b6	FUN_000287b6	0002890c	30eec00a	vsub.f32 s0,s1,s0
000287b6	FUN_000287b6	00028910	d0ed0a0a	vldr.32 s1,[r0,#0x28]
000287b6	FUN_000287b6	00028914	20ee200a	vmul.f32 s0,s0,s1
000287b6	FUN_000287b6	00028918	80ed060a	vstr.32 s0,[r0,#0x18]
000287b6	FUN_000287b6	0002891c	01f0eefa	bl 0x00029efc
000287b6	FUN_000287b6	00028920	684f	ldr r7,[0x00028ac4]
000287b6	FUN_000287b6	00028922	4ff0000a	mov.w r10,#0x0
000287b6	FUN_000287b6	00028926	7868	ldr r0,[r7,#0x4]
000287b6	FUN_000287b6	00028928	50b3	cbz r0,0x00028980
000287b6	FUN_000287b6	0002892a	c7f804a0	str.w r10,[r7,#0x4]
000287b6	FUN_000287b6	0002892e	d4ed150a	vldr.32 s1,[r4,#0x54]
000287b6	FUN_000287b6	00028932	97ed020a	vldr.32 s0,[r7,#0x8]
000287b6	FUN_000287b6	00028936	94ed161a	vldr.32 s2,[r4,#0x58]
000287b6	FUN_000287b6	0002893a	f8ee600a	vcvt.f32.u32 s1,s1
000287b6	FUN_000287b6	0002893e	60ee200a	vmul.f32 s1,s0,s1
000287b6	FUN_000287b6	00028942	20ee010a	vmul.f32 s0,s0,s2
000287b6	FUN_000287b6	00028946	bceec00a	vcvt.u32.f32 s0,s0
000287b6	FUN_000287b6	0002894a	b8ee400a	vcvt.f32.u32 s0,s0
000287b6	FUN_000287b6	0002894e	9fed5e1a	vldr.32 s2,[pc,#0x178]
000287b6	FUN_000287b6	00028952	40ee410a	vmls.f32 s1,s0,s2
000287b6	FUN_000287b6	00028956	94ed050a	vldr.32 s0,[r4,#0x14]
000287b6	FUN_000287b6	0002895a	30ee800a	vadd.f32 s0,s1,s0
000287b6	FUN_000287b6	0002895e	84ed030a	vstr.32 s0,[r4,#0xc]
000287b6	FUN_000287b6	00028962	dfed5a0a	vldr.32 s1,[pc,#0x168]
000287b6	FUN_000287b6	00028966	9fed5a0a	vldr.32 s0,[pc,#0x168]
000287b6	FUN_000287b6	0002896a	04f10c00	add.w r0,r4,#0xc
000287b6	FUN_000287b6	0002896e	02f05cf8	bl 0x0002aa2a
000287b6	FUN_000287b6	00028972	05f17c01	add.w r1,r5,#0x7c
000287b6	FUN_000287b6	00028976	94ed030a	vldr.32 s0,[r4,#0xc]
000287b6	FUN_000287b6	0002897a	081f	subs r0,r1,#0x4
000287b6	FUN_000287b6	0002897c	02f006f8	bl 0x0002a98c
000287b6	FUN_000287b6	00028980	95ed130a	vldr.32 s0,[r5,#0x4c]
000287b6	FUN_000287b6	00028984	f0ee001a	vmov.f32 s3,0x40000000
000287b6	FUN_000287b6	00028988	85ed160a	vstr.32 s0,[r5,#0x58]
000287b6	FUN_000287b6	0002898c	95ed141a	vldr.32 s2,[r5,#0x50]
000287b6	FUN_000287b6	00028990	f0ee400a	vmov.f32 s1,s0
000287b6	FUN_000287b6	00028994	dff8e090	ldr.w r9,[0x00028a78]
000287b6	FUN_000287b6	00028998	41ee210a	vmla.f32 s1,s2,s3
000287b6	FUN_000287b6	0002899c	374e	ldr r6,[0x00028a7c]
000287b6	FUN_000287b6	0002899e	dff83481	ldr.w r8,[0x00028ad4]
000287b6	FUN_000287b6	000289a2	60ee880a	vmul.f32 s1,s1,s16
000287b6	FUN_000287b6	000289a6	c5ed170a	vstr.32 s1,[r5,#0x5c]
000287b6	FUN_000287b6	000289aa	95ed1f1a	vldr.32 s2,[r5,#0x7c]
000287b6	FUN_000287b6	000289ae	d5ed1e1a	vldr.32 s3,[r5,#0x78]
000287b6	FUN_000287b6	000289b2	21ee002a	vmul.f32 s4,s2,s0
000287b6	FUN_000287b6	000289b6	01eea02a	vmla.f32 s4,s3,s1
000287b6	FUN_000287b6	000289ba	61ee200a	vmul.f32 s1,s2,s1
000287b6	FUN_000287b6	000289be	41eec00a	vmls.f32 s1,s3,s0
000287b6	FUN_000287b6	000289c2	85ed182a	vstr.32 s4,[r5,#0x60]
000287b6	FUN_000287b6	000289c6	c5ed190a	vstr.32 s1,[r5,#0x64]
000287b6	FUN_000287b6	000289ca	9fed438a	vldr.32 s16,[pc,#0x10c]
000287b6	FUN_000287b6	000289ce	a86b	ldr r0,[r5,#0x38]
000287b6	FUN_000287b6	000289d0	1428	cmp r0,#0x14
000287b6	FUN_000287b6	000289d2	50d1	bne 0x00028a76
000287b6	FUN_000287b6	000289d4	97ed040a	vldr.32 s0,[r7,#0x10]
000287b6	FUN_000287b6	000289d8	dfed400a	vldr.32 s1,[pc,#0x100]
000287b6	FUN_000287b6	000289dc	0120	movs r0,#0x1
000287b6	FUN_000287b6	000289de	60ee200a	vmul.f32 s1,s0,s1
000287b6	FUN_000287b6	000289e2	c4ed080a	vstr.32 s1,[r4,#0x20]
000287b6	FUN_000287b6	000289e6	94ed010a	vldr.32 s0,[r4,#0x4]
000287b6	FUN_000287b6	000289ea	94ed1a1a	vldr.32 s2,[r4,#0x68]
000287b6	FUN_000287b6	000289ee	20ee010a	vmul.f32 s0,s0,s2
000287b6	FUN_000287b6	000289f2	94ed1b1a	vldr.32 s2,[r4,#0x6c]
000287b6	FUN_000287b6	000289f6	00ee810a	vmla.f32 s0,s1,s2
000287b6	FUN_000287b6	000289fa	84ed010a	vstr.32 s0,[r4,#0x4]
000287b6	FUN_000287b6	000289fe	d4ed170a	vldr.32 s1,[r4,#0x5c]
000287b6	FUN_000287b6	00028a02	20ee200a	vmul.f32 s0,s0,s1
000287b6	FUN_000287b6	00028a06	84ed070a	vstr.32 s0,[r4,#0x1c]
000287b6	FUN_000287b6	00028a0a	c5f838a0	str.w r10,[r5,#0x38]
000287b6	FUN_000287b6	00028a0e	87ed048a	vstr.32 s16,[r7,#0x10]
000287b6	FUN_000287b6	00028a12	c9f82c00	str.w r0,[r9,#0x2c]
000287b6	FUN_000287b6	00028a16	95ed000a	vldr.32 s0,[r5]
000287b6	FUN_000287b6	00028a1a	d4ed060a	vldr.32 s1,[r4,#0x18]
000287b6	FUN_000287b6	00028a1e	08f12800	add.w r0,r8,#0x28
000287b6	FUN_000287b6	00028a22	30ee600a	vsub.f32 s0,s0,s1
000287b6	FUN_000287b6	00028a26	80ed020a	vstr.32 s0,[r0,#0x8]
000287b6	FUN_000287b6	00028a2a	d0ed000a	vldr.32 s1,[r0]
000287b6	FUN_000287b6	00028a2e	20ee800a	vmul.f32 s0,s1,s0
000287b6	FUN_000287b6	00028a32	80ed060a	vstr.32 s0,[r0,#0x18]
000287b6	FUN_000287b6	00028a36	e86b	ldr r0,[r5,#0x3c]
000287b6	FUN_000287b6	00028a38	0228	cmp r0,#0x2
000287b6	FUN_000287b6	00028a3a	18bf	it ne
000287b6	FUN_000287b6	00028a3c	0428	cmp.ne r0,#0x4
000287b6	FUN_000287b6	00028a3e	02d0	beq 0x00028a46
000287b6	FUN_000287b6	00028a40	0328	cmp r0,#0x3
000287b6	FUN_000287b6	00028a42	09d0	beq 0x00028a58
000287b6	FUN_000287b6	00028a44	12e0	b 0x00028a6c
000287b6	FUN_000287b6	00028a46	95ed011a	vldr.32 s2,[r5,#0x4]
000287b6	FUN_000287b6	00028a4a	f1ee410a	vneg.f32 s1,s2
000287b6	FUN_000287b6	00028a4e	01f0dcff	bl 0x0002aa0a
000287b6	FUN_000287b6	00028a52	85ed070a	vstr.32 s0,[r5,#0x1c]
000287b6	FUN_000287b6	00028a56	09e0	b 0x00028a6c
000287b6	FUN_000287b6	00028a58	96ed061a	vldr.32 s2,[r6,#0x18]
000287b6	FUN_000287b6	00028a5c	95ed010a	vldr.32 s0,[r5,#0x4]
000287b6	FUN_000287b6	00028a60	f1ee410a	vneg.f32 s1,s2
000287b6	FUN_000287b6	00028a64	01f0d1ff	bl 0x0002aa0a
000287b6	FUN_000287b6	00028a68	85ed070a	vstr.32 s0,[r5,#0x1c]
000287b6	FUN_000287b6	00028a6c	d5ed071a	vldr.32 s3,[r5,#0x1c]
000287b6	FUN_000287b6	00028a70	d5ed080a	vldr.32 s1,[r5,#0x20]
000287b6	FUN_000287b6	00028a74	34e0	b 0x00028ae0
000287b6	FUN_000287b6	00028a76	7ae0	b 0x00028b6e
000287b6	FUN_000287b6	00028ae0	31eee00a	vsub.f32 s0,s3,s1
000287b6	FUN_000287b6	00028ae4	85ed090a	vstr.32 s0,[r5,#0x24]
000287b6	FUN_000287b6	00028ae8	96ed041a	vldr.32 s2,[r6,#0x10]
000287b6	FUN_000287b6	00028aec	b4eec10a	vcmpe.f32 s0,s2
000287b6	FUN_000287b6	00028af0	f1ee10fa	vmrs apsr,fpscr
000287b6	FUN_000287b6	00028af4	09dc	bgt 0x00028b0a
000287b6	FUN_000287b6	00028af6	96ed051a	vldr.32 s2,[r6,#0x14]
000287b6	FUN_000287b6	00028afa	b4eec10a	vcmpe.f32 s0,s2
000287b6	FUN_000287b6	00028afe	f1ee10fa	vmrs apsr,fpscr
000287b6	FUN_000287b6	00028b02	28bf	it cs
000287b6	FUN_000287b6	00028b04	c5ed081a	vstr.cs.32 s3,[r5,#0x20]
000287b6	FUN_000287b6	00028b08	03d2	bcs 0x00028b12
000287b6	FUN_000287b6	00028b0a	30ee810a	vadd.f32 s0,s1,s2
000287b6	FUN_000287b6	00028b0e	85ed080a	vstr.32 s0,[r5,#0x20]
000287b6	FUN_000287b6	00028b12	94ed1a0a	vldr.32 s0,[r4,#0x68]
000287b6	FUN_000287b6	00028b16	d4ed1c0a	vldr.32 s1,[r4,#0x70]
000287b6	FUN_000287b6	00028b1a	94ed1b1a	vldr.32 s2,[r4,#0x6c]
000287b6	FUN_000287b6	00028b1e	644f	ldr r7,[0x00028cb0]
000287b6	FUN_000287b6	00028b20	20ee200a	vmul.f32 s0,s0,s1
000287b6	FUN_000287b6	00028b24	d5ed190a	vldr.32 s1,[r5,#0x64]
000287b6	FUN_000287b6	00028b28	3846	mov r0,r7
000287b6	FUN_000287b6	00028b2a	01ee200a	vmla.f32 s0,s2,s1
000287b6	FUN_000287b6	00028b2e	84ed1c0a	vstr.32 s0,[r4,#0x70]
000287b6	FUN_000287b6	00028b32	94ed111a	vldr.32 s2,[r4,#0x44]
000287b6	FUN_000287b6	00028b36	21ee000a	vmul.f32 s0,s2,s0
000287b6	FUN_000287b6	00028b3a	84ed0c0a	vstr.32 s0,[r4,#0x30]
000287b6	FUN_000287b6	00028b3e	94ed010a	vldr.32 s0,[r4,#0x4]
000287b6	FUN_000287b6	00028b42	87ed000a	vstr.32 s0,[r7]
000287b6	FUN_000287b6	00028b46	c7ed010a	vstr.32 s1,[r7,#0x4]
000287b6	FUN_000287b6	00028b4a	01f088fd	bl 0x0002a65e
000287b6	FUN_000287b6	00028b4e	95ed080a	vldr.32 s0,[r5,#0x20]
000287b6	FUN_000287b6	00028b52	d7ed050a	vldr.32 s1,[r7,#0x14]
000287b6	FUN_000287b6	00028b56	30ee600a	vsub.f32 s0,s0,s1
000287b6	FUN_000287b6	00028b5a	88ed020a	vstr.32 s0,[r8,#0x8]
000287b6	FUN_000287b6	00028b5e	d7ed0c0a	vldr.32 s1,[r7,#0x30]
000287b6	FUN_000287b6	00028b62	98ed001a	vldr.32 s2,[r8]
000287b6	FUN_000287b6	00028b66	51ee000a	vnmls.f32 s1,s2,s0
000287b6	FUN_000287b6	00028b6a	c8ed060a	vstr.32 s1,[r8,#0x18]
000287b6	FUN_000287b6	00028b6e	e86b	ldr r0,[r5,#0x3c]
000287b6	FUN_000287b6	00028b70	0128	cmp r0,#0x1
000287b6	FUN_000287b6	00028b72	2ad0	beq 0x00028bca
000287b6	FUN_000287b6	00028b74	0228	cmp r0,#0x2
000287b6	FUN_000287b6	00028b76	18bf	it ne
000287b6	FUN_000287b6	00028b78	0328	cmp.ne r0,#0x3
000287b6	FUN_000287b6	00028b7a	4fd0	beq 0x00028c1c
000287b6	FUN_000287b6	00028b7c	0428	cmp r0,#0x4
000287b6	FUN_000287b6	00028b7e	18bf	it ne
000287b6	FUN_000287b6	00028b80	85ed0b8a	vstr.ne.32 s16,[r5,#0x2c]
000287b6	FUN_000287b6	00028b84	57d0	beq 0x00028c36
000287b6	FUN_000287b6	00028b86	4b4e	ldr r6,[0x00028cb4]
000287b6	FUN_000287b6	00028b88	95ed180a	vldr.32 s0,[r5,#0x60]
000287b6	FUN_000287b6	00028b8c	06f14c07	add.w r7,r6,#0x4c
000287b6	FUN_000287b6	00028b90	86ed020a	vstr.32 s0,[r6,#0x8]
000287b6	FUN_000287b6	00028b94	86ed018a	vstr.32 s16,[r6,#0x4]
000287b6	FUN_000287b6	00028b98	95ed190a	vldr.32 s0,[r5,#0x64]
000287b6	FUN_000287b6	00028b9c	3046	mov r0,r6
000287b6	FUN_000287b6	00028b9e	87ed020a	vstr.32 s0,[r7,#0x8]
000287b6	FUN_000287b6	00028ba2	95ed0b0a	vldr.32 s0,[r5,#0x2c]
000287b6	FUN_000287b6	00028ba6	87ed010a	vstr.32 s0,[r7,#0x4]
000287b6	FUN_000287b6	00028baa	01f0a6fd	bl 0x0002a6fa
000287b6	FUN_000287b6	00028bae	06f14c00	add.w r0,r6,#0x4c
000287b6	FUN_000287b6	00028bb2	01f0a2fd	bl 0x0002a6fa
000287b6	FUN_000287b6	00028bb6	fff763fd	bl 0x00028680
000287b6	FUN_000287b6	00028bba	a06b	ldr r0,[r4,#0x38]
000287b6	FUN_000287b6	00028bbc	0228	cmp r0,#0x2
000287b6	FUN_000287b6	00028bbe	47d0	beq 0x00028c50
000287b6	FUN_000287b6	00028bc0	c9f800a0	str.w r10,[r9,#0x0]
000287b6	FUN_000287b6	00028bc4	01f040fc	bl 0x0002a448
000287b6	FUN_000287b6	00028bc8	47e0	b 0x00028c5a
000287b6	FUN_000287b6	00028bca	95ed000a	vldr.32 s0,[r5]
000287b6	FUN_000287b6	00028bce	d4ed060a	vldr.32 s1,[r4,#0x18]
000287b6	FUN_000287b6	00028bd2	94ed071a	vldr.32 s2,[r4,#0x1c]
000287b6	FUN_000287b6	00028bd6	30ee600a	vsub.f32 s0,s0,s1
000287b6	FUN_000287b6	00028bda	d5ed030a	vldr.32 s1,[r5,#0xc]
000287b6	FUN_000287b6	00028bde	20ee200a	vmul.f32 s0,s0,s1
000287b6	FUN_000287b6	00028be2	d5ed010a	vldr.32 s1,[r5,#0x4]
000287b6	FUN_000287b6	00028be6	70eec10a	vsub.f32 s1,s1,s2
000287b6	FUN_000287b6	00028bea	95ed041a	vldr.32 s2,[r5,#0x10]
000287b6	FUN_000287b6	00028bee	01ee200a	vmla.f32 s0,s2,s1
000287b6	FUN_000287b6	00028bf2	d5ed020a	vldr.32 s1,[r5,#0x8]
000287b6	FUN_000287b6	00028bf6	30ee200a	vadd.f32 s0,s0,s1
000287b6	FUN_000287b6	00028bfa	8bed010a	vstr.32 s0,[r11,#0x4]
000287b6	FUN_000287b6	00028bfe	d4ed120a	vldr.32 s1,[r4,#0x48]
000287b6	FUN_000287b6	00028c02	20ee800a	vmul.f32 s0,s1,s0
000287b6	FUN_000287b6	00028c06	85ed0b0a	vstr.32 s0,[r5,#0x2c]
000287b6	FUN_000287b6	00028c0a	96ed031a	vldr.32 s2,[r6,#0xc]
000287b6	FUN_000287b6	00028c0e	f1ee410a	vneg.f32 s1,s2
000287b6	FUN_000287b6	00028c12	01f0fafe	bl 0x0002aa0a
000287b6	FUN_000287b6	00028c16	85ed0b0a	vstr.32 s0,[r5,#0x2c]
000287b6	FUN_000287b6	00028c1a	b4e7	b 0x00028b86
000287b6	FUN_000287b6	00028c1c	98ed060a	vldr.32 s0,[r8,#0x18]
000287b6	FUN_000287b6	00028c20	85ed0b0a	vstr.32 s0,[r5,#0x2c]
000287b6	FUN_000287b6	00028c24	96ed031a	vldr.32 s2,[r6,#0xc]
000287b6	FUN_000287b6	00028c28	f1ee410a	vneg.f32 s1,s2
000287b6	FUN_000287b6	00028c2c	01f0edfe	bl 0x0002aa0a
000287b6	FUN_000287b6	00028c30	85ed0b0a	vstr.32 s0,[r5,#0x2c]
000287b6	FUN_000287b6	00028c34	a7e7	b 0x00028b86
000287b6	FUN_000287b6	00028c36	98ed060a	vldr.32 s0,[r8,#0x18]
000287b6	FUN_000287b6	00028c3a	85ed0b0a	vstr.32 s0,[r5,#0x2c]
000287b6	FUN_000287b6	00028c3e	95ed0c1a	vldr.32 s2,[r5,#0x30]
000287b6	FUN_000287b6	00028c42	f1ee410a	vneg.f32 s1,s2
000287b6	FUN_000287b6	00028c46	01f0e0fe	bl 0x0002aa0a
000287b6	FUN_000287b6	00028c4a	85ed0b0a	vstr.32 s0,[r5,#0x2c]
000287b6	FUN_000287b6	00028c4e	9ae7	b 0x00028b86
000287b6	FUN_000287b6	00028c50	d9f80000	ldr.w r0,[r9,#0x0]
000287b6	FUN_000287b6	00028c54	401c	adds r0,r0,#0x1
000287b6	FUN_000287b6	00028c56	c9f80000	str.w r0,[r9,#0x0]
000287b6	FUN_000287b6	00028c5a	9fed170a	vldr.32 s0,[pc,#0x5c]
000287b6	FUN_000287b6	00028c5e	07f14001	add.w r1,r7,#0x40
000287b6	FUN_000287b6	00028c62	06f14000	add.w r0,r6,#0x40
000287b6	FUN_000287b6	00028c66	01f015ff	bl 0x0002aa94
000287b6	FUN_000287b6	00028c6a	95ed1f1a	vldr.32 s2,[r5,#0x7c]
000287b6	FUN_000287b6	00028c6e	96ed102a	vldr.32 s4,[r6,#0x40]
000287b6	FUN_000287b6	00028c72	d5ed1e0a	vldr.32 s1,[r5,#0x78]
000287b6	FUN_000287b6	00028c76	d7ed101a	vldr.32 s3,[r7,#0x40]
000287b6	FUN_000287b6	00028c7a	21ee020a	vmul.f32 s0,s2,s4
000287b6	FUN_000287b6	00028c7e	00eee10a	vmls.f32 s0,s1,s3
000287b6	FUN_000287b6	00028c82	60ee820a	vmul.f32 s1,s1,s4
000287b6	FUN_000287b6	00028c86	41ee210a	vmla.f32 s1,s2,s3
000287b6	FUN_000287b6	00028c8a	85ed1c0a	vstr.32 s0,[r5,#0x70]
000287b6	FUN_000287b6	00028c8e	c5ed1d0a	vstr.32 s1,[r5,#0x74]
000287b6	FUN_000287b6	00028c92	01f015fb	bl 0x0002a2c0
000287b6	FUN_000287b6	00028c96	0949	ldr r1,[0x00028cbc]
000287b6	FUN_000287b6	00028c98	0120	movs r0,#0x1
000287b6	FUN_000287b6	00028c9a	81f84600	strb.w r0,[r1,#0x46]
000287b6	FUN_000287b6	00028c9e	4ff0e021	mov.w r1,#0xe000e000
000287b6	FUN_000287b6	00028ca2	0420	movs r0,#0x4
000287b6	FUN_000287b6	00028ca4	c1f88002	str.w r0,[r1,#0x280]
000287b6	FUN_000287b6	00028ca8	bdec028b	vpop {d8}
000287b6	FUN_000287b6	00028cac	bde8f09f	pop.w {r4,r5,r6,r7,r8,r9,r10,r11,r12,pc}
00028cc0	FUN_00028cc0	00028cc0	2de9f04f	push {r4,r5,r6,r7,r8,r9,r10,r11,lr}
00028cc0	FUN_00028cc0	00028cc4	72b6	cpsid i
00028cc0	FUN_00028cc0	00028cc6	dff8dce0	ldr.w lr,[0x00028da4]
00028cc0	FUN_00028cc0	00028cca	40f22310	movw r0,#0x123
00028cc0	FUN_00028cc0	00028cce	cef80000	str.w r0,[lr,#0x0]
00028cc0	FUN_00028cc0	00028cd2	43f21029	movw r9,#0x3210
00028cc0	FUN_00028cc0	00028cd6	cef80090	str.w r9,[lr,#0x0]
00028cc0	FUN_00028cc0	00028cda	0ef10400	add.w r0,lr,#0x4
00028cc0	FUN_00028cc0	00028cde	3249	ldr r1,[0x00028da8]
00028cc0	FUN_00028cc0	00028ce0	0160	str r1,[r0,#0x0]
00028cc0	FUN_00028cc0	00028ce2	c943	mvns r1,r1
00028cc0	FUN_00028cc0	00028ce4	0160	str r1,[r0,#0x0]
00028cc0	FUN_00028cc0	00028ce6	314f	ldr r7,[0x00028dac]
00028cc0	FUN_00028cc0	00028ce8	3868	ldr r0,[r7,#0x0]
00028cc0	FUN_00028cc0	00028cea	00f4e024	and r4,r0,#0x70000
00028cc0	FUN_00028cc0	00028cee	3868	ldr r0,[r7,#0x0]
00028cc0	FUN_00028cc0	00028cf0	20f47020	bic r0,r0,#0xf0000
00028cc0	FUN_00028cc0	00028cf4	3860	str r0,[r7,#0x0]
00028cc0	FUN_00028cc0	00028cf6	dff8b8c0	ldr.w r12,[0x00028db0]
00028cc0	FUN_00028cc0	00028cfa	3f20	movs r0,#0x3f
00028cc0	FUN_00028cc0	00028cfc	ccf80000	str.w r0,[r12,#0x0]
00028cc0	FUN_00028cc0	00028d00	acf10405	sub.w r5,r12,#0x4
00028cc0	FUN_00028cc0	00028d04	2868	ldr r0,[r5,#0x0]
00028cc0	FUN_00028cc0	00028d06	10f4807f	tst r0,#0x100
00028cc0	FUN_00028cc0	00028d0a	fbd0	beq 0x00028d04
00028cc0	FUN_00028cc0	00028d0c	294e	ldr r6,[0x00028db4]
00028cc0	FUN_00028cc0	00028d0e	3068	ldr r0,[r6,#0x0]
00028cc0	FUN_00028cc0	00028d10	20f00700	bic r0,r0,#0x7
00028cc0	FUN_00028cc0	00028d14	40f00400	orr r0,r0,#0x4
00028cc0	FUN_00028cc0	00028d18	3060	str r0,[r6,#0x0]
00028cc0	FUN_00028cc0	00028d1a	dff89ca0	ldr.w r10,[0x00028db8]
00028cc0	FUN_00028cc0	00028d1e	4ff40040	mov.w r0,#0x8000
00028cc0	FUN_00028cc0	00028d22	caf80000	str.w r0,[r10,#0x0]
00028cc0	FUN_00028cc0	00028d26	2548	ldr r0,[0x00028dbc]
00028cc0	FUN_00028cc0	00028d28	4ff0000b	mov.w r11,#0x0
00028cc0	FUN_00028cc0	00028d2c	c0f800b0	str.w r11,[r0,#0x0]
00028cc0	FUN_00028cc0	00028d30	2868	ldr r0,[r5,#0x0]
00028cc0	FUN_00028cc0	00028d32	10f4807f	tst r0,#0x100
00028cc0	FUN_00028cc0	00028d36	fbd0	beq 0x00028d30
00028cc0	FUN_00028cc0	00028d38	4ff01008	mov.w r8,#0x10
00028cc0	FUN_00028cc0	00028d3c	ccf80080	str.w r8,[r12,#0x0]
00028cc0	FUN_00028cc0	00028d40	3068	ldr r0,[r6,#0x0]
00028cc0	FUN_00028cc0	00028d42	20f00700	bic r0,r0,#0x7
00028cc0	FUN_00028cc0	00028d46	40f00300	orr r0,r0,#0x3
00028cc0	FUN_00028cc0	00028d4a	3060	str r0,[r6,#0x0]
00028cc0	FUN_00028cc0	00028d4c	1b4b	ldr r3,[0x00028dbc]
00028cc0	FUN_00028cc0	00028d4e	1c4a	ldr r2,[0x00028dc0]
00028cc0	FUN_00028cc0	00028d50	0021	movs r1,#0x0
00028cc0	FUN_00028cc0	00028d52	52f8040b	ldr.w r0,[r2],#0x4
00028cc0	FUN_00028cc0	00028d56	43f8040b	str.w r0,[r3],#0x4
00028cc0	FUN_00028cc0	00028d5a	2868	ldr r0,[r5,#0x0]
00028cc0	FUN_00028cc0	00028d5c	10f0100f	tst r0,#0x10
00028cc0	FUN_00028cc0	00028d60	fbd0	beq 0x00028d5a
00028cc0	FUN_00028cc0	00028d62	ccf80080	str.w r8,[r12,#0x0]
00028cc0	FUN_00028cc0	00028d66	491c	adds r1,r1,#0x1
00028cc0	FUN_00028cc0	00028d68	0529	cmp r1,#0x5
00028cc0	FUN_00028cc0	00028d6a	f2d3	bcc 0x00028d52
00028cc0	FUN_00028cc0	00028d6c	3068	ldr r0,[r6,#0x0]
00028cc0	FUN_00028cc0	00028d6e	20f00700	bic r0,r0,#0x7
00028cc0	FUN_00028cc0	00028d72	3060	str r0,[r6,#0x0]
00028cc0	FUN_00028cc0	00028d74	2868	ldr r0,[r5,#0x0]
00028cc0	FUN_00028cc0	00028d76	10f4807f	tst r0,#0x100
00028cc0	FUN_00028cc0	00028d7a	05d1	bne 0x00028d88
00028cc0	FUN_00028cc0	00028d7c	ccf80080	str.w r8,[r12,#0x0]
00028cc0	FUN_00028cc0	00028d80	2868	ldr r0,[r5,#0x0]
00028cc0	FUN_00028cc0	00028d82	10f4807f	tst r0,#0x100
00028cc0	FUN_00028cc0	00028d86	f9d0	beq 0x00028d7c
00028cc0	FUN_00028cc0	00028d88	caf800b0	str.w r11,[r10,#0x0]
00028cc0	FUN_00028cc0	00028d8c	3868	ldr r0,[r7,#0x0]
00028cc0	FUN_00028cc0	00028d8e	2043	orrs r0,r4
00028cc0	FUN_00028cc0	00028d90	3860	str r0,[r7,#0x0]
00028cc0	FUN_00028cc0	00028d92	3068	ldr r0,[r6,#0x0]
00028cc0	FUN_00028cc0	00028d94	40f48030	orr r0,r0,#0x10000
00028cc0	FUN_00028cc0	00028d98	3060	str r0,[r6,#0x0]
00028cc0	FUN_00028cc0	00028d9a	cef80090	str.w r9,[lr,#0x0]
00028cc0	FUN_00028cc0	00028d9e	62b6	cpsie i
00028cc0	FUN_00028cc0	00028da0	bde8f08f	pop.w {r4,r5,r6,r7,r8,r9,r10,r11,pc}
00029efc	FUN_00029efc	00029efc	10b5	push {r4,lr}
00029efc	FUN_00029efc	00029efe	90ed060a	vldr.32 s0,[r0,#0x18]
00029efc	FUN_00029efc	00029f02	d0ed040a	vldr.32 s1,[r0,#0x10]
00029efc	FUN_00029efc	00029f06	90ed0c1a	vldr.32 s2,[r0,#0x30]
00029efc	FUN_00029efc	00029f0a	0446	mov r4,r0
00029efc	FUN_00029efc	00029f0c	00eec10a	vmls.f32 s0,s1,s2
00029efc	FUN_00029efc	00029f10	90ed0b1a	vldr.32 s2,[r0,#0x2c]
00029efc	FUN_00029efc	00029f14	60ee810a	vmul.f32 s1,s1,s2
00029efc	FUN_00029efc	00029f18	00f02ffe	bl 0x0002ab7a
00029efc	FUN_00029efc	00029f1c	dfed261a	vldr.32 s3,[pc,#0x98]
00029efc	FUN_00029efc	00029f20	9fed241a	vldr.32 s2,[pc,#0x90]
00029efc	FUN_00029efc	00029f24	f0ee610a	vmov.f32 s1,s3
00029efc	FUN_00029efc	00029f28	40ee010a	vmla.f32 s1,s0,s2
00029efc	FUN_00029efc	00029f2c	bdeee00a	vcvt.s32.f32 s0,s1
00029efc	FUN_00029efc	00029f30	10ee100a	vmov r0,s0
00029efc	FUN_00029efc	00029f34	0028	cmp r0,#0x0
00029efc	FUN_00029efc	00029f36	b8bf	it lt
00029efc	FUN_00029efc	00029f38	00f58050	add.lt.w r0,r0,#0x1000
00029efc	FUN_00029efc	00029f3c	b0f5805f	cmp.w r0,#0x1000
00029efc	FUN_00029efc	00029f40	a8bf	it ge
00029efc	FUN_00029efc	00029f42	a0f58050	sub.ge.w r0,r0,#0x1000
00029efc	FUN_00029efc	00029f46	1d49	ldr r1,[0x00029fbc]
00029efc	FUN_00029efc	00029f48	f0ee610a	vmov.f32 s1,s3
00029efc	FUN_00029efc	00029f4c	31f81000	ldrh.w r0,[r1,r0,lsl #0x1]
00029efc	FUN_00029efc	00029f50	1c49	ldr r1,[0x00029fc4]
00029efc	FUN_00029efc	00029f52	00ee100a	vmov s0,r0
00029efc	FUN_00029efc	00029f56	b8ee400a	vcvt.f32.u32 s0,s0
00029efc	FUN_00029efc	00029f5a	30ee600a	vsub.f32 s0,s0,s1
00029efc	FUN_00029efc	00029f5e	dfed180a	vldr.32 s1,[pc,#0x60]
00029efc	FUN_00029efc	00029f62	20ee200a	vmul.f32 s0,s0,s1
00029efc	FUN_00029efc	00029f66	84ed0d0a	vstr.32 s0,[r4,#0x34]
00029efc	FUN_00029efc	00029f6a	d4ed100a	vldr.32 s1,[r4,#0x40]
00029efc	FUN_00029efc	00029f6e	70ee600a	vsub.f32 s1,s0,s1
00029efc	FUN_00029efc	00029f72	10ee900a	vmov r0,s1
00029efc	FUN_00029efc	00029f76	8842	cmp r0,r1
00029efc	FUN_00029efc	00029f78	02dd	ble 0x00029f80
00029efc	FUN_00029efc	00029f7a	606c	ldr r0,[r4,#0x44]
00029efc	FUN_00029efc	00029f7c	401e	subs r0,r0,#0x1
00029efc	FUN_00029efc	00029f7e	6064	str r0,[r4,#0x44]
00029efc	FUN_00029efc	00029f80	10ee900a	vmov r0,s1
00029efc	FUN_00029efc	00029f84	1049	ldr r1,[0x00029fc8]
00029efc	FUN_00029efc	00029f86	8842	cmp r0,r1
00029efc	FUN_00029efc	00029f88	02d9	bls 0x00029f90
00029efc	FUN_00029efc	00029f8a	606c	ldr r0,[r4,#0x44]
00029efc	FUN_00029efc	00029f8c	401c	adds r0,r0,#0x1
00029efc	FUN_00029efc	00029f8e	6064	str r0,[r4,#0x44]
00029efc	FUN_00029efc	00029f90	84ed100a	vstr.32 s0,[r4,#0x40]
00029efc	FUN_00029efc	00029f94	d4ed110a	vldr.32 s1,[r4,#0x44]
00029efc	FUN_00029efc	00029f98	9fed0c1a	vldr.32 s2,[pc,#0x30]
00029efc	FUN_00029efc	00029f9c	f8eee00a	vcvt.f32.s32 s1,s1
00029efc	FUN_00029efc	00029fa0	00ee810a	vmla.f32 s0,s1,s2
00029efc	FUN_00029efc	00029fa4	d4ed0e0a	vldr.32 s1,[r4,#0x38]
00029efc	FUN_00029efc	00029fa8	30ee600a	vsub.f32 s0,s0,s1
00029efc	FUN_00029efc	00029fac	84ed0f0a	vstr.32 s0,[r4,#0x3c]
00029efc	FUN_00029efc	00029fb0	10bd	pop {r4,pc}
00029fd0	FUN_00029fd0	00029fd0	2de9f04f	push {r4,r5,r6,r7,r8,r9,r10,r11,lr}
00029fd0	FUN_00029fd0	00029fd4	dff868a1	ldr.w r10,[0x0002a140]
00029fd0	FUN_00029fd0	00029fd8	40f22315	movw r5,#0x123
00029fd0	FUN_00029fd0	00029fdc	440b	lsrs r4,r0,#0xd
00029fd0	FUN_00029fd0	00029fde	caf80050	str.w r5,[r10,#0x0]
00029fd0	FUN_00029fd0	00029fe2	43f21025	movw r5,#0x3210
00029fd0	FUN_00029fd0	00029fe6	caf80050	str.w r5,[r10,#0x0]
00029fd0	FUN_00029fd0	00029fea	0af10403	add.w r3,r10,#0x4
00029fd0	FUN_00029fd0	00029fee	554d	ldr r5,[0x0002a144]
00029fd0	FUN_00029fd0	00029ff0	1d60	str r5,[r3,#0x0]
00029fd0	FUN_00029fd0	00029ff2	ed43	mvns r5,r5
00029fd0	FUN_00029fd0	00029ff4	1d60	str r5,[r3,#0x0]
00029fd0	FUN_00029fd0	00029ff6	dff84891	ldr.w r9,[0x0002a140]
00029fd0	FUN_00029fd0	00029ffa	09f11809	add.w r9,r9,#0x18
00029fd0	FUN_00029fd0	00029ffe	d9f80050	ldr.w r5,[r9,#0x0]
00029fd0	FUN_00029fd0	0002a002	05f4e02c	and r12,r5,#0x70000
00029fd0	FUN_00029fd0	0002a006	d9f80050	ldr.w r5,[r9,#0x0]
00029fd0	FUN_00029fd0	0002a00a	25f47025	bic r5,r5,#0xf0000
00029fd0	FUN_00029fd0	0002a00e	c9f80050	str.w r5,[r9,#0x0]
00029fd0	FUN_00029fd0	0002a012	4b4e	ldr r6,[0x0002a140]
00029fd0	FUN_00029fd0	0002a014	3f23	movs r3,#0x3f
00029fd0	FUN_00029fd0	0002a016	2436	adds r6,#0x24
00029fd0	FUN_00029fd0	0002a018	3360	str r3,[r6,#0x0]
00029fd0	FUN_00029fd0	0002a01a	351f	subs r5,r6,#0x4
00029fd0	FUN_00029fd0	0002a01c	2b68	ldr r3,[r5,#0x0]
00029fd0	FUN_00029fd0	0002a01e	db05	lsls r3,r3,#0x17
00029fd0	FUN_00029fd0	0002a020	fcd5	bpl 0x0002a01c
00029fd0	FUN_00029fd0	0002a022	dff81c81	ldr.w r8,[0x0002a140]
00029fd0	FUN_00029fd0	0002a026	08f11c08	add.w r8,r8,#0x1c
00029fd0	FUN_00029fd0	0002a02a	d8f80030	ldr.w r3,[r8,#0x0]
00029fd0	FUN_00029fd0	0002a02e	23f00703	bic r3,r3,#0x7
00029fd0	FUN_00029fd0	0002a032	1b1d	adds r3,r3,#0x4
00029fd0	FUN_00029fd0	0002a034	c8f80030	str.w r3,[r8,#0x0]
00029fd0	FUN_00029fd0	0002a038	dff80ce1	ldr.w lr,[0x0002a148]
00029fd0	FUN_00029fd0	0002a03c	0123	movs r3,#0x1
00029fd0	FUN_00029fd0	0002a03e	a340	lsls r3,r4
00029fd0	FUN_00029fd0	0002a040	cef80030	str.w r3,[lr,#0x0]
00029fd0	FUN_00029fd0	0002a044	4ff0000b	mov.w r11,#0x0
00029fd0	FUN_00029fd0	0002a048	c0f800b0	str.w r11,[r0,#0x0]
00029fd0	FUN_00029fd0	0002a04c	2b68	ldr r3,[r5,#0x0]
00029fd0	FUN_00029fd0	0002a04e	db05	lsls r3,r3,#0x17
00029fd0	FUN_00029fd0	0002a050	fcd5	bpl 0x0002a04c
00029fd0	FUN_00029fd0	0002a052	1027	movs r7,#0x10
00029fd0	FUN_00029fd0	0002a054	3760	str r7,[r6,#0x0]
00029fd0	FUN_00029fd0	0002a056	d8f80030	ldr.w r3,[r8,#0x0]
00029fd0	FUN_00029fd0	0002a05a	23f00703	bic r3,r3,#0x7
00029fd0	FUN_00029fd0	0002a05e	db1c	adds r3,r3,#0x3
00029fd0	FUN_00029fd0	0002a060	c8f80030	str.w r3,[r8,#0x0]
00029fd0	FUN_00029fd0	0002a064	0023	movs r3,#0x0
00029fd0	FUN_00029fd0	0002a066	06e0	b 0x0002a076
00029fd0	FUN_00029fd0	0002a068	10c9	ldmia r1!,{r4}
00029fd0	FUN_00029fd0	0002a06a	10c0	stmia r0!,{r4}
00029fd0	FUN_00029fd0	0002a06c	2c68	ldr r4,[r5,#0x0]
00029fd0	FUN_00029fd0	0002a06e	e406	lsls r4,r4,#0x1b
00029fd0	FUN_00029fd0	0002a070	fcd5	bpl 0x0002a06c
00029fd0	FUN_00029fd0	0002a072	3760	str r7,[r6,#0x0]
00029fd0	FUN_00029fd0	0002a074	5b1c	adds r3,r3,#0x1
00029fd0	FUN_00029fd0	0002a076	9342	cmp r3,r2
00029fd0	FUN_00029fd0	0002a078	f6d3	bcc 0x0002a068
00029fd0	FUN_00029fd0	0002a07a	d8f80000	ldr.w r0,[r8,#0x0]
00029fd0	FUN_00029fd0	0002a07e	20f00700	bic r0,r0,#0x7
00029fd0	FUN_00029fd0	0002a082	c8f80000	str.w r0,[r8,#0x0]
00029fd0	FUN_00029fd0	0002a086	00e0	b 0x0002a08a
00029fd0	FUN_00029fd0	0002a088	3760	str r7,[r6,#0x0]
00029fd0	FUN_00029fd0	0002a08a	2868	ldr r0,[r5,#0x0]
00029fd0	FUN_00029fd0	0002a08c	c005	lsls r0,r0,#0x17
00029fd0	FUN_00029fd0	0002a08e	fbd5	bpl 0x0002a088
00029fd0	FUN_00029fd0	0002a090	cef800b0	str.w r11,[lr,#0x0]
00029fd0	FUN_00029fd0	0002a094	d9f80000	ldr.w r0,[r9,#0x0]
00029fd0	FUN_00029fd0	0002a098	40ea0c00	orr.w r0,r0,r12
00029fd0	FUN_00029fd0	0002a09c	c9f80000	str.w r0,[r9,#0x0]
00029fd0	FUN_00029fd0	0002a0a0	d8f80000	ldr.w r0,[r8,#0x0]
00029fd0	FUN_00029fd0	0002a0a4	40f48030	orr r0,r0,#0x10000
00029fd0	FUN_00029fd0	0002a0a8	c8f80000	str.w r0,[r8,#0x0]
00029fd0	FUN_00029fd0	0002a0ac	43f21020	movw r0,#0x3210
00029fd0	FUN_00029fd0	0002a0b0	caf80000	str.w r0,[r10,#0x0]
00029fd0	FUN_00029fd0	0002a0b4	bde8f08f	pop.w {r4,r5,r6,r7,r8,r9,r10,r11,pc}
0002a0b8	FUN_0002a0b8	0002a0b8	f0b5	push {r4,r5,r6,r7,lr}
0002a0b8	FUN_0002a0b8	0002a0ba	dff884e0	ldr.w lr,[0x0002a140]
0002a0b8	FUN_0002a0b8	0002a0be	40f22311	movw r1,#0x123
0002a0b8	FUN_0002a0b8	0002a0c2	420b	lsrs r2,r0,#0xd
0002a0b8	FUN_0002a0b8	0002a0c4	cef80010	str.w r1,[lr,#0x0]
0002a0b8	FUN_0002a0b8	0002a0c8	43f21027	movw r7,#0x3210
0002a0b8	FUN_0002a0b8	0002a0cc	cef80070	str.w r7,[lr,#0x0]
0002a0b8	FUN_0002a0b8	0002a0d0	0ef10401	add.w r1,lr,#0x4
0002a0b8	FUN_0002a0b8	0002a0d4	1b4b	ldr r3,[0x0002a144]
0002a0b8	FUN_0002a0b8	0002a0d6	0b60	str r3,[r1,#0x0]
0002a0b8	FUN_0002a0b8	0002a0d8	db43	mvns r3,r3
0002a0b8	FUN_0002a0b8	0002a0da	0b60	str r3,[r1,#0x0]
0002a0b8	FUN_0002a0b8	0002a0dc	184d	ldr r5,[0x0002a140]
0002a0b8	FUN_0002a0b8	0002a0de	1835	adds r5,#0x18
0002a0b8	FUN_0002a0b8	0002a0e0	2968	ldr r1,[r5,#0x0]
0002a0b8	FUN_0002a0b8	0002a0e2	01f4e023	and r3,r1,#0x70000
0002a0b8	FUN_0002a0b8	0002a0e6	2968	ldr r1,[r5,#0x0]
0002a0b8	FUN_0002a0b8	0002a0e8	21f47021	bic r1,r1,#0xf0000
0002a0b8	FUN_0002a0b8	0002a0ec	2960	str r1,[r5,#0x0]
0002a0b8	FUN_0002a0b8	0002a0ee	dff850c0	ldr.w r12,[0x0002a140]
0002a0b8	FUN_0002a0b8	0002a0f2	3f21	movs r1,#0x3f
0002a0b8	FUN_0002a0b8	0002a0f4	0cf1240c	add.w r12,r12,#0x24
0002a0b8	FUN_0002a0b8	0002a0f8	ccf80010	str.w r1,[r12,#0x0]
0002a0b8	FUN_0002a0b8	0002a0fc	acf10401	sub.w r1,r12,#0x4
0002a0b8	FUN_0002a0b8	0002a100	0c68	ldr r4,[r1,#0x0]
0002a0b8	FUN_0002a0b8	0002a102	e405	lsls r4,r4,#0x17
0002a0b8	FUN_0002a0b8	0002a104	fcd5	bpl 0x0002a100
0002a0b8	FUN_0002a0b8	0002a106	0e4e	ldr r6,[0x0002a140]
0002a0b8	FUN_0002a0b8	0002a108	1c36	adds r6,#0x1c
0002a0b8	FUN_0002a0b8	0002a10a	3468	ldr r4,[r6,#0x0]
0002a0b8	FUN_0002a0b8	0002a10c	24f00704	bic r4,r4,#0x7
0002a0b8	FUN_0002a0b8	0002a110	241d	adds r4,r4,#0x4
0002a0b8	FUN_0002a0b8	0002a112	3460	str r4,[r6,#0x0]
0002a0b8	FUN_0002a0b8	0002a114	0124	movs r4,#0x1
0002a0b8	FUN_0002a0b8	0002a116	9440	lsls r4,r2
0002a0b8	FUN_0002a0b8	0002a118	0b4a	ldr r2,[0x0002a148]
0002a0b8	FUN_0002a0b8	0002a11a	1460	str r4,[r2,#0x0]
0002a0b8	FUN_0002a0b8	0002a11c	0022	movs r2,#0x0
0002a0b8	FUN_0002a0b8	0002a11e	0260	str r2,[r0,#0x0]
0002a0b8	FUN_0002a0b8	0002a120	0868	ldr r0,[r1,#0x0]
0002a0b8	FUN_0002a0b8	0002a122	c005	lsls r0,r0,#0x17
0002a0b8	FUN_0002a0b8	0002a124	fcd5	bpl 0x0002a120
0002a0b8	FUN_0002a0b8	0002a126	1020	movs r0,#0x10
0002a0b8	FUN_0002a0b8	0002a128	ccf80000	str.w r0,[r12,#0x0]
0002a0b8	FUN_0002a0b8	0002a12c	2868	ldr r0,[r5,#0x0]
0002a0b8	FUN_0002a0b8	0002a12e	1843	orrs r0,r3
0002a0b8	FUN_0002a0b8	0002a130	2860	str r0,[r5,#0x0]
0002a0b8	FUN_0002a0b8	0002a132	3068	ldr r0,[r6,#0x0]
0002a0b8	FUN_0002a0b8	0002a134	40f48030	orr r0,r0,#0x10000
0002a0b8	FUN_0002a0b8	0002a138	3060	str r0,[r6,#0x0]
0002a0b8	FUN_0002a0b8	0002a13a	cef80070	str.w r7,[lr,#0x0]
0002a0b8	FUN_0002a0b8	0002a13e	f0bd	pop {r4,r5,r6,r7,pc}
0002a14c	FUN_0002a14c	0002a14c	70b5	push {r4,r5,r6,lr}
0002a14c	FUN_0002a14c	0002a14e	594c	ldr r4,[0x0002a2b4]
0002a14c	FUN_0002a14c	0002a150	54f8c43f	ldr.w r3,[r4,#0xc4]!
0002a14c	FUN_0002a14c	0002a154	8d04	lsls r5,r1,#0x12
0002a14c	FUN_0002a14c	0002a156	c3f30443	ubfx r3,r3,#0x10,#0x5
0002a14c	FUN_0002a14c	0002a15a	03ebc301	add.w r1,r3,r3, lsl #0x3
0002a14c	FUN_0002a14c	0002a15e	ce00	lsls r6,r1,#0x3
0002a14c	FUN_0002a14c	0002a160	5549	ldr r1,[0x0002a2b8]
0002a14c	FUN_0002a14c	0002a162	3144	add r1,r6
0002a14c	FUN_0002a14c	0002a164	c1f82853	str.w r5,[r1,#0x328]
0002a14c	FUN_0002a14c	0002a168	1204	lsls r2,r2,#0x10
0002a14c	FUN_0002a14c	0002a16a	c1f82c23	str.w r2,[r1,#0x32c]
0002a14c	FUN_0002a14c	0002a16e	c578	ldrb r5,[r0,#0x3]
0002a14c	FUN_0002a14c	0002a170	0268	ldr r2,[r0,#0x0]
0002a14c	FUN_0002a14c	0002a172	65f31f62	bfi r2,r5,#0x18,#0x8
0002a14c	FUN_0002a14c	0002a176	c1f83023	str.w r2,[r1,#0x330]
0002a14c	FUN_0002a14c	0002a17a	c279	ldrb r2,[r0,#0x7]
0002a14c	FUN_0002a14c	0002a17c	4068	ldr r0,[r0,#0x4]
0002a14c	FUN_0002a14c	0002a17e	62f31f60	bfi r0,r2,#0x18,#0x8
0002a14c	FUN_0002a14c	0002a182	c1f83403	str.w r0,[r1,#0x334]
0002a14c	FUN_0002a14c	0002a186	0120	movs r0,#0x1
0002a14c	FUN_0002a14c	0002a188	9840	lsls r0,r3
0002a14c	FUN_0002a14c	0002a18a	e060	str r0,[r4,#0xc]
0002a14c	FUN_0002a14c	0002a18c	70bd	pop {r4,r5,r6,pc}
0002a18e	FUN_0002a18e	0002a18e	f0b5	push {r4,r5,r6,r7,lr}
0002a18e	FUN_0002a18e	0002a190	484e	ldr r6,[0x0002a2b4]
0002a18e	FUN_0002a18e	0002a192	d6f8c440	ldr.w r4,[r6,#0xc4]
0002a18e	FUN_0002a18e	0002a196	092a	cmp r2,#0x9
0002a18e	FUN_0002a18e	0002a198	c4f30445	ubfx r5,r4,#0x10,#0x5
0002a18e	FUN_0002a18e	0002a19c	01d2	bcs 0x0002a1a2
0002a18e	FUN_0002a18e	0002a19e	1346	mov r3,r2
0002a18e	FUN_0002a18e	0002a1a0	1ae0	b 0x0002a1d8
0002a18e	FUN_0002a18e	0002a1a2	0c2a	cmp r2,#0xc
0002a18e	FUN_0002a18e	0002a1a4	01d8	bhi 0x0002a1aa
0002a18e	FUN_0002a18e	0002a1a6	0923	movs r3,#0x9
0002a18e	FUN_0002a18e	0002a1a8	16e0	b 0x0002a1d8
0002a18e	FUN_0002a18e	0002a1aa	102a	cmp r2,#0x10
0002a18e	FUN_0002a18e	0002a1ac	01d8	bhi 0x0002a1b2
0002a18e	FUN_0002a18e	0002a1ae	0a23	movs r3,#0xa
0002a18e	FUN_0002a18e	0002a1b0	12e0	b 0x0002a1d8
0002a18e	FUN_0002a18e	0002a1b2	142a	cmp r2,#0x14
0002a18e	FUN_0002a18e	0002a1b4	01d8	bhi 0x0002a1ba
0002a18e	FUN_0002a18e	0002a1b6	0b23	movs r3,#0xb
0002a18e	FUN_0002a18e	0002a1b8	0ee0	b 0x0002a1d8
0002a18e	FUN_0002a18e	0002a1ba	182a	cmp r2,#0x18
0002a18e	FUN_0002a18e	0002a1bc	01d8	bhi 0x0002a1c2
0002a18e	FUN_0002a18e	0002a1be	0c23	movs r3,#0xc
0002a18e	FUN_0002a18e	0002a1c0	0ae0	b 0x0002a1d8
0002a18e	FUN_0002a18e	0002a1c2	202a	cmp r2,#0x20
0002a18e	FUN_0002a18e	0002a1c4	01d8	bhi 0x0002a1ca
0002a18e	FUN_0002a18e	0002a1c6	0d23	movs r3,#0xd
0002a18e	FUN_0002a18e	0002a1c8	06e0	b 0x0002a1d8
0002a18e	FUN_0002a18e	0002a1ca	302a	cmp r2,#0x30
0002a18e	FUN_0002a18e	0002a1cc	01d8	bhi 0x0002a1d2
0002a18e	FUN_0002a18e	0002a1ce	0e23	movs r3,#0xe
0002a18e	FUN_0002a18e	0002a1d0	02e0	b 0x0002a1d8
0002a18e	FUN_0002a18e	0002a1d2	402a	cmp r2,#0x40
0002a18e	FUN_0002a18e	0002a1d4	00d8	bhi 0x0002a1d8
0002a18e	FUN_0002a18e	0002a1d6	0f23	movs r3,#0xf
0002a18e	FUN_0002a18e	0002a1d8	8c04	lsls r4,r1,#0x12
0002a18e	FUN_0002a18e	0002a1da	05ebc501	add.w r1,r5,r5, lsl #0x3
0002a18e	FUN_0002a18e	0002a1de	cf00	lsls r7,r1,#0x3
0002a18e	FUN_0002a18e	0002a1e0	3549	ldr r1,[0x0002a2b8]
0002a18e	FUN_0002a18e	0002a1e2	3944	add r1,r7
0002a18e	FUN_0002a18e	0002a1e4	c1f82843	str.w r4,[r1,#0x328]
0002a18e	FUN_0002a18e	0002a1e8	4ff40014	mov.w r4,#0x200000
0002a18e	FUN_0002a18e	0002a1ec	44ea0343	orr.w r3,r4,r3, lsl #0x10
0002a18e	FUN_0002a18e	0002a1f0	c1f82c33	str.w r3,[r1,#0x32c]
0002a18e	FUN_0002a18e	0002a1f4	314b	ldr r3,[0x0002a2bc]
0002a18e	FUN_0002a18e	0002a1f6	05ebc501	add.w r1,r5,r5, lsl #0x3
0002a18e	FUN_0002a18e	0002a1fa	03ebc103	add.w r3,r3,r1, lsl #0x3
0002a18e	FUN_0002a18e	0002a1fe	0021	movs r1,#0x0
0002a18e	FUN_0002a18e	0002a200	07e0	b 0x0002a212
0002a18e	FUN_0002a18e	0002a202	4418	adds r4,r0,r1
0002a18e	FUN_0002a18e	0002a204	091d	adds r1,r1,#0x4
0002a18e	FUN_0002a18e	0002a206	e778	ldrb r7,[r4,#0x3]
0002a18e	FUN_0002a18e	0002a208	2468	ldr r4,[r4,#0x0]
0002a18e	FUN_0002a18e	0002a20a	c9b2	uxtb r1,r1
0002a18e	FUN_0002a18e	0002a20c	67f31f64	bfi r4,r7,#0x18,#0x8
0002a18e	FUN_0002a18e	0002a210	10c3	stmia r3!,{r4}
0002a18e	FUN_0002a18e	0002a212	9142	cmp r1,r2
0002a18e	FUN_0002a18e	0002a214	f5d3	bcc 0x0002a202
0002a18e	FUN_0002a18e	0002a216	0120	movs r0,#0x1
0002a18e	FUN_0002a18e	0002a218	a840	lsls r0,r5
0002a18e	FUN_0002a18e	0002a21a	c6f8d000	str.w r0,[r6,#0xd0]
0002a18e	FUN_0002a18e	0002a21e	f0bd	pop {r4,r5,r6,r7,pc}
0002a220	FUN_0002a220	0002a220	f0b5	push {r4,r5,r6,r7,lr}
0002a220	FUN_0002a220	0002a222	244e	ldr r6,[0x0002a2b4]
0002a220	FUN_0002a220	0002a224	d6f8c440	ldr.w r4,[r6,#0xc4]
0002a220	FUN_0002a220	0002a228	092a	cmp r2,#0x9
0002a220	FUN_0002a220	0002a22a	c4f30445	ubfx r5,r4,#0x10,#0x5
0002a220	FUN_0002a220	0002a22e	01d2	bcs 0x0002a234
0002a220	FUN_0002a220	0002a230	1346	mov r3,r2
0002a220	FUN_0002a220	0002a232	1ae0	b 0x0002a26a
0002a220	FUN_0002a220	0002a234	0c2a	cmp r2,#0xc
0002a220	FUN_0002a220	0002a236	01d8	bhi 0x0002a23c
0002a220	FUN_0002a220	0002a238	0923	movs r3,#0x9
0002a220	FUN_0002a220	0002a23a	16e0	b 0x0002a26a
0002a220	FUN_0002a220	0002a23c	102a	cmp r2,#0x10
0002a220	FUN_0002a220	0002a23e	01d8	bhi 0x0002a244
0002a220	FUN_0002a220	0002a240	0a23	movs r3,#0xa
0002a220	FUN_0002a220	0002a242	12e0	b 0x0002a26a
0002a220	FUN_0002a220	0002a244	142a	cmp r2,#0x14
0002a220	FUN_0002a220	0002a246	01d8	bhi 0x0002a24c
0002a220	FUN_0002a220	0002a248	0b23	movs r3,#0xb
0002a220	FUN_0002a220	0002a24a	0ee0	b 0x0002a26a
0002a220	FUN_0002a220	0002a24c	182a	cmp r2,#0x18
0002a220	FUN_0002a220	0002a24e	01d8	bhi 0x0002a254
0002a220	FUN_0002a220	0002a250	0c23	movs r3,#0xc
0002a220	FUN_0002a220	0002a252	0ae0	b 0x0002a26a
0002a220	FUN_0002a220	0002a254	202a	cmp r2,#0x20
0002a220	FUN_0002a220	0002a256	01d8	bhi 0x0002a25c
0002a220	FUN_0002a220	0002a258	0d23	movs r3,#0xd
0002a220	FUN_0002a220	0002a25a	06e0	b 0x0002a26a
0002a220	FUN_0002a220	0002a25c	302a	cmp r2,#0x30
0002a220	FUN_0002a220	0002a25e	01d8	bhi 0x0002a264
0002a220	FUN_0002a220	0002a260	0e23	movs r3,#0xe
0002a220	FUN_0002a220	0002a262	02e0	b 0x0002a26a
0002a220	FUN_0002a220	0002a264	402a	cmp r2,#0x40
0002a220	FUN_0002a220	0002a266	00d8	bhi 0x0002a26a
0002a220	FUN_0002a220	0002a268	0f23	movs r3,#0xf
0002a220	FUN_0002a220	0002a26a	8c04	lsls r4,r1,#0x12
0002a220	FUN_0002a220	0002a26c	05ebc501	add.w r1,r5,r5, lsl #0x3
0002a220	FUN_0002a220	0002a270	cf00	lsls r7,r1,#0x3
0002a220	FUN_0002a220	0002a272	1149	ldr r1,[0x0002a2b8]
0002a220	FUN_0002a220	0002a274	3944	add r1,r7
0002a220	FUN_0002a220	0002a276	c1f82843	str.w r4,[r1,#0x328]
0002a220	FUN_0002a220	0002a27a	4ff44014	mov.w r4,#0x300000
0002a220	FUN_0002a220	0002a27e	44ea0343	orr.w r3,r4,r3, lsl #0x10
0002a220	FUN_0002a220	0002a282	c1f82c33	str.w r3,[r1,#0x32c]
0002a220	FUN_0002a220	0002a286	0d4b	ldr r3,[0x0002a2bc]
0002a220	FUN_0002a220	0002a288	05ebc501	add.w r1,r5,r5, lsl #0x3
0002a220	FUN_0002a220	0002a28c	03ebc103	add.w r3,r3,r1, lsl #0x3
0002a220	FUN_0002a220	0002a290	0021	movs r1,#0x0
0002a220	FUN_0002a220	0002a292	07e0	b 0x0002a2a4
0002a220	FUN_0002a220	0002a294	4418	adds r4,r0,r1
0002a220	FUN_0002a220	0002a296	091d	adds r1,r1,#0x4
0002a220	FUN_0002a220	0002a298	e778	ldrb r7,[r4,#0x3]
0002a220	FUN_0002a220	0002a29a	2468	ldr r4,[r4,#0x0]
0002a220	FUN_0002a220	0002a29c	c9b2	uxtb r1,r1
0002a220	FUN_0002a220	0002a29e	67f31f64	bfi r4,r7,#0x18,#0x8
0002a220	FUN_0002a220	0002a2a2	10c3	stmia r3!,{r4}
0002a220	FUN_0002a220	0002a2a4	9142	cmp r1,r2
0002a220	FUN_0002a220	0002a2a6	f5d3	bcc 0x0002a294
0002a220	FUN_0002a220	0002a2a8	0120	movs r0,#0x1
0002a220	FUN_0002a220	0002a2aa	a840	lsls r0,r5
0002a220	FUN_0002a220	0002a2ac	c6f8d000	str.w r0,[r6,#0xd0]
0002a220	FUN_0002a220	0002a2b0	f0bd	pop {r4,r5,r6,r7,pc}
0002a2c0	FUN_0002a2c0	0002a2c0	0eb5	push {r1,r2,r3,lr}
0002a2c0	FUN_0002a2c0	0002a2c2	9fed421a	vldr.32 s2,[pc,#0x108]
0002a2c0	FUN_0002a2c0	0002a2c6	20ee010a	vmul.f32 s0,s0,s2
0002a2c0	FUN_0002a2c0	0002a2ca	b6ee001a	vmov.f32 s2,0x3f000000
0002a2c0	FUN_0002a2c0	0002a2ce	00ee810a	vmla.f32 s0,s1,s2
0002a2c0	FUN_0002a2c0	0002a2d2	30ee601a	vsub.f32 s2,s0,s1
0002a2c0	FUN_0002a2c0	0002a2d6	b5eec00a	vcmpe.f32 s0,#0
0002a2c0	FUN_0002a2c0	0002a2da	f1ee10fa	vmrs apsr,fpscr
0002a2c0	FUN_0002a2c0	0002a2de	01dd	ble 0x0002a2e4
0002a2c0	FUN_0002a2c0	0002a2e0	0220	movs r0,#0x2
0002a2c0	FUN_0002a2c0	0002a2e2	00e0	b 0x0002a2e6
0002a2c0	FUN_0002a2c0	0002a2e4	0320	movs r0,#0x3
0002a2c0	FUN_0002a2c0	0002a2e6	adf80000	strh.w r0,[sp,#0x0]
0002a2c0	FUN_0002a2c0	0002a2ea	b5eec01a	vcmpe.f32 s2,#0
0002a2c0	FUN_0002a2c0	0002a2ee	bdf80000	ldrh.w r0,[sp,#0x0]
0002a2c0	FUN_0002a2c0	0002a2f2	f1ee10fa	vmrs apsr,fpscr
0002a2c0	FUN_0002a2c0	0002a2f6	00dd	ble 0x0002a2fa
0002a2c0	FUN_0002a2c0	0002a2f8	401e	subs r0,r0,#0x1
0002a2c0	FUN_0002a2c0	0002a2fa	adf80000	strh.w r0,[sp,#0x0]
0002a2c0	FUN_0002a2c0	0002a2fe	f5eec00a	vcmpe.f32 s1,#0
0002a2c0	FUN_0002a2c0	0002a302	bdf80000	ldrh.w r0,[sp,#0x0]
0002a2c0	FUN_0002a2c0	0002a306	f1ee10fa	vmrs apsr,fpscr
0002a2c0	FUN_0002a2c0	0002a30a	01d2	bcs 0x0002a310
0002a2c0	FUN_0002a2c0	0002a30c	c0f10700	rsb.w r0,r0,#0x7
0002a2c0	FUN_0002a2c0	0002a310	adf80000	strh.w r0,[sp,#0x0]
0002a2c0	FUN_0002a2c0	0002a314	bdf80000	ldrh.w r0,[sp,#0x0]
0002a2c0	FUN_0002a2c0	0002a318	0728	cmp r0,#0x7
0002a2c0	FUN_0002a2c0	0002a31a	50d2	bcs 0x0002a3be
0002a2c0	FUN_0002a2c0	0002a31c	dfe800f0	tbb [pc,r0]
0002a2c0	FUN_0002a2c0	0002a328	70eec10a	vsub.f32 s1,s1,s2
0002a2c0	FUN_0002a2c0	0002a32c	8dec020a	vstmia sp,{s0,s1}
0002a2c0	FUN_0002a2c0	0002a330	42e0	b 0x0002a3b8
0002a2c0	FUN_0002a2c0	0002a332	31ee000a	vadd.f32 s0,s2,s0
0002a2c0	FUN_0002a2c0	0002a336	8dec020a	vstmia sp,{s0,s1}
0002a2c0	FUN_0002a2c0	0002a33a	b1ee600a	vneg.f32 s0,s1
0002a2c0	FUN_0002a2c0	0002a33e	8ded020a	vstr.32 s0,[sp,#0x8]
0002a2c0	FUN_0002a2c0	0002a342	f0ee400a	vmov.f32 s1,s0
0002a2c0	FUN_0002a2c0	0002a346	b7ee000a	vmov.f32 s0,0x3f800000
0002a2c0	FUN_0002a2c0	0002a34a	30ee601a	vsub.f32 s2,s0,s1
0002a2c0	FUN_0002a2c0	0002a34e	dfed200a	vldr.32 s1,[pc,#0x80]
0002a2c0	FUN_0002a2c0	0002a352	21ee201a	vmul.f32 s2,s2,s1
0002a2c0	FUN_0002a2c0	0002a356	bceec11a	vcvt.u32.f32 s2,s2
0002a2c0	FUN_0002a2c0	0002a35a	11ee100a	vmov r0,s2
0002a2c0	FUN_0002a2c0	0002a35e	adf80800	strh.w r0,[sp,#0x8]
0002a2c0	FUN_0002a2c0	0002a362	bdf80810	ldrh.w r1,[sp,#0x8]
0002a2c0	FUN_0002a2c0	0002a366	1b48	ldr r0,[0x0002a3d4]
0002a2c0	FUN_0002a2c0	0002a368	8182	strh r1,[r0,#0x14]
0002a2c0	FUN_0002a2c0	0002a36a	9ded011a	vldr.32 s2,[sp,#0x4]
0002a2c0	FUN_0002a2c0	0002a36e	30ee411a	vsub.f32 s2,s0,s2
0002a2c0	FUN_0002a2c0	0002a372	21ee201a	vmul.f32 s2,s2,s1
0002a2c0	FUN_0002a2c0	0002a376	bceec11a	vcvt.u32.f32 s2,s2
0002a2c0	FUN_0002a2c0	0002a37a	11ee101a	vmov r1,s2
0002a2c0	FUN_0002a2c0	0002a37e	adf80810	strh.w r1,[sp,#0x8]
0002a2c0	FUN_0002a2c0	0002a382	bdf80810	ldrh.w r1,[sp,#0x8]
0002a2c0	FUN_0002a2c0	0002a386	8181	strh r1,[r0,#0xc]
0002a2c0	FUN_0002a2c0	0002a388	9ded001a	vldr.32 s2,[sp]
0002a2c0	FUN_0002a2c0	0002a38c	30ee410a	vsub.f32 s0,s0,s2
0002a2c0	FUN_0002a2c0	0002a390	20ee200a	vmul.f32 s0,s0,s1
0002a2c0	FUN_0002a2c0	0002a394	bceec00a	vcvt.u32.f32 s0,s0
0002a2c0	FUN_0002a2c0	0002a398	10ee101a	vmov r1,s0
0002a2c0	FUN_0002a2c0	0002a39c	adf80810	strh.w r1,[sp,#0x8]
0002a2c0	FUN_0002a2c0	0002a3a0	bdf80810	ldrh.w r1,[sp,#0x8]
0002a2c0	FUN_0002a2c0	0002a3a4	8180	strh r1,[r0,#0x4]
0002a2c0	FUN_0002a2c0	0002a3a6	0ebd	pop {r1,r2,r3,pc}
0002a2c0	FUN_0002a2c0	0002a3a8	8ded001a	vstr.32 s2,[sp]
0002a2c0	FUN_0002a2c0	0002a3ac	30ee800a	vadd.f32 s0,s1,s0
0002a2c0	FUN_0002a2c0	0002a3b0	b1ee411a	vneg.f32 s2,s2
0002a2c0	FUN_0002a2c0	0002a3b4	8ded011a	vstr.32 s2,[sp,#0x4]
0002a2c0	FUN_0002a2c0	0002a3b8	b1ee400a	vneg.f32 s0,s0
0002a2c0	FUN_0002a2c0	0002a3bc	bfe7	b 0x0002a33e
0002a2c0	FUN_0002a2c0	0002a3be	9fed060a	vldr.32 s0,[pc,#0x18]
0002a2c0	FUN_0002a2c0	0002a3c2	8ded000a	vstr.32 s0,[sp]
0002a2c0	FUN_0002a2c0	0002a3c6	8ded010a	vstr.32 s0,[sp,#0x4]
0002a2c0	FUN_0002a2c0	0002a3ca	b8e7	b 0x0002a33e
0002a448	FUN_0002a448	0002a448	9fedd30a	vldr.32 s0,[pc,#0x34c]
0002a448	FUN_0002a448	0002a44c	d348	ldr r0,[0x0002a79c]
0002a448	FUN_0002a448	0002a44e	d949	ldr r1,[0x0002a7b4]
0002a448	FUN_0002a448	0002a450	80ed070a	vstr.32 s0,[r0,#0x1c]
0002a448	FUN_0002a448	0002a454	80ed080a	vstr.32 s0,[r0,#0x20]
0002a448	FUN_0002a448	0002a458	80ed0b0a	vstr.32 s0,[r0,#0x2c]
0002a448	FUN_0002a448	0002a45c	d448	ldr r0,[0x0002a7b0]
0002a448	FUN_0002a448	0002a45e	80ed030a	vstr.32 s0,[r0,#0xc]
0002a448	FUN_0002a448	0002a462	81ed030a	vstr.32 s0,[r1,#0xc]
0002a448	FUN_0002a448	0002a466	80ed050a	vstr.32 s0,[r0,#0x14]
0002a448	FUN_0002a448	0002a46a	81ed050a	vstr.32 s0,[r1,#0x14]
0002a448	FUN_0002a448	0002a46e	80ed060a	vstr.32 s0,[r0,#0x18]
0002a448	FUN_0002a448	0002a472	81ed060a	vstr.32 s0,[r1,#0x18]
0002a448	FUN_0002a448	0002a476	80ed0d0a	vstr.32 s0,[r0,#0x34]
0002a448	FUN_0002a448	0002a47a	81ed0d0a	vstr.32 s0,[r1,#0x34]
0002a448	FUN_0002a448	0002a47e	80ed0e0a	vstr.32 s0,[r0,#0x38]
0002a448	FUN_0002a448	0002a482	81ed0e0a	vstr.32 s0,[r1,#0x38]
0002a448	FUN_0002a448	0002a486	80ed100a	vstr.32 s0,[r0,#0x40]
0002a448	FUN_0002a448	0002a48a	81ed100a	vstr.32 s0,[r1,#0x40]
0002a448	FUN_0002a448	0002a48e	80ed0f0a	vstr.32 s0,[r0,#0x3c]
0002a448	FUN_0002a448	0002a492	c548	ldr r0,[0x0002a7a8]
0002a448	FUN_0002a448	0002a494	81ed0f0a	vstr.32 s0,[r1,#0x3c]
0002a448	FUN_0002a448	0002a498	80ed020a	vstr.32 s0,[r0,#0x8]
0002a448	FUN_0002a448	0002a49c	80ed040a	vstr.32 s0,[r0,#0x10]
0002a448	FUN_0002a448	0002a4a0	80ed070a	vstr.32 s0,[r0,#0x1c]
0002a448	FUN_0002a448	0002a4a4	80ed050a	vstr.32 s0,[r0,#0x14]
0002a448	FUN_0002a448	0002a4a8	80ed060a	vstr.32 s0,[r0,#0x18]
0002a448	FUN_0002a448	0002a4ac	bf48	ldr r0,[0x0002a7ac]
0002a448	FUN_0002a448	0002a4ae	80ed020a	vstr.32 s0,[r0,#0x8]
0002a448	FUN_0002a448	0002a4b2	80ed040a	vstr.32 s0,[r0,#0x10]
0002a448	FUN_0002a448	0002a4b6	80ed070a	vstr.32 s0,[r0,#0x1c]
0002a448	FUN_0002a448	0002a4ba	80ed050a	vstr.32 s0,[r0,#0x14]
0002a448	FUN_0002a448	0002a4be	80ed060a	vstr.32 s0,[r0,#0x18]
0002a448	FUN_0002a448	0002a4c2	7047	bx lr
0002a65e	FUN_0002a65e	0002a65e	90ed000a	vldr.32 s0,[r0]
0002a65e	FUN_0002a65e	0002a662	d0ed051a	vldr.32 s3,[r0,#0x14]
0002a65e	FUN_0002a65e	0002a666	30ee610a	vsub.f32 s0,s0,s3
0002a65e	FUN_0002a65e	0002a66a	80ed020a	vstr.32 s0,[r0,#0x8]
0002a65e	FUN_0002a65e	0002a66e	d0ed030a	vldr.32 s1,[r0,#0xc]
0002a65e	FUN_0002a65e	0002a672	70ee600a	vsub.f32 s1,s0,s1
0002a65e	FUN_0002a65e	0002a676	9fed591a	vldr.32 s2,[pc,#0x164]
0002a65e	FUN_0002a65e	0002a67a	20ee811a	vmul.f32 s2,s1,s2
0002a65e	FUN_0002a65e	0002a67e	80ed041a	vstr.32 s2,[r0,#0x10]
0002a65e	FUN_0002a65e	0002a682	80ed030a	vstr.32 s0,[r0,#0xc]
0002a65e	FUN_0002a65e	0002a686	d0ed060a	vldr.32 s1,[r0,#0x18]
0002a65e	FUN_0002a65e	0002a68a	90ed082a	vldr.32 s4,[r0,#0x20]
0002a65e	FUN_0002a65e	0002a68e	d0ed0a2a	vldr.32 s5,[r0,#0x28]
0002a65e	FUN_0002a65e	0002a692	b0ee603a	vmov.f32 s6,s1
0002a65e	FUN_0002a65e	0002a696	d0ed013a	vldr.32 s7,[r0,#0x4]
0002a65e	FUN_0002a65e	0002a69a	02ee003a	vmla.f32 s6,s4,s0
0002a65e	FUN_0002a65e	0002a69e	02ee001a	vmla.f32 s2,s4,s0
0002a65e	FUN_0002a65e	0002a6a2	02eea33a	vmla.f32 s6,s5,s7
0002a65e	FUN_0002a65e	0002a6a6	d0ed072a	vldr.32 s5,[r0,#0x1c]
0002a65e	FUN_0002a65e	0002a6aa	42ee831a	vmla.f32 s3,s5,s6
0002a65e	FUN_0002a65e	0002a6ae	c0ed051a	vstr.32 s3,[r0,#0x14]
0002a65e	FUN_0002a65e	0002a6b2	d0ed091a	vldr.32 s3,[r0,#0x24]
0002a65e	FUN_0002a65e	0002a6b6	62eea11a	vmul.f32 s3,s5,s3
0002a65e	FUN_0002a65e	0002a6ba	41ee810a	vmla.f32 s1,s3,s2
0002a65e	FUN_0002a65e	0002a6be	c0ed060a	vstr.32 s1,[r0,#0x18]
0002a65e	FUN_0002a65e	0002a6c2	90ed0b0a	vldr.32 s0,[r0,#0x2c]
0002a65e	FUN_0002a65e	0002a6c6	20ee800a	vmul.f32 s0,s1,s0
0002a65e	FUN_0002a65e	0002a6ca	80ed0c0a	vstr.32 s0,[r0,#0x30]
0002a65e	FUN_0002a65e	0002a6ce	d0ed0e0a	vldr.32 s1,[r0,#0x38]
0002a65e	FUN_0002a65e	0002a6d2	b4eee00a	vcmpe.f32 s0,s1
0002a65e	FUN_0002a65e	0002a6d6	f1ee10fa	vmrs apsr,fpscr
0002a65e	FUN_0002a65e	0002a6da	02dc	bgt 0x0002a6e2
0002a65e	FUN_0002a65e	0002a6dc	f0ee400a	vmov.f32 s1,s0
0002a65e	FUN_0002a65e	0002a6e0	01e0	b 0x0002a6e6
0002a65e	FUN_0002a65e	0002a6e2	c0ed0c0a	vstr.32 s1,[r0,#0x30]
0002a65e	FUN_0002a65e	0002a6e6	90ed0d0a	vldr.32 s0,[r0,#0x34]
0002a65e	FUN_0002a65e	0002a6ea	f4eec00a	vcmpe.f32 s1,s0
0002a65e	FUN_0002a65e	0002a6ee	f1ee10fa	vmrs apsr,fpscr
0002a65e	FUN_0002a65e	0002a6f2	01d2	bcs 0x0002a6f8
0002a65e	FUN_0002a65e	0002a6f4	80ed0c0a	vstr.32 s0,[r0,#0x30]
0002a65e	FUN_0002a65e	0002a6f8	7047	bx lr
0002a6fa	FUN_0002a6fa	0002a6fa	90ed020a	vldr.32 s0,[r0,#0x8]
0002a6fa	FUN_0002a6fa	0002a6fe	d0ed050a	vldr.32 s1,[r0,#0x14]
0002a6fa	FUN_0002a6fa	0002a702	30ee600a	vsub.f32 s0,s0,s1
0002a6fa	FUN_0002a6fa	0002a706	80ed030a	vstr.32 s0,[r0,#0xc]
0002a6fa	FUN_0002a6fa	0002a70a	d0ed041a	vldr.32 s3,[r0,#0x10]
0002a6fa	FUN_0002a6fa	0002a70e	90ed061a	vldr.32 s2,[r0,#0x18]
0002a6fa	FUN_0002a6fa	0002a712	90ed0f2a	vldr.32 s4,[r0,#0x3c]
0002a6fa	FUN_0002a6fa	0002a716	41ee810a	vmla.f32 s1,s3,s2
0002a6fa	FUN_0002a6fa	0002a71a	d0ed0b1a	vldr.32 s3,[r0,#0x2c]
0002a6fa	FUN_0002a6fa	0002a71e	41ee800a	vmla.f32 s1,s3,s0
0002a6fa	FUN_0002a6fa	0002a722	d0ed0a1a	vldr.32 s3,[r0,#0x28]
0002a6fa	FUN_0002a6fa	0002a726	41ee820a	vmla.f32 s1,s3,s4
0002a6fa	FUN_0002a6fa	0002a72a	c0ed050a	vstr.32 s1,[r0,#0x14]
0002a6fa	FUN_0002a6fa	0002a72e	d0ed0c1a	vldr.32 s3,[r0,#0x30]
0002a6fa	FUN_0002a6fa	0002a732	01ee801a	vmla.f32 s2,s3,s0
0002a6fa	FUN_0002a6fa	0002a736	80ed061a	vstr.32 s2,[r0,#0x18]
0002a6fa	FUN_0002a6fa	0002a73a	90ed010a	vldr.32 s0,[r0,#0x4]
0002a6fa	FUN_0002a6fa	0002a73e	30ee600a	vsub.f32 s0,s0,s1
0002a6fa	FUN_0002a6fa	0002a742	80ed0d0a	vstr.32 s0,[r0,#0x34]
0002a6fa	FUN_0002a6fa	0002a746	d0ed000a	vldr.32 s1,[r0]
0002a6fa	FUN_0002a6fa	0002a74a	20ee800a	vmul.f32 s0,s1,s0
0002a6fa	FUN_0002a6fa	0002a74e	80ed0e0a	vstr.32 s0,[r0,#0x38]
0002a6fa	FUN_0002a6fa	0002a752	30ee410a	vsub.f32 s0,s0,s2
0002a6fa	FUN_0002a6fa	0002a756	d0ed090a	vldr.32 s1,[r0,#0x24]
0002a6fa	FUN_0002a6fa	0002a75a	20ee200a	vmul.f32 s0,s0,s1
0002a6fa	FUN_0002a6fa	0002a75e	80ed0f0a	vstr.32 s0,[r0,#0x3c]
0002a6fa	FUN_0002a6fa	0002a762	d0ed110a	vldr.32 s1,[r0,#0x44]
0002a6fa	FUN_0002a6fa	0002a766	b4eee00a	vcmpe.f32 s0,s1
0002a6fa	FUN_0002a6fa	0002a76a	f1ee10fa	vmrs apsr,fpscr
0002a6fa	FUN_0002a6fa	0002a76e	02d3	bcc 0x0002a776
0002a6fa	FUN_0002a6fa	0002a770	f0ee400a	vmov.f32 s1,s0
0002a6fa	FUN_0002a6fa	0002a774	01e0	b 0x0002a77a
0002a6fa	FUN_0002a6fa	0002a776	c0ed0f0a	vstr.32 s1,[r0,#0x3c]
0002a6fa	FUN_0002a6fa	0002a77a	90ed120a	vldr.32 s0,[r0,#0x48]
0002a6fa	FUN_0002a6fa	0002a77e	f4eec00a	vcmpe.f32 s1,s0
0002a6fa	FUN_0002a6fa	0002a782	f1ee10fa	vmrs apsr,fpscr
0002a6fa	FUN_0002a6fa	0002a786	02dc	bgt 0x0002a78e
0002a6fa	FUN_0002a6fa	0002a788	b0ee600a	vmov.f32 s0,s1
0002a6fa	FUN_0002a6fa	0002a78c	01e0	b 0x0002a792
0002a6fa	FUN_0002a6fa	0002a78e	80ed0f0a	vstr.32 s0,[r0,#0x3c]
0002a6fa	FUN_0002a6fa	0002a792	80ed100a	vstr.32 s0,[r0,#0x40]
0002a6fa	FUN_0002a6fa	0002a796	7047	bx lr
0002a98c	FUN_0002a98c	0002a98c	10b5	push {r4,lr}
0002a98c	FUN_0002a98c	0002a98e	9fed6b1a	vldr.32 s2,[pc,#0x1ac]
0002a98c	FUN_0002a98c	0002a992	dfed6b0a	vldr.32 s1,[pc,#0x1ac]
0002a98c	FUN_0002a98c	0002a996	40ee010a	vmla.f32 s1,s0,s2
0002a98c	FUN_0002a98c	0002a99a	10ee902a	vmov r2,s1
0002a98c	FUN_0002a98c	0002a99e	b2f18a4f	cmp.w r2,#0x45000000
0002a98c	FUN_0002a98c	0002a9a2	04d0	beq 0x0002a9ae
0002a98c	FUN_0002a98c	0002a9a4	f5eec00a	vcmpe.f32 s1,#0
0002a98c	FUN_0002a98c	0002a9a8	f1ee10fa	vmrs apsr,fpscr
0002a98c	FUN_0002a98c	0002a9ac	08d1	bne 0x0002a9c0
0002a98c	FUN_0002a98c	0002a9ae	9fed650a	vldr.32 s0,[pc,#0x194]
0002a98c	FUN_0002a98c	0002a9b2	80ed000a	vstr.32 s0,[r0]
0002a98c	FUN_0002a98c	0002a9b6	bfee000a	vmov.f32 s0,0xbf800000
0002a98c	FUN_0002a98c	0002a9ba	81ed000a	vstr.32 s0,[r1]
0002a98c	FUN_0002a98c	0002a9be	10bd	pop {r4,pc}
0002a98c	FUN_0002a98c	0002a9c0	bceee00a	vcvt.u32.f32 s0,s1
0002a98c	FUN_0002a98c	0002a9c4	604c	ldr r4,[0x0002ab48]
0002a98c	FUN_0002a98c	0002a9c6	10ee102a	vmov r2,s0
0002a98c	FUN_0002a98c	0002a9ca	92b2	uxth r2,r2
0002a98c	FUN_0002a98c	0002a9cc	00ee102a	vmov s0,r2
0002a98c	FUN_0002a98c	0002a9d0	04eb8203	add.w r3,r4,r2, lsl #0x2
0002a98c	FUN_0002a98c	0002a9d4	02f50072	add.w r2,r2,#0x200
0002a98c	FUN_0002a98c	0002a9d8	b8ee400a	vcvt.f32.u32 s0,s0
0002a98c	FUN_0002a98c	0002a9dc	30eec00a	vsub.f32 s0,s1,s0
0002a98c	FUN_0002a98c	0002a9e0	d3ec020a	vldmia r3,{s1,s2}
0002a98c	FUN_0002a98c	0002a9e4	31ee601a	vsub.f32 s2,s2,s1
0002a98c	FUN_0002a98c	0002a9e8	40ee010a	vmla.f32 s1,s0,s2
0002a98c	FUN_0002a98c	0002a9ec	c0ed000a	vstr.32 s1,[r0]
0002a98c	FUN_0002a98c	0002a9f0	c2f30a00	ubfx r0,r2,#0x0,#0xb
0002a98c	FUN_0002a98c	0002a9f4	04eb8000	add.w r0,r4,r0, lsl #0x2
0002a98c	FUN_0002a98c	0002a9f8	d0ec020a	vldmia r0,{s1,s2}
0002a98c	FUN_0002a98c	0002a9fc	31ee601a	vsub.f32 s2,s2,s1
0002a98c	FUN_0002a98c	0002aa00	40ee010a	vmla.f32 s1,s0,s2
0002a98c	FUN_0002a98c	0002aa04	c1ed000a	vstr.32 s1,[r1]
0002a98c	FUN_0002a98c	0002aa08	10bd	pop {r4,pc}
0002aa0a	FUN_0002aa0a	0002aa0a	b4eec10a	vcmpe.f32 s0,s2
0002aa0a	FUN_0002aa0a	0002aa0e	f1ee10fa	vmrs apsr,fpscr
0002aa0a	FUN_0002aa0a	0002aa12	02dd	ble 0x0002aa1a
0002aa0a	FUN_0002aa0a	0002aa14	b0ee410a	vmov.f32 s0,s2
0002aa0a	FUN_0002aa0a	0002aa18	7047	bx lr
0002aa0a	FUN_0002aa0a	0002aa1a	b4eee00a	vcmpe.f32 s0,s1
0002aa0a	FUN_0002aa0a	0002aa1e	f1ee10fa	vmrs apsr,fpscr
0002aa0a	FUN_0002aa0a	0002aa22	f9d2	bcs 0x0002aa18
0002aa0a	FUN_0002aa0a	0002aa24	b0ee600a	vmov.f32 s0,s1
0002aa0a	FUN_0002aa0a	0002aa28	7047	bx lr
0002aa2a	FUN_0002aa2a	0002aa2a	d0ed001a	vldr.32 s3,[r0]
0002aa2a	FUN_0002aa2a	0002aa2e	30eec01a	vsub.f32 s2,s1,s0
0002aa2a	FUN_0002aa2a	0002aa32	f4eee01a	vcmpe.f32 s3,s1
0002aa2a	FUN_0002aa2a	0002aa36	f1ee10fa	vmrs apsr,fpscr
0002aa2a	FUN_0002aa2a	0002aa3a	02dc	bgt 0x0002aa42
0002aa2a	FUN_0002aa2a	0002aa3c	f0ee610a	vmov.f32 s1,s3
0002aa2a	FUN_0002aa2a	0002aa40	03e0	b 0x0002aa4a
0002aa2a	FUN_0002aa2a	0002aa42	71eec10a	vsub.f32 s1,s3,s2
0002aa2a	FUN_0002aa2a	0002aa46	c0ed000a	vstr.32 s1,[r0]
0002aa2a	FUN_0002aa2a	0002aa4a	f4eec00a	vcmpe.f32 s1,s0
0002aa2a	FUN_0002aa2a	0002aa4e	f1ee10fa	vmrs apsr,fpscr
0002aa2a	FUN_0002aa2a	0002aa52	03d2	bcs 0x0002aa5c
0002aa2a	FUN_0002aa2a	0002aa54	30ee810a	vadd.f32 s0,s1,s2
0002aa2a	FUN_0002aa2a	0002aa58	80ed000a	vstr.32 s0,[r0]
0002aa2a	FUN_0002aa2a	0002aa5c	7047	bx lr
0002aa94	FUN_0002aa94	0002aa94	70b5	push {r4,r5,r6,lr}
0002aa94	FUN_0002aa94	0002aa96	0c46	mov r4,r1
0002aa94	FUN_0002aa94	0002aa98	2ded028b	vpush {d8}
0002aa94	FUN_0002aa94	0002aa9c	b0ee408a	vmov.f32 s16,s0
0002aa94	FUN_0002aa94	0002aaa0	90ed000a	vldr.32 s0,[r0]
0002aa94	FUN_0002aa94	0002aaa4	0546	mov r5,r0
0002aa94	FUN_0002aa94	0002aaa6	60ee000a	vmul.f32 s1,s0,s0
0002aa94	FUN_0002aa94	0002aaaa	91ed000a	vldr.32 s0,[r1]
0002aa94	FUN_0002aa94	0002aaae	40ee000a	vmla.f32 s1,s0,s0
0002aa94	FUN_0002aa94	0002aab2	b0ee600a	vmov.f32 s0,s1
0002aa94	FUN_0002aa94	0002aab6	00f065f8	bl 0x0002ab84
0002aa94	FUN_0002aa94	0002aaba	b4eec80a	vcmpe.f32 s0,s16
0002aa94	FUN_0002aa94	0002aabe	f1ee10fa	vmrs apsr,fpscr
0002aa94	FUN_0002aa94	0002aac2	0fdd	ble 0x0002aae4
0002aa94	FUN_0002aa94	0002aac4	d5ed000a	vldr.32 s1,[r5]
0002aa94	FUN_0002aa94	0002aac8	60ee880a	vmul.f32 s1,s1,s16
0002aa94	FUN_0002aa94	0002aacc	80ee801a	vdiv.f32 s2,s1,s0
0002aa94	FUN_0002aa94	0002aad0	85ed001a	vstr.32 s2,[r5]
0002aa94	FUN_0002aa94	0002aad4	d4ed000a	vldr.32 s1,[r4]
0002aa94	FUN_0002aa94	0002aad8	60ee880a	vmul.f32 s1,s1,s16
0002aa94	FUN_0002aa94	0002aadc	80ee801a	vdiv.f32 s2,s1,s0
0002aa94	FUN_0002aa94	0002aae0	84ed001a	vstr.32 s2,[r4]
0002aa94	FUN_0002aa94	0002aae4	bdec028b	vpop {d8}
0002aa94	FUN_0002aa94	0002aae8	70bd	pop {r4,r5,r6,pc}
0002ab7a	thunk_FUN_00023be8	0002ab7a	43f6e93c	movw r12,#0x3be9
0002ab7a	thunk_FUN_00023be8	0002ab7e	c0f2020c	movt r12,#0x2
0002ab7a	thunk_FUN_00023be8	0002ab82	6047	bx r12
0002ab84	thunk_FUN_00023fd0	0002ab84	43f6d17c	movw r12,#0x3fd1
0002ab84	thunk_FUN_00023fd0	0002ab88	c0f2020c	movt r12,#0x2
0002ab84	thunk_FUN_00023fd0	0002ab8c	6047	bx r12
1fff8000	motor_fault_monitor	1fff8000	f0b4	push {r4,r5,r6,r7}
1fff8000	motor_fault_monitor	1fff8002	fd48	ldr r0,[0x1fff83f8]
1fff8000	motor_fault_monitor	1fff8004	fd4c	ldr r4,[0x1fff83fc]
1fff8000	motor_fault_monitor	1fff8006	dff8f8c3	ldr.w r12,[0x1fff8400]
1fff8000	motor_fault_monitor	1fff800a	0368	ldr r3,[r0,#0x0]
1fff8000	motor_fault_monitor	1fff800c	626a	ldr r2,[r4,#0x24]
1fff8000	motor_fault_monitor	1fff800e	0121	movs r1,#0x1
1fff8000	motor_fault_monitor	1fff8010	9342	cmp r3,r2
1fff8000	motor_fault_monitor	1fff8012	05d9	bls 0x1fff8020
1fff8000	motor_fault_monitor	1fff8014	22b1	cbz r2,0x1fff8020
1fff8000	motor_fault_monitor	1fff8016	c0e90021	strd r2,r1,[r0,#0x0]
1fff8000	motor_fault_monitor	1fff801a	0d22	movs r2,#0xd
1fff8000	motor_fault_monitor	1fff801c	ccf88020	str.w r2,[r12,#0x80]
1fff8000	motor_fault_monitor	1fff8020	f84d	ldr r5,[0x1fff8404]
1fff8000	motor_fault_monitor	1fff8022	d4ed020a	vldr.32 s1,[r4,#0x8]
1fff8000	motor_fault_monitor	1fff8026	0023	movs r3,#0x0
1fff8000	motor_fault_monitor	1fff8028	95ed100a	vldr.32 s0,[r5,#0x40]
1fff8000	motor_fault_monitor	1fff802c	4ff4fa56	mov.w r6,#0x1f40
1fff8000	motor_fault_monitor	1fff8030	b4eee00a	vcmpe.f32 s0,s1
1fff8000	motor_fault_monitor	1fff8034	f1ee10fa	vmrs apsr,fpscr
1fff8000	motor_fault_monitor	1fff8038	0bdd	ble 0x1fff8052
1fff8000	motor_fault_monitor	1fff803a	426c	ldr r2,[r0,#0x44]
1fff8000	motor_fault_monitor	1fff803c	521c	adds r2,r2,#0x1
1fff8000	motor_fault_monitor	1fff803e	4264	str r2,[r0,#0x44]
1fff8000	motor_fault_monitor	1fff8040	b2f5fa5f	cmp.w r2,#0x1f40
1fff8000	motor_fault_monitor	1fff8044	09d9	bls 0x1fff805a
1fff8000	motor_fault_monitor	1fff8046	0c22	movs r2,#0xc
1fff8000	motor_fault_monitor	1fff8048	ccf88020	str.w r2,[r12,#0x80]
1fff8000	motor_fault_monitor	1fff804c	4664	str r6,[r0,#0x44]
1fff8000	motor_fault_monitor	1fff804e	4160	str r1,[r0,#0x4]
1fff8000	motor_fault_monitor	1fff8050	03e0	b 0x1fff805a
1fff8000	motor_fault_monitor	1fff8052	4268	ldr r2,[r0,#0x4]
1fff8000	motor_fault_monitor	1fff8054	002a	cmp r2,#0x0
1fff8000	motor_fault_monitor	1fff8056	08bf	it eq
1fff8000	motor_fault_monitor	1fff8058	4364	str.eq r3,[r0,#0x44]
1fff8000	motor_fault_monitor	1fff805a	eb4f	ldr r7,[0x1fff8408]
1fff8000	motor_fault_monitor	1fff805c	dcf88420	ldr.w r2,[r12,#0x84]
1fff8000	motor_fault_monitor	1fff8060	ba42	cmp r2,r7
1fff8000	motor_fault_monitor	1fff8062	0bdd	ble 0x1fff807c
1fff8000	motor_fault_monitor	1fff8064	026c	ldr r2,[r0,#0x40]
1fff8000	motor_fault_monitor	1fff8066	521c	adds r2,r2,#0x1
1fff8000	motor_fault_monitor	1fff8068	0264	str r2,[r0,#0x40]
1fff8000	motor_fault_monitor	1fff806a	b2f5fa5f	cmp.w r2,#0x1f40
1fff8000	motor_fault_monitor	1fff806e	09d9	bls 0x1fff8084
1fff8000	motor_fault_monitor	1fff8070	0b22	movs r2,#0xb
1fff8000	motor_fault_monitor	1fff8072	ccf88020	str.w r2,[r12,#0x80]
1fff8000	motor_fault_monitor	1fff8076	0664	str r6,[r0,#0x40]
1fff8000	motor_fault_monitor	1fff8078	4160	str r1,[r0,#0x4]
1fff8000	motor_fault_monitor	1fff807a	03e0	b 0x1fff8084
1fff8000	motor_fault_monitor	1fff807c	4268	ldr r2,[r0,#0x4]
1fff8000	motor_fault_monitor	1fff807e	002a	cmp r2,#0x0
1fff8000	motor_fault_monitor	1fff8080	08bf	it eq
1fff8000	motor_fault_monitor	1fff8082	0364	str.eq r3,[r0,#0x40]
1fff8000	motor_fault_monitor	1fff8084	9ced190a	vldr.32 s0,[r12,#0x64]
1fff8000	motor_fault_monitor	1fff8088	d4ed030a	vldr.32 s1,[r4,#0xc]
1fff8000	motor_fault_monitor	1fff808c	41f28836	movw r6,#0x1388
1fff8000	motor_fault_monitor	1fff8090	b0eec00a	vabs.f32 s0,s0
1fff8000	motor_fault_monitor	1fff8094	b4eee00a	vcmpe.f32 s0,s1
1fff8000	motor_fault_monitor	1fff8098	f1ee10fa	vmrs apsr,fpscr
1fff8000	motor_fault_monitor	1fff809c	0add	ble 0x1fff80b4
1fff8000	motor_fault_monitor	1fff809e	c26b	ldr r2,[r0,#0x3c]
1fff8000	motor_fault_monitor	1fff80a0	521c	adds r2,r2,#0x1
1fff8000	motor_fault_monitor	1fff80a2	c263	str r2,[r0,#0x3c]
1fff8000	motor_fault_monitor	1fff80a4	b242	cmp r2,r6
1fff8000	motor_fault_monitor	1fff80a6	09d9	bls 0x1fff80bc
1fff8000	motor_fault_monitor	1fff80a8	0a22	movs r2,#0xa
1fff8000	motor_fault_monitor	1fff80aa	ccf88020	str.w r2,[r12,#0x80]
1fff8000	motor_fault_monitor	1fff80ae	c663	str r6,[r0,#0x3c]
1fff8000	motor_fault_monitor	1fff80b0	4160	str r1,[r0,#0x4]
1fff8000	motor_fault_monitor	1fff80b2	03e0	b 0x1fff80bc
1fff8000	motor_fault_monitor	1fff80b4	4268	ldr r2,[r0,#0x4]
1fff8000	motor_fault_monitor	1fff80b6	002a	cmp r2,#0x0
1fff8000	motor_fault_monitor	1fff80b8	08bf	it eq
1fff8000	motor_fault_monitor	1fff80ba	c363	str.eq r3,[r0,#0x3c]
1fff8000	motor_fault_monitor	1fff80bc	9ced1a0a	vldr.32 s0,[r12,#0x68]
1fff8000	motor_fault_monitor	1fff80c0	d4ed000a	vldr.32 s1,[r4]
1fff8000	motor_fault_monitor	1fff80c4	b4eee00a	vcmpe.f32 s0,s1
1fff8000	motor_fault_monitor	1fff80c8	f1ee10fa	vmrs apsr,fpscr
1fff8000	motor_fault_monitor	1fff80cc	0ad8	bhi 0x1fff80e4
1fff8000	motor_fault_monitor	1fff80ce	426b	ldr r2,[r0,#0x34]
1fff8000	motor_fault_monitor	1fff80d0	521c	adds r2,r2,#0x1
1fff8000	motor_fault_monitor	1fff80d2	4263	str r2,[r0,#0x34]
1fff8000	motor_fault_monitor	1fff80d4	9642	cmp r6,r2
1fff8000	motor_fault_monitor	1fff80d6	09d2	bcs 0x1fff80ec
1fff8000	motor_fault_monitor	1fff80d8	0922	movs r2,#0x9
1fff8000	motor_fault_monitor	1fff80da	ccf88020	str.w r2,[r12,#0x80]
1fff8000	motor_fault_monitor	1fff80de	4663	str r6,[r0,#0x34]
1fff8000	motor_fault_monitor	1fff80e0	4160	str r1,[r0,#0x4]
1fff8000	motor_fault_monitor	1fff80e2	03e0	b 0x1fff80ec
1fff8000	motor_fault_monitor	1fff80e4	4268	ldr r2,[r0,#0x4]
1fff8000	motor_fault_monitor	1fff80e6	002a	cmp r2,#0x0
1fff8000	motor_fault_monitor	1fff80e8	08bf	it eq
1fff8000	motor_fault_monitor	1fff80ea	4363	str.eq r3,[r0,#0x34]
1fff8000	motor_fault_monitor	1fff80ec	d4ed1d0a	vldr.32 s1,[r4,#0x74]
1fff8000	motor_fault_monitor	1fff80f0	b4eee00a	vcmpe.f32 s0,s1
1fff8000	motor_fault_monitor	1fff80f4	f1ee10fa	vmrs apsr,fpscr
1fff8000	motor_fault_monitor	1fff80f8	0cdd	ble 0x1fff8114
1fff8000	motor_fault_monitor	1fff80fa	826b	ldr r2,[r0,#0x38]
1fff8000	motor_fault_monitor	1fff80fc	44f62064	movw r4,#0x4e20
1fff8000	motor_fault_monitor	1fff8100	521c	adds r2,r2,#0x1
1fff8000	motor_fault_monitor	1fff8102	8263	str r2,[r0,#0x38]
1fff8000	motor_fault_monitor	1fff8104	a242	cmp r2,r4
1fff8000	motor_fault_monitor	1fff8106	09d9	bls 0x1fff811c
1fff8000	motor_fault_monitor	1fff8108	8463	str r4,[r0,#0x38]
1fff8000	motor_fault_monitor	1fff810a	4160	str r1,[r0,#0x4]
1fff8000	motor_fault_monitor	1fff810c	0820	movs r0,#0x8
1fff8000	motor_fault_monitor	1fff810e	ccf88000	str.w r0,[r12,#0x80]
1fff8000	motor_fault_monitor	1fff8112	09e0	b 0x1fff8128
1fff8000	motor_fault_monitor	1fff8114	4268	ldr r2,[r0,#0x4]
1fff8000	motor_fault_monitor	1fff8116	002a	cmp r2,#0x0
1fff8000	motor_fault_monitor	1fff8118	08bf	it eq
1fff8000	motor_fault_monitor	1fff811a	8363	str.eq r3,[r0,#0x38]
1fff8000	motor_fault_monitor	1fff811c	dcf88000	ldr.w r0,[r12,#0x80]
1fff8000	motor_fault_monitor	1fff8120	0728	cmp r0,#0x7
1fff8000	motor_fault_monitor	1fff8122	9cbf	itt ls
1fff8000	motor_fault_monitor	1fff8124	f0bc	pop.ls {r4,r5,r6,r7}
1fff8000	motor_fault_monitor	1fff8126	7047	bx.ls lr
1fff8000	motor_fault_monitor	1fff8128	a86b	ldr r0,[r5,#0x38]
1fff8000	motor_fault_monitor	1fff812a	0228	cmp r0,#0x2
1fff8000	motor_fault_monitor	1fff812c	08bf	it eq
1fff8000	motor_fault_monitor	1fff812e	c5e90e31	strd.eq r3,r1,[r5,#0x38]
1fff8000	motor_fault_monitor	1fff8132	f0bc	pop {r4,r5,r6,r7}
1fff8000	motor_fault_monitor	1fff8134	7047	bx lr
1fff8136	adc_foc_control_irq	1fff8136	2de9f05f	push {r4,r5,r6,r7,r8,r9,r10,r11,r12,lr}
1fff8136	adc_foc_control_irq	1fff813a	b14d	ldr r5,[0x1fff8400]
1fff8136	adc_foc_control_irq	1fff813c	2ded028b	vpush {d8}
1fff8136	adc_foc_control_irq	1fff8140	a86b	ldr r0,[r5,#0x38]
1fff8136	adc_foc_control_irq	1fff8142	401c	adds r0,r0,#0x1
1fff8136	adc_foc_control_irq	1fff8144	a863	str r0,[r5,#0x38]
1fff8136	adc_foc_control_irq	1fff8146	b148	ldr r0,[0x1fff840c]
1fff8136	adc_foc_control_irq	1fff8148	30f8501f	ldrh.w r1,[r0,#0x50]!
1fff8136	adc_foc_control_irq	1fff814c	b04e	ldr r6,[0x1fff8410]
1fff8136	adc_foc_control_irq	1fff814e	3180	strh r1,[r6,#0x0]
1fff8136	adc_foc_control_irq	1fff8150	b049	ldr r1,[0x1fff8414]
1fff8136	adc_foc_control_irq	1fff8152	0988	ldrh r1,[r1,#0x0]
1fff8136	adc_foc_control_irq	1fff8154	7180	strh r1,[r6,#0x2]
1fff8136	adc_foc_control_irq	1fff8156	b049	ldr r1,[0x1fff8418]
1fff8136	adc_foc_control_irq	1fff8158	0988	ldrh r1,[r1,#0x0]
1fff8136	adc_foc_control_irq	1fff815a	b180	strh r1,[r6,#0x4]
1fff8136	adc_foc_control_irq	1fff815c	4188	ldrh r1,[r0,#0x2]
1fff8136	adc_foc_control_irq	1fff815e	f180	strh r1,[r6,#0x6]
1fff8136	adc_foc_control_irq	1fff8160	ae49	ldr r1,[0x1fff841c]
1fff8136	adc_foc_control_irq	1fff8162	0988	ldrh r1,[r1,#0x0]
1fff8136	adc_foc_control_irq	1fff8164	b181	strh r1,[r6,#0xc]
1fff8136	adc_foc_control_irq	1fff8166	ae49	ldr r1,[0x1fff8420]
1fff8136	adc_foc_control_irq	1fff8168	0988	ldrh r1,[r1,#0x0]
1fff8136	adc_foc_control_irq	1fff816a	f181	strh r1,[r6,#0xe]
1fff8136	adc_foc_control_irq	1fff816c	8088	ldrh r0,[r0,#0x4]
1fff8136	adc_foc_control_irq	1fff816e	3081	strh r0,[r6,#0x8]
1fff8136	adc_foc_control_irq	1fff8170	ac48	ldr r0,[0x1fff8424]
1fff8136	adc_foc_control_irq	1fff8172	0088	ldrh r0,[r0,#0x0]
1fff8136	adc_foc_control_irq	1fff8174	7081	strh r0,[r6,#0xa]
1fff8136	adc_foc_control_irq	1fff8176	ac48	ldr r0,[0x1fff8428]
1fff8136	adc_foc_control_irq	1fff8178	0088	ldrh r0,[r0,#0x0]
1fff8136	adc_foc_control_irq	1fff817a	3082	strh r0,[r6,#0x10]
1fff8136	adc_foc_control_irq	1fff817c	b089	ldrh r0,[r6,#0xc]
1fff8136	adc_foc_control_irq	1fff817e	ac49	ldr r1,[0x1fff8430]
1fff8136	adc_foc_control_irq	1fff8180	c0f30710	ubfx r0,r0,#0x4,#0x8
1fff8136	adc_foc_control_irq	1fff8184	01eb8000	add.w r0,r1,r0, lsl #0x2
1fff8136	adc_foc_control_irq	1fff8188	dff8a0b2	ldr.w r11,[0x1fff842c]
1fff8136	adc_foc_control_irq	1fff818c	90ed000a	vldr.32 s0,[r0]
1fff8136	adc_foc_control_irq	1fff8190	9c4c	ldr r4,[0x1fff8404]
1fff8136	adc_foc_control_irq	1fff8192	85ed210a	vstr.32 s0,[r5,#0x84]
1fff8136	adc_foc_control_irq	1fff8196	f089	ldrh r0,[r6,#0xe]
1fff8136	adc_foc_control_irq	1fff8198	c0f30710	ubfx r0,r0,#0x4,#0x8
1fff8136	adc_foc_control_irq	1fff819c	8bf80000	strb.w r0,[r11,#0x0]
1fff8136	adc_foc_control_irq	1fff81a0	94ed100a	vldr.32 s0,[r4,#0x40]
1fff8136	adc_foc_control_irq	1fff81a4	d4ed1d0a	vldr.32 s1,[r4,#0x74]
1fff8136	adc_foc_control_irq	1fff81a8	01eb8000	add.w r0,r1,r0, lsl #0x2
1fff8136	adc_foc_control_irq	1fff81ac	20ee200a	vmul.f32 s0,s0,s1
1fff8136	adc_foc_control_irq	1fff81b0	d4ed1e0a	vldr.32 s1,[r4,#0x78]
1fff8136	adc_foc_control_irq	1fff81b4	90ed001a	vldr.32 s2,[r0]
1fff8136	adc_foc_control_irq	1fff81b8	00ee810a	vmla.f32 s0,s1,s2
1fff8136	adc_foc_control_irq	1fff81bc	84ed100a	vstr.32 s0,[r4,#0x40]
1fff8136	adc_foc_control_irq	1fff81c0	f088	ldrh r0,[r6,#0x6]
1fff8136	adc_foc_control_irq	1fff81c2	00ee100a	vmov s0,r0
1fff8136	adc_foc_control_irq	1fff81c6	b8ee400a	vcvt.f32.u32 s0,s0
1fff8136	adc_foc_control_irq	1fff81ca	dfed9a0a	vldr.32 s1,[pc,#0x268]
1fff8136	adc_foc_control_irq	1fff81ce	20ee200a	vmul.f32 s0,s0,s1
1fff8136	adc_foc_control_irq	1fff81d2	85ed1a0a	vstr.32 s0,[r5,#0x68]
1fff8136	adc_foc_control_irq	1fff81d6	9fed988a	vldr.32 s16,[pc,#0x260]
1fff8136	adc_foc_control_irq	1fff81da	20ee080a	vmul.f32 s0,s0,s16
1fff8136	adc_foc_control_irq	1fff81de	85ed1b0a	vstr.32 s0,[r5,#0x6c]
1fff8136	adc_foc_control_irq	1fff81e2	3088	ldrh r0,[r6,#0x0]
1fff8136	adc_foc_control_irq	1fff81e4	d5ed100a	vldr.32 s1,[r5,#0x40]
1fff8136	adc_foc_control_irq	1fff81e8	00ee100a	vmov s0,r0
1fff8136	adc_foc_control_irq	1fff81ec	b8ee400a	vcvt.f32.u32 s0,s0
1fff8136	adc_foc_control_irq	1fff81f0	30eec00a	vsub.f32 s0,s1,s0
1fff8136	adc_foc_control_irq	1fff81f4	dfed910a	vldr.32 s1,[pc,#0x244]
1fff8136	adc_foc_control_irq	1fff81f8	20ee200a	vmul.f32 s0,s0,s1
1fff8136	adc_foc_control_irq	1fff81fc	85ed130a	vstr.32 s0,[r5,#0x4c]
1fff8136	adc_foc_control_irq	1fff8200	7088	ldrh r0,[r6,#0x2]
1fff8136	adc_foc_control_irq	1fff8202	d5ed111a	vldr.32 s3,[r5,#0x44]
1fff8136	adc_foc_control_irq	1fff8206	01ee100a	vmov s2,r0
1fff8136	adc_foc_control_irq	1fff820a	b8ee411a	vcvt.f32.u32 s2,s2
1fff8136	adc_foc_control_irq	1fff820e	31eec11a	vsub.f32 s2,s3,s2
1fff8136	adc_foc_control_irq	1fff8212	61ee200a	vmul.f32 s1,s2,s1
1fff8136	adc_foc_control_irq	1fff8216	b7ee001a	vmov.f32 s2,0x3f800000
1fff8136	adc_foc_control_irq	1fff821a	c5ed140a	vstr.32 s1,[r5,#0x50]
1fff8136	adc_foc_control_irq	1fff821e	ffee000a	vmov.f32 s1,0xbf800000
1fff8136	adc_foc_control_irq	1fff8222	02f0b2f8	bl 0x1fffa38a
1fff8136	adc_foc_control_irq	1fff8226	85ed130a	vstr.32 s0,[r5,#0x4c]
1fff8136	adc_foc_control_irq	1fff822a	95ed140a	vldr.32 s0,[r5,#0x50]
1fff8136	adc_foc_control_irq	1fff822e	b7ee001a	vmov.f32 s2,0x3f800000
1fff8136	adc_foc_control_irq	1fff8232	ffee000a	vmov.f32 s1,0xbf800000
1fff8136	adc_foc_control_irq	1fff8236	02f0a8f8	bl 0x1fffa38a
1fff8136	adc_foc_control_irq	1fff823a	85ed140a	vstr.32 s0,[r5,#0x50]
1fff8136	adc_foc_control_irq	1fff823e	8048	ldr r0,[0x1fff8440]
1fff8136	adc_foc_control_irq	1fff8240	3189	ldrh r1,[r6,#0x8]
1fff8136	adc_foc_control_irq	1fff8242	90ed000a	vldr.32 s0,[r0]
1fff8136	adc_foc_control_irq	1fff8246	d0ed020a	vldr.32 s1,[r0,#0x8]
1fff8136	adc_foc_control_irq	1fff824a	01ee101a	vmov s2,r1
1fff8136	adc_foc_control_irq	1fff824e	20ee200a	vmul.f32 s0,s0,s1
1fff8136	adc_foc_control_irq	1fff8252	f8ee411a	vcvt.f32.u32 s3,s2
1fff8136	adc_foc_control_irq	1fff8256	90ed031a	vldr.32 s2,[r0,#0xc]
1fff8136	adc_foc_control_irq	1fff825a	01ee810a	vmla.f32 s0,s3,s2
1fff8136	adc_foc_control_irq	1fff825e	80ed000a	vstr.32 s0,[r0]
1fff8136	adc_foc_control_irq	1fff8262	d0ed011a	vldr.32 s3,[r0,#0x4]
1fff8136	adc_foc_control_irq	1fff8266	7189	ldrh r1,[r6,#0xa]
1fff8136	adc_foc_control_irq	1fff8268	61eea00a	vmul.f32 s1,s3,s1
1fff8136	adc_foc_control_irq	1fff826c	01ee901a	vmov s3,r1
1fff8136	adc_foc_control_irq	1fff8270	f8ee611a	vcvt.f32.u32 s3,s3
1fff8136	adc_foc_control_irq	1fff8274	41ee810a	vmla.f32 s1,s3,s2
1fff8136	adc_foc_control_irq	1fff8278	c0ed010a	vstr.32 s1,[r0,#0x4]
1fff8136	adc_foc_control_irq	1fff827c	90ed051a	vldr.32 s2,[r0,#0x14]
1fff8136	adc_foc_control_irq	1fff8280	30ee410a	vsub.f32 s0,s0,s2
1fff8136	adc_foc_control_irq	1fff8284	80ed040a	vstr.32 s0,[r0,#0x10]
1fff8136	adc_foc_control_irq	1fff8288	90ed070a	vldr.32 s0,[r0,#0x1c]
1fff8136	adc_foc_control_irq	1fff828c	30eec00a	vsub.f32 s0,s1,s0
1fff8136	adc_foc_control_irq	1fff8290	d0ed0a0a	vldr.32 s1,[r0,#0x28]
1fff8136	adc_foc_control_irq	1fff8294	20ee200a	vmul.f32 s0,s0,s1
1fff8136	adc_foc_control_irq	1fff8298	80ed060a	vstr.32 s0,[r0,#0x18]
1fff8136	adc_foc_control_irq	1fff829c	01f0eefa	bl 0x1fff987c
1fff8136	adc_foc_control_irq	1fff82a0	684f	ldr r7,[0x1fff8444]
1fff8136	adc_foc_control_irq	1fff82a2	4ff0000a	mov.w r10,#0x0
1fff8136	adc_foc_control_irq	1fff82a6	7868	ldr r0,[r7,#0x4]
1fff8136	adc_foc_control_irq	1fff82a8	50b3	cbz r0,0x1fff8300
1fff8136	adc_foc_control_irq	1fff82aa	c7f804a0	str.w r10,[r7,#0x4]
1fff8136	adc_foc_control_irq	1fff82ae	d4ed150a	vldr.32 s1,[r4,#0x54]
1fff8136	adc_foc_control_irq	1fff82b2	97ed020a	vldr.32 s0,[r7,#0x8]
1fff8136	adc_foc_control_irq	1fff82b6	94ed161a	vldr.32 s2,[r4,#0x58]
1fff8136	adc_foc_control_irq	1fff82ba	f8ee600a	vcvt.f32.u32 s1,s1
1fff8136	adc_foc_control_irq	1fff82be	60ee200a	vmul.f32 s1,s0,s1
1fff8136	adc_foc_control_irq	1fff82c2	20ee010a	vmul.f32 s0,s0,s2
1fff8136	adc_foc_control_irq	1fff82c6	bceec00a	vcvt.u32.f32 s0,s0
1fff8136	adc_foc_control_irq	1fff82ca	b8ee400a	vcvt.f32.u32 s0,s0
1fff8136	adc_foc_control_irq	1fff82ce	9fed5e1a	vldr.32 s2,[pc,#0x178]
1fff8136	adc_foc_control_irq	1fff82d2	40ee410a	vmls.f32 s1,s0,s2
1fff8136	adc_foc_control_irq	1fff82d6	94ed050a	vldr.32 s0,[r4,#0x14]
1fff8136	adc_foc_control_irq	1fff82da	30ee800a	vadd.f32 s0,s1,s0
1fff8136	adc_foc_control_irq	1fff82de	84ed030a	vstr.32 s0,[r4,#0xc]
1fff8136	adc_foc_control_irq	1fff82e2	dfed5a0a	vldr.32 s1,[pc,#0x168]
1fff8136	adc_foc_control_irq	1fff82e6	9fed5a0a	vldr.32 s0,[pc,#0x168]
1fff8136	adc_foc_control_irq	1fff82ea	04f10c00	add.w r0,r4,#0xc
1fff8136	adc_foc_control_irq	1fff82ee	02f05cf8	bl 0x1fffa3aa
1fff8136	adc_foc_control_irq	1fff82f2	05f17c01	add.w r1,r5,#0x7c
1fff8136	adc_foc_control_irq	1fff82f6	94ed030a	vldr.32 s0,[r4,#0xc]
1fff8136	adc_foc_control_irq	1fff82fa	081f	subs r0,r1,#0x4
1fff8136	adc_foc_control_irq	1fff82fc	02f006f8	bl 0x1fffa30c
1fff8136	adc_foc_control_irq	1fff8300	95ed130a	vldr.32 s0,[r5,#0x4c]
1fff8136	adc_foc_control_irq	1fff8304	f0ee001a	vmov.f32 s3,0x40000000
1fff8136	adc_foc_control_irq	1fff8308	85ed160a	vstr.32 s0,[r5,#0x58]
1fff8136	adc_foc_control_irq	1fff830c	95ed141a	vldr.32 s2,[r5,#0x50]
1fff8136	adc_foc_control_irq	1fff8310	f0ee400a	vmov.f32 s1,s0
1fff8136	adc_foc_control_irq	1fff8314	dff8e090	ldr.w r9,[0x1fff83f8]
1fff8136	adc_foc_control_irq	1fff8318	41ee210a	vmla.f32 s1,s2,s3
1fff8136	adc_foc_control_irq	1fff831c	374e	ldr r6,[0x1fff83fc]
1fff8136	adc_foc_control_irq	1fff831e	dff83481	ldr.w r8,[0x1fff8454]
1fff8136	adc_foc_control_irq	1fff8322	60ee880a	vmul.f32 s1,s1,s16
1fff8136	adc_foc_control_irq	1fff8326	c5ed170a	vstr.32 s1,[r5,#0x5c]
1fff8136	adc_foc_control_irq	1fff832a	95ed1f1a	vldr.32 s2,[r5,#0x7c]
1fff8136	adc_foc_control_irq	1fff832e	d5ed1e1a	vldr.32 s3,[r5,#0x78]
1fff8136	adc_foc_control_irq	1fff8332	21ee002a	vmul.f32 s4,s2,s0
1fff8136	adc_foc_control_irq	1fff8336	01eea02a	vmla.f32 s4,s3,s1
1fff8136	adc_foc_control_irq	1fff833a	61ee200a	vmul.f32 s1,s2,s1
1fff8136	adc_foc_control_irq	1fff833e	41eec00a	vmls.f32 s1,s3,s0
1fff8136	adc_foc_control_irq	1fff8342	85ed182a	vstr.32 s4,[r5,#0x60]
1fff8136	adc_foc_control_irq	1fff8346	c5ed190a	vstr.32 s1,[r5,#0x64]
1fff8136	adc_foc_control_irq	1fff834a	9fed438a	vldr.32 s16,[pc,#0x10c]
1fff8136	adc_foc_control_irq	1fff834e	a86b	ldr r0,[r5,#0x38]
1fff8136	adc_foc_control_irq	1fff8350	1428	cmp r0,#0x14
1fff8136	adc_foc_control_irq	1fff8352	50d1	bne 0x1fff83f6
1fff8136	adc_foc_control_irq	1fff8354	97ed040a	vldr.32 s0,[r7,#0x10]
1fff8136	adc_foc_control_irq	1fff8358	dfed400a	vldr.32 s1,[pc,#0x100]
1fff8136	adc_foc_control_irq	1fff835c	0120	movs r0,#0x1
1fff8136	adc_foc_control_irq	1fff835e	60ee200a	vmul.f32 s1,s0,s1
1fff8136	adc_foc_control_irq	1fff8362	c4ed080a	vstr.32 s1,[r4,#0x20]
1fff8136	adc_foc_control_irq	1fff8366	94ed010a	vldr.32 s0,[r4,#0x4]
1fff8136	adc_foc_control_irq	1fff836a	94ed1a1a	vldr.32 s2,[r4,#0x68]
1fff8136	adc_foc_control_irq	1fff836e	20ee010a	vmul.f32 s0,s0,s2
1fff8136	adc_foc_control_irq	1fff8372	94ed1b1a	vldr.32 s2,[r4,#0x6c]
1fff8136	adc_foc_control_irq	1fff8376	00ee810a	vmla.f32 s0,s1,s2
1fff8136	adc_foc_control_irq	1fff837a	84ed010a	vstr.32 s0,[r4,#0x4]
1fff8136	adc_foc_control_irq	1fff837e	d4ed170a	vldr.32 s1,[r4,#0x5c]
1fff8136	adc_foc_control_irq	1fff8382	20ee200a	vmul.f32 s0,s0,s1
1fff8136	adc_foc_control_irq	1fff8386	84ed070a	vstr.32 s0,[r4,#0x1c]
1fff8136	adc_foc_control_irq	1fff838a	c5f838a0	str.w r10,[r5,#0x38]
1fff8136	adc_foc_control_irq	1fff838e	87ed048a	vstr.32 s16,[r7,#0x10]
1fff8136	adc_foc_control_irq	1fff8392	c9f82c00	str.w r0,[r9,#0x2c]
1fff8136	adc_foc_control_irq	1fff8396	95ed000a	vldr.32 s0,[r5]
1fff8136	adc_foc_control_irq	1fff839a	d4ed060a	vldr.32 s1,[r4,#0x18]
1fff8136	adc_foc_control_irq	1fff839e	08f12800	add.w r0,r8,#0x28
1fff8136	adc_foc_control_irq	1fff83a2	30ee600a	vsub.f32 s0,s0,s1
1fff8136	adc_foc_control_irq	1fff83a6	80ed020a	vstr.32 s0,[r0,#0x8]
1fff8136	adc_foc_control_irq	1fff83aa	d0ed000a	vldr.32 s1,[r0]
1fff8136	adc_foc_control_irq	1fff83ae	20ee800a	vmul.f32 s0,s1,s0
1fff8136	adc_foc_control_irq	1fff83b2	80ed060a	vstr.32 s0,[r0,#0x18]
1fff8136	adc_foc_control_irq	1fff83b6	e86b	ldr r0,[r5,#0x3c]
1fff8136	adc_foc_control_irq	1fff83b8	0228	cmp r0,#0x2
1fff8136	adc_foc_control_irq	1fff83ba	18bf	it ne
1fff8136	adc_foc_control_irq	1fff83bc	0428	cmp.ne r0,#0x4
1fff8136	adc_foc_control_irq	1fff83be	02d0	beq 0x1fff83c6
1fff8136	adc_foc_control_irq	1fff83c0	0328	cmp r0,#0x3
1fff8136	adc_foc_control_irq	1fff83c2	09d0	beq 0x1fff83d8
1fff8136	adc_foc_control_irq	1fff83c4	12e0	b 0x1fff83ec
1fff8136	adc_foc_control_irq	1fff83c6	95ed011a	vldr.32 s2,[r5,#0x4]
1fff8136	adc_foc_control_irq	1fff83ca	f1ee410a	vneg.f32 s1,s2
1fff8136	adc_foc_control_irq	1fff83ce	01f0dcff	bl 0x1fffa38a
1fff8136	adc_foc_control_irq	1fff83d2	85ed070a	vstr.32 s0,[r5,#0x1c]
1fff8136	adc_foc_control_irq	1fff83d6	09e0	b 0x1fff83ec
1fff8136	adc_foc_control_irq	1fff83d8	96ed061a	vldr.32 s2,[r6,#0x18]
1fff8136	adc_foc_control_irq	1fff83dc	95ed010a	vldr.32 s0,[r5,#0x4]
1fff8136	adc_foc_control_irq	1fff83e0	f1ee410a	vneg.f32 s1,s2
1fff8136	adc_foc_control_irq	1fff83e4	01f0d1ff	bl 0x1fffa38a
1fff8136	adc_foc_control_irq	1fff83e8	85ed070a	vstr.32 s0,[r5,#0x1c]
1fff8136	adc_foc_control_irq	1fff83ec	d5ed071a	vldr.32 s3,[r5,#0x1c]
1fff8136	adc_foc_control_irq	1fff83f0	d5ed080a	vldr.32 s1,[r5,#0x20]
1fff8136	adc_foc_control_irq	1fff83f4	34e0	b 0x1fff8460
1fff8136	adc_foc_control_irq	1fff83f6	7ae0	b 0x1fff84ee
1fff8136	adc_foc_control_irq	1fff8460	31eee00a	vsub.f32 s0,s3,s1
1fff8136	adc_foc_control_irq	1fff8464	85ed090a	vstr.32 s0,[r5,#0x24]
1fff8136	adc_foc_control_irq	1fff8468	96ed041a	vldr.32 s2,[r6,#0x10]
1fff8136	adc_foc_control_irq	1fff846c	b4eec10a	vcmpe.f32 s0,s2
1fff8136	adc_foc_control_irq	1fff8470	f1ee10fa	vmrs apsr,fpscr
1fff8136	adc_foc_control_irq	1fff8474	09dc	bgt 0x1fff848a
1fff8136	adc_foc_control_irq	1fff8476	96ed051a	vldr.32 s2,[r6,#0x14]
1fff8136	adc_foc_control_irq	1fff847a	b4eec10a	vcmpe.f32 s0,s2
1fff8136	adc_foc_control_irq	1fff847e	f1ee10fa	vmrs apsr,fpscr
1fff8136	adc_foc_control_irq	1fff8482	28bf	it cs
1fff8136	adc_foc_control_irq	1fff8484	c5ed081a	vstr.cs.32 s3,[r5,#0x20]
1fff8136	adc_foc_control_irq	1fff8488	03d2	bcs 0x1fff8492
1fff8136	adc_foc_control_irq	1fff848a	30ee810a	vadd.f32 s0,s1,s2
1fff8136	adc_foc_control_irq	1fff848e	85ed080a	vstr.32 s0,[r5,#0x20]
1fff8136	adc_foc_control_irq	1fff8492	94ed1a0a	vldr.32 s0,[r4,#0x68]
1fff8136	adc_foc_control_irq	1fff8496	d4ed1c0a	vldr.32 s1,[r4,#0x70]
1fff8136	adc_foc_control_irq	1fff849a	94ed1b1a	vldr.32 s2,[r4,#0x6c]
1fff8136	adc_foc_control_irq	1fff849e	644f	ldr r7,[0x1fff8630]
1fff8136	adc_foc_control_irq	1fff84a0	20ee200a	vmul.f32 s0,s0,s1
1fff8136	adc_foc_control_irq	1fff84a4	d5ed190a	vldr.32 s1,[r5,#0x64]
1fff8136	adc_foc_control_irq	1fff84a8	3846	mov r0,r7
1fff8136	adc_foc_control_irq	1fff84aa	01ee200a	vmla.f32 s0,s2,s1
1fff8136	adc_foc_control_irq	1fff84ae	84ed1c0a	vstr.32 s0,[r4,#0x70]
1fff8136	adc_foc_control_irq	1fff84b2	94ed111a	vldr.32 s2,[r4,#0x44]
1fff8136	adc_foc_control_irq	1fff84b6	21ee000a	vmul.f32 s0,s2,s0
1fff8136	adc_foc_control_irq	1fff84ba	84ed0c0a	vstr.32 s0,[r4,#0x30]
1fff8136	adc_foc_control_irq	1fff84be	94ed010a	vldr.32 s0,[r4,#0x4]
1fff8136	adc_foc_control_irq	1fff84c2	87ed000a	vstr.32 s0,[r7]
1fff8136	adc_foc_control_irq	1fff84c6	c7ed010a	vstr.32 s1,[r7,#0x4]
1fff8136	adc_foc_control_irq	1fff84ca	01f088fd	bl 0x1fff9fde
1fff8136	adc_foc_control_irq	1fff84ce	95ed080a	vldr.32 s0,[r5,#0x20]
1fff8136	adc_foc_control_irq	1fff84d2	d7ed050a	vldr.32 s1,[r7,#0x14]
1fff8136	adc_foc_control_irq	1fff84d6	30ee600a	vsub.f32 s0,s0,s1
1fff8136	adc_foc_control_irq	1fff84da	88ed020a	vstr.32 s0,[r8,#0x8]
1fff8136	adc_foc_control_irq	1fff84de	d7ed0c0a	vldr.32 s1,[r7,#0x30]
1fff8136	adc_foc_control_irq	1fff84e2	98ed001a	vldr.32 s2,[r8]
1fff8136	adc_foc_control_irq	1fff84e6	51ee000a	vnmls.f32 s1,s2,s0
1fff8136	adc_foc_control_irq	1fff84ea	c8ed060a	vstr.32 s1,[r8,#0x18]
1fff8136	adc_foc_control_irq	1fff84ee	e86b	ldr r0,[r5,#0x3c]
1fff8136	adc_foc_control_irq	1fff84f0	0128	cmp r0,#0x1
1fff8136	adc_foc_control_irq	1fff84f2	2ad0	beq 0x1fff854a
1fff8136	adc_foc_control_irq	1fff84f4	0228	cmp r0,#0x2
1fff8136	adc_foc_control_irq	1fff84f6	18bf	it ne
1fff8136	adc_foc_control_irq	1fff84f8	0328	cmp.ne r0,#0x3
1fff8136	adc_foc_control_irq	1fff84fa	4fd0	beq 0x1fff859c
1fff8136	adc_foc_control_irq	1fff84fc	0428	cmp r0,#0x4
1fff8136	adc_foc_control_irq	1fff84fe	18bf	it ne
1fff8136	adc_foc_control_irq	1fff8500	85ed0b8a	vstr.ne.32 s16,[r5,#0x2c]
1fff8136	adc_foc_control_irq	1fff8504	57d0	beq 0x1fff85b6
1fff8136	adc_foc_control_irq	1fff8506	4b4e	ldr r6,[0x1fff8634]
1fff8136	adc_foc_control_irq	1fff8508	95ed180a	vldr.32 s0,[r5,#0x60]
1fff8136	adc_foc_control_irq	1fff850c	06f14c07	add.w r7,r6,#0x4c
1fff8136	adc_foc_control_irq	1fff8510	86ed020a	vstr.32 s0,[r6,#0x8]
1fff8136	adc_foc_control_irq	1fff8514	86ed018a	vstr.32 s16,[r6,#0x4]
1fff8136	adc_foc_control_irq	1fff8518	95ed190a	vldr.32 s0,[r5,#0x64]
1fff8136	adc_foc_control_irq	1fff851c	3046	mov r0,r6
1fff8136	adc_foc_control_irq	1fff851e	87ed020a	vstr.32 s0,[r7,#0x8]
1fff8136	adc_foc_control_irq	1fff8522	95ed0b0a	vldr.32 s0,[r5,#0x2c]
1fff8136	adc_foc_control_irq	1fff8526	87ed010a	vstr.32 s0,[r7,#0x4]
1fff8136	adc_foc_control_irq	1fff852a	01f0a6fd	bl 0x1fffa07a
1fff8136	adc_foc_control_irq	1fff852e	06f14c00	add.w r0,r6,#0x4c
1fff8136	adc_foc_control_irq	1fff8532	01f0a2fd	bl 0x1fffa07a
1fff8136	adc_foc_control_irq	1fff8536	fff763fd	bl 0x1fff8000
1fff8136	adc_foc_control_irq	1fff853a	a06b	ldr r0,[r4,#0x38]
1fff8136	adc_foc_control_irq	1fff853c	0228	cmp r0,#0x2
1fff8136	adc_foc_control_irq	1fff853e	47d0	beq 0x1fff85d0
1fff8136	adc_foc_control_irq	1fff8540	c9f800a0	str.w r10,[r9,#0x0]
1fff8136	adc_foc_control_irq	1fff8544	01f040fc	bl 0x1fff9dc8
1fff8136	adc_foc_control_irq	1fff8548	47e0	b 0x1fff85da
1fff8136	adc_foc_control_irq	1fff854a	95ed000a	vldr.32 s0,[r5]
1fff8136	adc_foc_control_irq	1fff854e	d4ed060a	vldr.32 s1,[r4,#0x18]
1fff8136	adc_foc_control_irq	1fff8552	94ed071a	vldr.32 s2,[r4,#0x1c]
1fff8136	adc_foc_control_irq	1fff8556	30ee600a	vsub.f32 s0,s0,s1
1fff8136	adc_foc_control_irq	1fff855a	d5ed030a	vldr.32 s1,[r5,#0xc]
1fff8136	adc_foc_control_irq	1fff855e	20ee200a	vmul.f32 s0,s0,s1
1fff8136	adc_foc_control_irq	1fff8562	d5ed010a	vldr.32 s1,[r5,#0x4]
1fff8136	adc_foc_control_irq	1fff8566	70eec10a	vsub.f32 s1,s1,s2
1fff8136	adc_foc_control_irq	1fff856a	95ed041a	vldr.32 s2,[r5,#0x10]
1fff8136	adc_foc_control_irq	1fff856e	01ee200a	vmla.f32 s0,s2,s1
1fff8136	adc_foc_control_irq	1fff8572	d5ed020a	vldr.32 s1,[r5,#0x8]
1fff8136	adc_foc_control_irq	1fff8576	30ee200a	vadd.f32 s0,s0,s1
1fff8136	adc_foc_control_irq	1fff857a	8bed010a	vstr.32 s0,[r11,#0x4]
1fff8136	adc_foc_control_irq	1fff857e	d4ed120a	vldr.32 s1,[r4,#0x48]
1fff8136	adc_foc_control_irq	1fff8582	20ee800a	vmul.f32 s0,s1,s0
1fff8136	adc_foc_control_irq	1fff8586	85ed0b0a	vstr.32 s0,[r5,#0x2c]
1fff8136	adc_foc_control_irq	1fff858a	96ed031a	vldr.32 s2,[r6,#0xc]
1fff8136	adc_foc_control_irq	1fff858e	f1ee410a	vneg.f32 s1,s2
1fff8136	adc_foc_control_irq	1fff8592	01f0fafe	bl 0x1fffa38a
1fff8136	adc_foc_control_irq	1fff8596	85ed0b0a	vstr.32 s0,[r5,#0x2c]
1fff8136	adc_foc_control_irq	1fff859a	b4e7	b 0x1fff8506
1fff8136	adc_foc_control_irq	1fff859c	98ed060a	vldr.32 s0,[r8,#0x18]
1fff8136	adc_foc_control_irq	1fff85a0	85ed0b0a	vstr.32 s0,[r5,#0x2c]
1fff8136	adc_foc_control_irq	1fff85a4	96ed031a	vldr.32 s2,[r6,#0xc]
1fff8136	adc_foc_control_irq	1fff85a8	f1ee410a	vneg.f32 s1,s2
1fff8136	adc_foc_control_irq	1fff85ac	01f0edfe	bl 0x1fffa38a
1fff8136	adc_foc_control_irq	1fff85b0	85ed0b0a	vstr.32 s0,[r5,#0x2c]
1fff8136	adc_foc_control_irq	1fff85b4	a7e7	b 0x1fff8506
1fff8136	adc_foc_control_irq	1fff85b6	98ed060a	vldr.32 s0,[r8,#0x18]
1fff8136	adc_foc_control_irq	1fff85ba	85ed0b0a	vstr.32 s0,[r5,#0x2c]
1fff8136	adc_foc_control_irq	1fff85be	95ed0c1a	vldr.32 s2,[r5,#0x30]
1fff8136	adc_foc_control_irq	1fff85c2	f1ee410a	vneg.f32 s1,s2
1fff8136	adc_foc_control_irq	1fff85c6	01f0e0fe	bl 0x1fffa38a
1fff8136	adc_foc_control_irq	1fff85ca	85ed0b0a	vstr.32 s0,[r5,#0x2c]
1fff8136	adc_foc_control_irq	1fff85ce	9ae7	b 0x1fff8506
1fff8136	adc_foc_control_irq	1fff85d0	d9f80000	ldr.w r0,[r9,#0x0]
1fff8136	adc_foc_control_irq	1fff85d4	401c	adds r0,r0,#0x1
1fff8136	adc_foc_control_irq	1fff85d6	c9f80000	str.w r0,[r9,#0x0]
1fff8136	adc_foc_control_irq	1fff85da	9fed170a	vldr.32 s0,[pc,#0x5c]
1fff8136	adc_foc_control_irq	1fff85de	07f14001	add.w r1,r7,#0x40
1fff8136	adc_foc_control_irq	1fff85e2	06f14000	add.w r0,r6,#0x40
1fff8136	adc_foc_control_irq	1fff85e6	01f015ff	bl 0x1fffa414
1fff8136	adc_foc_control_irq	1fff85ea	95ed1f1a	vldr.32 s2,[r5,#0x7c]
1fff8136	adc_foc_control_irq	1fff85ee	96ed102a	vldr.32 s4,[r6,#0x40]
1fff8136	adc_foc_control_irq	1fff85f2	d5ed1e0a	vldr.32 s1,[r5,#0x78]
1fff8136	adc_foc_control_irq	1fff85f6	d7ed101a	vldr.32 s3,[r7,#0x40]
1fff8136	adc_foc_control_irq	1fff85fa	21ee020a	vmul.f32 s0,s2,s4
1fff8136	adc_foc_control_irq	1fff85fe	00eee10a	vmls.f32 s0,s1,s3
1fff8136	adc_foc_control_irq	1fff8602	60ee820a	vmul.f32 s1,s1,s4
1fff8136	adc_foc_control_irq	1fff8606	41ee210a	vmla.f32 s1,s2,s3
1fff8136	adc_foc_control_irq	1fff860a	85ed1c0a	vstr.32 s0,[r5,#0x70]
1fff8136	adc_foc_control_irq	1fff860e	c5ed1d0a	vstr.32 s1,[r5,#0x74]
1fff8136	adc_foc_control_irq	1fff8612	01f015fb	bl 0x1fff9c40
1fff8136	adc_foc_control_irq	1fff8616	0949	ldr r1,[0x1fff863c]
1fff8136	adc_foc_control_irq	1fff8618	0120	movs r0,#0x1
1fff8136	adc_foc_control_irq	1fff861a	81f84600	strb.w r0,[r1,#0x46]
1fff8136	adc_foc_control_irq	1fff861e	4ff0e021	mov.w r1,#0xe000e000
1fff8136	adc_foc_control_irq	1fff8622	0420	movs r0,#0x4
1fff8136	adc_foc_control_irq	1fff8624	c1f88002	str.w r0,[r1,#0x280]
1fff8136	adc_foc_control_irq	1fff8628	bdec028b	vpop {d8}
1fff8136	adc_foc_control_irq	1fff862c	bde8f09f	pop.w {r4,r5,r6,r7,r8,r9,r10,r11,r12,pc}
1fff8744	position_sensor_timer_irq	1fff8744	fe48	ldr r0,[0x1fff8b40]
1fff8744	position_sensor_timer_irq	1fff8746	b0f85810	ldrh.w r1,[r0,#0x58]
1fff8744	position_sensor_timer_irq	1fff874a	11f4006f	tst r1,#0x800
1fff8744	position_sensor_timer_irq	1fff874e	4ff00001	mov.w r1,#0x0
1fff8744	position_sensor_timer_irq	1fff8752	1cbf	itt ne
1fff8744	position_sensor_timer_irq	1fff8754	fb4a	ldr.ne r2,[0x1fff8b44]
1fff8744	position_sensor_timer_irq	1fff8756	1160	str.ne r1,[r2,#0x0]
1fff8744	position_sensor_timer_irq	1fff8758	b0f85810	ldrh.w r1,[r0,#0x58]
1fff8744	position_sensor_timer_irq	1fff875c	21f42061	bic r1,r1,#0xa00
1fff8744	position_sensor_timer_irq	1fff8760	a0f85810	strh.w r1,[r0,#0x58]
1fff8744	position_sensor_timer_irq	1fff8764	4ff0e021	mov.w r1,#0xe000e000
1fff8744	position_sensor_timer_irq	1fff8768	0120	movs r0,#0x1
1fff8744	position_sensor_timer_irq	1fff876a	c1f88002	str.w r0,[r1,#0x280]
1fff8744	position_sensor_timer_irq	1fff876e	7047	bx lr
1fff8770	position_sensor_dma_irq	1fff8770	70b5	push {r4,r5,r6,lr}
1fff8770	position_sensor_dma_irq	1fff8772	2ded028b	vpush {d8}
1fff8770	position_sensor_dma_irq	1fff8776	9fedf40a	vldr.32 s0,[pc,#0x3d0]
1fff8770	position_sensor_dma_irq	1fff877a	f448	ldr r0,[0x1fff8b4c]
1fff8770	position_sensor_dma_irq	1fff877c	0068	ldr r0,[r0,#0x0]
1fff8770	position_sensor_dma_irq	1fff877e	4ff00106	mov.w r6,#0x1
1fff8770	position_sensor_dma_irq	1fff8782	10f0010f	tst r0,#0x1
1fff8770	position_sensor_dma_irq	1fff8786	7dd0	beq 0x1fff8884
1fff8770	position_sensor_dma_irq	1fff8788	f14d	ldr r5,[0x1fff8b50]
1fff8770	position_sensor_dma_irq	1fff878a	f248	ldr r0,[0x1fff8b54]
1fff8770	position_sensor_dma_irq	1fff878c	f24c	ldr r4,[0x1fff8b58]
1fff8770	position_sensor_dma_irq	1fff878e	696b	ldr r1,[r5,#0x34]
1fff8770	position_sensor_dma_irq	1fff8790	0088	ldrh r0,[r0,#0x0]
1fff8770	position_sensor_dma_irq	1fff8792	b1f17e5f	cmp.w r1,#0x3f800000
1fff8770	position_sensor_dma_irq	1fff8796	06bf	itte eq
1fff8770	position_sensor_dma_irq	1fff8798	43f6ff71	movw.eq r1,#0x3fff
1fff8770	position_sensor_dma_irq	1fff879c	a1eb9000	sub.eq.w r0,r1,r0, lsr #0x2
1fff8770	position_sensor_dma_irq	1fff87a0	8008	lsr.ne r0,r0,#0x2
1fff8770	position_sensor_dma_irq	1fff87a2	2080	strh r0,[r4,#0x0]
1fff8770	position_sensor_dma_irq	1fff87a4	80b2	uxth r0,r0
1fff8770	position_sensor_dma_irq	1fff87a6	ed4a	ldr r2,[0x1fff8b5c]
1fff8770	position_sensor_dma_irq	1fff87a8	c0f38711	ubfx r1,r0,#0x6,#0x8
1fff8770	position_sensor_dma_irq	1fff87ac	02eb8103	add.w r3,r2,r1, lsl #0x2
1fff8770	position_sensor_dma_irq	1fff87b0	491c	adds r1,r1,#0x1
1fff8770	position_sensor_dma_irq	1fff87b2	01ee900a	vmov s3,r0
1fff8770	position_sensor_dma_irq	1fff87b6	c9b2	uxtb r1,r1
1fff8770	position_sensor_dma_irq	1fff87b8	02eb8101	add.w r1,r2,r1, lsl #0x2
1fff8770	position_sensor_dma_irq	1fff87bc	f8ee611a	vcvt.f32.u32 s3,s3
1fff8770	position_sensor_dma_irq	1fff87c0	d3ed000a	vldr.32 s1,[r3]
1fff8770	position_sensor_dma_irq	1fff87c4	91ed001a	vldr.32 s2,[r1]
1fff8770	position_sensor_dma_irq	1fff87c8	9fede52a	vldr.32 s4,[pc,#0x394]
1fff8770	position_sensor_dma_irq	1fff87cc	31ee601a	vsub.f32 s2,s2,s1
1fff8770	position_sensor_dma_irq	1fff87d0	61ee821a	vmul.f32 s3,s3,s4
1fff8770	position_sensor_dma_irq	1fff87d4	fceee11a	vcvt.u32.f32 s3,s3
1fff8770	position_sensor_dma_irq	1fff87d8	11ee901a	vmov r1,s3
1fff8770	position_sensor_dma_irq	1fff87dc	89b2	uxth r1,r1
1fff8770	position_sensor_dma_irq	1fff87de	01ee901a	vmov s3,r1
1fff8770	position_sensor_dma_irq	1fff87e2	f8ee612a	vcvt.f32.u32 s5,s3
1fff8770	position_sensor_dma_irq	1fff87e6	01ee900a	vmov s3,r0
1fff8770	position_sensor_dma_irq	1fff87ea	f8ee611a	vcvt.f32.u32 s3,s3
1fff8770	position_sensor_dma_irq	1fff87ee	51ee822a	vnmls.f32 s5,s3,s4
1fff8770	position_sensor_dma_irq	1fff87f2	41ee220a	vmla.f32 s1,s2,s5
1fff8770	position_sensor_dma_irq	1fff87f6	01ee100a	vmov s2,r0
1fff8770	position_sensor_dma_irq	1fff87fa	b8ee411a	vcvt.f32.u32 s2,s2
1fff8770	position_sensor_dma_irq	1fff87fe	71ee200a	vadd.f32 s1,s2,s1
1fff8770	position_sensor_dma_irq	1fff8802	9fedd81a	vldr.32 s2,[pc,#0x360]
1fff8770	position_sensor_dma_irq	1fff8806	60ee810a	vmul.f32 s1,s1,s2
1fff8770	position_sensor_dma_irq	1fff880a	c4ed020a	vstr.32 s1,[r4,#0x8]
1fff8770	position_sensor_dma_irq	1fff880e	9fedd68a	vldr.32 s16,[pc,#0x358]
1fff8770	position_sensor_dma_irq	1fff8812	04f10800	add.w r0,r4,#0x8
1fff8770	position_sensor_dma_irq	1fff8816	f0ee480a	vmov.f32 s1,s16
1fff8770	position_sensor_dma_irq	1fff881a	01f0c6fd	bl 0x1fffa3aa
1fff8770	position_sensor_dma_irq	1fff881e	94ed021a	vldr.32 s2,[r4,#0x8]
1fff8770	position_sensor_dma_irq	1fff8822	94ed030a	vldr.32 s0,[r4,#0xc]
1fff8770	position_sensor_dma_irq	1fff8826	d149	ldr r1,[0x1fff8b6c]
1fff8770	position_sensor_dma_irq	1fff8828	31ee400a	vsub.f32 s0,s2,s0
1fff8770	position_sensor_dma_irq	1fff882c	10ee100a	vmov r0,s0
1fff8770	position_sensor_dma_irq	1fff8830	8842	cmp r0,r1
1fff8770	position_sensor_dma_irq	1fff8832	04dd	ble 0x1fff883e
1fff8770	position_sensor_dma_irq	1fff8834	a868	ldr r0,[r5,#0x8]
1fff8770	position_sensor_dma_irq	1fff8836	30ee480a	vsub.f32 s0,s0,s16
1fff8770	position_sensor_dma_irq	1fff883a	401e	subs r0,r0,#0x1
1fff8770	position_sensor_dma_irq	1fff883c	a860	str r0,[r5,#0x8]
1fff8770	position_sensor_dma_irq	1fff883e	10ee100a	vmov r0,s0
1fff8770	position_sensor_dma_irq	1fff8842	cb49	ldr r1,[0x1fff8b70]
1fff8770	position_sensor_dma_irq	1fff8844	8842	cmp r0,r1
1fff8770	position_sensor_dma_irq	1fff8846	04d9	bls 0x1fff8852
1fff8770	position_sensor_dma_irq	1fff8848	a868	ldr r0,[r5,#0x8]
1fff8770	position_sensor_dma_irq	1fff884a	30ee080a	vadd.f32 s0,s0,s16
1fff8770	position_sensor_dma_irq	1fff884e	401c	adds r0,r0,#0x1
1fff8770	position_sensor_dma_irq	1fff8850	a860	str r0,[r5,#0x8]
1fff8770	position_sensor_dma_irq	1fff8852	d5ed021a	vldr.32 s3,[r5,#0x8]
1fff8770	position_sensor_dma_irq	1fff8856	b8eee12a	vcvt.f32.s32 s4,s3
1fff8770	position_sensor_dma_irq	1fff885a	f0ee411a	vmov.f32 s3,s2
1fff8770	position_sensor_dma_irq	1fff885e	42ee081a	vmla.f32 s3,s4,s16
1fff8770	position_sensor_dma_irq	1fff8862	c5ed001a	vstr.32 s3,[r5]
1fff8770	position_sensor_dma_irq	1fff8866	d5ed090a	vldr.32 s1,[r5,#0x24]
1fff8770	position_sensor_dma_irq	1fff886a	95ed172a	vldr.32 s4,[r5,#0x5c]
1fff8770	position_sensor_dma_irq	1fff886e	51ee820a	vnmls.f32 s1,s3,s4
1fff8770	position_sensor_dma_irq	1fff8872	c5ed060a	vstr.32 s1,[r5,#0x18]
1fff8770	position_sensor_dma_irq	1fff8876	84ed031a	vstr.32 s2,[r4,#0xc]
1fff8770	position_sensor_dma_irq	1fff887a	84ed050a	vstr.32 s0,[r4,#0x14]
1fff8770	position_sensor_dma_irq	1fff887e	d4ed040a	vldr.32 s1,[r4,#0x10]
1fff8770	position_sensor_dma_irq	1fff8882	00e0	b 0x1fff8886
1fff8770	position_sensor_dma_irq	1fff8884	0ce0	b 0x1fff88a0
1fff8770	position_sensor_dma_irq	1fff8886	30ee800a	vadd.f32 s0,s1,s0
1fff8770	position_sensor_dma_irq	1fff888a	ba48	ldr r0,[0x1fff8b74]
1fff8770	position_sensor_dma_irq	1fff888c	84ed040a	vstr.32 s0,[r4,#0x10]
1fff8770	position_sensor_dma_irq	1fff8890	6660	str r6,[r4,#0x4]
1fff8770	position_sensor_dma_irq	1fff8892	0168	ldr r1,[r0,#0x0]
1fff8770	position_sensor_dma_irq	1fff8894	89b2	uxth r1,r1
1fff8770	position_sensor_dma_irq	1fff8896	41f48031	orr r1,r1,#0x10000
1fff8770	position_sensor_dma_irq	1fff889a	0160	str r1,[r0,#0x0]
1fff8770	position_sensor_dma_irq	1fff889c	b648	ldr r0,[0x1fff8b78]
1fff8770	position_sensor_dma_irq	1fff889e	0660	str r6,[r0,#0x0]
1fff8770	position_sensor_dma_irq	1fff88a0	b649	ldr r1,[0x1fff8b7c]
1fff8770	position_sensor_dma_irq	1fff88a2	4ff00f10	mov.w r0,#0xf000f
1fff8770	position_sensor_dma_irq	1fff88a6	0860	str r0,[r1,#0x0]
1fff8770	position_sensor_dma_irq	1fff88a8	4ff0e021	mov.w r1,#0xe000e000
1fff8770	position_sensor_dma_irq	1fff88ac	0220	movs r0,#0x2
1fff8770	position_sensor_dma_irq	1fff88ae	c1f88002	str.w r0,[r1,#0x280]
1fff8770	position_sensor_dma_irq	1fff88b2	bdec028b	vpop {d8}
1fff8770	position_sensor_dma_irq	1fff88b6	70bd	pop {r4,r5,r6,pc}
1fff88b8	mcan1_receive_irq	1fff88b8	2de9f05f	push {r4,r5,r6,r7,r8,r9,r10,r11,r12,lr}
1fff88b8	mcan1_receive_irq	1fff88bc	dff8c0b2	ldr.w r11,[0x1fff8b80]
1fff88b8	mcan1_receive_irq	1fff88c0	2ded028b	vpush {d8}
1fff88b8	mcan1_receive_irq	1fff88c4	dbf85000	ldr.w r0,[r11,#0x50]
1fff88b8	mcan1_receive_irq	1fff88c8	dff8b882	ldr.w r8,[0x1fff8b84]
1fff88b8	mcan1_receive_irq	1fff88cc	dff8b8a2	ldr.w r10,[0x1fff8b88]
1fff88b8	mcan1_receive_irq	1fff88d0	10f0010f	tst r0,#0x1
1fff88b8	mcan1_receive_irq	1fff88d4	4ff00009	mov.w r9,#0x0
1fff88b8	mcan1_receive_irq	1fff88d8	4ff00106	mov.w r6,#0x1
1fff88b8	mcan1_receive_irq	1fff88dc	00f07c87	beq.w 0x1fff97d8
1fff88b8	mcan1_receive_irq	1fff88e0	dbf8a400	ldr.w r0,[r11,#0xa4]
1fff88b8	mcan1_receive_irq	1fff88e4	c0f30523	ubfx r3,r0,#0x8,#0x6
1fff88b8	mcan1_receive_irq	1fff88e8	03ebc300	add.w r0,r3,r3, lsl #0x3
1fff88b8	mcan1_receive_irq	1fff88ec	c000	lsls r0,r0,#0x3
1fff88b8	mcan1_receive_irq	1fff88ee	00f18040	add.w r0,r0,#0x40000000
1fff88b8	mcan1_receive_irq	1fff88f2	00f52c30	add.w r0,r0,#0x2b000
1fff88b8	mcan1_receive_irq	1fff88f6	d0f880c0	ldr.w r12,[r0,#0x80]
1fff88b8	mcan1_receive_irq	1fff88fa	a44c	ldr r4,[0x1fff8b8c]
1fff88b8	mcan1_receive_irq	1fff88fc	c4f85cc0	str.w r12,[r4,#0x5c]
1fff88b8	mcan1_receive_irq	1fff8900	d0f88410	ldr.w r1,[r0,#0x84]
1fff88b8	mcan1_receive_irq	1fff8904	2166	str r1,[r4,#0x60]
1fff88b8	mcan1_receive_irq	1fff8906	d0f88820	ldr.w r2,[r0,#0x88]
1fff88b8	mcan1_receive_irq	1fff890a	6266	str r2,[r4,#0x64]
1fff88b8	mcan1_receive_irq	1fff890c	d0f88c10	ldr.w r1,[r0,#0x8c]
1fff88b8	mcan1_receive_irq	1fff8910	9f4f	ldr r7,[0x1fff8b90]
1fff88b8	mcan1_receive_irq	1fff8912	ccf38a40	ubfx r0,r12,#0x12,#0xb
1fff88b8	mcan1_receive_irq	1fff8916	a166	str r1,[r4,#0x68]
1fff88b8	mcan1_receive_irq	1fff8918	3880	strh r0,[r7,#0x0]
1fff88b8	mcan1_receive_irq	1fff891a	cbf8a830	str.w r3,[r11,#0xa8]
1fff88b8	mcan1_receive_irq	1fff891e	c3b2	uxtb r3,r0
1fff88b8	mcan1_receive_irq	1fff8920	9fed898a	vldr.32 s16,[pc,#0x224]
1fff88b8	mcan1_receive_irq	1fff8924	dfed908a	vldr.32 s17,[pc,#0x240]
1fff88b8	mcan1_receive_irq	1fff8928	d8f820c0	ldr.w r12,[r8,#0x20]
1fff88b8	mcan1_receive_irq	1fff892c	994d	ldr r5,[0x1fff8b94]
1fff88b8	mcan1_receive_irq	1fff892e	884c	ldr r4,[0x1fff8b50]
1fff88b8	mcan1_receive_irq	1fff8930	6345	cmp r3,r12
1fff88b8	mcan1_receive_irq	1fff8932	40f0b981	bne.w 0x1fff8ca8
1fff88b8	mcan1_receive_irq	1fff8936	daf80430	ldr.w r3,[r10,#0x4]
1fff88b8	mcan1_receive_irq	1fff893a	002b	cmp r3,#0x0
1fff88b8	mcan1_receive_irq	1fff893c	08bf	it eq
1fff88b8	mcan1_receive_irq	1fff893e	caf80090	str.w.eq r9,[r10,#0x0]
1fff88b8	mcan1_receive_irq	1fff8942	b2f1ff3f	cmp.w r2,#0xffffffff
1fff88b8	mcan1_receive_irq	1fff8946	17d1	bne 0x1fff8978
1fff88b8	mcan1_receive_irq	1fff8948	01f18063	add.w r3,r1,#0x4000000
1fff88b8	mcan1_receive_irq	1fff894c	5b1c	adds r3,r3,#0x1
1fff88b8	mcan1_receive_irq	1fff894e	07d1	bne 0x1fff8960
1fff88b8	mcan1_receive_irq	1fff8950	caf80490	str.w r9,[r10,#0x4]
1fff88b8	mcan1_receive_irq	1fff8954	caf80090	str.w r9,[r10,#0x0]
1fff88b8	mcan1_receive_irq	1fff8958	c5f88090	str.w r9,[r5,#0x80]
1fff88b8	mcan1_receive_irq	1fff895c	c4e90e96	strd r9,r6,[r4,#0x38]
1fff88b8	mcan1_receive_irq	1fff8960	01f14073	add.w r3,r1,#0x3000000
1fff88b8	mcan1_receive_irq	1fff8964	5b1c	adds r3,r3,#0x1
1fff88b8	mcan1_receive_irq	1fff8966	0cd0	beq 0x1fff8982
1fff88b8	mcan1_receive_irq	1fff8968	01f10073	add.w r3,r1,#0x2000000
1fff88b8	mcan1_receive_irq	1fff896c	5b1c	adds r3,r3,#0x1
1fff88b8	mcan1_receive_irq	1fff896e	14d0	beq 0x1fff899a
1fff88b8	mcan1_receive_irq	1fff8970	01f18073	add.w r3,r1,#0x1000000
1fff88b8	mcan1_receive_irq	1fff8974	5b1c	adds r3,r3,#0x1
1fff88b8	mcan1_receive_irq	1fff8976	1ad0	beq 0x1fff89ae
1fff88b8	mcan1_receive_irq	1fff8978	a36b	ldr r3,[r4,#0x38]
1fff88b8	mcan1_receive_irq	1fff897a	022b	cmp r3,#0x2
1fff88b8	mcan1_receive_irq	1fff897c	65d0	beq 0x1fff8a4a
1fff88b8	mcan1_receive_irq	1fff897e	00f040b9	b.w 0x1fff8c02
1fff88b8	mcan1_receive_irq	1fff8982	d5f88000	ldr.w r0,[r5,#0x80]
1fff88b8	mcan1_receive_irq	1fff8986	0228	cmp r0,#0x2
1fff88b8	mcan1_receive_irq	1fff8988	80f03b81	bcs.w 0x1fff8c02
1fff88b8	mcan1_receive_irq	1fff898c	0220	movs r0,#0x2
1fff88b8	mcan1_receive_irq	1fff898e	a063	str r0,[r4,#0x38]
1fff88b8	mcan1_receive_irq	1fff8990	c5f88060	str.w r6,[r5,#0x80]
1fff88b8	mcan1_receive_irq	1fff8994	e663	str r6,[r4,#0x3c]
1fff88b8	mcan1_receive_irq	1fff8996	00f034b9	b.w 0x1fff8c02
1fff88b8	mcan1_receive_irq	1fff899a	c4f83890	str.w r9,[r4,#0x38]
1fff88b8	mcan1_receive_irq	1fff899e	d5f88000	ldr.w r0,[r5,#0x80]
1fff88b8	mcan1_receive_irq	1fff89a2	0128	cmp r0,#0x1
1fff88b8	mcan1_receive_irq	1fff89a4	08bf	it eq
1fff88b8	mcan1_receive_irq	1fff89a6	c5f88090	str.w.eq r9,[r5,#0x80]
1fff88b8	mcan1_receive_irq	1fff89aa	e663	str r6,[r4,#0x3c]
1fff88b8	mcan1_receive_irq	1fff89ac	29e1	b 0x1fff8c02
1fff88b8	mcan1_receive_irq	1fff89ae	4ff0e020	mov.w r0,#0xe000e000
1fff88b8	mcan1_receive_irq	1fff89b2	0421	movs r1,#0x4
1fff88b8	mcan1_receive_irq	1fff89b4	c0f88011	str.w r1,[r0,#0x180]
1fff88b8	mcan1_receive_irq	1fff89b8	bff34f8f	dsb #0xf
1fff88b8	mcan1_receive_irq	1fff89bc	bff36f8f	isb #0xf
1fff88b8	mcan1_receive_irq	1fff89c0	94ed020a	vldr.32 s0,[r4,#0x8]
1fff88b8	mcan1_receive_irq	1fff89c4	d4ed170a	vldr.32 s1,[r4,#0x5c]
1fff88b8	mcan1_receive_irq	1fff89c8	d4ed131a	vldr.32 s3,[r4,#0x4c]
1fff88b8	mcan1_receive_irq	1fff89cc	b8eec01a	vcvt.f32.s32 s2,s0
1fff88b8	mcan1_receive_irq	1fff89d0	b8eec00a	vcvt.f32.s32 s0,s0
1fff88b8	mcan1_receive_irq	1fff89d4	7048	ldr r0,[0x1fff8b98]
1fff88b8	mcan1_receive_irq	1fff89d6	6049	ldr r1,[0x1fff8b58]
1fff88b8	mcan1_receive_irq	1fff89d8	21ee201a	vmul.f32 s2,s2,s1
1fff88b8	mcan1_receive_irq	1fff89dc	bdeec11a	vcvt.s32.f32 s2,s2
1fff88b8	mcan1_receive_irq	1fff89e0	b8eec11a	vcvt.f32.s32 s2,s2
1fff88b8	mcan1_receive_irq	1fff89e4	01ee610a	vmls.f32 s0,s2,s3
1fff88b8	mcan1_receive_irq	1fff89e8	bdeec00a	vcvt.s32.f32 s0,s0
1fff88b8	mcan1_receive_irq	1fff89ec	84ed020a	vstr.32 s0,[r4,#0x8]
1fff88b8	mcan1_receive_irq	1fff89f0	c0f84490	str.w r9,[r0,#0x44]
1fff88b8	mcan1_receive_irq	1fff89f4	b8eec00a	vcvt.f32.s32 s0,s0
1fff88b8	mcan1_receive_irq	1fff89f8	91ed021a	vldr.32 s2,[r1,#0x8]
1fff88b8	mcan1_receive_irq	1fff89fc	6749	ldr r1,[0x1fff8b9c]
1fff88b8	mcan1_receive_irq	1fff89fe	00ee281a	vmla.f32 s2,s0,s17
1fff88b8	mcan1_receive_irq	1fff8a02	21ee200a	vmul.f32 s0,s2,s1
1fff88b8	mcan1_receive_irq	1fff8a06	84ed090a	vstr.32 s0,[r4,#0x24]
1fff88b8	mcan1_receive_irq	1fff8a0a	81ed010a	vstr.32 s0,[r1,#0x4]
1fff88b8	mcan1_receive_irq	1fff8a0e	90ed0d0a	vldr.32 s0,[r0,#0x34]
1fff88b8	mcan1_receive_irq	1fff8a12	80ed0e0a	vstr.32 s0,[r0,#0x38]
1fff88b8	mcan1_receive_irq	1fff8a16	81ed000a	vstr.32 s0,[r1]
1fff88b8	mcan1_receive_irq	1fff8a1a	84ed068a	vstr.32 s16,[r4,#0x18]
1fff88b8	mcan1_receive_irq	1fff8a1e	85ed008a	vstr.32 s16,[r5]
1fff88b8	mcan1_receive_irq	1fff8a22	72b6	cpsid i
1fff88b8	mcan1_receive_irq	1fff8a24	0222	movs r2,#0x2
1fff88b8	mcan1_receive_irq	1fff8a26	5d49	ldr r1,[0x1fff8b9c]
1fff88b8	mcan1_receive_irq	1fff8a28	5d48	ldr r0,[0x1fff8ba0]
1fff88b8	mcan1_receive_irq	1fff8a2a	00f091ff	bl 0x1fff9950
1fff88b8	mcan1_receive_irq	1fff8a2e	62b6	cpsie i
1fff88b8	mcan1_receive_irq	1fff8a30	5c48	ldr r0,[0x1fff8ba4]
1fff88b8	mcan1_receive_irq	1fff8a32	80f84660	strb.w r6,[r0,#0x46]
1fff88b8	mcan1_receive_irq	1fff8a36	5c48	ldr r0,[0x1fff8ba8]
1fff88b8	mcan1_receive_irq	1fff8a38	0670	strb r6,[r0,#0x0]
1fff88b8	mcan1_receive_irq	1fff8a3a	4ff0e021	mov.w r1,#0xe000e000
1fff88b8	mcan1_receive_irq	1fff8a3e	0420	movs r0,#0x4
1fff88b8	mcan1_receive_irq	1fff8a40	c1f88002	str.w r0,[r1,#0x280]
1fff88b8	mcan1_receive_irq	1fff8a44	c1f80001	str.w r0,[r1,#0x100]
1fff88b8	mcan1_receive_irq	1fff8a48	dbe0	b 0x1fff8c02
1fff88b8	mcan1_receive_irq	1fff8a4a	030a	lsrs r3,r0,#0x8
1fff88b8	mcan1_receive_irq	1fff8a4c	5148	ldr r0,[0x1fff8b94]
1fff88b8	mcan1_receive_irq	1fff8a4e	c06b	ldr r0,[r0,#0x3c]
1fff88b8	mcan1_receive_irq	1fff8a50	10d0	beq 0x1fff8a74
1fff88b8	mcan1_receive_irq	1fff8a52	dff830c1	ldr.w r12,[0x1fff8b84]
1fff88b8	mcan1_receive_irq	1fff8a56	012b	cmp r3,#0x1
1fff88b8	mcan1_receive_irq	1fff8a58	dced140a	vldr.32 s1,[r12,#0x50]
1fff88b8	mcan1_receive_irq	1fff8a5c	dff8f0c0	ldr.w r12,[0x1fff8b50]
1fff88b8	mcan1_receive_irq	1fff8a60	dcf834c0	ldr.w r12,[r12,#0x34]
1fff88b8	mcan1_receive_irq	1fff8a64	68d0	beq 0x1fff8b38
1fff88b8	mcan1_receive_irq	1fff8a66	022b	cmp r3,#0x2
1fff88b8	mcan1_receive_irq	1fff8a68	67d0	beq 0x1fff8b3a
1fff88b8	mcan1_receive_irq	1fff8a6a	032b	cmp r3,#0x3
1fff88b8	mcan1_receive_irq	1fff8a6c	08bf	it eq
1fff88b8	mcan1_receive_irq	1fff8a6e	0428	cmp.eq r0,#0x4
1fff88b8	mcan1_receive_irq	1fff8a70	64d0	beq 0x1fff8b3c
1fff88b8	mcan1_receive_irq	1fff8a72	c6e0	b 0x1fff8c02
1fff88b8	mcan1_receive_irq	1fff8a74	0128	cmp r0,#0x1
1fff88b8	mcan1_receive_irq	1fff8a76	62d1	bne 0x1fff8b3e
1fff88b8	mcan1_receive_irq	1fff8a78	c2f30720	ubfx r0,r2,#0x8,#0x8
1fff88b8	mcan1_receive_irq	1fff8a7c	d3b2	uxtb r3,r2
1fff88b8	mcan1_receive_irq	1fff8a7e	40ea0320	orr.w r0,r0,r3, lsl #0x8
1fff88b8	mcan1_receive_irq	1fff8a82	4ff47f63	mov.w r3,#0xff0
1fff88b8	mcan1_receive_irq	1fff8a86	03ea123c	and.w r12,r3,r2, lsr #0xc
1fff88b8	mcan1_receive_irq	1fff8a8a	7880	strh r0,[r7,#0x2]
1fff88b8	mcan1_receive_irq	1fff8a8c	4cea127c	orr.w r12,r12,r2, lsr #0x1c
1fff88b8	mcan1_receive_irq	1fff8a90	a7f804c0	strh.w r12,[r7,#0x4]
1fff88b8	mcan1_receive_irq	1fff8a94	4ff4706c	mov.w r12,#0xf00
1fff88b8	mcan1_receive_irq	1fff8a98	0cea1242	and.w r2,r12,r2, lsr #0x10
1fff88b8	mcan1_receive_irq	1fff8a9c	01f0ff0e	and lr,r1,#0xff
1fff88b8	mcan1_receive_irq	1fff8aa0	42ea0e02	orr.w r2,r2,lr
1fff88b8	mcan1_receive_irq	1fff8aa4	3a81	strh r2,[r7,#0x8]
1fff88b8	mcan1_receive_irq	1fff8aa6	03ea1112	and.w r2,r3,r1, lsr #0x4
1fff88b8	mcan1_receive_irq	1fff8aaa	c1f30353	ubfx r3,r1,#0x14,#0x4
1fff88b8	mcan1_receive_irq	1fff8aae	1a43	orrs r2,r3
1fff88b8	mcan1_receive_irq	1fff8ab0	7a81	strh r2,[r7,#0xa]
1fff88b8	mcan1_receive_irq	1fff8ab2	0cea1122	and.w r2,r12,r1, lsr #0x8
1fff88b8	mcan1_receive_irq	1fff8ab6	42ea1161	orr.w r1,r2,r1, lsr #0x18
1fff88b8	mcan1_receive_irq	1fff8aba	f980	strh r1,[r7,#0x6]
1fff88b8	mcan1_receive_irq	1fff8abc	d8ed150a	vldr.32 s1,[r8,#0x54]
1fff88b8	mcan1_receive_irq	1fff8ac0	1021	movs r1,#0x10
1fff88b8	mcan1_receive_irq	1fff8ac2	b1ee600a	vneg.f32 s0,s1
1fff88b8	mcan1_receive_irq	1fff8ac6	01f0e4fc	bl 0x1fffa492
1fff88b8	mcan1_receive_irq	1fff8aca	87ed040a	vstr.32 s0,[r7,#0x10]
1fff88b8	mcan1_receive_irq	1fff8ace	d8ed160a	vldr.32 s1,[r8,#0x58]
1fff88b8	mcan1_receive_irq	1fff8ad2	b888	ldrh r0,[r7,#0x4]
1fff88b8	mcan1_receive_irq	1fff8ad4	0c21	movs r1,#0xc
1fff88b8	mcan1_receive_irq	1fff8ad6	b1ee600a	vneg.f32 s0,s1
1fff88b8	mcan1_receive_irq	1fff8ada	01f0dafc	bl 0x1fffa492
1fff88b8	mcan1_receive_irq	1fff8ade	87ed050a	vstr.32 s0,[r7,#0x14]
1fff88b8	mcan1_receive_irq	1fff8ae2	d8ed170a	vldr.32 s1,[r8,#0x5c]
1fff88b8	mcan1_receive_irq	1fff8ae6	f888	ldrh r0,[r7,#0x6]
1fff88b8	mcan1_receive_irq	1fff8ae8	0c21	movs r1,#0xc
1fff88b8	mcan1_receive_irq	1fff8aea	b1ee600a	vneg.f32 s0,s1
1fff88b8	mcan1_receive_irq	1fff8aee	01f0d0fc	bl 0x1fffa492
1fff88b8	mcan1_receive_irq	1fff8af2	87ed060a	vstr.32 s0,[r7,#0x18]
1fff88b8	mcan1_receive_irq	1fff8af6	606b	ldr r0,[r4,#0x34]
1fff88b8	mcan1_receive_irq	1fff8af8	b0f1804f	cmp.w r0,#0x40000000
1fff88b8	mcan1_receive_irq	1fff8afc	0fd1	bne 0x1fff8b1e
1fff88b8	mcan1_receive_irq	1fff8afe	d7ed040a	vldr.32 s1,[r7,#0x10]
1fff88b8	mcan1_receive_irq	1fff8b02	b1ee400a	vneg.f32 s0,s0
1fff88b8	mcan1_receive_irq	1fff8b06	f1ee600a	vneg.f32 s1,s1
1fff88b8	mcan1_receive_irq	1fff8b0a	c7ed040a	vstr.32 s1,[r7,#0x10]
1fff88b8	mcan1_receive_irq	1fff8b0e	d7ed050a	vldr.32 s1,[r7,#0x14]
1fff88b8	mcan1_receive_irq	1fff8b12	f1ee600a	vneg.f32 s1,s1
1fff88b8	mcan1_receive_irq	1fff8b16	c7ed050a	vstr.32 s1,[r7,#0x14]
1fff88b8	mcan1_receive_irq	1fff8b1a	87ed060a	vstr.32 s0,[r7,#0x18]
1fff88b8	mcan1_receive_irq	1fff8b1e	97ed040a	vldr.32 s0,[r7,#0x10]
1fff88b8	mcan1_receive_irq	1fff8b22	85ed000a	vstr.32 s0,[r5]
1fff88b8	mcan1_receive_irq	1fff8b26	97ed050a	vldr.32 s0,[r7,#0x14]
1fff88b8	mcan1_receive_irq	1fff8b2a	85ed010a	vstr.32 s0,[r5,#0x4]
1fff88b8	mcan1_receive_irq	1fff8b2e	97ed060a	vldr.32 s0,[r7,#0x18]
1fff88b8	mcan1_receive_irq	1fff8b32	85ed020a	vstr.32 s0,[r5,#0x8]
1fff88b8	mcan1_receive_irq	1fff8b36	39e0	b 0x1fff8bac
1fff88b8	mcan1_receive_irq	1fff8b38	4de0	b 0x1fff8bd6
1fff88b8	mcan1_receive_irq	1fff8b3a	60e0	b 0x1fff8bfe
1fff88b8	mcan1_receive_irq	1fff8b3c	cbe0	b 0x1fff8cd6
1fff88b8	mcan1_receive_irq	1fff8b3e	60e0	b 0x1fff8c02
1fff88b8	mcan1_receive_irq	1fff8bac	3889	ldrh r0,[r7,#0x8]
1fff88b8	mcan1_receive_irq	1fff8bae	0c21	movs r1,#0xc
1fff88b8	mcan1_receive_irq	1fff8bb0	dfedf60a	vldr.32 s1,[pc,#0x3d8]
1fff88b8	mcan1_receive_irq	1fff8bb4	b0ee480a	vmov.f32 s0,s16
1fff88b8	mcan1_receive_irq	1fff8bb8	01f06bfc	bl 0x1fffa492
1fff88b8	mcan1_receive_irq	1fff8bbc	85ed030a	vstr.32 s0,[r5,#0xc]
1fff88b8	mcan1_receive_irq	1fff8bc0	7889	ldrh r0,[r7,#0xa]
1fff88b8	mcan1_receive_irq	1fff8bc2	0c21	movs r1,#0xc
1fff88b8	mcan1_receive_irq	1fff8bc4	f1ee040a	vmov.f32 s1,0x40a00000
1fff88b8	mcan1_receive_irq	1fff8bc8	b0ee480a	vmov.f32 s0,s16
1fff88b8	mcan1_receive_irq	1fff8bcc	01f061fc	bl 0x1fffa492
1fff88b8	mcan1_receive_irq	1fff8bd0	85ed040a	vstr.32 s0,[r5,#0x10]
1fff88b8	mcan1_receive_irq	1fff8bd4	15e0	b 0x1fff8c02
1fff88b8	mcan1_receive_irq	1fff8bd6	0228	cmp r0,#0x2
1fff88b8	mcan1_receive_irq	1fff8bd8	13d1	bne 0x1fff8c02
1fff88b8	mcan1_receive_irq	1fff8bda	00ee102a	vmov s0,r2
1fff88b8	mcan1_receive_irq	1fff8bde	bcf1804f	cmp.w r12,#0x40000000
1fff88b8	mcan1_receive_irq	1fff8be2	08bf	it eq
1fff88b8	mcan1_receive_irq	1fff8be4	b1ee400a	vneg.eq.f32 s0,s0
1fff88b8	mcan1_receive_irq	1fff8be8	85ed000a	vstr.32 s0,[r5]
1fff88b8	mcan1_receive_irq	1fff8bec	00ee101a	vmov s0,r1
1fff88b8	mcan1_receive_irq	1fff8bf0	b0eec00a	vabs.f32 s0,s0
1fff88b8	mcan1_receive_irq	1fff8bf4	20ee200a	vmul.f32 s0,s0,s1
1fff88b8	mcan1_receive_irq	1fff8bf8	85ed010a	vstr.32 s0,[r5,#0x4]
1fff88b8	mcan1_receive_irq	1fff8bfc	01e0	b 0x1fff8c02
1fff88b8	mcan1_receive_irq	1fff8bfe	0328	cmp r0,#0x3
1fff88b8	mcan1_receive_irq	1fff8c00	59d0	beq 0x1fff8cb6
1fff88b8	mcan1_receive_irq	1fff8c02	98ed151a	vldr.32 s2,[r8,#0x54]
1fff88b8	mcan1_receive_irq	1fff8c06	606b	ldr r0,[r4,#0x34]
1fff88b8	mcan1_receive_irq	1fff8c08	94ed060a	vldr.32 s0,[r4,#0x18]
1fff88b8	mcan1_receive_irq	1fff8c0c	b0f17e5f	cmp.w r0,#0x3f800000
1fff88b8	mcan1_receive_irq	1fff8c10	f1ee410a	vneg.f32 s1,s2
1fff88b8	mcan1_receive_irq	1fff8c14	7ed0	beq 0x1fff8d14
1fff88b8	mcan1_receive_irq	1fff8c16	b1ee400a	vneg.f32 s0,s0
1fff88b8	mcan1_receive_irq	1fff8c1a	1020	movs r0,#0x10
1fff88b8	mcan1_receive_irq	1fff8c1c	01f025fc	bl 0x1fffa46a
1fff88b8	mcan1_receive_irq	1fff8c20	7880	strh r0,[r7,#0x2]
1fff88b8	mcan1_receive_irq	1fff8c22	98ed161a	vldr.32 s2,[r8,#0x58]
1fff88b8	mcan1_receive_irq	1fff8c26	94ed070a	vldr.32 s0,[r4,#0x1c]
1fff88b8	mcan1_receive_irq	1fff8c2a	0c20	movs r0,#0xc
1fff88b8	mcan1_receive_irq	1fff8c2c	f1ee410a	vneg.f32 s1,s2
1fff88b8	mcan1_receive_irq	1fff8c30	b1ee400a	vneg.f32 s0,s0
1fff88b8	mcan1_receive_irq	1fff8c34	01f019fc	bl 0x1fffa46a
1fff88b8	mcan1_receive_irq	1fff8c38	b880	strh r0,[r7,#0x4]
1fff88b8	mcan1_receive_irq	1fff8c3a	98ed171a	vldr.32 s2,[r8,#0x5c]
1fff88b8	mcan1_receive_irq	1fff8c3e	94ed0c0a	vldr.32 s0,[r4,#0x30]
1fff88b8	mcan1_receive_irq	1fff8c42	0c20	movs r0,#0xc
1fff88b8	mcan1_receive_irq	1fff8c44	f1ee410a	vneg.f32 s1,s2
1fff88b8	mcan1_receive_irq	1fff8c48	b1ee400a	vneg.f32 s0,s0
1fff88b8	mcan1_receive_irq	1fff8c4c	01f00dfc	bl 0x1fffa46a
1fff88b8	mcan1_receive_irq	1fff8c50	f880	strh r0,[r7,#0x6]
1fff88b8	mcan1_receive_irq	1fff8c52	98f82000	ldrb.w r0,[r8,#0x20]
1fff88b8	mcan1_receive_irq	1fff8c56	95f88010	ldrb.w r1,[r5,#0x80]
1fff88b8	mcan1_receive_irq	1fff8c5a	40ea0111	orr.w r1,r0,r1, lsl #0x4
1fff88b8	mcan1_receive_irq	1fff8c5e	cc48	ldr r0,[0x1fff8f90]
1fff88b8	mcan1_receive_irq	1fff8c60	00f8081f	strb.w r1,[r0,#0x8]!
1fff88b8	mcan1_receive_irq	1fff8c64	7988	ldrh r1,[r7,#0x2]
1fff88b8	mcan1_receive_irq	1fff8c66	0a0a	lsrs r2,r1,#0x8
1fff88b8	mcan1_receive_irq	1fff8c68	4270	strb r2,[r0,#0x1]
1fff88b8	mcan1_receive_irq	1fff8c6a	8170	strb r1,[r0,#0x2]
1fff88b8	mcan1_receive_irq	1fff8c6c	b988	ldrh r1,[r7,#0x4]
1fff88b8	mcan1_receive_irq	1fff8c6e	0a09	lsrs r2,r1,#0x4
1fff88b8	mcan1_receive_irq	1fff8c70	c270	strb r2,[r0,#0x3]
1fff88b8	mcan1_receive_irq	1fff8c72	fa88	ldrh r2,[r7,#0x6]
1fff88b8	mcan1_receive_irq	1fff8c74	0901	lsls r1,r1,#0x4
1fff88b8	mcan1_receive_irq	1fff8c76	01eb1221	add.w r1,r1,r2, lsr #0x8
1fff88b8	mcan1_receive_irq	1fff8c7a	0171	strb r1,[r0,#0x4]
1fff88b8	mcan1_receive_irq	1fff8c7c	4271	strb r2,[r0,#0x5]
1fff88b8	mcan1_receive_irq	1fff8c7e	95ed210a	vldr.32 s0,[r5,#0x84]
1fff88b8	mcan1_receive_irq	1fff8c82	0822	movs r2,#0x8
1fff88b8	mcan1_receive_irq	1fff8c84	bdeec00a	vcvt.s32.f32 s0,s0
1fff88b8	mcan1_receive_irq	1fff8c88	10ee101a	vmov r1,s0
1fff88b8	mcan1_receive_irq	1fff8c8c	8171	strb r1,[r0,#0x6]
1fff88b8	mcan1_receive_irq	1fff8c8e	94ed100a	vldr.32 s0,[r4,#0x40]
1fff88b8	mcan1_receive_irq	1fff8c92	bdeec00a	vcvt.s32.f32 s0,s0
1fff88b8	mcan1_receive_irq	1fff8c96	10ee101a	vmov r1,s0
1fff88b8	mcan1_receive_irq	1fff8c9a	c171	strb r1,[r0,#0x7]
1fff88b8	mcan1_receive_irq	1fff8c9c	b8f81c10	ldrh.w r1,[r8,#0x1c]
1fff88b8	mcan1_receive_irq	1fff8ca0	50f8043c	ldr.w r3,[r0,#-0x4]
1fff88b8	mcan1_receive_irq	1fff8ca4	89b2	uxth r1,r1
1fff88b8	mcan1_receive_irq	1fff8ca6	9847	blx r3
1fff88b8	mcan1_receive_irq	1fff8ca8	3988	ldrh r1,[r7,#0x0]
1fff88b8	mcan1_receive_irq	1fff8caa	a1f5e062	sub.w r2,r1,#0x700
1fff88b8	mcan1_receive_irq	1fff8cae	ff3a	subs r2,#0xff
1fff88b8	mcan1_receive_irq	1fff8cb0	41d0	beq 0x1fff8d36
1fff88b8	mcan1_receive_irq	1fff8cb2	00f091bd	b.w 0x1fff97d8
1fff88b8	mcan1_receive_irq	1fff8cb6	00ee102a	vmov s0,r2
1fff88b8	mcan1_receive_irq	1fff8cba	bcf1804f	cmp.w r12,#0x40000000
1fff88b8	mcan1_receive_irq	1fff8cbe	20ee200a	vmul.f32 s0,s0,s1
1fff88b8	mcan1_receive_irq	1fff8cc2	87ed050a	vstr.32 s0,[r7,#0x14]
1fff88b8	mcan1_receive_irq	1fff8cc6	04bf	itt eq
1fff88b8	mcan1_receive_irq	1fff8cc8	b1ee400a	vneg.eq.f32 s0,s0
1fff88b8	mcan1_receive_irq	1fff8ccc	87ed050a	vstr.eq.32 s0,[r7,#0x14]
1fff88b8	mcan1_receive_irq	1fff8cd0	85ed010a	vstr.32 s0,[r5,#0x4]
1fff88b8	mcan1_receive_irq	1fff8cd4	95e7	b 0x1fff8c02
1fff88b8	mcan1_receive_irq	1fff8cd6	00ee102a	vmov s0,r2
1fff88b8	mcan1_receive_irq	1fff8cda	bcf1804f	cmp.w r12,#0x40000000
1fff88b8	mcan1_receive_irq	1fff8cde	08bf	it eq
1fff88b8	mcan1_receive_irq	1fff8ce0	b1ee400a	vneg.eq.f32 s0,s0
1fff88b8	mcan1_receive_irq	1fff8ce4	85ed000a	vstr.32 s0,[r5]
1fff88b8	mcan1_receive_irq	1fff8ce8	88b2	uxth r0,r1
1fff88b8	mcan1_receive_irq	1fff8cea	42f21072	movw r2,#0x2710
1fff88b8	mcan1_receive_irq	1fff8cee	b880	strh r0,[r7,#0x4]
1fff88b8	mcan1_receive_irq	1fff8cf0	9042	cmp r0,r2
1fff88b8	mcan1_receive_irq	1fff8cf2	88bf	it hi
1fff88b8	mcan1_receive_irq	1fff8cf4	ba80	strh.hi r2,[r7,#0x4]
1fff88b8	mcan1_receive_irq	1fff8cf6	b888	ldrh r0,[r7,#0x4]
1fff88b8	mcan1_receive_irq	1fff8cf8	00ee100a	vmov s0,r0
1fff88b8	mcan1_receive_irq	1fff8cfc	b8ee400a	vcvt.f32.u32 s0,s0
1fff88b8	mcan1_receive_irq	1fff8d00	9feda41a	vldr.32 s2,[pc,#0x290]
1fff88b8	mcan1_receive_irq	1fff8d04	080c	lsrs r0,r1,#0x10
1fff88b8	mcan1_receive_irq	1fff8d06	20ee010a	vmul.f32 s0,s0,s2
1fff88b8	mcan1_receive_irq	1fff8d0a	20ee200a	vmul.f32 s0,s0,s1
1fff88b8	mcan1_receive_irq	1fff8d0e	85ed010a	vstr.32 s0,[r5,#0x4]
1fff88b8	mcan1_receive_irq	1fff8d12	00e0	b 0x1fff8d16
1fff88b8	mcan1_receive_irq	1fff8d14	33e0	b 0x1fff8d7e
1fff88b8	mcan1_receive_irq	1fff8d16	f880	strh r0,[r7,#0x6]
1fff88b8	mcan1_receive_irq	1fff8d18	9042	cmp r0,r2
1fff88b8	mcan1_receive_irq	1fff8d1a	88bf	it hi
1fff88b8	mcan1_receive_irq	1fff8d1c	fa80	strh.hi r2,[r7,#0x6]
1fff88b8	mcan1_receive_irq	1fff8d1e	f888	ldrh r0,[r7,#0x6]
1fff88b8	mcan1_receive_irq	1fff8d20	00ee100a	vmov s0,r0
1fff88b8	mcan1_receive_irq	1fff8d24	b8ee400a	vcvt.f32.u32 s0,s0
1fff88b8	mcan1_receive_irq	1fff8d28	dfed9b0a	vldr.32 s1,[pc,#0x26c]
1fff88b8	mcan1_receive_irq	1fff8d2c	20ee200a	vmul.f32 s0,s0,s1
1fff88b8	mcan1_receive_irq	1fff8d30	85ed0c0a	vstr.32 s0,[r5,#0x30]
1fff88b8	mcan1_receive_irq	1fff8d34	65e7	b 0x1fff8c02
1fff88b8	mcan1_receive_irq	1fff8d36	964f	ldr r7,[0x1fff8f90]
1fff88b8	mcan1_receive_irq	1fff8d38	9848	ldr r0,[0x1fff8f9c]
1fff88b8	mcan1_receive_irq	1fff8d3a	4ff0aa0e	mov.w lr,#0xaa
1fff88b8	mcan1_receive_irq	1fff8d3e	796e	ldr r1,[r7,#0x64]
1fff88b8	mcan1_receive_irq	1fff8d40	1ffa81fc	uxth.w r12,r1
1fff88b8	mcan1_receive_irq	1fff8d44	a0f81cc0	strh.w r12,[r0,#0x1c]
1fff88b8	mcan1_receive_irq	1fff8d48	c1f30743	ubfx r3,r1,#0x10,#0x8
1fff88b8	mcan1_receive_irq	1fff8d4c	8377	strb r3,[r0,#0x1e]
1fff88b8	mcan1_receive_irq	1fff8d4e	0a0e	lsrs r2,r1,#0x18
1fff88b8	mcan1_receive_irq	1fff8d50	c277	strb r2,[r0,#0x1f]
1fff88b8	mcan1_receive_irq	1fff8d52	d8f82000	ldr.w r0,[r8,#0x20]
1fff88b8	mcan1_receive_irq	1fff8d56	8445	cmp r12,r0
1fff88b8	mcan1_receive_irq	1fff8d58	40f0b984	bne.w 0x1fff96ce
1fff88b8	mcan1_receive_irq	1fff8d5c	8f49	ldr r1,[0x1fff8f9c]
1fff88b8	mcan1_receive_irq	1fff8d5e	cc2b	cmp r3,#0xcc
1fff88b8	mcan1_receive_irq	1fff8d60	27d0	beq 0x1fff8db2
1fff88b8	mcan1_receive_irq	1fff8d62	332b	cmp r3,#0x33
1fff88b8	mcan1_receive_irq	1fff8d64	00f07481	beq.w 0x1fff9050
1fff88b8	mcan1_receive_irq	1fff8d68	552b	cmp r3,#0x55
1fff88b8	mcan1_receive_irq	1fff8d6a	00f05882	beq.w 0x1fff921e
1fff88b8	mcan1_receive_irq	1fff8d6e	aa2b	cmp r3,#0xaa
1fff88b8	mcan1_receive_irq	1fff8d70	04bf	itt eq
1fff88b8	mcan1_receive_irq	1fff8d72	a16b	ldr.eq r1,[r4,#0x38]
1fff88b8	mcan1_receive_irq	1fff8d74	0029	cmp.eq r1,#0x0
1fff88b8	mcan1_receive_irq	1fff8d76	00f09884	beq.w 0x1fff96aa
1fff88b8	mcan1_receive_irq	1fff8d7a	00f02dbd	b.w 0x1fff97d8
1fff88b8	mcan1_receive_irq	1fff8d7e	4ff01000	mov.w r0,#0x10
1fff88b8	mcan1_receive_irq	1fff8d82	01f072fb	bl 0x1fffa46a
1fff88b8	mcan1_receive_irq	1fff8d86	7880	strh r0,[r7,#0x2]
1fff88b8	mcan1_receive_irq	1fff8d88	98ed161a	vldr.32 s2,[r8,#0x58]
1fff88b8	mcan1_receive_irq	1fff8d8c	94ed070a	vldr.32 s0,[r4,#0x1c]
1fff88b8	mcan1_receive_irq	1fff8d90	0c20	movs r0,#0xc
1fff88b8	mcan1_receive_irq	1fff8d92	f1ee410a	vneg.f32 s1,s2
1fff88b8	mcan1_receive_irq	1fff8d96	01f068fb	bl 0x1fffa46a
1fff88b8	mcan1_receive_irq	1fff8d9a	b880	strh r0,[r7,#0x4]
1fff88b8	mcan1_receive_irq	1fff8d9c	98ed171a	vldr.32 s2,[r8,#0x5c]
1fff88b8	mcan1_receive_irq	1fff8da0	94ed0c0a	vldr.32 s0,[r4,#0x30]
1fff88b8	mcan1_receive_irq	1fff8da4	0c20	movs r0,#0xc
1fff88b8	mcan1_receive_irq	1fff8da6	f1ee410a	vneg.f32 s1,s2
1fff88b8	mcan1_receive_irq	1fff8daa	01f05efb	bl 0x1fffa46a
1fff88b8	mcan1_receive_irq	1fff8dae	f880	strh r0,[r7,#0x6]
1fff88b8	mcan1_receive_irq	1fff8db0	4fe7	b 0x1fff8c52
1fff88b8	mcan1_receive_irq	1fff8db2	8946	mov r9,r1
1fff88b8	mcan1_receive_irq	1fff8db4	052a	cmp r2,#0x5
1fff88b8	mcan1_receive_irq	1fff8db6	80f00f85	bcs.w 0x1fff97d8
1fff88b8	mcan1_receive_irq	1fff8dba	dfe802f0	tbb [pc,r2]
1fff88b8	mcan1_receive_irq	1fff8dc4	98ed151a	vldr.32 s2,[r8,#0x54]
1fff88b8	mcan1_receive_irq	1fff8dc8	606b	ldr r0,[r4,#0x34]
1fff88b8	mcan1_receive_irq	1fff8dca	94ed060a	vldr.32 s0,[r4,#0x18]
1fff88b8	mcan1_receive_irq	1fff8dce	b0f17e5f	cmp.w r0,#0x3f800000
1fff88b8	mcan1_receive_irq	1fff8dd2	f1ee410a	vneg.f32 s1,s2
1fff88b8	mcan1_receive_irq	1fff8dd6	4fd0	beq 0x1fff8e78
1fff88b8	mcan1_receive_irq	1fff8dd8	b1ee400a	vneg.f32 s0,s0
1fff88b8	mcan1_receive_irq	1fff8ddc	1020	movs r0,#0x10
1fff88b8	mcan1_receive_irq	1fff8dde	01f044fb	bl 0x1fffa46a
1fff88b8	mcan1_receive_irq	1fff8de2	a9f80200	strh.w r0,[r9,#0x2]
1fff88b8	mcan1_receive_irq	1fff8de6	98ed161a	vldr.32 s2,[r8,#0x58]
1fff88b8	mcan1_receive_irq	1fff8dea	94ed070a	vldr.32 s0,[r4,#0x1c]
1fff88b8	mcan1_receive_irq	1fff8dee	0c20	movs r0,#0xc
1fff88b8	mcan1_receive_irq	1fff8df0	f1ee410a	vneg.f32 s1,s2
1fff88b8	mcan1_receive_irq	1fff8df4	b1ee400a	vneg.f32 s0,s0
1fff88b8	mcan1_receive_irq	1fff8df8	01f037fb	bl 0x1fffa46a
1fff88b8	mcan1_receive_irq	1fff8dfc	a9f80400	strh.w r0,[r9,#0x4]
1fff88b8	mcan1_receive_irq	1fff8e00	98ed171a	vldr.32 s2,[r8,#0x5c]
1fff88b8	mcan1_receive_irq	1fff8e04	94ed0c0a	vldr.32 s0,[r4,#0x30]
1fff88b8	mcan1_receive_irq	1fff8e08	0c20	movs r0,#0xc
1fff88b8	mcan1_receive_irq	1fff8e0a	f1ee410a	vneg.f32 s1,s2
1fff88b8	mcan1_receive_irq	1fff8e0e	b1ee400a	vneg.f32 s0,s0
1fff88b8	mcan1_receive_irq	1fff8e12	01f02afb	bl 0x1fffa46a
1fff88b8	mcan1_receive_irq	1fff8e16	a9f80600	strh.w r0,[r9,#0x6]
1fff88b8	mcan1_receive_irq	1fff8e1a	98f82000	ldrb.w r0,[r8,#0x20]
1fff88b8	mcan1_receive_irq	1fff8e1e	95f88010	ldrb.w r1,[r5,#0x80]
1fff88b8	mcan1_receive_irq	1fff8e22	40ea0110	orr.w r0,r0,r1, lsl #0x4
1fff88b8	mcan1_receive_irq	1fff8e26	3872	strb r0,[r7,#0x8]
1fff88b8	mcan1_receive_irq	1fff8e28	b9f80200	ldrh.w r0,[r9,#0x2]
1fff88b8	mcan1_receive_irq	1fff8e2c	010a	lsrs r1,r0,#0x8
1fff88b8	mcan1_receive_irq	1fff8e2e	7972	strb r1,[r7,#0x9]
1fff88b8	mcan1_receive_irq	1fff8e30	b872	strb r0,[r7,#0xa]
1fff88b8	mcan1_receive_irq	1fff8e32	b9f80400	ldrh.w r0,[r9,#0x4]
1fff88b8	mcan1_receive_irq	1fff8e36	0109	lsrs r1,r0,#0x4
1fff88b8	mcan1_receive_irq	1fff8e38	f972	strb r1,[r7,#0xb]
1fff88b8	mcan1_receive_irq	1fff8e3a	0101	lsls r1,r0,#0x4
1fff88b8	mcan1_receive_irq	1fff8e3c	b9f80600	ldrh.w r0,[r9,#0x6]
1fff88b8	mcan1_receive_irq	1fff8e40	0822	movs r2,#0x8
1fff88b8	mcan1_receive_irq	1fff8e42	01eb1021	add.w r1,r1,r0, lsr #0x8
1fff88b8	mcan1_receive_irq	1fff8e46	3973	strb r1,[r7,#0xc]
1fff88b8	mcan1_receive_irq	1fff8e48	7873	strb r0,[r7,#0xd]
1fff88b8	mcan1_receive_irq	1fff8e4a	95ed210a	vldr.32 s0,[r5,#0x84]
1fff88b8	mcan1_receive_irq	1fff8e4e	bdeec00a	vcvt.s32.f32 s0,s0
1fff88b8	mcan1_receive_irq	1fff8e52	10ee100a	vmov r0,s0
1fff88b8	mcan1_receive_irq	1fff8e56	b873	strb r0,[r7,#0xe]
1fff88b8	mcan1_receive_irq	1fff8e58	94ed100a	vldr.32 s0,[r4,#0x40]
1fff88b8	mcan1_receive_irq	1fff8e5c	bdeec00a	vcvt.s32.f32 s0,s0
1fff88b8	mcan1_receive_irq	1fff8e60	10ee100a	vmov r0,s0
1fff88b8	mcan1_receive_irq	1fff8e64	f873	strb r0,[r7,#0xf]
1fff88b8	mcan1_receive_irq	1fff8e66	b8f81c00	ldrh.w r0,[r8,#0x1c]
1fff88b8	mcan1_receive_irq	1fff8e6a	7b68	ldr r3,[r7,#0x4]
1fff88b8	mcan1_receive_irq	1fff8e6c	81b2	uxth r1,r0
1fff88b8	mcan1_receive_irq	1fff8e6e	07f10800	add.w r0,r7,#0x8
1fff88b8	mcan1_receive_irq	1fff8e72	9847	blx r3
1fff88b8	mcan1_receive_irq	1fff8e74	00f0b0bc	b.w 0x1fff97d8
1fff88b8	mcan1_receive_irq	1fff8e78	1020	movs r0,#0x10
1fff88b8	mcan1_receive_irq	1fff8e7a	01f0f6fa	bl 0x1fffa46a
1fff88b8	mcan1_receive_irq	1fff8e7e	a9f80200	strh.w r0,[r9,#0x2]
1fff88b8	mcan1_receive_irq	1fff8e82	98ed161a	vldr.32 s2,[r8,#0x58]
1fff88b8	mcan1_receive_irq	1fff8e86	94ed070a	vldr.32 s0,[r4,#0x1c]
1fff88b8	mcan1_receive_irq	1fff8e8a	0c20	movs r0,#0xc
1fff88b8	mcan1_receive_irq	1fff8e8c	f1ee410a	vneg.f32 s1,s2
1fff88b8	mcan1_receive_irq	1fff8e90	01f0ebfa	bl 0x1fffa46a
1fff88b8	mcan1_receive_irq	1fff8e94	a9f80400	strh.w r0,[r9,#0x4]
1fff88b8	mcan1_receive_irq	1fff8e98	98ed171a	vldr.32 s2,[r8,#0x5c]
1fff88b8	mcan1_receive_irq	1fff8e9c	94ed0c0a	vldr.32 s0,[r4,#0x30]
1fff88b8	mcan1_receive_irq	1fff8ea0	0c20	movs r0,#0xc
1fff88b8	mcan1_receive_irq	1fff8ea2	f1ee410a	vneg.f32 s1,s2
1fff88b8	mcan1_receive_irq	1fff8ea6	01f0e0fa	bl 0x1fffa46a
1fff88b8	mcan1_receive_irq	1fff8eaa	a9f80600	strh.w r0,[r9,#0x6]
1fff88b8	mcan1_receive_irq	1fff8eae	b4e7	b 0x1fff8e1a
1fff88b8	mcan1_receive_irq	1fff8eb0	3872	strb r0,[r7,#0x8]
1fff88b8	mcan1_receive_irq	1fff8eb2	95f88000	ldrb.w r0,[r5,#0x80]
1fff88b8	mcan1_receive_irq	1fff8eb6	7872	strb r0,[r7,#0x9]
1fff88b8	mcan1_receive_irq	1fff8eb8	95ed210a	vldr.32 s0,[r5,#0x84]
1fff88b8	mcan1_receive_irq	1fff8ebc	bdeec00a	vcvt.s32.f32 s0,s0
1fff88b8	mcan1_receive_irq	1fff8ec0	10ee100a	vmov r0,s0
1fff88b8	mcan1_receive_irq	1fff8ec4	b872	strb r0,[r7,#0xa]
1fff88b8	mcan1_receive_irq	1fff8ec6	94ed100a	vldr.32 s0,[r4,#0x40]
1fff88b8	mcan1_receive_irq	1fff8eca	bdeec00a	vcvt.s32.f32 s0,s0
1fff88b8	mcan1_receive_irq	1fff8ece	10ee100a	vmov r0,s0
1fff88b8	mcan1_receive_irq	1fff8ed2	f872	strb r0,[r7,#0xb]
1fff88b8	mcan1_receive_irq	1fff8ed4	606b	ldr r0,[r4,#0x34]
1fff88b8	mcan1_receive_irq	1fff8ed6	b0f17e5f	cmp.w r0,#0x3f800000
1fff88b8	mcan1_receive_irq	1fff8eda	08bf	it eq
1fff88b8	mcan1_receive_irq	1fff8edc	a069	ldr.eq r0,[r4,#0x18]
1fff88b8	mcan1_receive_irq	1fff8ede	43d0	beq 0x1fff8f68
1fff88b8	mcan1_receive_irq	1fff8ee0	94ed060a	vldr.32 s0,[r4,#0x18]
1fff88b8	mcan1_receive_irq	1fff8ee4	b1ee400a	vneg.f32 s0,s0
1fff88b8	mcan1_receive_irq	1fff8ee8	10ee100a	vmov r0,s0
1fff88b8	mcan1_receive_irq	1fff8eec	3ce0	b 0x1fff8f68
1fff88b8	mcan1_receive_irq	1fff8eee	3872	strb r0,[r7,#0x8]
1fff88b8	mcan1_receive_irq	1fff8ef0	95f88000	ldrb.w r0,[r5,#0x80]
1fff88b8	mcan1_receive_irq	1fff8ef4	7872	strb r0,[r7,#0x9]
1fff88b8	mcan1_receive_irq	1fff8ef6	95ed210a	vldr.32 s0,[r5,#0x84]
1fff88b8	mcan1_receive_irq	1fff8efa	bdeec00a	vcvt.s32.f32 s0,s0
1fff88b8	mcan1_receive_irq	1fff8efe	10ee100a	vmov r0,s0
1fff88b8	mcan1_receive_irq	1fff8f02	b872	strb r0,[r7,#0xa]
1fff88b8	mcan1_receive_irq	1fff8f04	94ed100a	vldr.32 s0,[r4,#0x40]
1fff88b8	mcan1_receive_irq	1fff8f08	bdeec00a	vcvt.s32.f32 s0,s0
1fff88b8	mcan1_receive_irq	1fff8f0c	10ee100a	vmov r0,s0
1fff88b8	mcan1_receive_irq	1fff8f10	f872	strb r0,[r7,#0xb]
1fff88b8	mcan1_receive_irq	1fff8f12	606b	ldr r0,[r4,#0x34]
1fff88b8	mcan1_receive_irq	1fff8f14	b0f17e5f	cmp.w r0,#0x3f800000
1fff88b8	mcan1_receive_irq	1fff8f18	08bf	it eq
1fff88b8	mcan1_receive_irq	1fff8f1a	e069	ldr.eq r0,[r4,#0x1c]
1fff88b8	mcan1_receive_irq	1fff8f1c	24d0	beq 0x1fff8f68
1fff88b8	mcan1_receive_irq	1fff8f1e	94ed070a	vldr.32 s0,[r4,#0x1c]
1fff88b8	mcan1_receive_irq	1fff8f22	b1ee400a	vneg.f32 s0,s0
1fff88b8	mcan1_receive_irq	1fff8f26	10ee100a	vmov r0,s0
1fff88b8	mcan1_receive_irq	1fff8f2a	1de0	b 0x1fff8f68
1fff88b8	mcan1_receive_irq	1fff8f2c	3872	strb r0,[r7,#0x8]
1fff88b8	mcan1_receive_irq	1fff8f2e	95f88000	ldrb.w r0,[r5,#0x80]
1fff88b8	mcan1_receive_irq	1fff8f32	7872	strb r0,[r7,#0x9]
1fff88b8	mcan1_receive_irq	1fff8f34	95ed210a	vldr.32 s0,[r5,#0x84]
1fff88b8	mcan1_receive_irq	1fff8f38	bdeec00a	vcvt.s32.f32 s0,s0
1fff88b8	mcan1_receive_irq	1fff8f3c	10ee100a	vmov r0,s0
1fff88b8	mcan1_receive_irq	1fff8f40	b872	strb r0,[r7,#0xa]
1fff88b8	mcan1_receive_irq	1fff8f42	94ed100a	vldr.32 s0,[r4,#0x40]
1fff88b8	mcan1_receive_irq	1fff8f46	bdeec00a	vcvt.s32.f32 s0,s0
1fff88b8	mcan1_receive_irq	1fff8f4a	10ee100a	vmov r0,s0
1fff88b8	mcan1_receive_irq	1fff8f4e	f872	strb r0,[r7,#0xb]
1fff88b8	mcan1_receive_irq	1fff8f50	606b	ldr r0,[r4,#0x34]
1fff88b8	mcan1_receive_irq	1fff8f52	b0f17e5f	cmp.w r0,#0x3f800000
1fff88b8	mcan1_receive_irq	1fff8f56	08bf	it eq
1fff88b8	mcan1_receive_irq	1fff8f58	206b	ldr.eq r0,[r4,#0x30]
1fff88b8	mcan1_receive_irq	1fff8f5a	05d0	beq 0x1fff8f68
1fff88b8	mcan1_receive_irq	1fff8f5c	94ed0c0a	vldr.32 s0,[r4,#0x30]
1fff88b8	mcan1_receive_irq	1fff8f60	b1ee400a	vneg.f32 s0,s0
1fff88b8	mcan1_receive_irq	1fff8f64	10ee100a	vmov r0,s0
1fff88b8	mcan1_receive_irq	1fff8f68	3873	strb r0,[r7,#0xc]
1fff88b8	mcan1_receive_irq	1fff8f6a	010a	lsrs r1,r0,#0x8
1fff88b8	mcan1_receive_irq	1fff8f6c	7973	strb r1,[r7,#0xd]
1fff88b8	mcan1_receive_irq	1fff8f6e	010c	lsrs r1,r0,#0x10
1fff88b8	mcan1_receive_irq	1fff8f70	000e	lsrs r0,r0,#0x18
1fff88b8	mcan1_receive_irq	1fff8f72	b973	strb r1,[r7,#0xe]
1fff88b8	mcan1_receive_irq	1fff8f74	f873	strb r0,[r7,#0xf]
1fff88b8	mcan1_receive_irq	1fff8f76	b8f81c00	ldrh.w r0,[r8,#0x1c]
1fff88b8	mcan1_receive_irq	1fff8f7a	7b68	ldr r3,[r7,#0x4]
1fff88b8	mcan1_receive_irq	1fff8f7c	81b2	uxth r1,r0
1fff88b8	mcan1_receive_irq	1fff8f7e	0822	movs r2,#0x8
1fff88b8	mcan1_receive_irq	1fff8f80	07f10800	add.w r0,r7,#0x8
1fff88b8	mcan1_receive_irq	1fff8f84	9847	blx r3
1fff88b8	mcan1_receive_irq	1fff8f86	00f027bc	b.w 0x1fff97d8
1fff88b8	mcan1_receive_irq	1fff8fa0	616b	ldr r1,[r4,#0x34]
1fff88b8	mcan1_receive_irq	1fff8fa2	2046	mov r0,r4
1fff88b8	mcan1_receive_irq	1fff8fa4	b1f17e5f	cmp.w r1,#0x3f800000
1fff88b8	mcan1_receive_irq	1fff8fa8	39d0	beq 0x1fff901e
1fff88b8	mcan1_receive_irq	1fff8faa	90ed060a	vldr.32 s0,[r0,#0x18]
1fff88b8	mcan1_receive_irq	1fff8fae	98ed161a	vldr.32 s2,[r8,#0x58]
1fff88b8	mcan1_receive_irq	1fff8fb2	b1ee400a	vneg.f32 s0,s0
1fff88b8	mcan1_receive_irq	1fff8fb6	10ee104a	vmov r4,s0
1fff88b8	mcan1_receive_irq	1fff8fba	90ed070a	vldr.32 s0,[r0,#0x1c]
1fff88b8	mcan1_receive_irq	1fff8fbe	f1ee410a	vneg.f32 s1,s2
1fff88b8	mcan1_receive_irq	1fff8fc2	0c20	movs r0,#0xc
1fff88b8	mcan1_receive_irq	1fff8fc4	b1ee400a	vneg.f32 s0,s0
1fff88b8	mcan1_receive_irq	1fff8fc8	01f04ffa	bl 0x1fffa46a
1fff88b8	mcan1_receive_irq	1fff8fcc	a9f80400	strh.w r0,[r9,#0x4]
1fff88b8	mcan1_receive_irq	1fff8fd0	95ed190a	vldr.32 s0,[r5,#0x64]
1fff88b8	mcan1_receive_irq	1fff8fd4	dfedfc0a	vldr.32 s1,[pc,#0x3f0]
1fff88b8	mcan1_receive_irq	1fff8fd8	20ee200a	vmul.f32 s0,s0,s1
1fff88b8	mcan1_receive_irq	1fff8fdc	bdeec00a	vcvt.s32.f32 s0,s0
1fff88b8	mcan1_receive_irq	1fff8fe0	10ee100a	vmov r0,s0
1fff88b8	mcan1_receive_irq	1fff8fe4	a9f80c00	strh.w r0,[r9,#0xc]
1fff88b8	mcan1_receive_irq	1fff8fe8	3c72	strb r4,[r7,#0x8]
1fff88b8	mcan1_receive_irq	1fff8fea	200a	lsrs r0,r4,#0x8
1fff88b8	mcan1_receive_irq	1fff8fec	7872	strb r0,[r7,#0x9]
1fff88b8	mcan1_receive_irq	1fff8fee	200c	lsrs r0,r4,#0x10
1fff88b8	mcan1_receive_irq	1fff8ff0	b872	strb r0,[r7,#0xa]
1fff88b8	mcan1_receive_irq	1fff8ff2	200e	lsrs r0,r4,#0x18
1fff88b8	mcan1_receive_irq	1fff8ff4	f872	strb r0,[r7,#0xb]
1fff88b8	mcan1_receive_irq	1fff8ff6	b9f80400	ldrh.w r0,[r9,#0x4]
1fff88b8	mcan1_receive_irq	1fff8ffa	3873	strb r0,[r7,#0xc]
1fff88b8	mcan1_receive_irq	1fff8ffc	000a	lsrs r0,r0,#0x8
1fff88b8	mcan1_receive_irq	1fff8ffe	7873	strb r0,[r7,#0xd]
1fff88b8	mcan1_receive_irq	1fff9000	b9f80c00	ldrh.w r0,[r9,#0xc]
1fff88b8	mcan1_receive_irq	1fff9004	b873	strb r0,[r7,#0xe]
1fff88b8	mcan1_receive_irq	1fff9006	000a	lsrs r0,r0,#0x8
1fff88b8	mcan1_receive_irq	1fff9008	f873	strb r0,[r7,#0xf]
1fff88b8	mcan1_receive_irq	1fff900a	b8f81c00	ldrh.w r0,[r8,#0x1c]
1fff88b8	mcan1_receive_irq	1fff900e	7b68	ldr r3,[r7,#0x4]
1fff88b8	mcan1_receive_irq	1fff9010	81b2	uxth r1,r0
1fff88b8	mcan1_receive_irq	1fff9012	0822	movs r2,#0x8
1fff88b8	mcan1_receive_irq	1fff9014	07f10800	add.w r0,r7,#0x8
1fff88b8	mcan1_receive_irq	1fff9018	9847	blx r3
1fff88b8	mcan1_receive_irq	1fff901a	00f0ddbb	b.w 0x1fff97d8
1fff88b8	mcan1_receive_irq	1fff901e	98ed161a	vldr.32 s2,[r8,#0x58]
1fff88b8	mcan1_receive_irq	1fff9022	8469	ldr r4,[r0,#0x18]
1fff88b8	mcan1_receive_irq	1fff9024	90ed070a	vldr.32 s0,[r0,#0x1c]
1fff88b8	mcan1_receive_irq	1fff9028	f1ee410a	vneg.f32 s1,s2
1fff88b8	mcan1_receive_irq	1fff902c	0c20	movs r0,#0xc
1fff88b8	mcan1_receive_irq	1fff902e	01f01cfa	bl 0x1fffa46a
1fff88b8	mcan1_receive_irq	1fff9032	a9f80400	strh.w r0,[r9,#0x4]
1fff88b8	mcan1_receive_irq	1fff9036	95ed190a	vldr.32 s0,[r5,#0x64]
1fff88b8	mcan1_receive_irq	1fff903a	dfede40a	vldr.32 s1,[pc,#0x390]
1fff88b8	mcan1_receive_irq	1fff903e	20ee200a	vmul.f32 s0,s0,s1
1fff88b8	mcan1_receive_irq	1fff9042	bdeec00a	vcvt.s32.f32 s0,s0
1fff88b8	mcan1_receive_irq	1fff9046	10ee100a	vmov r0,s0
1fff88b8	mcan1_receive_irq	1fff904a	a9f80c00	strh.w r0,[r9,#0xc]
1fff88b8	mcan1_receive_irq	1fff904e	cbe7	b 0x1fff8fe8
1fff88b8	mcan1_receive_irq	1fff9050	522a	cmp r2,#0x52
1fff88b8	mcan1_receive_irq	1fff9052	41d2	bcs 0x1fff90d8
1fff88b8	mcan1_receive_irq	1fff9054	dfe802f0	tbb [pc,r2]
1fff88b8	mcan1_receive_irq	1fff90aa	d8f80090	ldr.w r9,[r8,#0x0]
1fff88b8	mcan1_receive_irq	1fff90ae	9be0	b 0x1fff91e8
1fff88b8	mcan1_receive_irq	1fff90b0	d8f80490	ldr.w r9,[r8,#0x4]
1fff88b8	mcan1_receive_irq	1fff90b4	98e0	b 0x1fff91e8
1fff88b8	mcan1_receive_irq	1fff90b6	d8f80890	ldr.w r9,[r8,#0x8]
1fff88b8	mcan1_receive_irq	1fff90ba	95e0	b 0x1fff91e8
1fff88b8	mcan1_receive_irq	1fff90bc	d8f80c90	ldr.w r9,[r8,#0xc]
1fff88b8	mcan1_receive_irq	1fff90c0	92e0	b 0x1fff91e8
1fff88b8	mcan1_receive_irq	1fff90c2	d8f81090	ldr.w r9,[r8,#0x10]
1fff88b8	mcan1_receive_irq	1fff90c6	8fe0	b 0x1fff91e8
1fff88b8	mcan1_receive_irq	1fff90c8	d8f81490	ldr.w r9,[r8,#0x14]
1fff88b8	mcan1_receive_irq	1fff90cc	8ce0	b 0x1fff91e8
1fff88b8	mcan1_receive_irq	1fff90ce	d8f81890	ldr.w r9,[r8,#0x18]
1fff88b8	mcan1_receive_irq	1fff90d2	89e0	b 0x1fff91e8
1fff88b8	mcan1_receive_irq	1fff90d4	d8f81c90	ldr.w r9,[r8,#0x1c]
1fff88b8	mcan1_receive_irq	1fff90d8	86e0	b 0x1fff91e8
1fff88b8	mcan1_receive_irq	1fff90da	8146	mov r9,r0
1fff88b8	mcan1_receive_irq	1fff90dc	84e0	b 0x1fff91e8
1fff88b8	mcan1_receive_irq	1fff90de	d8f82490	ldr.w r9,[r8,#0x24]
1fff88b8	mcan1_receive_irq	1fff90e2	81e0	b 0x1fff91e8
1fff88b8	mcan1_receive_irq	1fff90e4	d8f82890	ldr.w r9,[r8,#0x28]
1fff88b8	mcan1_receive_irq	1fff90e8	7ee0	b 0x1fff91e8
1fff88b8	mcan1_receive_irq	1fff90ea	d8f82c90	ldr.w r9,[r8,#0x2c]
1fff88b8	mcan1_receive_irq	1fff90ee	7be0	b 0x1fff91e8
1fff88b8	mcan1_receive_irq	1fff90f0	d8f83090	ldr.w r9,[r8,#0x30]
1fff88b8	mcan1_receive_irq	1fff90f4	78e0	b 0x1fff91e8
1fff88b8	mcan1_receive_irq	1fff90f6	d8f83490	ldr.w r9,[r8,#0x34]
1fff88b8	mcan1_receive_irq	1fff90fa	75e0	b 0x1fff91e8
1fff88b8	mcan1_receive_irq	1fff90fc	d8f83890	ldr.w r9,[r8,#0x38]
1fff88b8	mcan1_receive_irq	1fff9100	72e0	b 0x1fff91e8
1fff88b8	mcan1_receive_irq	1fff9102	d8f83c90	ldr.w r9,[r8,#0x3c]
1fff88b8	mcan1_receive_irq	1fff9106	6fe0	b 0x1fff91e8
1fff88b8	mcan1_receive_irq	1fff9108	d8f84090	ldr.w r9,[r8,#0x40]
1fff88b8	mcan1_receive_irq	1fff910c	6ce0	b 0x1fff91e8
1fff88b8	mcan1_receive_irq	1fff910e	d8f84490	ldr.w r9,[r8,#0x44]
1fff88b8	mcan1_receive_irq	1fff9112	69e0	b 0x1fff91e8
1fff88b8	mcan1_receive_irq	1fff9114	d8f84890	ldr.w r9,[r8,#0x48]
1fff88b8	mcan1_receive_irq	1fff9118	66e0	b 0x1fff91e8
1fff88b8	mcan1_receive_irq	1fff911a	d8f84c90	ldr.w r9,[r8,#0x4c]
1fff88b8	mcan1_receive_irq	1fff911e	63e0	b 0x1fff91e8
1fff88b8	mcan1_receive_irq	1fff9120	d8f85090	ldr.w r9,[r8,#0x50]
1fff88b8	mcan1_receive_irq	1fff9124	60e0	b 0x1fff91e8
1fff88b8	mcan1_receive_irq	1fff9126	d8f85490	ldr.w r9,[r8,#0x54]
1fff88b8	mcan1_receive_irq	1fff912a	5de0	b 0x1fff91e8
1fff88b8	mcan1_receive_irq	1fff912c	d8f85890	ldr.w r9,[r8,#0x58]
1fff88b8	mcan1_receive_irq	1fff9130	5ae0	b 0x1fff91e8
1fff88b8	mcan1_receive_irq	1fff9132	d8f85c90	ldr.w r9,[r8,#0x5c]
1fff88b8	mcan1_receive_irq	1fff9136	57e0	b 0x1fff91e8
1fff88b8	mcan1_receive_irq	1fff9138	d8f86090	ldr.w r9,[r8,#0x60]
1fff88b8	mcan1_receive_irq	1fff913c	54e0	b 0x1fff91e8
1fff88b8	mcan1_receive_irq	1fff913e	d8f86490	ldr.w r9,[r8,#0x64]
1fff88b8	mcan1_receive_irq	1fff9142	51e0	b 0x1fff91e8
1fff88b8	mcan1_receive_irq	1fff9144	d8f86890	ldr.w r9,[r8,#0x68]
1fff88b8	mcan1_receive_irq	1fff9148	4ee0	b 0x1fff91e8
1fff88b8	mcan1_receive_irq	1fff914a	d8f86c90	ldr.w r9,[r8,#0x6c]
1fff88b8	mcan1_receive_irq	1fff914e	4be0	b 0x1fff91e8
1fff88b8	mcan1_receive_irq	1fff9150	d8f87090	ldr.w r9,[r8,#0x70]
1fff88b8	mcan1_receive_irq	1fff9154	48e0	b 0x1fff91e8
1fff88b8	mcan1_receive_irq	1fff9156	d8f87490	ldr.w r9,[r8,#0x74]
1fff88b8	mcan1_receive_irq	1fff915a	45e0	b 0x1fff91e8
1fff88b8	mcan1_receive_irq	1fff915c	d8f87890	ldr.w r9,[r8,#0x78]
1fff88b8	mcan1_receive_irq	1fff9160	42e0	b 0x1fff91e8
1fff88b8	mcan1_receive_irq	1fff9162	d8f87c90	ldr.w r9,[r8,#0x7c]
1fff88b8	mcan1_receive_irq	1fff9166	3fe0	b 0x1fff91e8
1fff88b8	mcan1_receive_irq	1fff9168	d8f88090	ldr.w r9,[r8,#0x80]
1fff88b8	mcan1_receive_irq	1fff916c	3ce0	b 0x1fff91e8
1fff88b8	mcan1_receive_irq	1fff916e	d8f88490	ldr.w r9,[r8,#0x84]
1fff88b8	mcan1_receive_irq	1fff9172	39e0	b 0x1fff91e8
1fff88b8	mcan1_receive_irq	1fff9174	d8f88890	ldr.w r9,[r8,#0x88]
1fff88b8	mcan1_receive_irq	1fff9178	36e0	b 0x1fff91e8
1fff88b8	mcan1_receive_irq	1fff917a	d8f88c90	ldr.w r9,[r8,#0x8c]
1fff88b8	mcan1_receive_irq	1fff917e	33e0	b 0x1fff91e8
1fff88b8	mcan1_receive_irq	1fff9180	d8f89090	ldr.w r9,[r8,#0x90]
1fff88b8	mcan1_receive_irq	1fff9184	30e0	b 0x1fff91e8
1fff88b8	mcan1_receive_irq	1fff9186	9249	ldr r1,[0x1fff93d0]
1fff88b8	mcan1_receive_irq	1fff9188	0ce0	b 0x1fff91a4
1fff88b8	mcan1_receive_irq	1fff918a	9149	ldr r1,[0x1fff93d0]
1fff88b8	mcan1_receive_irq	1fff918c	d1f80490	ldr.w r9,[r1,#0x4]
1fff88b8	mcan1_receive_irq	1fff9190	2ae0	b 0x1fff91e8
1fff88b8	mcan1_receive_irq	1fff9192	8f49	ldr r1,[0x1fff93d0]
1fff88b8	mcan1_receive_irq	1fff9194	d1f80890	ldr.w r9,[r1,#0x8]
1fff88b8	mcan1_receive_irq	1fff9198	26e0	b 0x1fff91e8
1fff88b8	mcan1_receive_irq	1fff919a	8d49	ldr r1,[0x1fff93d0]
1fff88b8	mcan1_receive_irq	1fff919c	d1f80c90	ldr.w r9,[r1,#0xc]
1fff88b8	mcan1_receive_irq	1fff91a0	22e0	b 0x1fff91e8
1fff88b8	mcan1_receive_irq	1fff91a2	8c49	ldr r1,[0x1fff93d4]
1fff88b8	mcan1_receive_irq	1fff91a4	d1f80090	ldr.w r9,[r1,#0x0]
1fff88b8	mcan1_receive_irq	1fff91a8	1ee0	b 0x1fff91e8
1fff88b8	mcan1_receive_irq	1fff91aa	d4f83490	ldr.w r9,[r4,#0x34]
1fff88b8	mcan1_receive_irq	1fff91ae	1be0	b 0x1fff91e8
1fff88b8	mcan1_receive_irq	1fff91b0	616b	ldr r1,[r4,#0x34]
1fff88b8	mcan1_receive_irq	1fff91b2	b1f17e5f	cmp.w r1,#0x3f800000
1fff88b8	mcan1_receive_irq	1fff91b6	08bf	it eq
1fff88b8	mcan1_receive_irq	1fff91b8	d4f81890	ldr.eq.w r9,[r4,#0x18]
1fff88b8	mcan1_receive_irq	1fff91bc	14d0	beq 0x1fff91e8
1fff88b8	mcan1_receive_irq	1fff91be	94ed060a	vldr.32 s0,[r4,#0x18]
1fff88b8	mcan1_receive_irq	1fff91c2	b1ee400a	vneg.f32 s0,s0
1fff88b8	mcan1_receive_irq	1fff91c6	10ee109a	vmov r9,s0
1fff88b8	mcan1_receive_irq	1fff91ca	0de0	b 0x1fff91e8
1fff88b8	mcan1_receive_irq	1fff91cc	616b	ldr r1,[r4,#0x34]
1fff88b8	mcan1_receive_irq	1fff91ce	b1f17e5f	cmp.w r1,#0x3f800000
1fff88b8	mcan1_receive_irq	1fff91d2	8149	ldr r1,[0x1fff93d8]
1fff88b8	mcan1_receive_irq	1fff91d4	08bf	it eq
1fff88b8	mcan1_receive_irq	1fff91d6	d1f83c90	ldr.eq.w r9,[r1,#0x3c]
1fff88b8	mcan1_receive_irq	1fff91da	05d0	beq 0x1fff91e8
1fff88b8	mcan1_receive_irq	1fff91dc	91ed0f0a	vldr.32 s0,[r1,#0x3c]
1fff88b8	mcan1_receive_irq	1fff91e0	b1ee400a	vneg.f32 s0,s0
1fff88b8	mcan1_receive_irq	1fff91e4	10ee109a	vmov r9,s0
1fff88b8	mcan1_receive_irq	1fff91e8	3872	strb r0,[r7,#0x8]
1fff88b8	mcan1_receive_irq	1fff91ea	000a	lsrs r0,r0,#0x8
1fff88b8	mcan1_receive_irq	1fff91ec	7872	strb r0,[r7,#0x9]
1fff88b8	mcan1_receive_irq	1fff91ee	3320	movs r0,#0x33
1fff88b8	mcan1_receive_irq	1fff91f0	b872	strb r0,[r7,#0xa]
1fff88b8	mcan1_receive_irq	1fff91f2	fa72	strb r2,[r7,#0xb]
1fff88b8	mcan1_receive_irq	1fff91f4	87f80c90	strb.w r9,[r7,#0xc]
1fff88b8	mcan1_receive_irq	1fff91f8	4fea1920	lsr.w r0,r9,#0x8
1fff88b8	mcan1_receive_irq	1fff91fc	7873	strb r0,[r7,#0xd]
1fff88b8	mcan1_receive_irq	1fff91fe	4fea1940	lsr.w r0,r9,#0x10
1fff88b8	mcan1_receive_irq	1fff9202	b873	strb r0,[r7,#0xe]
1fff88b8	mcan1_receive_irq	1fff9204	4fea1960	lsr.w r0,r9,#0x18
1fff88b8	mcan1_receive_irq	1fff9208	f873	strb r0,[r7,#0xf]
1fff88b8	mcan1_receive_irq	1fff920a	b8f81c00	ldrh.w r0,[r8,#0x1c]
1fff88b8	mcan1_receive_irq	1fff920e	7b68	ldr r3,[r7,#0x4]
1fff88b8	mcan1_receive_irq	1fff9210	81b2	uxth r1,r0
1fff88b8	mcan1_receive_irq	1fff9212	0822	movs r2,#0x8
1fff88b8	mcan1_receive_irq	1fff9214	07f10800	add.w r0,r7,#0x8
1fff88b8	mcan1_receive_irq	1fff9218	9847	blx r3
1fff88b8	mcan1_receive_irq	1fff921a	00f0ddba	b.w 0x1fff97d8
1fff88b8	mcan1_receive_irq	1fff921e	d7f86890	ldr.w r9,[r7,#0x68]
1fff88b8	mcan1_receive_irq	1fff9222	242a	cmp r2,#0x24
1fff88b8	mcan1_receive_irq	1fff9224	80f01282	bcs.w 0x1fff964c
1fff88b8	mcan1_receive_irq	1fff9228	dfe802f0	tbb [pc,r2]
1fff88b8	mcan1_receive_irq	1fff9250	6248	ldr r0,[0x1fff93dc]
1fff88b8	mcan1_receive_irq	1fff9252	8145	cmp r9,r0
1fff88b8	mcan1_receive_irq	1fff9254	c6bf	itte gt
1fff88b8	mcan1_receive_irq	1fff9256	4846	mov.gt r0,r9
1fff88b8	mcan1_receive_irq	1fff9258	c8f80090	str.w.gt r9,[r8,#0x0]
1fff88b8	mcan1_receive_irq	1fff925c	d8f80090	ldr.le.w r9,[r8,#0x0]
1fff88b8	mcan1_receive_irq	1fff9260	00f0f6b9	b.w 0x1fff9650
1fff88b8	mcan1_receive_irq	1fff9264	00ee109a	vmov s0,r9
1fff88b8	mcan1_receive_irq	1fff9268	b5eec00a	vcmpe.f32 s0,#0
1fff88b8	mcan1_receive_irq	1fff926c	f1ee10fa	vmrs apsr,fpscr
1fff88b8	mcan1_receive_irq	1fff9270	0fdd	ble 0x1fff9292
1fff88b8	mcan1_receive_irq	1fff9272	88ed010a	vstr.32 s0,[r8,#0x4]
1fff88b8	mcan1_receive_irq	1fff9276	dfed5a0a	vldr.32 s1,[pc,#0x168]
1fff88b8	mcan1_receive_irq	1fff927a	20ee200a	vmul.f32 s0,s0,s1
1fff88b8	mcan1_receive_irq	1fff927e	84ed110a	vstr.32 s0,[r4,#0x44]
1fff88b8	mcan1_receive_irq	1fff9282	f7ee000a	vmov.f32 s1,0x3f800000
1fff88b8	mcan1_receive_irq	1fff9286	80ee801a	vdiv.f32 s2,s1,s0
1fff88b8	mcan1_receive_irq	1fff928a	84ed121a	vstr.32 s2,[r4,#0x48]
1fff88b8	mcan1_receive_irq	1fff928e	00f0dfb9	b.w 0x1fff9650
1fff88b8	mcan1_receive_irq	1fff9292	88ed018a	vstr.32 s16,[r8,#0x4]
1fff88b8	mcan1_receive_irq	1fff9296	98ed100a	vldr.32 s0,[r8,#0x40]
1fff88b8	mcan1_receive_irq	1fff929a	f7ee080a	vmov.f32 s1,0x3fc00000
1fff88b8	mcan1_receive_irq	1fff929e	b8ee400a	vcvt.f32.u32 s0,s0
1fff88b8	mcan1_receive_irq	1fff92a2	20ee200a	vmul.f32 s0,s0,s1
1fff88b8	mcan1_receive_irq	1fff92a6	d8ed130a	vldr.32 s1,[r8,#0x4c]
1fff88b8	mcan1_receive_irq	1fff92aa	20ee200a	vmul.f32 s0,s0,s1
1fff88b8	mcan1_receive_irq	1fff92ae	dfed4c0a	vldr.32 s1,[pc,#0x130]
1fff88b8	mcan1_receive_irq	1fff92b2	18ee109a	vmov r9,s16
1fff88b8	mcan1_receive_irq	1fff92b6	20ee200a	vmul.f32 s0,s0,s1
1fff88b8	mcan1_receive_irq	1fff92ba	d8ed140a	vldr.32 s1,[r8,#0x50]
1fff88b8	mcan1_receive_irq	1fff92be	20ee200a	vmul.f32 s0,s0,s1
1fff88b8	mcan1_receive_irq	1fff92c2	d8ed1e0a	vldr.32 s1,[r8,#0x78]
1fff88b8	mcan1_receive_irq	1fff92c6	20ee200a	vmul.f32 s0,s0,s1
1fff88b8	mcan1_receive_irq	1fff92ca	84ed110a	vstr.32 s0,[r4,#0x44]
1fff88b8	mcan1_receive_irq	1fff92ce	d8e7	b 0x1fff9282
1fff88b8	mcan1_receive_irq	1fff92d0	a9f18040	sub.w r0,r9,#0x40000000
1fff88b8	mcan1_receive_irq	1fff92d4	a0f12870	sub.w r0,r0,#0x2a00000
1fff88b8	mcan1_receive_irq	1fff92d8	b0f5280f	cmp.w r0,#0xa80000
1fff88b8	mcan1_receive_irq	1fff92dc	3abf	itte cc
1fff88b8	mcan1_receive_irq	1fff92de	4846	mov.cc r0,r9
1fff88b8	mcan1_receive_irq	1fff92e0	c8f80890	str.w.cc r9,[r8,#0x8]
1fff88b8	mcan1_receive_irq	1fff92e4	d8f80890	ldr.cs.w r9,[r8,#0x8]
1fff88b8	mcan1_receive_irq	1fff92e8	00f0b2b9	b.w 0x1fff9650
1fff88b8	mcan1_receive_irq	1fff92ec	00ee109a	vmov s0,r9
1fff88b8	mcan1_receive_irq	1fff92f0	10ee109a	vmov r9,s0
1fff88b8	mcan1_receive_irq	1fff92f4	b9f17e5f	cmp.w r9,#0x3f800000
1fff88b8	mcan1_receive_irq	1fff92f8	07da	bge 0x1fff930a
1fff88b8	mcan1_receive_irq	1fff92fa	b5eec00a	vcmpe.f32 s0,#0
1fff88b8	mcan1_receive_irq	1fff92fe	f1ee10fa	vmrs apsr,fpscr
1fff88b8	mcan1_receive_irq	1fff9302	c8bf	it gt
1fff88b8	mcan1_receive_irq	1fff9304	88ed030a	vstr.gt.32 s0,[r8,#0xc]
1fff88b8	mcan1_receive_irq	1fff9308	51dc	bgt 0x1fff93ae
1fff88b8	mcan1_receive_irq	1fff930a	d8f80c90	ldr.w r9,[r8,#0xc]
1fff88b8	mcan1_receive_irq	1fff930e	9fe1	b 0x1fff9650
1fff88b8	mcan1_receive_irq	1fff9310	00ee109a	vmov s0,r9
1fff88b8	mcan1_receive_irq	1fff9314	b5eec00a	vcmpe.f32 s0,#0
1fff88b8	mcan1_receive_irq	1fff9318	f1ee10fa	vmrs apsr,fpscr
1fff88b8	mcan1_receive_irq	1fff931c	ccbf	ite gt
1fff88b8	mcan1_receive_irq	1fff931e	88ed040a	vstr.gt.32 s0,[r8,#0x10]
1fff88b8	mcan1_receive_irq	1fff9322	d8f81090	ldr.le.w r9,[r8,#0x10]
1fff88b8	mcan1_receive_irq	1fff9326	93e1	b 0x1fff9650
1fff88b8	mcan1_receive_irq	1fff9328	00ee109a	vmov s0,r9
1fff88b8	mcan1_receive_irq	1fff932c	b5eec00a	vcmpe.f32 s0,#0
1fff88b8	mcan1_receive_irq	1fff9330	f1ee10fa	vmrs apsr,fpscr
1fff88b8	mcan1_receive_irq	1fff9334	34bf	ite cc
1fff88b8	mcan1_receive_irq	1fff9336	88ed050a	vstr.cc.32 s0,[r8,#0x14]
1fff88b8	mcan1_receive_irq	1fff933a	d8f81490	ldr.cs.w r9,[r8,#0x14]
1fff88b8	mcan1_receive_irq	1fff933e	87e1	b 0x1fff9650
1fff88b8	mcan1_receive_irq	1fff9340	00ee109a	vmov s0,r9
1fff88b8	mcan1_receive_irq	1fff9344	b5eec00a	vcmpe.f32 s0,#0
1fff88b8	mcan1_receive_irq	1fff9348	f1ee10fa	vmrs apsr,fpscr
1fff88b8	mcan1_receive_irq	1fff934c	ccbf	ite gt
1fff88b8	mcan1_receive_irq	1fff934e	88ed060a	vstr.gt.32 s0,[r8,#0x18]
1fff88b8	mcan1_receive_irq	1fff9352	d8f81890	ldr.le.w r9,[r8,#0x18]
1fff88b8	mcan1_receive_irq	1fff9356	7be1	b 0x1fff9650
1fff88b8	mcan1_receive_irq	1fff9358	c9f30a00	ubfx r0,r9,#0x0,#0xb
1fff88b8	mcan1_receive_irq	1fff935c	c8f81c00	str.w r0,[r8,#0x1c]
1fff88b8	mcan1_receive_irq	1fff9360	76e1	b 0x1fff9650
1fff88b8	mcan1_receive_irq	1fff9362	c9f30a00	ubfx r0,r9,#0x0,#0xb
1fff88b8	mcan1_receive_irq	1fff9366	1f49	ldr r1,[0x1fff93e4]
1fff88b8	mcan1_receive_irq	1fff9368	c8f82000	str.w r0,[r8,#0x20]
1fff88b8	mcan1_receive_irq	1fff936c	41ea0041	orr.w r1,r1,r0, lsl #0x10
1fff88b8	mcan1_receive_irq	1fff9370	1d48	ldr r0,[0x1fff93e8]
1fff88b8	mcan1_receive_irq	1fff9372	0160	str r1,[r0,#0x0]
1fff88b8	mcan1_receive_irq	1fff9374	6ce1	b 0x1fff9650
1fff88b8	mcan1_receive_irq	1fff9376	c8f82490	str.w r9,[r8,#0x24]
1fff88b8	mcan1_receive_irq	1fff937a	69e1	b 0x1fff9650
1fff88b8	mcan1_receive_irq	1fff937c	a9f10100	sub.w r0,r9,#0x1
1fff88b8	mcan1_receive_irq	1fff9380	0428	cmp r0,#0x4
1fff88b8	mcan1_receive_irq	1fff9382	28bf	it cs
1fff88b8	mcan1_receive_irq	1fff9384	d8f82890	ldr.cs.w r9,[r8,#0x28]
1fff88b8	mcan1_receive_irq	1fff9388	11d2	bcs 0x1fff93ae
1fff88b8	mcan1_receive_irq	1fff938a	d8f82810	ldr.w r1,[r8,#0x28]
1fff88b8	mcan1_receive_irq	1fff938e	8945	cmp r9,r1
1fff88b8	mcan1_receive_irq	1fff9390	0dd0	beq 0x1fff93ae
1fff88b8	mcan1_receive_irq	1fff9392	85ed008a	vstr.32 s16,[r5]
1fff88b8	mcan1_receive_irq	1fff9396	85ed018a	vstr.32 s16,[r5,#0x4]
1fff88b8	mcan1_receive_irq	1fff939a	85ed028a	vstr.32 s16,[r5,#0x8]
1fff88b8	mcan1_receive_irq	1fff939e	85ed038a	vstr.32 s16,[r5,#0xc]
1fff88b8	mcan1_receive_irq	1fff93a2	85ed048a	vstr.32 s16,[r5,#0x10]
1fff88b8	mcan1_receive_irq	1fff93a6	c8f82890	str.w r9,[r8,#0x28]
1fff88b8	mcan1_receive_irq	1fff93aa	c5f83c90	str.w r9,[r5,#0x3c]
1fff88b8	mcan1_receive_irq	1fff93ae	4fe1	b 0x1fff9650
1fff88b8	mcan1_receive_irq	1fff93b0	00ee109a	vmov s0,r9
1fff88b8	mcan1_receive_irq	1fff93b4	b5eec00a	vcmpe.f32 s0,#0
1fff88b8	mcan1_receive_irq	1fff93b8	f1ee10fa	vmrs apsr,fpscr
1fff88b8	mcan1_receive_irq	1fff93bc	ccbf	ite gt
1fff88b8	mcan1_receive_irq	1fff93be	88ed150a	vstr.gt.32 s0,[r8,#0x54]
1fff88b8	mcan1_receive_irq	1fff93c2	d8f85490	ldr.le.w r9,[r8,#0x54]
1fff88b8	mcan1_receive_irq	1fff93c6	43e1	b 0x1fff9650
1fff88b8	mcan1_receive_irq	1fff93ec	1be1	b 0x1fff9626
1fff88b8	mcan1_receive_irq	1fff93ee	08e1	b 0x1fff9602
1fff88b8	mcan1_receive_irq	1fff93f0	f5e0	b 0x1fff95de
1fff88b8	mcan1_receive_irq	1fff93f2	c6e0	b 0x1fff9582
1fff88b8	mcan1_receive_irq	1fff93f4	bae0	b 0x1fff956c
1fff88b8	mcan1_receive_irq	1fff93f6	82e0	b 0x1fff94fe
1fff88b8	mcan1_receive_irq	1fff93f8	6de0	b 0x1fff94d6
1fff88b8	mcan1_receive_irq	1fff93fa	5ee0	b 0x1fff94ba
1fff88b8	mcan1_receive_irq	1fff93fc	4fe0	b 0x1fff949e
1fff88b8	mcan1_receive_irq	1fff93fe	3ee0	b 0x1fff947e
1fff88b8	mcan1_receive_irq	1fff9400	2de0	b 0x1fff945e
1fff88b8	mcan1_receive_irq	1fff9402	1ae0	b 0x1fff943a
1fff88b8	mcan1_receive_irq	1fff9408	20e1	b 0x1fff964c
1fff88b8	mcan1_receive_irq	1fff940a	00ee109a	vmov s0,r9
1fff88b8	mcan1_receive_irq	1fff940e	b5eec00a	vcmpe.f32 s0,#0
1fff88b8	mcan1_receive_irq	1fff9412	f1ee10fa	vmrs apsr,fpscr
1fff88b8	mcan1_receive_irq	1fff9416	ccbf	ite gt
1fff88b8	mcan1_receive_irq	1fff9418	88ed160a	vstr.gt.32 s0,[r8,#0x58]
1fff88b8	mcan1_receive_irq	1fff941c	d8f85890	ldr.le.w r9,[r8,#0x58]
1fff88b8	mcan1_receive_irq	1fff9420	16e1	b 0x1fff9650
1fff88b8	mcan1_receive_irq	1fff9422	00ee109a	vmov s0,r9
1fff88b8	mcan1_receive_irq	1fff9426	b5eec00a	vcmpe.f32 s0,#0
1fff88b8	mcan1_receive_irq	1fff942a	f1ee10fa	vmrs apsr,fpscr
1fff88b8	mcan1_receive_irq	1fff942e	ccbf	ite gt
1fff88b8	mcan1_receive_irq	1fff9430	88ed170a	vstr.gt.32 s0,[r8,#0x5c]
1fff88b8	mcan1_receive_irq	1fff9434	d8f85c90	ldr.le.w r9,[r8,#0x5c]
1fff88b8	mcan1_receive_irq	1fff9438	0ae1	b 0x1fff9650
1fff88b8	mcan1_receive_irq	1fff943a	a9f18040	sub.w r0,r9,#0x40000000
1fff88b8	mcan1_receive_irq	1fff943e	fc49	ldr r1,[0x1fff9830]
1fff88b8	mcan1_receive_irq	1fff9440	a0f13270	sub.w r0,r0,#0x2c80000
1fff88b8	mcan1_receive_irq	1fff9444	8842	cmp r0,r1
1fff88b8	mcan1_receive_irq	1fff9446	88bf	it hi
1fff88b8	mcan1_receive_irq	1fff9448	d8f86090	ldr.hi.w r9,[r8,#0x60]
1fff88b8	mcan1_receive_irq	1fff944c	56d8	bhi 0x1fff94fc
1fff88b8	mcan1_receive_irq	1fff944e	f949	ldr r1,[0x1fff9834]
1fff88b8	mcan1_receive_irq	1fff9450	c8f86090	str.w r9,[r8,#0x60]
1fff88b8	mcan1_receive_irq	1fff9454	c1f83890	str.w r9,[r1,#0x38]
1fff88b8	mcan1_receive_irq	1fff9458	01f040f8	bl 0x1fffa4dc
1fff88b8	mcan1_receive_irq	1fff945c	f8e0	b 0x1fff9650
1fff88b8	mcan1_receive_irq	1fff945e	00ee109a	vmov s0,r9
1fff88b8	mcan1_receive_irq	1fff9462	b5eec00a	vcmpe.f32 s0,#0
1fff88b8	mcan1_receive_irq	1fff9466	f1ee10fa	vmrs apsr,fpscr
1fff88b8	mcan1_receive_irq	1fff946a	a6bf	itte ge
1fff88b8	mcan1_receive_irq	1fff946c	88ed190a	vstr.ge.32 s0,[r8,#0x64]
1fff88b8	mcan1_receive_irq	1fff9470	f148	ldr.ge r0,[0x1fff9838]
1fff88b8	mcan1_receive_irq	1fff9472	d8f86490	ldr.lt.w r9,[r8,#0x64]
1fff88b8	mcan1_receive_irq	1fff9476	41db	blt 0x1fff94fc
1fff88b8	mcan1_receive_irq	1fff9478	80ed000a	vstr.32 s0,[r0]
1fff88b8	mcan1_receive_irq	1fff947c	e8e0	b 0x1fff9650
1fff88b8	mcan1_receive_irq	1fff947e	00ee109a	vmov s0,r9
1fff88b8	mcan1_receive_irq	1fff9482	b5eec00a	vcmpe.f32 s0,#0
1fff88b8	mcan1_receive_irq	1fff9486	f1ee10fa	vmrs apsr,fpscr
1fff88b8	mcan1_receive_irq	1fff948a	a6bf	itte ge
1fff88b8	mcan1_receive_irq	1fff948c	88ed1a0a	vstr.ge.32 s0,[r8,#0x68]
1fff88b8	mcan1_receive_irq	1fff9490	e948	ldr.ge r0,[0x1fff9838]
1fff88b8	mcan1_receive_irq	1fff9492	d8f86890	ldr.lt.w r9,[r8,#0x68]
1fff88b8	mcan1_receive_irq	1fff9496	31db	blt 0x1fff94fc
1fff88b8	mcan1_receive_irq	1fff9498	80ed010a	vstr.32 s0,[r0,#0x4]
1fff88b8	mcan1_receive_irq	1fff949c	d8e0	b 0x1fff9650
1fff88b8	mcan1_receive_irq	1fff949e	00ee109a	vmov s0,r9
1fff88b8	mcan1_receive_irq	1fff94a2	b5eec00a	vcmpe.f32 s0,#0
1fff88b8	mcan1_receive_irq	1fff94a6	f1ee10fa	vmrs apsr,fpscr
1fff88b8	mcan1_receive_irq	1fff94aa	a6bf	itte ge
1fff88b8	mcan1_receive_irq	1fff94ac	88ed1b0a	vstr.ge.32 s0,[r8,#0x6c]
1fff88b8	mcan1_receive_irq	1fff94b0	e248	ldr.ge r0,[0x1fff983c]
1fff88b8	mcan1_receive_irq	1fff94b2	d8f86c90	ldr.lt.w r9,[r8,#0x6c]
1fff88b8	mcan1_receive_irq	1fff94b6	21db	blt 0x1fff94fc
1fff88b8	mcan1_receive_irq	1fff94b8	dee7	b 0x1fff9478
1fff88b8	mcan1_receive_irq	1fff94ba	00ee109a	vmov s0,r9
1fff88b8	mcan1_receive_irq	1fff94be	b5eec00a	vcmpe.f32 s0,#0
1fff88b8	mcan1_receive_irq	1fff94c2	f1ee10fa	vmrs apsr,fpscr
1fff88b8	mcan1_receive_irq	1fff94c6	a6bf	itte ge
1fff88b8	mcan1_receive_irq	1fff94c8	88ed1c0a	vstr.ge.32 s0,[r8,#0x70]
1fff88b8	mcan1_receive_irq	1fff94cc	db48	ldr.ge r0,[0x1fff983c]
1fff88b8	mcan1_receive_irq	1fff94ce	d8f87090	ldr.lt.w r9,[r8,#0x70]
1fff88b8	mcan1_receive_irq	1fff94d2	13db	blt 0x1fff94fc
1fff88b8	mcan1_receive_irq	1fff94d4	e0e7	b 0x1fff9498
1fff88b8	mcan1_receive_irq	1fff94d6	00ee109a	vmov s0,r9
1fff88b8	mcan1_receive_irq	1fff94da	d8ed000a	vldr.32 s1,[r8]
1fff88b8	mcan1_receive_irq	1fff94de	b4eee00a	vcmpe.f32 s0,s1
1fff88b8	mcan1_receive_irq	1fff94e2	f1ee10fa	vmrs apsr,fpscr
1fff88b8	mcan1_receive_irq	1fff94e6	07dd	ble 0x1fff94f8
1fff88b8	mcan1_receive_irq	1fff94e8	10ee100a	vmov r0,s0
1fff88b8	mcan1_receive_irq	1fff94ec	b0f1844f	cmp.w r0,#0x42000000
1fff88b8	mcan1_receive_irq	1fff94f0	d8bf	it le
1fff88b8	mcan1_receive_irq	1fff94f2	88ed1d0a	vstr.le.32 s0,[r8,#0x74]
1fff88b8	mcan1_receive_irq	1fff94f6	01dd	ble 0x1fff94fc
1fff88b8	mcan1_receive_irq	1fff94f8	d8f87490	ldr.w r9,[r8,#0x74]
1fff88b8	mcan1_receive_irq	1fff94fc	a8e0	b 0x1fff9650
1fff88b8	mcan1_receive_irq	1fff94fe	00ee109a	vmov s0,r9
1fff88b8	mcan1_receive_irq	1fff9502	b5eec00a	vcmpe.f32 s0,#0
1fff88b8	mcan1_receive_irq	1fff9506	f1ee10fa	vmrs apsr,fpscr
1fff88b8	mcan1_receive_irq	1fff950a	2cdd	ble 0x1fff9566
1fff88b8	mcan1_receive_irq	1fff950c	10ee100a	vmov r0,s0
1fff88b8	mcan1_receive_irq	1fff9510	b0f17e5f	cmp.w r0,#0x3f800000
1fff88b8	mcan1_receive_irq	1fff9514	27dc	bgt 0x1fff9566
1fff88b8	mcan1_receive_irq	1fff9516	88ed1e0a	vstr.32 s0,[r8,#0x78]
1fff88b8	mcan1_receive_irq	1fff951a	d8ed010a	vldr.32 s1,[r8,#0x4]
1fff88b8	mcan1_receive_irq	1fff951e	f5eec00a	vcmpe.f32 s1,#0
1fff88b8	mcan1_receive_irq	1fff9522	f1ee10fa	vmrs apsr,fpscr
1fff88b8	mcan1_receive_irq	1fff9526	1cbf	itt ne
1fff88b8	mcan1_receive_irq	1fff9528	1fed530a	vldr.ne.32 s0,[pc,#-0x14c]
1fff88b8	mcan1_receive_irq	1fff952c	20ee800a	vmul.ne.f32 s0,s1,s0
1fff88b8	mcan1_receive_irq	1fff9530	7ff4a5ae	bne.w 0x1fff927e
1fff88b8	mcan1_receive_irq	1fff9534	d8ed100a	vldr.32 s1,[r8,#0x40]
1fff88b8	mcan1_receive_irq	1fff9538	b7ee081a	vmov.f32 s2,0x3fc00000
1fff88b8	mcan1_receive_irq	1fff953c	f8ee600a	vcvt.f32.u32 s1,s1
1fff88b8	mcan1_receive_irq	1fff9540	60ee810a	vmul.f32 s1,s1,s2
1fff88b8	mcan1_receive_irq	1fff9544	98ed131a	vldr.32 s2,[r8,#0x4c]
1fff88b8	mcan1_receive_irq	1fff9548	60ee810a	vmul.f32 s1,s1,s2
1fff88b8	mcan1_receive_irq	1fff954c	1fed5c1a	vldr.32 s2,[pc,#-0x170]
1fff88b8	mcan1_receive_irq	1fff9550	60ee810a	vmul.f32 s1,s1,s2
1fff88b8	mcan1_receive_irq	1fff9554	98ed141a	vldr.32 s2,[r8,#0x50]
1fff88b8	mcan1_receive_irq	1fff9558	60ee810a	vmul.f32 s1,s1,s2
1fff88b8	mcan1_receive_irq	1fff955c	20ee800a	vmul.f32 s0,s1,s0
1fff88b8	mcan1_receive_irq	1fff9560	84ed110a	vstr.32 s0,[r4,#0x44]
1fff88b8	mcan1_receive_irq	1fff9564	8de6	b 0x1fff9282
1fff88b8	mcan1_receive_irq	1fff9566	d8f87890	ldr.w r9,[r8,#0x78]
1fff88b8	mcan1_receive_irq	1fff956a	71e0	b 0x1fff9650
1fff88b8	mcan1_receive_irq	1fff956c	a9f17e50	sub.w r0,r9,#0x3f800000
1fff88b8	mcan1_receive_irq	1fff9570	b0f11c7f	cmp.w r0,#0x2700000
1fff88b8	mcan1_receive_irq	1fff9574	9abf	itte ls
1fff88b8	mcan1_receive_irq	1fff9576	4846	mov.ls r0,r9
1fff88b8	mcan1_receive_irq	1fff9578	c8f87c90	str.w.ls r9,[r8,#0x7c]
1fff88b8	mcan1_receive_irq	1fff957c	d8f87c90	ldr.hi.w r9,[r8,#0x7c]
1fff88b8	mcan1_receive_irq	1fff9580	66e0	b 0x1fff9650
1fff88b8	mcan1_receive_irq	1fff9582	00ee109a	vmov s0,r9
1fff88b8	mcan1_receive_irq	1fff9586	b5eec00a	vcmpe.f32 s0,#0
1fff88b8	mcan1_receive_irq	1fff958a	f1ee10fa	vmrs apsr,fpscr
1fff88b8	mcan1_receive_irq	1fff958e	17dd	ble 0x1fff95c0
1fff88b8	mcan1_receive_irq	1fff9590	10ee100a	vmov r0,s0
1fff88b8	mcan1_receive_irq	1fff9594	aa49	ldr r1,[0x1fff9840]
1fff88b8	mcan1_receive_irq	1fff9596	8142	cmp r1,r0
1fff88b8	mcan1_receive_irq	1fff9598	12dd	ble 0x1fff95c0
1fff88b8	mcan1_receive_irq	1fff959a	88ed200a	vstr.32 s0,[r8,#0x80]
1fff88b8	mcan1_receive_irq	1fff959e	dfeda90a	vldr.32 s1,[pc,#0x2a4]
1fff88b8	mcan1_receive_irq	1fff95a2	b0ee601a	vmov.f32 s2,s1
1fff88b8	mcan1_receive_irq	1fff95a6	00ee281a	vmla.f32 s2,s0,s17
1fff88b8	mcan1_receive_irq	1fff95aa	80ee810a	vdiv.f32 s0,s1,s2
1fff88b8	mcan1_receive_irq	1fff95ae	f7ee000a	vmov.f32 s1,0x3f800000
1fff88b8	mcan1_receive_irq	1fff95b2	84ed1a0a	vstr.32 s0,[r4,#0x68]
1fff88b8	mcan1_receive_irq	1fff95b6	30eec00a	vsub.f32 s0,s1,s0
1fff88b8	mcan1_receive_irq	1fff95ba	84ed1b0a	vstr.32 s0,[r4,#0x6c]
1fff88b8	mcan1_receive_irq	1fff95be	47e0	b 0x1fff9650
1fff88b8	mcan1_receive_irq	1fff95c0	10ee100a	vmov r0,s0
1fff88b8	mcan1_receive_irq	1fff95c4	9e49	ldr r1,[0x1fff9840]
1fff88b8	mcan1_receive_irq	1fff95c6	8842	cmp r0,r1
1fff88b8	mcan1_receive_irq	1fff95c8	a3bf	ittte ge
1fff88b8	mcan1_receive_irq	1fff95ca	88ed200a	vstr.ge.32 s0,[r8,#0x80]
1fff88b8	mcan1_receive_irq	1fff95ce	84ed1a8a	vstr.ge.32 s16,[r4,#0x68]
1fff88b8	mcan1_receive_irq	1fff95d2	b7ee000a	vmov.ge.f32 s0,0x3f800000
1fff88b8	mcan1_receive_irq	1fff95d6	d8f88090	ldr.lt.w r9,[r8,#0x80]
1fff88b8	mcan1_receive_irq	1fff95da	39db	blt 0x1fff9650
1fff88b8	mcan1_receive_irq	1fff95dc	ede7	b 0x1fff95ba
1fff88b8	mcan1_receive_irq	1fff95de	a9f18040	sub.w r0,r9,#0x40000000
1fff88b8	mcan1_receive_irq	1fff95e2	9349	ldr r1,[0x1fff9830]
1fff88b8	mcan1_receive_irq	1fff95e4	a0f13270	sub.w r0,r0,#0x2c80000
1fff88b8	mcan1_receive_irq	1fff95e8	8842	cmp r0,r1
1fff88b8	mcan1_receive_irq	1fff95ea	88bf	it hi
1fff88b8	mcan1_receive_irq	1fff95ec	d8f88490	ldr.hi.w r9,[r8,#0x84]
1fff88b8	mcan1_receive_irq	1fff95f0	2ed8	bhi 0x1fff9650
1fff88b8	mcan1_receive_irq	1fff95f2	9049	ldr r1,[0x1fff9834]
1fff88b8	mcan1_receive_irq	1fff95f4	c8f88490	str.w r9,[r8,#0x84]
1fff88b8	mcan1_receive_irq	1fff95f8	c1f83c90	str.w r9,[r1,#0x3c]
1fff88b8	mcan1_receive_irq	1fff95fc	00f06eff	bl 0x1fffa4dc
1fff88b8	mcan1_receive_irq	1fff9600	26e0	b 0x1fff9650
1fff88b8	mcan1_receive_irq	1fff9602	00ee109a	vmov s0,r9
1fff88b8	mcan1_receive_irq	1fff9606	b5eec00a	vcmpe.f32 s0,#0
1fff88b8	mcan1_receive_irq	1fff960a	f1ee10fa	vmrs apsr,fpscr
1fff88b8	mcan1_receive_irq	1fff960e	07dd	ble 0x1fff9620
1fff88b8	mcan1_receive_irq	1fff9610	10ee100a	vmov r0,s0
1fff88b8	mcan1_receive_irq	1fff9614	8c49	ldr r1,[0x1fff9848]
1fff88b8	mcan1_receive_irq	1fff9616	8842	cmp r0,r1
1fff88b8	mcan1_receive_irq	1fff9618	d8bf	it le
1fff88b8	mcan1_receive_irq	1fff961a	88ed220a	vstr.le.32 s0,[r8,#0x88]
1fff88b8	mcan1_receive_irq	1fff961e	eddd	ble 0x1fff95fc
1fff88b8	mcan1_receive_irq	1fff9620	d8f88890	ldr.w r9,[r8,#0x88]
1fff88b8	mcan1_receive_irq	1fff9624	14e0	b 0x1fff9650
1fff88b8	mcan1_receive_irq	1fff9626	b9f10b0f	cmp.w r9,#0xb
1fff88b8	mcan1_receive_irq	1fff962a	88bf	it hi
1fff88b8	mcan1_receive_irq	1fff962c	d8f88c90	ldr.hi.w r9,[r8,#0x8c]
1fff88b8	mcan1_receive_irq	1fff9630	0ed8	bhi 0x1fff9650
1fff88b8	mcan1_receive_irq	1fff9632	c8f88c90	str.w r9,[r8,#0x8c]
1fff88b8	mcan1_receive_irq	1fff9636	b9f1040f	cmp.w r9,#0x4
1fff88b8	mcan1_receive_irq	1fff963a	94bf	ite ls
1fff88b8	mcan1_receive_irq	1fff963c	8348	ldr.ls r0,[0x1fff984c]
1fff88b8	mcan1_receive_irq	1fff963e	8448	ldr.hi r0,[0x1fff9850]
1fff88b8	mcan1_receive_irq	1fff9640	3860	str r0,[r7,#0x0]
1fff88b8	mcan1_receive_irq	1fff9642	94bf	ite ls
1fff88b8	mcan1_receive_irq	1fff9644	8348	ldr.ls r0,[0x1fff9854]
1fff88b8	mcan1_receive_irq	1fff9646	8448	ldr.hi r0,[0x1fff9858]
1fff88b8	mcan1_receive_irq	1fff9648	7860	str r0,[r7,#0x4]
1fff88b8	mcan1_receive_irq	1fff964a	01e0	b 0x1fff9650
1fff88b8	mcan1_receive_irq	1fff964c	18ee109a	vmov r9,s16
1fff88b8	mcan1_receive_irq	1fff9650	b8f82000	ldrh.w r0,[r8,#0x20]
1fff88b8	mcan1_receive_irq	1fff9654	3872	strb r0,[r7,#0x8]
1fff88b8	mcan1_receive_irq	1fff9656	c0f30220	ubfx r0,r0,#0x8,#0x3
1fff88b8	mcan1_receive_irq	1fff965a	7872	strb r0,[r7,#0x9]
1fff88b8	mcan1_receive_irq	1fff965c	5520	movs r0,#0x55
1fff88b8	mcan1_receive_irq	1fff965e	7f4c	ldr r4,[0x1fff985c]
1fff88b8	mcan1_receive_irq	1fff9660	b872	strb r0,[r7,#0xa]
1fff88b8	mcan1_receive_irq	1fff9662	0822	movs r2,#0x8
1fff88b8	mcan1_receive_irq	1fff9664	e07f	ldrb r0,[r4,#0x1f]
1fff88b8	mcan1_receive_irq	1fff9666	f872	strb r0,[r7,#0xb]
1fff88b8	mcan1_receive_irq	1fff9668	87f80c90	strb.w r9,[r7,#0xc]
1fff88b8	mcan1_receive_irq	1fff966c	4fea1920	lsr.w r0,r9,#0x8
1fff88b8	mcan1_receive_irq	1fff9670	7873	strb r0,[r7,#0xd]
1fff88b8	mcan1_receive_irq	1fff9672	4fea1940	lsr.w r0,r9,#0x10
1fff88b8	mcan1_receive_irq	1fff9676	b873	strb r0,[r7,#0xe]
1fff88b8	mcan1_receive_irq	1fff9678	4fea1960	lsr.w r0,r9,#0x18
1fff88b8	mcan1_receive_irq	1fff967c	f873	strb r0,[r7,#0xf]
1fff88b8	mcan1_receive_irq	1fff967e	b8f81c00	ldrh.w r0,[r8,#0x1c]
1fff88b8	mcan1_receive_irq	1fff9682	7b68	ldr r3,[r7,#0x4]
1fff88b8	mcan1_receive_irq	1fff9684	81b2	uxth r1,r0
1fff88b8	mcan1_receive_irq	1fff9686	07f10800	add.w r0,r7,#0x8
1fff88b8	mcan1_receive_irq	1fff968a	9847	blx r3
1fff88b8	mcan1_receive_irq	1fff968c	e07f	ldrb r0,[r4,#0x1f]
1fff88b8	mcan1_receive_irq	1fff968e	2328	cmp r0,#0x23
1fff88b8	mcan1_receive_irq	1fff9690	5ad1	bne 0x1fff9748
1fff88b8	mcan1_receive_irq	1fff9692	0520	movs r0,#0x5
1fff88b8	mcan1_receive_irq	1fff9694	00f027ff	bl 0x1fffa4e6
1fff88b8	mcan1_receive_irq	1fff9698	b8f82000	ldrh.w r0,[r8,#0x20]
1fff88b8	mcan1_receive_irq	1fff969c	3a68	ldr r2,[r7,#0x0]
1fff88b8	mcan1_receive_irq	1fff969e	81b2	uxth r1,r0
1fff88b8	mcan1_receive_irq	1fff96a0	b8f88c00	ldrh.w r0,[r8,#0x8c]
1fff88b8	mcan1_receive_irq	1fff96a4	80b2	uxth r0,r0
1fff88b8	mcan1_receive_irq	1fff96a6	9047	blx r2
1fff88b8	mcan1_receive_irq	1fff96a8	96e0	b 0x1fff97d8
1fff88b8	mcan1_receive_irq	1fff96aa	caf80c60	str.w r6,[r10,#0xc]
1fff88b8	mcan1_receive_irq	1fff96ae	3872	strb r0,[r7,#0x8]
1fff88b8	mcan1_receive_irq	1fff96b0	c0f30320	ubfx r0,r0,#0x8,#0x4
1fff88b8	mcan1_receive_irq	1fff96b4	7872	strb r0,[r7,#0x9]
1fff88b8	mcan1_receive_irq	1fff96b6	87f80ae0	strb.w lr,[r7,#0xa]
1fff88b8	mcan1_receive_irq	1fff96ba	fe72	strb r6,[r7,#0xb]
1fff88b8	mcan1_receive_irq	1fff96bc	b8f81c00	ldrh.w r0,[r8,#0x1c]
1fff88b8	mcan1_receive_irq	1fff96c0	7b68	ldr r3,[r7,#0x4]
1fff88b8	mcan1_receive_irq	1fff96c2	81b2	uxth r1,r0
1fff88b8	mcan1_receive_irq	1fff96c4	0422	movs r2,#0x4
1fff88b8	mcan1_receive_irq	1fff96c6	07f10800	add.w r0,r7,#0x8
1fff88b8	mcan1_receive_irq	1fff96ca	9847	blx r3
1fff88b8	mcan1_receive_irq	1fff96cc	84e0	b 0x1fff97d8
1fff88b8	mcan1_receive_irq	1fff96ce	a26b	ldr r2,[r4,#0x38]
1fff88b8	mcan1_receive_irq	1fff96d0	d2bb	cbnz r2,0x1fff9748
1fff88b8	mcan1_receive_irq	1fff96d2	0a46	mov r2,r1
1fff88b8	mcan1_receive_irq	1fff96d4	6ff31722	bfc r2,#0x8,#0x10
1fff88b8	mcan1_receive_irq	1fff96d8	a2f1aa4c	sub.w r12,r2,#0x55000000
1fff88b8	mcan1_receive_irq	1fff96dc	bcf1aa0c	subs.w r12,r12,#0xaa
1fff88b8	mcan1_receive_irq	1fff96e0	16d0	beq 0x1fff9710
1fff88b8	mcan1_receive_irq	1fff96e2	5f4a	ldr r2,[0x1fff9860]
1fff88b8	mcan1_receive_irq	1fff96e4	9142	cmp r1,r2
1fff88b8	mcan1_receive_irq	1fff96e6	30d1	bne 0x1fff974a
1fff88b8	mcan1_receive_irq	1fff96e8	5521	movs r1,#0x55
1fff88b8	mcan1_receive_irq	1fff96ea	3972	strb r1,[r7,#0x8]
1fff88b8	mcan1_receive_irq	1fff96ec	00f07f00	and r0,r0,#0x7f
1fff88b8	mcan1_receive_irq	1fff96f0	7872	strb r0,[r7,#0x9]
1fff88b8	mcan1_receive_irq	1fff96f2	98f81c00	ldrb.w r0,[r8,#0x1c]
1fff88b8	mcan1_receive_irq	1fff96f6	0422	movs r2,#0x4
1fff88b8	mcan1_receive_irq	1fff96f8	00f07f00	and r0,r0,#0x7f
1fff88b8	mcan1_receive_irq	1fff96fc	b872	strb r0,[r7,#0xa]
1fff88b8	mcan1_receive_irq	1fff96fe	87f80be0	strb.w lr,[r7,#0xb]
1fff88b8	mcan1_receive_irq	1fff9702	7b68	ldr r3,[r7,#0x4]
1fff88b8	mcan1_receive_irq	1fff9704	40f2ff71	movw r1,#0x7ff
1fff88b8	mcan1_receive_irq	1fff9708	07f10800	add.w r0,r7,#0x8
1fff88b8	mcan1_receive_irq	1fff970c	9847	blx r3
1fff88b8	mcan1_receive_irq	1fff970e	63e0	b 0x1fff97d8
1fff88b8	mcan1_receive_irq	1fff9710	c1f30720	ubfx r0,r1,#0x8,#0x8
1fff88b8	mcan1_receive_irq	1fff9714	5349	ldr r1,[0x1fff9864]
1fff88b8	mcan1_receive_irq	1fff9716	c8e90730	strd r3,r0,[r8,#0x1c]
1fff88b8	mcan1_receive_irq	1fff971a	41ea0042	orr.w r2,r1,r0, lsl #0x10
1fff88b8	mcan1_receive_irq	1fff971e	5249	ldr r1,[0x1fff9868]
1fff88b8	mcan1_receive_irq	1fff9720	0a60	str r2,[r1,#0x0]
1fff88b8	mcan1_receive_irq	1fff9722	87f808e0	strb.w lr,[r7,#0x8]
1fff88b8	mcan1_receive_irq	1fff9726	00f07f00	and r0,r0,#0x7f
1fff88b8	mcan1_receive_irq	1fff972a	7872	strb r0,[r7,#0x9]
1fff88b8	mcan1_receive_irq	1fff972c	03f07f00	and r0,r3,#0x7f
1fff88b8	mcan1_receive_irq	1fff9730	b872	strb r0,[r7,#0xa]
1fff88b8	mcan1_receive_irq	1fff9732	5520	movs r0,#0x55
1fff88b8	mcan1_receive_irq	1fff9734	f872	strb r0,[r7,#0xb]
1fff88b8	mcan1_receive_irq	1fff9736	7b68	ldr r3,[r7,#0x4]
1fff88b8	mcan1_receive_irq	1fff9738	0422	movs r2,#0x4
1fff88b8	mcan1_receive_irq	1fff973a	40f2ff71	movw r1,#0x7ff
1fff88b8	mcan1_receive_irq	1fff973e	07f10800	add.w r0,r7,#0x8
1fff88b8	mcan1_receive_irq	1fff9742	9847	blx r3
1fff88b8	mcan1_receive_irq	1fff9744	caf80c60	str.w r6,[r10,#0xc]
1fff88b8	mcan1_receive_irq	1fff9748	46e0	b 0x1fff97d8
1fff88b8	mcan1_receive_irq	1fff974a	484a	ldr r2,[0x1fff986c]
1fff88b8	mcan1_receive_irq	1fff974c	9142	cmp r1,r2
1fff88b8	mcan1_receive_irq	1fff974e	2dd1	bne 0x1fff97ac
1fff88b8	mcan1_receive_irq	1fff9750	b7f86820	ldrh.w r2,[r7,#0x68]
1fff88b8	mcan1_receive_irq	1fff9754	92b2	uxth r2,r2
1fff88b8	mcan1_receive_irq	1fff9756	8242	cmp r2,r0
1fff88b8	mcan1_receive_irq	1fff9758	28d1	bne 0x1fff97ac
1fff88b8	mcan1_receive_irq	1fff975a	4120	movs r0,#0x41
1fff88b8	mcan1_receive_irq	1fff975c	3872	strb r0,[r7,#0x8]
1fff88b8	mcan1_receive_irq	1fff975e	7520	movs r0,#0x75
1fff88b8	mcan1_receive_irq	1fff9760	7872	strb r0,[r7,#0x9]
1fff88b8	mcan1_receive_irq	1fff9762	7020	movs r0,#0x70
1fff88b8	mcan1_receive_irq	1fff9764	b872	strb r0,[r7,#0xa]
1fff88b8	mcan1_receive_irq	1fff9766	6720	movs r0,#0x67
1fff88b8	mcan1_receive_irq	1fff9768	f872	strb r0,[r7,#0xb]
1fff88b8	mcan1_receive_irq	1fff976a	7220	movs r0,#0x72
1fff88b8	mcan1_receive_irq	1fff976c	3873	strb r0,[r7,#0xc]
1fff88b8	mcan1_receive_irq	1fff976e	6120	movs r0,#0x61
1fff88b8	mcan1_receive_irq	1fff9770	7873	strb r0,[r7,#0xd]
1fff88b8	mcan1_receive_irq	1fff9772	6420	movs r0,#0x64
1fff88b8	mcan1_receive_irq	1fff9774	b873	strb r0,[r7,#0xe]
1fff88b8	mcan1_receive_irq	1fff9776	6520	movs r0,#0x65
1fff88b8	mcan1_receive_irq	1fff9778	f873	strb r0,[r7,#0xf]
1fff88b8	mcan1_receive_irq	1fff977a	7b68	ldr r3,[r7,#0x4]
1fff88b8	mcan1_receive_irq	1fff977c	0822	movs r2,#0x8
1fff88b8	mcan1_receive_irq	1fff977e	40f2fe71	movw r1,#0x7fe
1fff88b8	mcan1_receive_irq	1fff9782	07f10800	add.w r0,r7,#0x8
1fff88b8	mcan1_receive_irq	1fff9786	9847	blx r3
1fff88b8	mcan1_receive_irq	1fff9788	00f0b2fe	bl 0x1fffa4f0
1fff88b8	mcan1_receive_irq	1fff978c	0a20	movs r0,#0xa
1fff88b8	mcan1_receive_irq	1fff978e	00f0aafe	bl 0x1fffa4e6
1fff88b8	mcan1_receive_irq	1fff9792	bff34f8f	dsb #0xf
1fff88b8	mcan1_receive_irq	1fff9796	3648	ldr r0,[0x1fff9870]
1fff88b8	mcan1_receive_irq	1fff9798	0168	ldr r1,[r0,#0x0]
1fff88b8	mcan1_receive_irq	1fff979a	364a	ldr r2,[0x1fff9874]
1fff88b8	mcan1_receive_irq	1fff979c	01f4e061	and r1,r1,#0x700
1fff88b8	mcan1_receive_irq	1fff97a0	1143	orrs r1,r2
1fff88b8	mcan1_receive_irq	1fff97a2	0160	str r1,[r0,#0x0]
1fff88b8	mcan1_receive_irq	1fff97a4	bff34f8f	dsb #0xf
1fff88b8	mcan1_receive_irq	1fff97a8	00bf	nop
1fff88b8	mcan1_receive_irq	1fff97aa	fde7	b 0x1fff97a8
1fff88b8	mcan1_receive_irq	1fff97ac	6ff31721	bfc r1,#0x8,#0x10
1fff88b8	mcan1_receive_irq	1fff97b0	a1f18850	sub.w r0,r1,#0x11000000
1fff88b8	mcan1_receive_irq	1fff97b4	ee38	subs r0,#0xee
1fff88b8	mcan1_receive_irq	1fff97b6	0fd1	bne 0x1fff97d8
1fff88b8	mcan1_receive_irq	1fff97b8	1120	movs r0,#0x11
1fff88b8	mcan1_receive_irq	1fff97ba	3872	strb r0,[r7,#0x8]
1fff88b8	mcan1_receive_irq	1fff97bc	b8f83800	ldrh.w r0,[r8,#0x38]
1fff88b8	mcan1_receive_irq	1fff97c0	7872	strb r0,[r7,#0x9]
1fff88b8	mcan1_receive_irq	1fff97c2	000a	lsrs r0,r0,#0x8
1fff88b8	mcan1_receive_irq	1fff97c4	b872	strb r0,[r7,#0xa]
1fff88b8	mcan1_receive_irq	1fff97c6	ee20	movs r0,#0xee
1fff88b8	mcan1_receive_irq	1fff97c8	f872	strb r0,[r7,#0xb]
1fff88b8	mcan1_receive_irq	1fff97ca	7b68	ldr r3,[r7,#0x4]
1fff88b8	mcan1_receive_irq	1fff97cc	0422	movs r2,#0x4
1fff88b8	mcan1_receive_irq	1fff97ce	40f2ff71	movw r1,#0x7ff
1fff88b8	mcan1_receive_irq	1fff97d2	07f10800	add.w r0,r7,#0x8
1fff88b8	mcan1_receive_irq	1fff97d6	9847	blx r3
1fff88b8	mcan1_receive_irq	1fff97d8	dbf85000	ldr.w r0,[r11,#0x50]
1fff88b8	mcan1_receive_irq	1fff97dc	10f4000f	tst r0,#0x800000
1fff88b8	mcan1_receive_irq	1fff97e0	0ad0	beq 0x1fff97f8
1fff88b8	mcan1_receive_irq	1fff97e2	b8f82000	ldrh.w r0,[r8,#0x20]
1fff88b8	mcan1_receive_irq	1fff97e6	244a	ldr r2,[0x1fff9878]
1fff88b8	mcan1_receive_irq	1fff97e8	81b2	uxth r1,r0
1fff88b8	mcan1_receive_irq	1fff97ea	b8f88c00	ldrh.w r0,[r8,#0x8c]
1fff88b8	mcan1_receive_irq	1fff97ee	1268	ldr r2,[r2,#0x0]
1fff88b8	mcan1_receive_irq	1fff97f0	80b2	uxth r0,r0
1fff88b8	mcan1_receive_irq	1fff97f2	9047	blx r2
1fff88b8	mcan1_receive_irq	1fff97f4	caf83060	str.w r6,[r10,#0x30]
1fff88b8	mcan1_receive_irq	1fff97f8	dbf85000	ldr.w r0,[r11,#0x50]
1fff88b8	mcan1_receive_irq	1fff97fc	10f0007f	tst r0,#0x2000000
1fff88b8	mcan1_receive_irq	1fff9800	08d0	beq 0x1fff9814
1fff88b8	mcan1_receive_irq	1fff9802	dbf81800	ldr.w r0,[r11,#0x18]
1fff88b8	mcan1_receive_irq	1fff9806	20f00100	bic r0,r0,#0x1
1fff88b8	mcan1_receive_irq	1fff980a	cbf81800	str.w r0,[r11,#0x18]
1fff88b8	mcan1_receive_irq	1fff980e	0220	movs r0,#0x2
1fff88b8	mcan1_receive_irq	1fff9810	caf83000	str.w r0,[r10,#0x30]
1fff88b8	mcan1_receive_irq	1fff9814	4ff0ff30	mov.w r0,#0xffffffff
1fff88b8	mcan1_receive_irq	1fff9818	cbf85000	str.w r0,[r11,#0x50]
1fff88b8	mcan1_receive_irq	1fff981c	4ff0e020	mov.w r0,#0xe000e000
1fff88b8	mcan1_receive_irq	1fff9820	0821	movs r1,#0x8
1fff88b8	mcan1_receive_irq	1fff9822	c0f88012	str.w r1,[r0,#0x280]
1fff88b8	mcan1_receive_irq	1fff9826	bdec028b	vpop {d8}
1fff88b8	mcan1_receive_irq	1fff982a	bde8f09f	pop.w {r4,r5,r6,r7,r8,r9,r10,r11,r12,pc}
1fff987c	output_sensor_lookup_and_unwrap	1fff987c	10b5	push {r4,lr}
1fff987c	output_sensor_lookup_and_unwrap	1fff987e	90ed060a	vldr.32 s0,[r0,#0x18]
1fff987c	output_sensor_lookup_and_unwrap	1fff9882	d0ed040a	vldr.32 s1,[r0,#0x10]
1fff987c	output_sensor_lookup_and_unwrap	1fff9886	90ed0c1a	vldr.32 s2,[r0,#0x30]
1fff987c	output_sensor_lookup_and_unwrap	1fff988a	0446	mov r4,r0
1fff987c	output_sensor_lookup_and_unwrap	1fff988c	00eec10a	vmls.f32 s0,s1,s2
1fff987c	output_sensor_lookup_and_unwrap	1fff9890	90ed0b1a	vldr.32 s2,[r0,#0x2c]
1fff987c	output_sensor_lookup_and_unwrap	1fff9894	60ee810a	vmul.f32 s1,s1,s2
1fff987c	output_sensor_lookup_and_unwrap	1fff9898	00f02ffe	bl 0x1fffa4fa
1fff987c	output_sensor_lookup_and_unwrap	1fff989c	dfed261a	vldr.32 s3,[pc,#0x98]
1fff987c	output_sensor_lookup_and_unwrap	1fff98a0	9fed241a	vldr.32 s2,[pc,#0x90]
1fff987c	output_sensor_lookup_and_unwrap	1fff98a4	f0ee610a	vmov.f32 s1,s3
1fff987c	output_sensor_lookup_and_unwrap	1fff98a8	40ee010a	vmla.f32 s1,s0,s2
1fff987c	output_sensor_lookup_and_unwrap	1fff98ac	bdeee00a	vcvt.s32.f32 s0,s1
1fff987c	output_sensor_lookup_and_unwrap	1fff98b0	10ee100a	vmov r0,s0
1fff987c	output_sensor_lookup_and_unwrap	1fff98b4	0028	cmp r0,#0x0
1fff987c	output_sensor_lookup_and_unwrap	1fff98b6	b8bf	it lt
1fff987c	output_sensor_lookup_and_unwrap	1fff98b8	00f58050	add.lt.w r0,r0,#0x1000
1fff987c	output_sensor_lookup_and_unwrap	1fff98bc	b0f5805f	cmp.w r0,#0x1000
1fff987c	output_sensor_lookup_and_unwrap	1fff98c0	a8bf	it ge
1fff987c	output_sensor_lookup_and_unwrap	1fff98c2	a0f58050	sub.ge.w r0,r0,#0x1000
1fff987c	output_sensor_lookup_and_unwrap	1fff98c6	1d49	ldr r1,[0x1fff993c]
1fff987c	output_sensor_lookup_and_unwrap	1fff98c8	f0ee610a	vmov.f32 s1,s3
1fff987c	output_sensor_lookup_and_unwrap	1fff98cc	31f81000	ldrh.w r0,[r1,r0,lsl #0x1]
1fff987c	output_sensor_lookup_and_unwrap	1fff98d0	1c49	ldr r1,[0x1fff9944]
1fff987c	output_sensor_lookup_and_unwrap	1fff98d2	00ee100a	vmov s0,r0
1fff987c	output_sensor_lookup_and_unwrap	1fff98d6	b8ee400a	vcvt.f32.u32 s0,s0
1fff987c	output_sensor_lookup_and_unwrap	1fff98da	30ee600a	vsub.f32 s0,s0,s1
1fff987c	output_sensor_lookup_and_unwrap	1fff98de	dfed180a	vldr.32 s1,[pc,#0x60]
1fff987c	output_sensor_lookup_and_unwrap	1fff98e2	20ee200a	vmul.f32 s0,s0,s1
1fff987c	output_sensor_lookup_and_unwrap	1fff98e6	84ed0d0a	vstr.32 s0,[r4,#0x34]
1fff987c	output_sensor_lookup_and_unwrap	1fff98ea	d4ed100a	vldr.32 s1,[r4,#0x40]
1fff987c	output_sensor_lookup_and_unwrap	1fff98ee	70ee600a	vsub.f32 s1,s0,s1
1fff987c	output_sensor_lookup_and_unwrap	1fff98f2	10ee900a	vmov r0,s1
1fff987c	output_sensor_lookup_and_unwrap	1fff98f6	8842	cmp r0,r1
1fff987c	output_sensor_lookup_and_unwrap	1fff98f8	02dd	ble 0x1fff9900
1fff987c	output_sensor_lookup_and_unwrap	1fff98fa	606c	ldr r0,[r4,#0x44]
1fff987c	output_sensor_lookup_and_unwrap	1fff98fc	401e	subs r0,r0,#0x1
1fff987c	output_sensor_lookup_and_unwrap	1fff98fe	6064	str r0,[r4,#0x44]
1fff987c	output_sensor_lookup_and_unwrap	1fff9900	10ee900a	vmov r0,s1
1fff987c	output_sensor_lookup_and_unwrap	1fff9904	1049	ldr r1,[0x1fff9948]
1fff987c	output_sensor_lookup_and_unwrap	1fff9906	8842	cmp r0,r1
1fff987c	output_sensor_lookup_and_unwrap	1fff9908	02d9	bls 0x1fff9910
1fff987c	output_sensor_lookup_and_unwrap	1fff990a	606c	ldr r0,[r4,#0x44]
1fff987c	output_sensor_lookup_and_unwrap	1fff990c	401c	adds r0,r0,#0x1
1fff987c	output_sensor_lookup_and_unwrap	1fff990e	6064	str r0,[r4,#0x44]
1fff987c	output_sensor_lookup_and_unwrap	1fff9910	84ed100a	vstr.32 s0,[r4,#0x40]
1fff987c	output_sensor_lookup_and_unwrap	1fff9914	d4ed110a	vldr.32 s1,[r4,#0x44]
1fff987c	output_sensor_lookup_and_unwrap	1fff9918	9fed0c1a	vldr.32 s2,[pc,#0x30]
1fff987c	output_sensor_lookup_and_unwrap	1fff991c	f8eee00a	vcvt.f32.s32 s1,s1
1fff987c	output_sensor_lookup_and_unwrap	1fff9920	00ee810a	vmla.f32 s0,s1,s2
1fff987c	output_sensor_lookup_and_unwrap	1fff9924	d4ed0e0a	vldr.32 s1,[r4,#0x38]
1fff987c	output_sensor_lookup_and_unwrap	1fff9928	30ee600a	vsub.f32 s0,s0,s1
1fff987c	output_sensor_lookup_and_unwrap	1fff992c	84ed0f0a	vstr.32 s0,[r4,#0x3c]
1fff987c	output_sensor_lookup_and_unwrap	1fff9930	10bd	pop {r4,pc}
1fff9950	flash_program_words	1fff9950	2de9f04f	push {r4,r5,r6,r7,r8,r9,r10,r11,lr}
1fff9950	flash_program_words	1fff9954	dff868a1	ldr.w r10,[0x1fff9ac0]
1fff9950	flash_program_words	1fff9958	40f22315	movw r5,#0x123
1fff9950	flash_program_words	1fff995c	440b	lsrs r4,r0,#0xd
1fff9950	flash_program_words	1fff995e	caf80050	str.w r5,[r10,#0x0]
1fff9950	flash_program_words	1fff9962	43f21025	movw r5,#0x3210
1fff9950	flash_program_words	1fff9966	caf80050	str.w r5,[r10,#0x0]
1fff9950	flash_program_words	1fff996a	0af10403	add.w r3,r10,#0x4
1fff9950	flash_program_words	1fff996e	554d	ldr r5,[0x1fff9ac4]
1fff9950	flash_program_words	1fff9970	1d60	str r5,[r3,#0x0]
1fff9950	flash_program_words	1fff9972	ed43	mvns r5,r5
1fff9950	flash_program_words	1fff9974	1d60	str r5,[r3,#0x0]
1fff9950	flash_program_words	1fff9976	dff84891	ldr.w r9,[0x1fff9ac0]
1fff9950	flash_program_words	1fff997a	09f11809	add.w r9,r9,#0x18
1fff9950	flash_program_words	1fff997e	d9f80050	ldr.w r5,[r9,#0x0]
1fff9950	flash_program_words	1fff9982	05f4e02c	and r12,r5,#0x70000
1fff9950	flash_program_words	1fff9986	d9f80050	ldr.w r5,[r9,#0x0]
1fff9950	flash_program_words	1fff998a	25f47025	bic r5,r5,#0xf0000
1fff9950	flash_program_words	1fff998e	c9f80050	str.w r5,[r9,#0x0]
1fff9950	flash_program_words	1fff9992	4b4e	ldr r6,[0x1fff9ac0]
1fff9950	flash_program_words	1fff9994	3f23	movs r3,#0x3f
1fff9950	flash_program_words	1fff9996	2436	adds r6,#0x24
1fff9950	flash_program_words	1fff9998	3360	str r3,[r6,#0x0]
1fff9950	flash_program_words	1fff999a	351f	subs r5,r6,#0x4
1fff9950	flash_program_words	1fff999c	2b68	ldr r3,[r5,#0x0]
1fff9950	flash_program_words	1fff999e	db05	lsls r3,r3,#0x17
1fff9950	flash_program_words	1fff99a0	fcd5	bpl 0x1fff999c
1fff9950	flash_program_words	1fff99a2	dff81c81	ldr.w r8,[0x1fff9ac0]
1fff9950	flash_program_words	1fff99a6	08f11c08	add.w r8,r8,#0x1c
1fff9950	flash_program_words	1fff99aa	d8f80030	ldr.w r3,[r8,#0x0]
1fff9950	flash_program_words	1fff99ae	23f00703	bic r3,r3,#0x7
1fff9950	flash_program_words	1fff99b2	1b1d	adds r3,r3,#0x4
1fff9950	flash_program_words	1fff99b4	c8f80030	str.w r3,[r8,#0x0]
1fff9950	flash_program_words	1fff99b8	dff80ce1	ldr.w lr,[0x1fff9ac8]
1fff9950	flash_program_words	1fff99bc	0123	movs r3,#0x1
1fff9950	flash_program_words	1fff99be	a340	lsls r3,r4
1fff9950	flash_program_words	1fff99c0	cef80030	str.w r3,[lr,#0x0]
1fff9950	flash_program_words	1fff99c4	4ff0000b	mov.w r11,#0x0
1fff9950	flash_program_words	1fff99c8	c0f800b0	str.w r11,[r0,#0x0]
1fff9950	flash_program_words	1fff99cc	2b68	ldr r3,[r5,#0x0]
1fff9950	flash_program_words	1fff99ce	db05	lsls r3,r3,#0x17
1fff9950	flash_program_words	1fff99d0	fcd5	bpl 0x1fff99cc
1fff9950	flash_program_words	1fff99d2	1027	movs r7,#0x10
1fff9950	flash_program_words	1fff99d4	3760	str r7,[r6,#0x0]
1fff9950	flash_program_words	1fff99d6	d8f80030	ldr.w r3,[r8,#0x0]
1fff9950	flash_program_words	1fff99da	23f00703	bic r3,r3,#0x7
1fff9950	flash_program_words	1fff99de	db1c	adds r3,r3,#0x3
1fff9950	flash_program_words	1fff99e0	c8f80030	str.w r3,[r8,#0x0]
1fff9950	flash_program_words	1fff99e4	0023	movs r3,#0x0
1fff9950	flash_program_words	1fff99e6	06e0	b 0x1fff99f6
1fff9950	flash_program_words	1fff99e8	10c9	ldmia r1!,{r4}
1fff9950	flash_program_words	1fff99ea	10c0	stmia r0!,{r4}
1fff9950	flash_program_words	1fff99ec	2c68	ldr r4,[r5,#0x0]
1fff9950	flash_program_words	1fff99ee	e406	lsls r4,r4,#0x1b
1fff9950	flash_program_words	1fff99f0	fcd5	bpl 0x1fff99ec
1fff9950	flash_program_words	1fff99f2	3760	str r7,[r6,#0x0]
1fff9950	flash_program_words	1fff99f4	5b1c	adds r3,r3,#0x1
1fff9950	flash_program_words	1fff99f6	9342	cmp r3,r2
1fff9950	flash_program_words	1fff99f8	f6d3	bcc 0x1fff99e8
1fff9950	flash_program_words	1fff99fa	d8f80000	ldr.w r0,[r8,#0x0]
1fff9950	flash_program_words	1fff99fe	20f00700	bic r0,r0,#0x7
1fff9950	flash_program_words	1fff9a02	c8f80000	str.w r0,[r8,#0x0]
1fff9950	flash_program_words	1fff9a06	00e0	b 0x1fff9a0a
1fff9950	flash_program_words	1fff9a08	3760	str r7,[r6,#0x0]
1fff9950	flash_program_words	1fff9a0a	2868	ldr r0,[r5,#0x0]
1fff9950	flash_program_words	1fff9a0c	c005	lsls r0,r0,#0x17
1fff9950	flash_program_words	1fff9a0e	fbd5	bpl 0x1fff9a08
1fff9950	flash_program_words	1fff9a10	cef800b0	str.w r11,[lr,#0x0]
1fff9950	flash_program_words	1fff9a14	d9f80000	ldr.w r0,[r9,#0x0]
1fff9950	flash_program_words	1fff9a18	40ea0c00	orr.w r0,r0,r12
1fff9950	flash_program_words	1fff9a1c	c9f80000	str.w r0,[r9,#0x0]
1fff9950	flash_program_words	1fff9a20	d8f80000	ldr.w r0,[r8,#0x0]
1fff9950	flash_program_words	1fff9a24	40f48030	orr r0,r0,#0x10000
1fff9950	flash_program_words	1fff9a28	c8f80000	str.w r0,[r8,#0x0]
1fff9950	flash_program_words	1fff9a2c	43f21020	movw r0,#0x3210
1fff9950	flash_program_words	1fff9a30	caf80000	str.w r0,[r10,#0x0]
1fff9950	flash_program_words	1fff9a34	bde8f08f	pop.w {r4,r5,r6,r7,r8,r9,r10,r11,pc}
1fff9a38	flash_erase_sector	1fff9a38	f0b5	push {r4,r5,r6,r7,lr}
1fff9a38	flash_erase_sector	1fff9a3a	dff884e0	ldr.w lr,[0x1fff9ac0]
1fff9a38	flash_erase_sector	1fff9a3e	40f22311	movw r1,#0x123
1fff9a38	flash_erase_sector	1fff9a42	420b	lsrs r2,r0,#0xd
1fff9a38	flash_erase_sector	1fff9a44	cef80010	str.w r1,[lr,#0x0]
1fff9a38	flash_erase_sector	1fff9a48	43f21027	movw r7,#0x3210
1fff9a38	flash_erase_sector	1fff9a4c	cef80070	str.w r7,[lr,#0x0]
1fff9a38	flash_erase_sector	1fff9a50	0ef10401	add.w r1,lr,#0x4
1fff9a38	flash_erase_sector	1fff9a54	1b4b	ldr r3,[0x1fff9ac4]
1fff9a38	flash_erase_sector	1fff9a56	0b60	str r3,[r1,#0x0]
1fff9a38	flash_erase_sector	1fff9a58	db43	mvns r3,r3
1fff9a38	flash_erase_sector	1fff9a5a	0b60	str r3,[r1,#0x0]
1fff9a38	flash_erase_sector	1fff9a5c	184d	ldr r5,[0x1fff9ac0]
1fff9a38	flash_erase_sector	1fff9a5e	1835	adds r5,#0x18
1fff9a38	flash_erase_sector	1fff9a60	2968	ldr r1,[r5,#0x0]
1fff9a38	flash_erase_sector	1fff9a62	01f4e023	and r3,r1,#0x70000
1fff9a38	flash_erase_sector	1fff9a66	2968	ldr r1,[r5,#0x0]
1fff9a38	flash_erase_sector	1fff9a68	21f47021	bic r1,r1,#0xf0000
1fff9a38	flash_erase_sector	1fff9a6c	2960	str r1,[r5,#0x0]
1fff9a38	flash_erase_sector	1fff9a6e	dff850c0	ldr.w r12,[0x1fff9ac0]
1fff9a38	flash_erase_sector	1fff9a72	3f21	movs r1,#0x3f
1fff9a38	flash_erase_sector	1fff9a74	0cf1240c	add.w r12,r12,#0x24
1fff9a38	flash_erase_sector	1fff9a78	ccf80010	str.w r1,[r12,#0x0]
1fff9a38	flash_erase_sector	1fff9a7c	acf10401	sub.w r1,r12,#0x4
1fff9a38	flash_erase_sector	1fff9a80	0c68	ldr r4,[r1,#0x0]
1fff9a38	flash_erase_sector	1fff9a82	e405	lsls r4,r4,#0x17
1fff9a38	flash_erase_sector	1fff9a84	fcd5	bpl 0x1fff9a80
1fff9a38	flash_erase_sector	1fff9a86	0e4e	ldr r6,[0x1fff9ac0]
1fff9a38	flash_erase_sector	1fff9a88	1c36	adds r6,#0x1c
1fff9a38	flash_erase_sector	1fff9a8a	3468	ldr r4,[r6,#0x0]
1fff9a38	flash_erase_sector	1fff9a8c	24f00704	bic r4,r4,#0x7
1fff9a38	flash_erase_sector	1fff9a90	241d	adds r4,r4,#0x4
1fff9a38	flash_erase_sector	1fff9a92	3460	str r4,[r6,#0x0]
1fff9a38	flash_erase_sector	1fff9a94	0124	movs r4,#0x1
1fff9a38	flash_erase_sector	1fff9a96	9440	lsls r4,r2
1fff9a38	flash_erase_sector	1fff9a98	0b4a	ldr r2,[0x1fff9ac8]
1fff9a38	flash_erase_sector	1fff9a9a	1460	str r4,[r2,#0x0]
1fff9a38	flash_erase_sector	1fff9a9c	0022	movs r2,#0x0
1fff9a38	flash_erase_sector	1fff9a9e	0260	str r2,[r0,#0x0]
1fff9a38	flash_erase_sector	1fff9aa0	0868	ldr r0,[r1,#0x0]
1fff9a38	flash_erase_sector	1fff9aa2	c005	lsls r0,r0,#0x17
1fff9a38	flash_erase_sector	1fff9aa4	fcd5	bpl 0x1fff9aa0
1fff9a38	flash_erase_sector	1fff9aa6	1020	movs r0,#0x10
1fff9a38	flash_erase_sector	1fff9aa8	ccf80000	str.w r0,[r12,#0x0]
1fff9a38	flash_erase_sector	1fff9aac	2868	ldr r0,[r5,#0x0]
1fff9a38	flash_erase_sector	1fff9aae	1843	orrs r0,r3
1fff9a38	flash_erase_sector	1fff9ab0	2860	str r0,[r5,#0x0]
1fff9a38	flash_erase_sector	1fff9ab2	3068	ldr r0,[r6,#0x0]
1fff9a38	flash_erase_sector	1fff9ab4	40f48030	orr r0,r0,#0x10000
1fff9a38	flash_erase_sector	1fff9ab8	3060	str r0,[r6,#0x0]
1fff9a38	flash_erase_sector	1fff9aba	cef80070	str.w r7,[lr,#0x0]
1fff9a38	flash_erase_sector	1fff9abe	f0bd	pop {r4,r5,r6,r7,pc}
1fff9acc	mcan_write_classic_tx_element	1fff9acc	70b5	push {r4,r5,r6,lr}
1fff9acc	mcan_write_classic_tx_element	1fff9ace	594c	ldr r4,[0x1fff9c34]
1fff9acc	mcan_write_classic_tx_element	1fff9ad0	54f8c43f	ldr.w r3,[r4,#0xc4]!
1fff9acc	mcan_write_classic_tx_element	1fff9ad4	8d04	lsls r5,r1,#0x12
1fff9acc	mcan_write_classic_tx_element	1fff9ad6	c3f30443	ubfx r3,r3,#0x10,#0x5
1fff9acc	mcan_write_classic_tx_element	1fff9ada	03ebc301	add.w r1,r3,r3, lsl #0x3
1fff9acc	mcan_write_classic_tx_element	1fff9ade	ce00	lsls r6,r1,#0x3
1fff9acc	mcan_write_classic_tx_element	1fff9ae0	5549	ldr r1,[0x1fff9c38]
1fff9acc	mcan_write_classic_tx_element	1fff9ae2	3144	add r1,r6
1fff9acc	mcan_write_classic_tx_element	1fff9ae4	c1f82853	str.w r5,[r1,#0x328]
1fff9acc	mcan_write_classic_tx_element	1fff9ae8	1204	lsls r2,r2,#0x10
1fff9acc	mcan_write_classic_tx_element	1fff9aea	c1f82c23	str.w r2,[r1,#0x32c]
1fff9acc	mcan_write_classic_tx_element	1fff9aee	c578	ldrb r5,[r0,#0x3]
1fff9acc	mcan_write_classic_tx_element	1fff9af0	0268	ldr r2,[r0,#0x0]
1fff9acc	mcan_write_classic_tx_element	1fff9af2	65f31f62	bfi r2,r5,#0x18,#0x8
1fff9acc	mcan_write_classic_tx_element	1fff9af6	c1f83023	str.w r2,[r1,#0x330]
1fff9acc	mcan_write_classic_tx_element	1fff9afa	c279	ldrb r2,[r0,#0x7]
1fff9acc	mcan_write_classic_tx_element	1fff9afc	4068	ldr r0,[r0,#0x4]
1fff9acc	mcan_write_classic_tx_element	1fff9afe	62f31f60	bfi r0,r2,#0x18,#0x8
1fff9acc	mcan_write_classic_tx_element	1fff9b02	c1f83403	str.w r0,[r1,#0x334]
1fff9acc	mcan_write_classic_tx_element	1fff9b06	0120	movs r0,#0x1
1fff9acc	mcan_write_classic_tx_element	1fff9b08	9840	lsls r0,r3
1fff9acc	mcan_write_classic_tx_element	1fff9b0a	e060	str r0,[r4,#0xc]
1fff9acc	mcan_write_classic_tx_element	1fff9b0c	70bd	pop {r4,r5,r6,pc}
1fff9b0e	mcan_write_fd_tx_element	1fff9b0e	f0b5	push {r4,r5,r6,r7,lr}
1fff9b0e	mcan_write_fd_tx_element	1fff9b10	484e	ldr r6,[0x1fff9c34]
1fff9b0e	mcan_write_fd_tx_element	1fff9b12	d6f8c440	ldr.w r4,[r6,#0xc4]
1fff9b0e	mcan_write_fd_tx_element	1fff9b16	092a	cmp r2,#0x9
1fff9b0e	mcan_write_fd_tx_element	1fff9b18	c4f30445	ubfx r5,r4,#0x10,#0x5
1fff9b0e	mcan_write_fd_tx_element	1fff9b1c	01d2	bcs 0x1fff9b22
1fff9b0e	mcan_write_fd_tx_element	1fff9b1e	1346	mov r3,r2
1fff9b0e	mcan_write_fd_tx_element	1fff9b20	1ae0	b 0x1fff9b58
1fff9b0e	mcan_write_fd_tx_element	1fff9b22	0c2a	cmp r2,#0xc
1fff9b0e	mcan_write_fd_tx_element	1fff9b24	01d8	bhi 0x1fff9b2a
1fff9b0e	mcan_write_fd_tx_element	1fff9b26	0923	movs r3,#0x9
1fff9b0e	mcan_write_fd_tx_element	1fff9b28	16e0	b 0x1fff9b58
1fff9b0e	mcan_write_fd_tx_element	1fff9b2a	102a	cmp r2,#0x10
1fff9b0e	mcan_write_fd_tx_element	1fff9b2c	01d8	bhi 0x1fff9b32
1fff9b0e	mcan_write_fd_tx_element	1fff9b2e	0a23	movs r3,#0xa
1fff9b0e	mcan_write_fd_tx_element	1fff9b30	12e0	b 0x1fff9b58
1fff9b0e	mcan_write_fd_tx_element	1fff9b32	142a	cmp r2,#0x14
1fff9b0e	mcan_write_fd_tx_element	1fff9b34	01d8	bhi 0x1fff9b3a
1fff9b0e	mcan_write_fd_tx_element	1fff9b36	0b23	movs r3,#0xb
1fff9b0e	mcan_write_fd_tx_element	1fff9b38	0ee0	b 0x1fff9b58
1fff9b0e	mcan_write_fd_tx_element	1fff9b3a	182a	cmp r2,#0x18
1fff9b0e	mcan_write_fd_tx_element	1fff9b3c	01d8	bhi 0x1fff9b42
1fff9b0e	mcan_write_fd_tx_element	1fff9b3e	0c23	movs r3,#0xc
1fff9b0e	mcan_write_fd_tx_element	1fff9b40	0ae0	b 0x1fff9b58
1fff9b0e	mcan_write_fd_tx_element	1fff9b42	202a	cmp r2,#0x20
1fff9b0e	mcan_write_fd_tx_element	1fff9b44	01d8	bhi 0x1fff9b4a
1fff9b0e	mcan_write_fd_tx_element	1fff9b46	0d23	movs r3,#0xd
1fff9b0e	mcan_write_fd_tx_element	1fff9b48	06e0	b 0x1fff9b58
1fff9b0e	mcan_write_fd_tx_element	1fff9b4a	302a	cmp r2,#0x30
1fff9b0e	mcan_write_fd_tx_element	1fff9b4c	01d8	bhi 0x1fff9b52
1fff9b0e	mcan_write_fd_tx_element	1fff9b4e	0e23	movs r3,#0xe
1fff9b0e	mcan_write_fd_tx_element	1fff9b50	02e0	b 0x1fff9b58
1fff9b0e	mcan_write_fd_tx_element	1fff9b52	402a	cmp r2,#0x40
1fff9b0e	mcan_write_fd_tx_element	1fff9b54	00d8	bhi 0x1fff9b58
1fff9b0e	mcan_write_fd_tx_element	1fff9b56	0f23	movs r3,#0xf
1fff9b0e	mcan_write_fd_tx_element	1fff9b58	8c04	lsls r4,r1,#0x12
1fff9b0e	mcan_write_fd_tx_element	1fff9b5a	05ebc501	add.w r1,r5,r5, lsl #0x3
1fff9b0e	mcan_write_fd_tx_element	1fff9b5e	cf00	lsls r7,r1,#0x3
1fff9b0e	mcan_write_fd_tx_element	1fff9b60	3549	ldr r1,[0x1fff9c38]
1fff9b0e	mcan_write_fd_tx_element	1fff9b62	3944	add r1,r7
1fff9b0e	mcan_write_fd_tx_element	1fff9b64	c1f82843	str.w r4,[r1,#0x328]
1fff9b0e	mcan_write_fd_tx_element	1fff9b68	4ff40014	mov.w r4,#0x200000
1fff9b0e	mcan_write_fd_tx_element	1fff9b6c	44ea0343	orr.w r3,r4,r3, lsl #0x10
1fff9b0e	mcan_write_fd_tx_element	1fff9b70	c1f82c33	str.w r3,[r1,#0x32c]
1fff9b0e	mcan_write_fd_tx_element	1fff9b74	314b	ldr r3,[0x1fff9c3c]
1fff9b0e	mcan_write_fd_tx_element	1fff9b76	05ebc501	add.w r1,r5,r5, lsl #0x3
1fff9b0e	mcan_write_fd_tx_element	1fff9b7a	03ebc103	add.w r3,r3,r1, lsl #0x3
1fff9b0e	mcan_write_fd_tx_element	1fff9b7e	0021	movs r1,#0x0
1fff9b0e	mcan_write_fd_tx_element	1fff9b80	07e0	b 0x1fff9b92
1fff9b0e	mcan_write_fd_tx_element	1fff9b82	4418	adds r4,r0,r1
1fff9b0e	mcan_write_fd_tx_element	1fff9b84	091d	adds r1,r1,#0x4
1fff9b0e	mcan_write_fd_tx_element	1fff9b86	e778	ldrb r7,[r4,#0x3]
1fff9b0e	mcan_write_fd_tx_element	1fff9b88	2468	ldr r4,[r4,#0x0]
1fff9b0e	mcan_write_fd_tx_element	1fff9b8a	c9b2	uxtb r1,r1
1fff9b0e	mcan_write_fd_tx_element	1fff9b8c	67f31f64	bfi r4,r7,#0x18,#0x8
1fff9b0e	mcan_write_fd_tx_element	1fff9b90	10c3	stmia r3!,{r4}
1fff9b0e	mcan_write_fd_tx_element	1fff9b92	9142	cmp r1,r2
1fff9b0e	mcan_write_fd_tx_element	1fff9b94	f5d3	bcc 0x1fff9b82
1fff9b0e	mcan_write_fd_tx_element	1fff9b96	0120	movs r0,#0x1
1fff9b0e	mcan_write_fd_tx_element	1fff9b98	a840	lsls r0,r5
1fff9b0e	mcan_write_fd_tx_element	1fff9b9a	c6f8d000	str.w r0,[r6,#0xd0]
1fff9b0e	mcan_write_fd_tx_element	1fff9b9e	f0bd	pop {r4,r5,r6,r7,pc}
1fff9ba0	mcan_write_fd_brs_tx_element	1fff9ba0	f0b5	push {r4,r5,r6,r7,lr}
1fff9ba0	mcan_write_fd_brs_tx_element	1fff9ba2	244e	ldr r6,[0x1fff9c34]
1fff9ba0	mcan_write_fd_brs_tx_element	1fff9ba4	d6f8c440	ldr.w r4,[r6,#0xc4]
1fff9ba0	mcan_write_fd_brs_tx_element	1fff9ba8	092a	cmp r2,#0x9
1fff9ba0	mcan_write_fd_brs_tx_element	1fff9baa	c4f30445	ubfx r5,r4,#0x10,#0x5
1fff9ba0	mcan_write_fd_brs_tx_element	1fff9bae	01d2	bcs 0x1fff9bb4
1fff9ba0	mcan_write_fd_brs_tx_element	1fff9bb0	1346	mov r3,r2
1fff9ba0	mcan_write_fd_brs_tx_element	1fff9bb2	1ae0	b 0x1fff9bea
1fff9ba0	mcan_write_fd_brs_tx_element	1fff9bb4	0c2a	cmp r2,#0xc
1fff9ba0	mcan_write_fd_brs_tx_element	1fff9bb6	01d8	bhi 0x1fff9bbc
1fff9ba0	mcan_write_fd_brs_tx_element	1fff9bb8	0923	movs r3,#0x9
1fff9ba0	mcan_write_fd_brs_tx_element	1fff9bba	16e0	b 0x1fff9bea
1fff9ba0	mcan_write_fd_brs_tx_element	1fff9bbc	102a	cmp r2,#0x10
1fff9ba0	mcan_write_fd_brs_tx_element	1fff9bbe	01d8	bhi 0x1fff9bc4
1fff9ba0	mcan_write_fd_brs_tx_element	1fff9bc0	0a23	movs r3,#0xa
1fff9ba0	mcan_write_fd_brs_tx_element	1fff9bc2	12e0	b 0x1fff9bea
1fff9ba0	mcan_write_fd_brs_tx_element	1fff9bc4	142a	cmp r2,#0x14
1fff9ba0	mcan_write_fd_brs_tx_element	1fff9bc6	01d8	bhi 0x1fff9bcc
1fff9ba0	mcan_write_fd_brs_tx_element	1fff9bc8	0b23	movs r3,#0xb
1fff9ba0	mcan_write_fd_brs_tx_element	1fff9bca	0ee0	b 0x1fff9bea
1fff9ba0	mcan_write_fd_brs_tx_element	1fff9bcc	182a	cmp r2,#0x18
1fff9ba0	mcan_write_fd_brs_tx_element	1fff9bce	01d8	bhi 0x1fff9bd4
1fff9ba0	mcan_write_fd_brs_tx_element	1fff9bd0	0c23	movs r3,#0xc
1fff9ba0	mcan_write_fd_brs_tx_element	1fff9bd2	0ae0	b 0x1fff9bea
1fff9ba0	mcan_write_fd_brs_tx_element	1fff9bd4	202a	cmp r2,#0x20
1fff9ba0	mcan_write_fd_brs_tx_element	1fff9bd6	01d8	bhi 0x1fff9bdc
1fff9ba0	mcan_write_fd_brs_tx_element	1fff9bd8	0d23	movs r3,#0xd
1fff9ba0	mcan_write_fd_brs_tx_element	1fff9bda	06e0	b 0x1fff9bea
1fff9ba0	mcan_write_fd_brs_tx_element	1fff9bdc	302a	cmp r2,#0x30
1fff9ba0	mcan_write_fd_brs_tx_element	1fff9bde	01d8	bhi 0x1fff9be4
1fff9ba0	mcan_write_fd_brs_tx_element	1fff9be0	0e23	movs r3,#0xe
1fff9ba0	mcan_write_fd_brs_tx_element	1fff9be2	02e0	b 0x1fff9bea
1fff9ba0	mcan_write_fd_brs_tx_element	1fff9be4	402a	cmp r2,#0x40
1fff9ba0	mcan_write_fd_brs_tx_element	1fff9be6	00d8	bhi 0x1fff9bea
1fff9ba0	mcan_write_fd_brs_tx_element	1fff9be8	0f23	movs r3,#0xf
1fff9ba0	mcan_write_fd_brs_tx_element	1fff9bea	8c04	lsls r4,r1,#0x12
1fff9ba0	mcan_write_fd_brs_tx_element	1fff9bec	05ebc501	add.w r1,r5,r5, lsl #0x3
1fff9ba0	mcan_write_fd_brs_tx_element	1fff9bf0	cf00	lsls r7,r1,#0x3
1fff9ba0	mcan_write_fd_brs_tx_element	1fff9bf2	1149	ldr r1,[0x1fff9c38]
1fff9ba0	mcan_write_fd_brs_tx_element	1fff9bf4	3944	add r1,r7
1fff9ba0	mcan_write_fd_brs_tx_element	1fff9bf6	c1f82843	str.w r4,[r1,#0x328]
1fff9ba0	mcan_write_fd_brs_tx_element	1fff9bfa	4ff44014	mov.w r4,#0x300000
1fff9ba0	mcan_write_fd_brs_tx_element	1fff9bfe	44ea0343	orr.w r3,r4,r3, lsl #0x10
1fff9ba0	mcan_write_fd_brs_tx_element	1fff9c02	c1f82c33	str.w r3,[r1,#0x32c]
1fff9ba0	mcan_write_fd_brs_tx_element	1fff9c06	0d4b	ldr r3,[0x1fff9c3c]
1fff9ba0	mcan_write_fd_brs_tx_element	1fff9c08	05ebc501	add.w r1,r5,r5, lsl #0x3
1fff9ba0	mcan_write_fd_brs_tx_element	1fff9c0c	03ebc103	add.w r3,r3,r1, lsl #0x3
1fff9ba0	mcan_write_fd_brs_tx_element	1fff9c10	0021	movs r1,#0x0
1fff9ba0	mcan_write_fd_brs_tx_element	1fff9c12	07e0	b 0x1fff9c24
1fff9ba0	mcan_write_fd_brs_tx_element	1fff9c14	4418	adds r4,r0,r1
1fff9ba0	mcan_write_fd_brs_tx_element	1fff9c16	091d	adds r1,r1,#0x4
1fff9ba0	mcan_write_fd_brs_tx_element	1fff9c18	e778	ldrb r7,[r4,#0x3]
1fff9ba0	mcan_write_fd_brs_tx_element	1fff9c1a	2468	ldr r4,[r4,#0x0]
1fff9ba0	mcan_write_fd_brs_tx_element	1fff9c1c	c9b2	uxtb r1,r1
1fff9ba0	mcan_write_fd_brs_tx_element	1fff9c1e	67f31f64	bfi r4,r7,#0x18,#0x8
1fff9ba0	mcan_write_fd_brs_tx_element	1fff9c22	10c3	stmia r3!,{r4}
1fff9ba0	mcan_write_fd_brs_tx_element	1fff9c24	9142	cmp r1,r2
1fff9ba0	mcan_write_fd_brs_tx_element	1fff9c26	f5d3	bcc 0x1fff9c14
1fff9ba0	mcan_write_fd_brs_tx_element	1fff9c28	0120	movs r0,#0x1
1fff9ba0	mcan_write_fd_brs_tx_element	1fff9c2a	a840	lsls r0,r5
1fff9ba0	mcan_write_fd_brs_tx_element	1fff9c2c	c6f8d000	str.w r0,[r6,#0xd0]
1fff9ba0	mcan_write_fd_brs_tx_element	1fff9c30	f0bd	pop {r4,r5,r6,r7,pc}
1fff9c40	svpwm_write_compare	1fff9c40	0eb5	push {r1,r2,r3,lr}
1fff9c40	svpwm_write_compare	1fff9c42	9fed421a	vldr.32 s2,[pc,#0x108]
1fff9c40	svpwm_write_compare	1fff9c46	20ee010a	vmul.f32 s0,s0,s2
1fff9c40	svpwm_write_compare	1fff9c4a	b6ee001a	vmov.f32 s2,0x3f000000
1fff9c40	svpwm_write_compare	1fff9c4e	00ee810a	vmla.f32 s0,s1,s2
1fff9c40	svpwm_write_compare	1fff9c52	30ee601a	vsub.f32 s2,s0,s1
1fff9c40	svpwm_write_compare	1fff9c56	b5eec00a	vcmpe.f32 s0,#0
1fff9c40	svpwm_write_compare	1fff9c5a	f1ee10fa	vmrs apsr,fpscr
1fff9c40	svpwm_write_compare	1fff9c5e	01dd	ble 0x1fff9c64
1fff9c40	svpwm_write_compare	1fff9c60	0220	movs r0,#0x2
1fff9c40	svpwm_write_compare	1fff9c62	00e0	b 0x1fff9c66
1fff9c40	svpwm_write_compare	1fff9c64	0320	movs r0,#0x3
1fff9c40	svpwm_write_compare	1fff9c66	adf80000	strh.w r0,[sp,#0x0]
1fff9c40	svpwm_write_compare	1fff9c6a	b5eec01a	vcmpe.f32 s2,#0
1fff9c40	svpwm_write_compare	1fff9c6e	bdf80000	ldrh.w r0,[sp,#0x0]
1fff9c40	svpwm_write_compare	1fff9c72	f1ee10fa	vmrs apsr,fpscr
1fff9c40	svpwm_write_compare	1fff9c76	00dd	ble 0x1fff9c7a
1fff9c40	svpwm_write_compare	1fff9c78	401e	subs r0,r0,#0x1
1fff9c40	svpwm_write_compare	1fff9c7a	adf80000	strh.w r0,[sp,#0x0]
1fff9c40	svpwm_write_compare	1fff9c7e	f5eec00a	vcmpe.f32 s1,#0
1fff9c40	svpwm_write_compare	1fff9c82	bdf80000	ldrh.w r0,[sp,#0x0]
1fff9c40	svpwm_write_compare	1fff9c86	f1ee10fa	vmrs apsr,fpscr
1fff9c40	svpwm_write_compare	1fff9c8a	01d2	bcs 0x1fff9c90
1fff9c40	svpwm_write_compare	1fff9c8c	c0f10700	rsb.w r0,r0,#0x7
1fff9c40	svpwm_write_compare	1fff9c90	adf80000	strh.w r0,[sp,#0x0]
1fff9c40	svpwm_write_compare	1fff9c94	bdf80000	ldrh.w r0,[sp,#0x0]
1fff9c40	svpwm_write_compare	1fff9c98	0728	cmp r0,#0x7
1fff9c40	svpwm_write_compare	1fff9c9a	50d2	bcs 0x1fff9d3e
1fff9c40	svpwm_write_compare	1fff9c9c	dfe800f0	tbb [pc,r0]
1fff9c40	svpwm_write_compare	1fff9ca8	70eec10a	vsub.f32 s1,s1,s2
1fff9c40	svpwm_write_compare	1fff9cac	8dec020a	vstmia sp,{s0,s1}
1fff9c40	svpwm_write_compare	1fff9cb0	42e0	b 0x1fff9d38
1fff9c40	svpwm_write_compare	1fff9cb2	31ee000a	vadd.f32 s0,s2,s0
1fff9c40	svpwm_write_compare	1fff9cb6	8dec020a	vstmia sp,{s0,s1}
1fff9c40	svpwm_write_compare	1fff9cba	b1ee600a	vneg.f32 s0,s1
1fff9c40	svpwm_write_compare	1fff9cbe	8ded020a	vstr.32 s0,[sp,#0x8]
1fff9c40	svpwm_write_compare	1fff9cc2	f0ee400a	vmov.f32 s1,s0
1fff9c40	svpwm_write_compare	1fff9cc6	b7ee000a	vmov.f32 s0,0x3f800000
1fff9c40	svpwm_write_compare	1fff9cca	30ee601a	vsub.f32 s2,s0,s1
1fff9c40	svpwm_write_compare	1fff9cce	dfed200a	vldr.32 s1,[pc,#0x80]
1fff9c40	svpwm_write_compare	1fff9cd2	21ee201a	vmul.f32 s2,s2,s1
1fff9c40	svpwm_write_compare	1fff9cd6	bceec11a	vcvt.u32.f32 s2,s2
1fff9c40	svpwm_write_compare	1fff9cda	11ee100a	vmov r0,s2
1fff9c40	svpwm_write_compare	1fff9cde	adf80800	strh.w r0,[sp,#0x8]
1fff9c40	svpwm_write_compare	1fff9ce2	bdf80810	ldrh.w r1,[sp,#0x8]
1fff9c40	svpwm_write_compare	1fff9ce6	1b48	ldr r0,[0x1fff9d54]
1fff9c40	svpwm_write_compare	1fff9ce8	8182	strh r1,[r0,#0x14]
1fff9c40	svpwm_write_compare	1fff9cea	9ded011a	vldr.32 s2,[sp,#0x4]
1fff9c40	svpwm_write_compare	1fff9cee	30ee411a	vsub.f32 s2,s0,s2
1fff9c40	svpwm_write_compare	1fff9cf2	21ee201a	vmul.f32 s2,s2,s1
1fff9c40	svpwm_write_compare	1fff9cf6	bceec11a	vcvt.u32.f32 s2,s2
1fff9c40	svpwm_write_compare	1fff9cfa	11ee101a	vmov r1,s2
1fff9c40	svpwm_write_compare	1fff9cfe	adf80810	strh.w r1,[sp,#0x8]
1fff9c40	svpwm_write_compare	1fff9d02	bdf80810	ldrh.w r1,[sp,#0x8]
1fff9c40	svpwm_write_compare	1fff9d06	8181	strh r1,[r0,#0xc]
1fff9c40	svpwm_write_compare	1fff9d08	9ded001a	vldr.32 s2,[sp]
1fff9c40	svpwm_write_compare	1fff9d0c	30ee410a	vsub.f32 s0,s0,s2
1fff9c40	svpwm_write_compare	1fff9d10	20ee200a	vmul.f32 s0,s0,s1
1fff9c40	svpwm_write_compare	1fff9d14	bceec00a	vcvt.u32.f32 s0,s0
1fff9c40	svpwm_write_compare	1fff9d18	10ee101a	vmov r1,s0
1fff9c40	svpwm_write_compare	1fff9d1c	adf80810	strh.w r1,[sp,#0x8]
1fff9c40	svpwm_write_compare	1fff9d20	bdf80810	ldrh.w r1,[sp,#0x8]
1fff9c40	svpwm_write_compare	1fff9d24	8180	strh r1,[r0,#0x4]
1fff9c40	svpwm_write_compare	1fff9d26	0ebd	pop {r1,r2,r3,pc}
1fff9c40	svpwm_write_compare	1fff9d28	8ded001a	vstr.32 s2,[sp]
1fff9c40	svpwm_write_compare	1fff9d2c	30ee800a	vadd.f32 s0,s1,s0
1fff9c40	svpwm_write_compare	1fff9d30	b1ee411a	vneg.f32 s2,s2
1fff9c40	svpwm_write_compare	1fff9d34	8ded011a	vstr.32 s2,[sp,#0x4]
1fff9c40	svpwm_write_compare	1fff9d38	b1ee400a	vneg.f32 s0,s0
1fff9c40	svpwm_write_compare	1fff9d3c	bfe7	b 0x1fff9cbe
1fff9c40	svpwm_write_compare	1fff9d3e	9fed060a	vldr.32 s0,[pc,#0x18]
1fff9c40	svpwm_write_compare	1fff9d42	8ded000a	vstr.32 s0,[sp]
1fff9c40	svpwm_write_compare	1fff9d46	8ded010a	vstr.32 s0,[sp,#0x4]
1fff9c40	svpwm_write_compare	1fff9d4a	b8e7	b 0x1fff9cbe
1fff9dc8	reset_control_state	1fff9dc8	9fedd30a	vldr.32 s0,[pc,#0x34c]
1fff9dc8	reset_control_state	1fff9dcc	d348	ldr r0,[0x1fffa11c]
1fff9dc8	reset_control_state	1fff9dce	d949	ldr r1,[0x1fffa134]
1fff9dc8	reset_control_state	1fff9dd0	80ed070a	vstr.32 s0,[r0,#0x1c]
1fff9dc8	reset_control_state	1fff9dd4	80ed080a	vstr.32 s0,[r0,#0x20]
1fff9dc8	reset_control_state	1fff9dd8	80ed0b0a	vstr.32 s0,[r0,#0x2c]
1fff9dc8	reset_control_state	1fff9ddc	d448	ldr r0,[0x1fffa130]
1fff9dc8	reset_control_state	1fff9dde	80ed030a	vstr.32 s0,[r0,#0xc]
1fff9dc8	reset_control_state	1fff9de2	81ed030a	vstr.32 s0,[r1,#0xc]
1fff9dc8	reset_control_state	1fff9de6	80ed050a	vstr.32 s0,[r0,#0x14]
1fff9dc8	reset_control_state	1fff9dea	81ed050a	vstr.32 s0,[r1,#0x14]
1fff9dc8	reset_control_state	1fff9dee	80ed060a	vstr.32 s0,[r0,#0x18]
1fff9dc8	reset_control_state	1fff9df2	81ed060a	vstr.32 s0,[r1,#0x18]
1fff9dc8	reset_control_state	1fff9df6	80ed0d0a	vstr.32 s0,[r0,#0x34]
1fff9dc8	reset_control_state	1fff9dfa	81ed0d0a	vstr.32 s0,[r1,#0x34]
1fff9dc8	reset_control_state	1fff9dfe	80ed0e0a	vstr.32 s0,[r0,#0x38]
1fff9dc8	reset_control_state	1fff9e02	81ed0e0a	vstr.32 s0,[r1,#0x38]
1fff9dc8	reset_control_state	1fff9e06	80ed100a	vstr.32 s0,[r0,#0x40]
1fff9dc8	reset_control_state	1fff9e0a	81ed100a	vstr.32 s0,[r1,#0x40]
1fff9dc8	reset_control_state	1fff9e0e	80ed0f0a	vstr.32 s0,[r0,#0x3c]
1fff9dc8	reset_control_state	1fff9e12	c548	ldr r0,[0x1fffa128]
1fff9dc8	reset_control_state	1fff9e14	81ed0f0a	vstr.32 s0,[r1,#0x3c]
1fff9dc8	reset_control_state	1fff9e18	80ed020a	vstr.32 s0,[r0,#0x8]
1fff9dc8	reset_control_state	1fff9e1c	80ed040a	vstr.32 s0,[r0,#0x10]
1fff9dc8	reset_control_state	1fff9e20	80ed070a	vstr.32 s0,[r0,#0x1c]
1fff9dc8	reset_control_state	1fff9e24	80ed050a	vstr.32 s0,[r0,#0x14]
1fff9dc8	reset_control_state	1fff9e28	80ed060a	vstr.32 s0,[r0,#0x18]
1fff9dc8	reset_control_state	1fff9e2c	bf48	ldr r0,[0x1fffa12c]
1fff9dc8	reset_control_state	1fff9e2e	80ed020a	vstr.32 s0,[r0,#0x8]
1fff9dc8	reset_control_state	1fff9e32	80ed040a	vstr.32 s0,[r0,#0x10]
1fff9dc8	reset_control_state	1fff9e36	80ed070a	vstr.32 s0,[r0,#0x1c]
1fff9dc8	reset_control_state	1fff9e3a	80ed050a	vstr.32 s0,[r0,#0x14]
1fff9dc8	reset_control_state	1fff9e3e	80ed060a	vstr.32 s0,[r0,#0x18]
1fff9dc8	reset_control_state	1fff9e42	7047	bx lr
1fff9e44	identification_filter_step	1fff9e44	90ed000a	vldr.32 s0,[r0]
1fff9e44	identification_filter_step	1fff9e48	d0ed020a	vldr.32 s1,[r0,#0x8]
1fff9e44	identification_filter_step	1fff9e4c	20ee200a	vmul.f32 s0,s0,s1
1fff9e44	identification_filter_step	1fff9e50	80ed030a	vstr.32 s0,[r0,#0xc]
1fff9e44	identification_filter_step	1fff9e54	d0ed040a	vldr.32 s1,[r0,#0x10]
1fff9e44	identification_filter_step	1fff9e58	90ed011a	vldr.32 s2,[r0,#0x4]
1fff9e44	identification_filter_step	1fff9e5c	41ee000a	vmla.f32 s1,s2,s0
1fff9e44	identification_filter_step	1fff9e60	90ed071a	vldr.32 s2,[r0,#0x1c]
1fff9e44	identification_filter_step	1fff9e64	dfedb41a	vldr.32 s3,[pc,#0x2d0]
1fff9e44	identification_filter_step	1fff9e68	41ee210a	vmla.f32 s1,s2,s3
1fff9e44	identification_filter_step	1fff9e6c	c0ed040a	vstr.32 s1,[r0,#0x10]
1fff9e44	identification_filter_step	1fff9e70	70ee200a	vadd.f32 s1,s0,s1
1fff9e44	identification_filter_step	1fff9e74	c0ed050a	vstr.32 s1,[r0,#0x14]
1fff9e44	identification_filter_step	1fff9e78	90ed080a	vldr.32 s0,[r0,#0x20]
1fff9e44	identification_filter_step	1fff9e7c	f4eec00a	vcmpe.f32 s1,s0
1fff9e44	identification_filter_step	1fff9e80	f1ee10fa	vmrs apsr,fpscr
1fff9e44	identification_filter_step	1fff9e84	08d3	bcc 0x1fff9e98
1fff9e44	identification_filter_step	1fff9e86	90ed090a	vldr.32 s0,[r0,#0x24]
1fff9e44	identification_filter_step	1fff9e8a	f4eec00a	vcmpe.f32 s1,s0
1fff9e44	identification_filter_step	1fff9e8e	f1ee10fa	vmrs apsr,fpscr
1fff9e44	identification_filter_step	1fff9e92	01dc	bgt 0x1fff9e98
1fff9e44	identification_filter_step	1fff9e94	b0ee600a	vmov.f32 s0,s1
1fff9e44	identification_filter_step	1fff9e98	80ed060a	vstr.32 s0,[r0,#0x18]
1fff9e44	identification_filter_step	1fff9e9c	30ee600a	vsub.f32 s0,s0,s1
1fff9e44	identification_filter_step	1fff9ea0	80ed070a	vstr.32 s0,[r0,#0x1c]
1fff9e44	identification_filter_step	1fff9ea4	7047	bx lr
1fff9ea6	configure_runtime_control_parameters_variant	1fff9ea6	30b5	push {r4,r5,lr}
1fff9ea6	configure_runtime_control_parameters_variant	1fff9ea8	9c48	ldr r0,[0x1fffa11c]
1fff9ea6	configure_runtime_control_parameters_variant	1fff9eaa	a44a	ldr r2,[0x1fffa13c]
1fff9ea6	configure_runtime_control_parameters_variant	1fff9eac	a44c	ldr r4,[0x1fffa140]
1fff9ea6	configure_runtime_control_parameters_variant	1fff9eae	90ed1a1a	vldr.32 s2,[r0,#0x68]
1fff9ea6	configure_runtime_control_parameters_variant	1fff9eb2	d2ed000a	vldr.32 s1,[r2]
1fff9ea6	configure_runtime_control_parameters_variant	1fff9eb6	94ed020a	vldr.32 s0,[r4,#0x8]
1fff9ea6	configure_runtime_control_parameters_variant	1fff9eba	994d	ldr r5,[0x1fffa120]
1fff9ea6	configure_runtime_control_parameters_variant	1fff9ebc	b4eee01a	vcmpe.f32 s2,s1
1fff9ea6	configure_runtime_control_parameters_variant	1fff9ec0	984b	ldr r3,[0x1fffa124]
1fff9ea6	configure_runtime_control_parameters_variant	1fff9ec2	f1ee10fa	vmrs apsr,fpscr
1fff9ea6	configure_runtime_control_parameters_variant	1fff9ec6	9a48	ldr r0,[0x1fffa130]
1fff9ea6	configure_runtime_control_parameters_variant	1fff9ec8	9a49	ldr r1,[0x1fffa134]
1fff9ea6	configure_runtime_control_parameters_variant	1fff9eca	56dd	ble 0x1fff9f7a
1fff9ea6	configure_runtime_control_parameters_variant	1fff9ecc	92ed182a	vldr.32 s4,[r2,#0x60]
1fff9ea6	configure_runtime_control_parameters_variant	1fff9ed0	d2ed120a	vldr.32 s1,[r2,#0x48]
1fff9ea6	configure_runtime_control_parameters_variant	1fff9ed4	62ee201a	vmul.f32 s3,s4,s1
1fff9ea6	configure_runtime_control_parameters_variant	1fff9ed8	61ee801a	vmul.f32 s3,s3,s0
1fff9ea6	configure_runtime_control_parameters_variant	1fff9edc	c1ee812a	vdiv.f32 s5,s3,s2
1fff9ea6	configure_runtime_control_parameters_variant	1fff9ee0	dfed981a	vldr.32 s3,[pc,#0x260]
1fff9ea6	configure_runtime_control_parameters_variant	1fff9ee4	62eea11a	vmul.f32 s3,s5,s3
1fff9ea6	configure_runtime_control_parameters_variant	1fff9ee8	c5ed001a	vstr.32 s3,[r5]
1fff9ea6	configure_runtime_control_parameters_variant	1fff9eec	c3ed001a	vstr.32 s3,[r3]
1fff9ea6	configure_runtime_control_parameters_variant	1fff9ef0	d2ed111a	vldr.32 s3,[r2,#0x44]
1fff9ea6	configure_runtime_control_parameters_variant	1fff9ef4	c1eea02a	vdiv.f32 s5,s3,s1
1fff9ea6	configure_runtime_control_parameters_variant	1fff9ef8	d4ed031a	vldr.32 s3,[r4,#0xc]
1fff9ea6	configure_runtime_control_parameters_variant	1fff9efc	62eea12a	vmul.f32 s5,s5,s3
1fff9ea6	configure_runtime_control_parameters_variant	1fff9f00	c5ed012a	vstr.32 s5,[r5,#0x4]
1fff9ea6	configure_runtime_control_parameters_variant	1fff9f04	c3ed012a	vstr.32 s5,[r3,#0x4]
1fff9ea6	configure_runtime_control_parameters_variant	1fff9f08	c0ed041a	vstr.32 s3,[r0,#0x10]
1fff9ea6	configure_runtime_control_parameters_variant	1fff9f0c	c1ed041a	vstr.32 s3,[r1,#0x10]
1fff9ea6	configure_runtime_control_parameters_variant	1fff9f10	60ee201a	vmul.f32 s3,s0,s1
1fff9ea6	configure_runtime_control_parameters_variant	1fff9f14	dfed8c0a	vldr.32 s1,[pc,#0x230]
1fff9ea6	configure_runtime_control_parameters_variant	1fff9f18	21ee201a	vmul.f32 s2,s2,s1
1fff9ea6	configure_runtime_control_parameters_variant	1fff9f1c	c1ee210a	vdiv.f32 s1,s2,s3
1fff9ea6	configure_runtime_control_parameters_variant	1fff9f20	f7ee001a	vmov.f32 s3,0x3f800000
1fff9ea6	configure_runtime_control_parameters_variant	1fff9f24	c0ed080a	vstr.32 s1,[r0,#0x20]
1fff9ea6	configure_runtime_control_parameters_variant	1fff9f28	81eea01a	vdiv.f32 s2,s3,s1
1fff9ea6	configure_runtime_control_parameters_variant	1fff9f2c	c1ed080a	vstr.32 s1,[r1,#0x20]
1fff9ea6	configure_runtime_control_parameters_variant	1fff9f30	80ed091a	vstr.32 s2,[r0,#0x24]
1fff9ea6	configure_runtime_control_parameters_variant	1fff9f34	81ed091a	vstr.32 s2,[r1,#0x24]
1fff9ea6	configure_runtime_control_parameters_variant	1fff9f38	80ed002a	vstr.32 s4,[r0]
1fff9ea6	configure_runtime_control_parameters_variant	1fff9f3c	81ed002a	vstr.32 s4,[r1]
1fff9ea6	configure_runtime_control_parameters_variant	1fff9f40	dfed820a	vldr.32 s1,[pc,#0x208]
1fff9ea6	configure_runtime_control_parameters_variant	1fff9f44	c0ed070a	vstr.32 s1,[r0,#0x1c]
1fff9ea6	configure_runtime_control_parameters_variant	1fff9f48	c1ed070a	vstr.32 s1,[r1,#0x1c]
1fff9ea6	configure_runtime_control_parameters_variant	1fff9f4c	dfed800a	vldr.32 s1,[pc,#0x200]
1fff9ea6	configure_runtime_control_parameters_variant	1fff9f50	c0ed0b0a	vstr.32 s1,[r0,#0x2c]
1fff9ea6	configure_runtime_control_parameters_variant	1fff9f54	c1ed0b0a	vstr.32 s1,[r1,#0x2c]
1fff9ea6	configure_runtime_control_parameters_variant	1fff9f58	dfed7e0a	vldr.32 s1,[pc,#0x1f8]
1fff9ea6	configure_runtime_control_parameters_variant	1fff9f5c	c0ed0c0a	vstr.32 s1,[r0,#0x30]
1fff9ea6	configure_runtime_control_parameters_variant	1fff9f60	c1ed0c0a	vstr.32 s1,[r1,#0x30]
1fff9ea6	configure_runtime_control_parameters_variant	1fff9f64	ffee000a	vmov.f32 s1,0xbf800000
1fff9ea6	configure_runtime_control_parameters_variant	1fff9f68	c0ed110a	vstr.32 s1,[r0,#0x44]
1fff9ea6	configure_runtime_control_parameters_variant	1fff9f6c	c1ed110a	vstr.32 s1,[r1,#0x44]
1fff9ea6	configure_runtime_control_parameters_variant	1fff9f70	c0ed121a	vstr.32 s3,[r0,#0x48]
1fff9ea6	configure_runtime_control_parameters_variant	1fff9f74	c1ed121a	vstr.32 s3,[r1,#0x48]
1fff9ea6	configure_runtime_control_parameters_variant	1fff9f78	0de0	b 0x1fff9f96
1fff9ea6	configure_runtime_control_parameters_variant	1fff9f7a	dfed670a	vldr.32 s1,[pc,#0x19c]
1fff9ea6	configure_runtime_control_parameters_variant	1fff9f7e	c5ed000a	vstr.32 s1,[r5]
1fff9ea6	configure_runtime_control_parameters_variant	1fff9f82	c3ed000a	vstr.32 s1,[r3]
1fff9ea6	configure_runtime_control_parameters_variant	1fff9f86	c5ed010a	vstr.32 s1,[r5,#0x4]
1fff9ea6	configure_runtime_control_parameters_variant	1fff9f8a	c3ed010a	vstr.32 s1,[r3,#0x4]
1fff9ea6	configure_runtime_control_parameters_variant	1fff9f8e	c0ed000a	vstr.32 s1,[r0]
1fff9ea6	configure_runtime_control_parameters_variant	1fff9f92	c1ed000a	vstr.32 s1,[r1]
1fff9ea6	configure_runtime_control_parameters_variant	1fff9f96	d2ed100a	vldr.32 s1,[r2,#0x40]
1fff9ea6	configure_runtime_control_parameters_variant	1fff9f9a	b7ee081a	vmov.f32 s2,0x3fc00000
1fff9ea6	configure_runtime_control_parameters_variant	1fff9f9e	6e48	ldr r0,[0x1fffa158]
1fff9ea6	configure_runtime_control_parameters_variant	1fff9fa0	f8ee600a	vcvt.f32.u32 s1,s1
1fff9ea6	configure_runtime_control_parameters_variant	1fff9fa4	60ee810a	vmul.f32 s1,s1,s2
1fff9ea6	configure_runtime_control_parameters_variant	1fff9fa8	92ed131a	vldr.32 s2,[r2,#0x4c]
1fff9ea6	configure_runtime_control_parameters_variant	1fff9fac	60ee810a	vmul.f32 s1,s1,s2
1fff9ea6	configure_runtime_control_parameters_variant	1fff9fb0	20ee801a	vmul.f32 s2,s1,s0
1fff9ea6	configure_runtime_control_parameters_variant	1fff9fb4	d2ed010a	vldr.32 s1,[r2,#0x4]
1fff9ea6	configure_runtime_control_parameters_variant	1fff9fb8	f5eec00a	vcmpe.f32 s1,#0
1fff9ea6	configure_runtime_control_parameters_variant	1fff9fbc	f1ee10fa	vmrs apsr,fpscr
1fff9ea6	configure_runtime_control_parameters_variant	1fff9fc0	08d1	bne 0x1fff9fd4
1fff9ea6	configure_runtime_control_parameters_variant	1fff9fc2	92ed140a	vldr.32 s0,[r2,#0x50]
1fff9ea6	configure_runtime_control_parameters_variant	1fff9fc6	d2ed1e0a	vldr.32 s1,[r2,#0x78]
1fff9ea6	configure_runtime_control_parameters_variant	1fff9fca	20ee010a	vmul.f32 s0,s0,s2
1fff9ea6	configure_runtime_control_parameters_variant	1fff9fce	20ee200a	vmul.f32 s0,s0,s1
1fff9ea6	configure_runtime_control_parameters_variant	1fff9fd2	01e0	b 0x1fff9fd8
1fff9ea6	configure_runtime_control_parameters_variant	1fff9fd4	20ee800a	vmul.f32 s0,s1,s0
1fff9ea6	configure_runtime_control_parameters_variant	1fff9fd8	80ed110a	vstr.32 s0,[r0,#0x44]
1fff9ea6	configure_runtime_control_parameters_variant	1fff9fdc	30bd	pop {r4,r5,pc}
1fff9fde	motion_observer_step	1fff9fde	90ed000a	vldr.32 s0,[r0]
1fff9fde	motion_observer_step	1fff9fe2	d0ed051a	vldr.32 s3,[r0,#0x14]
1fff9fde	motion_observer_step	1fff9fe6	30ee610a	vsub.f32 s0,s0,s3
1fff9fde	motion_observer_step	1fff9fea	80ed020a	vstr.32 s0,[r0,#0x8]
1fff9fde	motion_observer_step	1fff9fee	d0ed030a	vldr.32 s1,[r0,#0xc]
1fff9fde	motion_observer_step	1fff9ff2	70ee600a	vsub.f32 s1,s0,s1
1fff9fde	motion_observer_step	1fff9ff6	9fed591a	vldr.32 s2,[pc,#0x164]
1fff9fde	motion_observer_step	1fff9ffa	20ee811a	vmul.f32 s2,s1,s2
1fff9fde	motion_observer_step	1fff9ffe	80ed041a	vstr.32 s2,[r0,#0x10]
1fff9fde	motion_observer_step	1fffa002	80ed030a	vstr.32 s0,[r0,#0xc]
1fff9fde	motion_observer_step	1fffa006	d0ed060a	vldr.32 s1,[r0,#0x18]
1fff9fde	motion_observer_step	1fffa00a	90ed082a	vldr.32 s4,[r0,#0x20]
1fff9fde	motion_observer_step	1fffa00e	d0ed0a2a	vldr.32 s5,[r0,#0x28]
1fff9fde	motion_observer_step	1fffa012	b0ee603a	vmov.f32 s6,s1
1fff9fde	motion_observer_step	1fffa016	d0ed013a	vldr.32 s7,[r0,#0x4]
1fff9fde	motion_observer_step	1fffa01a	02ee003a	vmla.f32 s6,s4,s0
1fff9fde	motion_observer_step	1fffa01e	02ee001a	vmla.f32 s2,s4,s0
1fff9fde	motion_observer_step	1fffa022	02eea33a	vmla.f32 s6,s5,s7
1fff9fde	motion_observer_step	1fffa026	d0ed072a	vldr.32 s5,[r0,#0x1c]
1fff9fde	motion_observer_step	1fffa02a	42ee831a	vmla.f32 s3,s5,s6
1fff9fde	motion_observer_step	1fffa02e	c0ed051a	vstr.32 s3,[r0,#0x14]
1fff9fde	motion_observer_step	1fffa032	d0ed091a	vldr.32 s3,[r0,#0x24]
1fff9fde	motion_observer_step	1fffa036	62eea11a	vmul.f32 s3,s5,s3
1fff9fde	motion_observer_step	1fffa03a	41ee810a	vmla.f32 s1,s3,s2
1fff9fde	motion_observer_step	1fffa03e	c0ed060a	vstr.32 s1,[r0,#0x18]
1fff9fde	motion_observer_step	1fffa042	90ed0b0a	vldr.32 s0,[r0,#0x2c]
1fff9fde	motion_observer_step	1fffa046	20ee800a	vmul.f32 s0,s1,s0
1fff9fde	motion_observer_step	1fffa04a	80ed0c0a	vstr.32 s0,[r0,#0x30]
1fff9fde	motion_observer_step	1fffa04e	d0ed0e0a	vldr.32 s1,[r0,#0x38]
1fff9fde	motion_observer_step	1fffa052	b4eee00a	vcmpe.f32 s0,s1
1fff9fde	motion_observer_step	1fffa056	f1ee10fa	vmrs apsr,fpscr
1fff9fde	motion_observer_step	1fffa05a	02dc	bgt 0x1fffa062
1fff9fde	motion_observer_step	1fffa05c	f0ee400a	vmov.f32 s1,s0
1fff9fde	motion_observer_step	1fffa060	01e0	b 0x1fffa066
1fff9fde	motion_observer_step	1fffa062	c0ed0c0a	vstr.32 s1,[r0,#0x30]
1fff9fde	motion_observer_step	1fffa066	90ed0d0a	vldr.32 s0,[r0,#0x34]
1fff9fde	motion_observer_step	1fffa06a	f4eec00a	vcmpe.f32 s1,s0
1fff9fde	motion_observer_step	1fffa06e	f1ee10fa	vmrs apsr,fpscr
1fff9fde	motion_observer_step	1fffa072	01d2	bcs 0x1fffa078
1fff9fde	motion_observer_step	1fffa074	80ed0c0a	vstr.32 s0,[r0,#0x30]
1fff9fde	motion_observer_step	1fffa078	7047	bx lr
1fffa07a	current_controller_step	1fffa07a	90ed020a	vldr.32 s0,[r0,#0x8]
1fffa07a	current_controller_step	1fffa07e	d0ed050a	vldr.32 s1,[r0,#0x14]
1fffa07a	current_controller_step	1fffa082	30ee600a	vsub.f32 s0,s0,s1
1fffa07a	current_controller_step	1fffa086	80ed030a	vstr.32 s0,[r0,#0xc]
1fffa07a	current_controller_step	1fffa08a	d0ed041a	vldr.32 s3,[r0,#0x10]
1fffa07a	current_controller_step	1fffa08e	90ed061a	vldr.32 s2,[r0,#0x18]
1fffa07a	current_controller_step	1fffa092	90ed0f2a	vldr.32 s4,[r0,#0x3c]
1fffa07a	current_controller_step	1fffa096	41ee810a	vmla.f32 s1,s3,s2
1fffa07a	current_controller_step	1fffa09a	d0ed0b1a	vldr.32 s3,[r0,#0x2c]
1fffa07a	current_controller_step	1fffa09e	41ee800a	vmla.f32 s1,s3,s0
1fffa07a	current_controller_step	1fffa0a2	d0ed0a1a	vldr.32 s3,[r0,#0x28]
1fffa07a	current_controller_step	1fffa0a6	41ee820a	vmla.f32 s1,s3,s4
1fffa07a	current_controller_step	1fffa0aa	c0ed050a	vstr.32 s1,[r0,#0x14]
1fffa07a	current_controller_step	1fffa0ae	d0ed0c1a	vldr.32 s3,[r0,#0x30]
1fffa07a	current_controller_step	1fffa0b2	01ee801a	vmla.f32 s2,s3,s0
1fffa07a	current_controller_step	1fffa0b6	80ed061a	vstr.32 s2,[r0,#0x18]
1fffa07a	current_controller_step	1fffa0ba	90ed010a	vldr.32 s0,[r0,#0x4]
1fffa07a	current_controller_step	1fffa0be	30ee600a	vsub.f32 s0,s0,s1
1fffa07a	current_controller_step	1fffa0c2	80ed0d0a	vstr.32 s0,[r0,#0x34]
1fffa07a	current_controller_step	1fffa0c6	d0ed000a	vldr.32 s1,[r0]
1fffa07a	current_controller_step	1fffa0ca	20ee800a	vmul.f32 s0,s1,s0
1fffa07a	current_controller_step	1fffa0ce	80ed0e0a	vstr.32 s0,[r0,#0x38]
1fffa07a	current_controller_step	1fffa0d2	30ee410a	vsub.f32 s0,s0,s2
1fffa07a	current_controller_step	1fffa0d6	d0ed090a	vldr.32 s1,[r0,#0x24]
1fffa07a	current_controller_step	1fffa0da	20ee200a	vmul.f32 s0,s0,s1
1fffa07a	current_controller_step	1fffa0de	80ed0f0a	vstr.32 s0,[r0,#0x3c]
1fffa07a	current_controller_step	1fffa0e2	d0ed110a	vldr.32 s1,[r0,#0x44]
1fffa07a	current_controller_step	1fffa0e6	b4eee00a	vcmpe.f32 s0,s1
1fffa07a	current_controller_step	1fffa0ea	f1ee10fa	vmrs apsr,fpscr
1fffa07a	current_controller_step	1fffa0ee	02d3	bcc 0x1fffa0f6
1fffa07a	current_controller_step	1fffa0f0	f0ee400a	vmov.f32 s1,s0
1fffa07a	current_controller_step	1fffa0f4	01e0	b 0x1fffa0fa
1fffa07a	current_controller_step	1fffa0f6	c0ed0f0a	vstr.32 s1,[r0,#0x3c]
1fffa07a	current_controller_step	1fffa0fa	90ed120a	vldr.32 s0,[r0,#0x48]
1fffa07a	current_controller_step	1fffa0fe	f4eec00a	vcmpe.f32 s1,s0
1fffa07a	current_controller_step	1fffa102	f1ee10fa	vmrs apsr,fpscr
1fffa07a	current_controller_step	1fffa106	02dc	bgt 0x1fffa10e
1fffa07a	current_controller_step	1fffa108	b0ee600a	vmov.f32 s0,s1
1fffa07a	current_controller_step	1fffa10c	01e0	b 0x1fffa112
1fffa07a	current_controller_step	1fffa10e	80ed0f0a	vstr.32 s0,[r0,#0x3c]
1fffa07a	current_controller_step	1fffa112	80ed100a	vstr.32 s0,[r0,#0x40]
1fffa07a	current_controller_step	1fffa116	7047	bx lr
1fffa160	identification_rls2_step	1fffa160	2ded028b	vpush {d8}
1fffa160	identification_rls2_step	1fffa164	d0ed010a	vldr.32 s1,[r0,#0x4]
1fffa160	identification_rls2_step	1fffa168	d0ed053a	vldr.32 s7,[r0,#0x14]
1fffa160	identification_rls2_step	1fffa16c	90ed020a	vldr.32 s0,[r0,#0x8]
1fffa160	identification_rls2_step	1fffa170	90ed063a	vldr.32 s6,[r0,#0x18]
1fffa160	identification_rls2_step	1fffa174	23eea01a	vmul.f32 s2,s7,s1
1fffa160	identification_rls2_step	1fffa178	d0ed072a	vldr.32 s5,[r0,#0x1c]
1fffa160	identification_rls2_step	1fffa17c	90ed004a	vldr.32 s8,[r0]
1fffa160	identification_rls2_step	1fffa180	d0ed035a	vldr.32 s11,[r0,#0xc]
1fffa160	identification_rls2_step	1fffa184	03ee001a	vmla.f32 s2,s6,s0
1fffa160	identification_rls2_step	1fffa188	62eea01a	vmul.f32 s3,s5,s1
1fffa160	identification_rls2_step	1fffa18c	90ed082a	vldr.32 s4,[r0,#0x20]
1fffa160	identification_rls2_step	1fffa190	b0ee447a	vmov.f32 s14,s8
1fffa160	identification_rls2_step	1fffa194	00eee54a	vmls.f32 s8,s1,s11
1fffa160	identification_rls2_step	1fffa198	42ee001a	vmla.f32 s3,s4,s0
1fffa160	identification_rls2_step	1fffa19c	60ee814a	vmul.f32 s9,s1,s2
1fffa160	identification_rls2_step	1fffa1a0	90ed046a	vldr.32 s12,[r0,#0x10]
1fffa160	identification_rls2_step	1fffa1a4	00ee464a	vmls.f32 s8,s0,s12
1fffa160	identification_rls2_step	1fffa1a8	40ee214a	vmla.f32 s9,s0,s3
1fffa160	identification_rls2_step	1fffa1ac	9fed545a	vldr.32 s10,[pc,#0x150]
1fffa160	identification_rls2_step	1fffa1b0	f7ee006a	vmov.f32 s13,0x3f800000
1fffa160	identification_rls2_step	1fffa1b4	34ee855a	vadd.f32 s10,s9,s10
1fffa160	identification_rls2_step	1fffa1b8	c6ee854a	vdiv.f32 s9,s13,s10
1fffa160	identification_rls2_step	1fffa1bc	21ee241a	vmul.f32 s2,s2,s9
1fffa160	identification_rls2_step	1fffa1c0	61eea41a	vmul.f32 s3,s3,s9
1fffa160	identification_rls2_step	1fffa1c4	f0ee664a	vmov.f32 s9,s13
1fffa160	identification_rls2_step	1fffa1c8	41ee604a	vmls.f32 s9,s2,s1
1fffa160	identification_rls2_step	1fffa1cc	dfed4d7a	vldr.32 s15,[pc,#0x134]
1fffa160	identification_rls2_step	1fffa1d0	24eea75a	vmul.f32 s10,s9,s15
1fffa160	identification_rls2_step	1fffa1d4	9fed4c8a	vldr.32 s16,[pc,#0x130]
1fffa160	identification_rls2_step	1fffa1d8	41eec06a	vmls.f32 s13,s3,s0
1fffa160	identification_rls2_step	1fffa1dc	41ee045a	vmla.f32 s11,s2,s8
1fffa160	identification_rls2_step	1fffa1e0	61ee084a	vmul.f32 s9,s2,s16
1fffa160	identification_rls2_step	1fffa1e4	21ee888a	vmul.f32 s16,s3,s16
1fffa160	identification_rls2_step	1fffa1e8	01ee846a	vmla.f32 s12,s3,s8
1fffa160	identification_rls2_step	1fffa1ec	64ee804a	vmul.f32 s9,s9,s0
1fffa160	identification_rls2_step	1fffa1f0	68ee200a	vmul.f32 s1,s16,s1
1fffa160	identification_rls2_step	1fffa1f4	26eea70a	vmul.f32 s0,s13,s15
1fffa160	identification_rls2_step	1fffa1f8	65ee236a	vmul.f32 s13,s10,s7
1fffa160	identification_rls2_step	1fffa1fc	25ee035a	vmul.f32 s10,s10,s6
1fffa160	identification_rls2_step	1fffa200	60eea33a	vmul.f32 s7,s1,s7
1fffa160	identification_rls2_step	1fffa204	60ee830a	vmul.f32 s1,s1,s6
1fffa160	identification_rls2_step	1fffa208	44eea26a	vmla.f32 s13,s9,s5
1fffa160	identification_rls2_step	1fffa20c	04ee825a	vmla.f32 s10,s9,s4
1fffa160	identification_rls2_step	1fffa210	40ee223a	vmla.f32 s7,s0,s5
1fffa160	identification_rls2_step	1fffa214	40ee020a	vmla.f32 s1,s0,s4
1fffa160	identification_rls2_step	1fffa218	80ed065a	vstr.32 s10,[r0,#0x18]
1fffa160	identification_rls2_step	1fffa21c	c0ed073a	vstr.32 s7,[r0,#0x1c]
1fffa160	identification_rls2_step	1fffa220	c0ed080a	vstr.32 s1,[r0,#0x20]
1fffa160	identification_rls2_step	1fffa224	80ed017a	vstr.32 s14,[r0,#0x4]
1fffa160	identification_rls2_step	1fffa228	0c30	adds r0,#0xc
1fffa160	identification_rls2_step	1fffa22a	c0ec035a	vstmia r0,{s11,s12,s13}
1fffa160	identification_rls2_step	1fffa22e	bdec028b	vpop {d8}
1fffa160	identification_rls2_step	1fffa232	7047	bx lr
1fffa234	identification_flux_observer_step	1fffa234	d0ed101a	vldr.32 s3,[r0,#0x40]
1fffa234	identification_flux_observer_step	1fffa238	90ed050a	vldr.32 s0,[r0,#0x14]
1fffa234	identification_flux_observer_step	1fffa23c	90ed071a	vldr.32 s2,[r0,#0x1c]
1fffa234	identification_flux_observer_step	1fffa240	d0ed092a	vldr.32 s5,[r0,#0x24]
1fffa234	identification_flux_observer_step	1fffa244	61ee800a	vmul.f32 s1,s3,s0
1fffa234	identification_flux_observer_step	1fffa248	90ed140a	vldr.32 s0,[r0,#0x50]
1fffa234	identification_flux_observer_step	1fffa24c	90ed0e3a	vldr.32 s6,[r0,#0x38]
1fffa234	identification_flux_observer_step	1fffa250	b7ee002a	vmov.f32 s4,0x3f800000
1fffa234	identification_flux_observer_step	1fffa254	41ee220a	vmla.f32 s1,s2,s5
1fffa234	identification_flux_observer_step	1fffa258	03ee402a	vmls.f32 s4,s6,s0
1fffa234	identification_flux_observer_step	1fffa25c	90ed083a	vldr.32 s6,[r0,#0x20]
1fffa234	identification_flux_observer_step	1fffa260	60ee800a	vmul.f32 s1,s1,s0
1fffa234	identification_flux_observer_step	1fffa264	42ee030a	vmla.f32 s1,s4,s6
1fffa234	identification_flux_observer_step	1fffa268	c0ed080a	vstr.32 s1,[r0,#0x20]
1fffa234	identification_flux_observer_step	1fffa26c	90ed063a	vldr.32 s6,[r0,#0x18]
1fffa234	identification_flux_observer_step	1fffa270	61ee831a	vmul.f32 s3,s3,s6
1fffa234	identification_flux_observer_step	1fffa274	90ed0f3a	vldr.32 s6,[r0,#0x3c]
1fffa234	identification_flux_observer_step	1fffa278	41ee601a	vmls.f32 s3,s2,s1
1fffa234	identification_flux_observer_step	1fffa27c	43ee411a	vmls.f32 s3,s6,s2
1fffa234	identification_flux_observer_step	1fffa280	61ee801a	vmul.f32 s3,s3,s0
1fffa234	identification_flux_observer_step	1fffa284	42ee221a	vmla.f32 s3,s4,s5
1fffa234	identification_flux_observer_step	1fffa288	c0ed091a	vstr.32 s3,[r0,#0x24]
1fffa234	identification_flux_observer_step	1fffa28c	90ed032a	vldr.32 s4,[r0,#0xc]
1fffa234	identification_flux_observer_step	1fffa290	72ee602a	vsub.f32 s5,s4,s1
1fffa234	identification_flux_observer_step	1fffa294	c0ed0a2a	vstr.32 s5,[r0,#0x28]
1fffa234	identification_flux_observer_step	1fffa298	90ed042a	vldr.32 s4,[r0,#0x10]
1fffa234	identification_flux_observer_step	1fffa29c	60eea22a	vmul.f32 s5,s1,s5
1fffa234	identification_flux_observer_step	1fffa2a0	32ee612a	vsub.f32 s4,s4,s3
1fffa234	identification_flux_observer_step	1fffa2a4	80ed0b2a	vstr.32 s4,[r0,#0x2c]
1fffa234	identification_flux_observer_step	1fffa2a8	41ee822a	vmla.f32 s5,s3,s4
1fffa234	identification_flux_observer_step	1fffa2ac	d0ed0c0a	vldr.32 s1,[r0,#0x30]
1fffa234	identification_flux_observer_step	1fffa2b0	61ee021a	vmul.f32 s3,s2,s4
1fffa234	identification_flux_observer_step	1fffa2b4	40ee220a	vmla.f32 s1,s0,s5
1fffa234	identification_flux_observer_step	1fffa2b8	c0ed0c0a	vstr.32 s1,[r0,#0x30]
1fffa234	identification_flux_observer_step	1fffa2bc	90ed0d1a	vldr.32 s2,[r0,#0x34]
1fffa234	identification_flux_observer_step	1fffa2c0	00ee211a	vmla.f32 s2,s0,s3
1fffa234	identification_flux_observer_step	1fffa2c4	80ed0d1a	vstr.32 s2,[r0,#0x34]
1fffa234	identification_flux_observer_step	1fffa2c8	90ed110a	vldr.32 s0,[r0,#0x44]
1fffa234	identification_flux_observer_step	1fffa2cc	d0ed011a	vldr.32 s3,[r0,#0x4]
1fffa234	identification_flux_observer_step	1fffa2d0	01eee00a	vmls.f32 s0,s3,s1
1fffa234	identification_flux_observer_step	1fffa2d4	80ed0e0a	vstr.32 s0,[r0,#0x38]
1fffa234	identification_flux_observer_step	1fffa2d8	d0ed120a	vldr.32 s1,[r0,#0x48]
1fffa234	identification_flux_observer_step	1fffa2dc	d0ed021a	vldr.32 s3,[r0,#0x8]
1fffa234	identification_flux_observer_step	1fffa2e0	41eec10a	vmls.f32 s1,s3,s2
1fffa234	identification_flux_observer_step	1fffa2e4	c0ed0f0a	vstr.32 s1,[r0,#0x3c]
1fffa234	identification_flux_observer_step	1fffa2e8	90ed001a	vldr.32 s2,[r0]
1fffa234	identification_flux_observer_step	1fffa2ec	21ee000a	vmul.f32 s0,s2,s0
1fffa234	identification_flux_observer_step	1fffa2f0	80ed150a	vstr.32 s0,[r0,#0x54]
1fffa234	identification_flux_observer_step	1fffa2f4	21ee200a	vmul.f32 s0,s2,s1
1fffa234	identification_flux_observer_step	1fffa2f8	80ed160a	vstr.32 s0,[r0,#0x58]
1fffa234	identification_flux_observer_step	1fffa2fc	7047	bx lr
1fffa30c	fast_sincos_lut	1fffa30c	10b5	push {r4,lr}
1fffa30c	fast_sincos_lut	1fffa30e	9fed6b1a	vldr.32 s2,[pc,#0x1ac]
1fffa30c	fast_sincos_lut	1fffa312	dfed6b0a	vldr.32 s1,[pc,#0x1ac]
1fffa30c	fast_sincos_lut	1fffa316	40ee010a	vmla.f32 s1,s0,s2
1fffa30c	fast_sincos_lut	1fffa31a	10ee902a	vmov r2,s1
1fffa30c	fast_sincos_lut	1fffa31e	b2f18a4f	cmp.w r2,#0x45000000
1fffa30c	fast_sincos_lut	1fffa322	04d0	beq 0x1fffa32e
1fffa30c	fast_sincos_lut	1fffa324	f5eec00a	vcmpe.f32 s1,#0
1fffa30c	fast_sincos_lut	1fffa328	f1ee10fa	vmrs apsr,fpscr
1fffa30c	fast_sincos_lut	1fffa32c	08d1	bne 0x1fffa340
1fffa30c	fast_sincos_lut	1fffa32e	9fed650a	vldr.32 s0,[pc,#0x194]
1fffa30c	fast_sincos_lut	1fffa332	80ed000a	vstr.32 s0,[r0]
1fffa30c	fast_sincos_lut	1fffa336	bfee000a	vmov.f32 s0,0xbf800000
1fffa30c	fast_sincos_lut	1fffa33a	81ed000a	vstr.32 s0,[r1]
1fffa30c	fast_sincos_lut	1fffa33e	10bd	pop {r4,pc}
1fffa30c	fast_sincos_lut	1fffa340	bceee00a	vcvt.u32.f32 s0,s1
1fffa30c	fast_sincos_lut	1fffa344	604c	ldr r4,[0x1fffa4c8]
1fffa30c	fast_sincos_lut	1fffa346	10ee102a	vmov r2,s0
1fffa30c	fast_sincos_lut	1fffa34a	92b2	uxth r2,r2
1fffa30c	fast_sincos_lut	1fffa34c	00ee102a	vmov s0,r2
1fffa30c	fast_sincos_lut	1fffa350	04eb8203	add.w r3,r4,r2, lsl #0x2
1fffa30c	fast_sincos_lut	1fffa354	02f50072	add.w r2,r2,#0x200
1fffa30c	fast_sincos_lut	1fffa358	b8ee400a	vcvt.f32.u32 s0,s0
1fffa30c	fast_sincos_lut	1fffa35c	30eec00a	vsub.f32 s0,s1,s0
1fffa30c	fast_sincos_lut	1fffa360	d3ec020a	vldmia r3,{s1,s2}
1fffa30c	fast_sincos_lut	1fffa364	31ee601a	vsub.f32 s2,s2,s1
1fffa30c	fast_sincos_lut	1fffa368	40ee010a	vmla.f32 s1,s0,s2
1fffa30c	fast_sincos_lut	1fffa36c	c0ed000a	vstr.32 s1,[r0]
1fffa30c	fast_sincos_lut	1fffa370	c2f30a00	ubfx r0,r2,#0x0,#0xb
1fffa30c	fast_sincos_lut	1fffa374	04eb8000	add.w r0,r4,r0, lsl #0x2
1fffa30c	fast_sincos_lut	1fffa378	d0ec020a	vldmia r0,{s1,s2}
1fffa30c	fast_sincos_lut	1fffa37c	31ee601a	vsub.f32 s2,s2,s1
1fffa30c	fast_sincos_lut	1fffa380	40ee010a	vmla.f32 s1,s0,s2
1fffa30c	fast_sincos_lut	1fffa384	c1ed000a	vstr.32 s1,[r1]
1fffa30c	fast_sincos_lut	1fffa388	10bd	pop {r4,pc}
1fffa38a	clampf	1fffa38a	b4eec10a	vcmpe.f32 s0,s2
1fffa38a	clampf	1fffa38e	f1ee10fa	vmrs apsr,fpscr
1fffa38a	clampf	1fffa392	02dd	ble 0x1fffa39a
1fffa38a	clampf	1fffa394	b0ee410a	vmov.f32 s0,s2
1fffa38a	clampf	1fffa398	7047	bx lr
1fffa38a	clampf	1fffa39a	b4eee00a	vcmpe.f32 s0,s1
1fffa38a	clampf	1fffa39e	f1ee10fa	vmrs apsr,fpscr
1fffa38a	clampf	1fffa3a2	f9d2	bcs 0x1fffa398
1fffa38a	clampf	1fffa3a4	b0ee600a	vmov.f32 s0,s1
1fffa38a	clampf	1fffa3a8	7047	bx lr
1fffa3aa	wrap_periodic_value	1fffa3aa	d0ed001a	vldr.32 s3,[r0]
1fffa3aa	wrap_periodic_value	1fffa3ae	30eec01a	vsub.f32 s2,s1,s0
1fffa3aa	wrap_periodic_value	1fffa3b2	f4eee01a	vcmpe.f32 s3,s1
1fffa3aa	wrap_periodic_value	1fffa3b6	f1ee10fa	vmrs apsr,fpscr
1fffa3aa	wrap_periodic_value	1fffa3ba	02dc	bgt 0x1fffa3c2
1fffa3aa	wrap_periodic_value	1fffa3bc	f0ee610a	vmov.f32 s1,s3
1fffa3aa	wrap_periodic_value	1fffa3c0	03e0	b 0x1fffa3ca
1fffa3aa	wrap_periodic_value	1fffa3c2	71eec10a	vsub.f32 s1,s3,s2
1fffa3aa	wrap_periodic_value	1fffa3c6	c0ed000a	vstr.32 s1,[r0]
1fffa3aa	wrap_periodic_value	1fffa3ca	f4eec00a	vcmpe.f32 s1,s0
1fffa3aa	wrap_periodic_value	1fffa3ce	f1ee10fa	vmrs apsr,fpscr
1fffa3aa	wrap_periodic_value	1fffa3d2	03d2	bcs 0x1fffa3dc
1fffa3aa	wrap_periodic_value	1fffa3d4	30ee810a	vadd.f32 s0,s1,s2
1fffa3aa	wrap_periodic_value	1fffa3d8	80ed000a	vstr.32 s0,[r0]
1fffa3aa	wrap_periodic_value	1fffa3dc	7047	bx lr
1fffa414	limit_vector_magnitude	1fffa414	70b5	push {r4,r5,r6,lr}
1fffa414	limit_vector_magnitude	1fffa416	0c46	mov r4,r1
1fffa414	limit_vector_magnitude	1fffa418	2ded028b	vpush {d8}
1fffa414	limit_vector_magnitude	1fffa41c	b0ee408a	vmov.f32 s16,s0
1fffa414	limit_vector_magnitude	1fffa420	90ed000a	vldr.32 s0,[r0]
1fffa414	limit_vector_magnitude	1fffa424	0546	mov r5,r0
1fffa414	limit_vector_magnitude	1fffa426	60ee000a	vmul.f32 s1,s0,s0
1fffa414	limit_vector_magnitude	1fffa42a	91ed000a	vldr.32 s0,[r1]
1fffa414	limit_vector_magnitude	1fffa42e	40ee000a	vmla.f32 s1,s0,s0
1fffa414	limit_vector_magnitude	1fffa432	b0ee600a	vmov.f32 s0,s1
1fffa414	limit_vector_magnitude	1fffa436	00f065f8	bl 0x1fffa504
1fffa414	limit_vector_magnitude	1fffa43a	b4eec80a	vcmpe.f32 s0,s16
1fffa414	limit_vector_magnitude	1fffa43e	f1ee10fa	vmrs apsr,fpscr
1fffa414	limit_vector_magnitude	1fffa442	0fdd	ble 0x1fffa464
1fffa414	limit_vector_magnitude	1fffa444	d5ed000a	vldr.32 s1,[r5]
1fffa414	limit_vector_magnitude	1fffa448	60ee880a	vmul.f32 s1,s1,s16
1fffa414	limit_vector_magnitude	1fffa44c	80ee801a	vdiv.f32 s2,s1,s0
1fffa414	limit_vector_magnitude	1fffa450	85ed001a	vstr.32 s2,[r5]
1fffa414	limit_vector_magnitude	1fffa454	d4ed000a	vldr.32 s1,[r4]
1fffa414	limit_vector_magnitude	1fffa458	60ee880a	vmul.f32 s1,s1,s16
1fffa414	limit_vector_magnitude	1fffa45c	80ee801a	vdiv.f32 s2,s1,s0
1fffa414	limit_vector_magnitude	1fffa460	84ed001a	vstr.32 s2,[r4]
1fffa414	limit_vector_magnitude	1fffa464	bdec028b	vpop {d8}
1fffa414	limit_vector_magnitude	1fffa468	70bd	pop {r4,r5,r6,pc}
1fffa46a	float_to_uint_packed	1fffa46a	0121	movs r1,#0x1
1fffa46a	float_to_uint_packed	1fffa46c	31ee601a	vsub.f32 s2,s2,s1
1fffa46a	float_to_uint_packed	1fffa470	8140	lsls r1,r0
1fffa46a	float_to_uint_packed	1fffa472	70ee600a	vsub.f32 s1,s0,s1
1fffa46a	float_to_uint_packed	1fffa476	491e	subs r1,r1,#0x1
1fffa46a	float_to_uint_packed	1fffa478	00ee101a	vmov s0,r1
1fffa46a	float_to_uint_packed	1fffa47c	b8eec00a	vcvt.f32.s32 s0,s0
1fffa46a	float_to_uint_packed	1fffa480	20ee800a	vmul.f32 s0,s1,s0
1fffa46a	float_to_uint_packed	1fffa484	c0ee010a	vdiv.f32 s1,s0,s2
1fffa46a	float_to_uint_packed	1fffa488	bdeee00a	vcvt.s32.f32 s0,s1
1fffa46a	float_to_uint_packed	1fffa48c	10ee100a	vmov r0,s0
1fffa46a	float_to_uint_packed	1fffa490	7047	bx lr
1fffa492	uint_to_float_packed	1fffa492	01ee100a	vmov s2,r0
1fffa492	uint_to_float_packed	1fffa496	70eec00a	vsub.f32 s1,s1,s0
1fffa492	uint_to_float_packed	1fffa49a	0120	movs r0,#0x1
1fffa492	uint_to_float_packed	1fffa49c	b8eec11a	vcvt.f32.s32 s2,s2
1fffa492	uint_to_float_packed	1fffa4a0	8840	lsls r0,r1
1fffa492	uint_to_float_packed	1fffa4a2	401e	subs r0,r0,#0x1
1fffa492	uint_to_float_packed	1fffa4a4	21ee201a	vmul.f32 s2,s2,s1
1fffa492	uint_to_float_packed	1fffa4a8	00ee900a	vmov s1,r0
1fffa492	uint_to_float_packed	1fffa4ac	f8eee01a	vcvt.f32.s32 s3,s1
1fffa492	uint_to_float_packed	1fffa4b0	c1ee210a	vdiv.f32 s1,s2,s3
1fffa492	uint_to_float_packed	1fffa4b4	30ee800a	vadd.f32 s0,s1,s0
1fffa492	uint_to_float_packed	1fffa4b8	7047	bx lr
1fffa4dc	derive_control_parameters	1fffa4dc	45f2391c	movw r12,#0x5139
1fffa4dc	derive_control_parameters	1fffa4e0	c0f2020c	movt r12,#0x2
1fffa4dc	derive_control_parameters	1fffa4e4	6047	bx r12
1fffa4e6	delay_ms	1fffa4e6	41f6297c	movw r12,#0x1f29
1fffa4e6	delay_ms	1fffa4ea	c0f2020c	movt r12,#0x2
1fffa4e6	delay_ms	1fffa4ee	6047	bx r12
1fffa4f0	select_configuration_bank_b	1fffa4f0	46f6056c	movw r12,#0x6e05
1fffa4f0	select_configuration_bank_b	1fffa4f4	c0f2020c	movt r12,#0x2
1fffa4f0	select_configuration_bank_b	1fffa4f8	6047	bx r12
1fffa4fa	thunk_FUN_00023be8	1fffa4fa	43f6e93c	movw r12,#0x3be9
1fffa4fa	thunk_FUN_00023be8	1fffa4fe	c0f2020c	movt r12,#0x2
1fffa4fa	thunk_FUN_00023be8	1fffa502	6047	bx r12
1fffa504	thunk_FUN_00023fd0	1fffa504	43f6d17c	movw r12,#0x3fd1
1fffa504	thunk_FUN_00023fd0	1fffa508	c0f2020c	movt r12,#0x2
1fffa504	thunk_FUN_00023fd0	1fffa50c	6047	bx r12
