function_address	function	instruction_address	bytes	instruction
00000250	__program_start	00000250	dff810d0	ldr.w sp,[0x00000264]
00000250	__program_start	00000254	00f0baf8	bl 0x000003cc
00000258	main	00000258	0048	ldr r0,[0x0000025c]
00000258	main	0000025a	0047	bx r0
00000272	FUN_00000272	00000272	80f30888	msr msp,r0
00000272	FUN_00000272	00000276	7047	bx lr
00000278	Reset_Handler	00000278	0648	ldr r0,[0x00000294]
00000278	Reset_Handler	0000027a	8047	blx r0
00000278	Reset_Handler	0000027c	0648	ldr r0,[0x00000298]
00000278	Reset_Handler	0000027e	0047	bx r0
00000280	NMI_Handler	00000280	fee7	b 0x00000280
00000282	HardFault_Handler	00000282	fee7	b 0x00000282
00000284	MemManage_Handler	00000284	fee7	b 0x00000284
00000286	BusFault_Handler	00000286	fee7	b 0x00000286
00000288	UsageFault_Handler	00000288	fee7	b 0x00000288
0000028a	SVC_Handler	0000028a	fee7	b 0x0000028a
0000028c	DebugMon_Handler	0000028c	fee7	b 0x0000028c
0000028e	PendSV_Handler	0000028e	fee7	b 0x0000028e
00000290	SysTick_Handler	00000290	fee7	b 0x00000290
00000292	Default_Handler	00000292	fee7	b 0x00000292
0000029c	FUN_0000029c	0000029c	2de9f05f	push {r4,r5,r6,r7,r8,r9,r10,r11,r12,lr}
0000029c	FUN_0000029c	000002a0	0546	mov r5,r0
0000029c	FUN_0000029c	000002a2	0020	movs r0,#0x0
0000029c	FUN_0000029c	000002a4	9246	mov r10,r2
0000029c	FUN_0000029c	000002a6	9b46	mov r11,r3
0000029c	FUN_0000029c	000002a8	8846	mov r8,r1
0000029c	FUN_0000029c	000002aa	0646	mov r6,r0
0000029c	FUN_0000029c	000002ac	8146	mov r9,r0
0000029c	FUN_0000029c	000002ae	4024	movs r4,#0x40
0000029c	FUN_0000029c	000002b0	1be0	b 0x000002ea
0000029c	FUN_0000029c	000002b2	2846	mov r0,r5
0000029c	FUN_0000029c	000002b4	4146	mov r1,r8
0000029c	FUN_0000029c	000002b6	4746	mov r7,r8
0000029c	FUN_0000029c	000002b8	2246	mov r2,r4
0000029c	FUN_0000029c	000002ba	00f076f8	bl 0x000003aa
0000029c	FUN_0000029c	000002be	5346	mov r3,r10
0000029c	FUN_0000029c	000002c0	5a46	mov r2,r11
0000029c	FUN_0000029c	000002c2	c01a	subs r0,r0,r3
0000029c	FUN_0000029c	000002c4	9141	sbcs r1,r2
0000029c	FUN_0000029c	000002c6	10d3	bcc 0x000002ea
0000029c	FUN_0000029c	000002c8	1146	mov r1,r2
0000029c	FUN_0000029c	000002ca	1846	mov r0,r3
0000029c	FUN_0000029c	000002cc	2246	mov r2,r4
0000029c	FUN_0000029c	000002ce	00f016f8	bl 0x000002fe
0000029c	FUN_0000029c	000002d2	2d1a	subs r5,r5,r0
0000029c	FUN_0000029c	000002d4	67eb0108	sbc.w r8,r7,r1
0000029c	FUN_0000029c	000002d8	4f46	mov r7,r9
0000029c	FUN_0000029c	000002da	2246	mov r2,r4
0000029c	FUN_0000029c	000002dc	0120	movs r0,#0x1
0000029c	FUN_0000029c	000002de	0021	movs r1,#0x0
0000029c	FUN_0000029c	000002e0	00f00df8	bl 0x000002fe
0000029c	FUN_0000029c	000002e4	17eb0009	adds.w r9,r7,r0
0000029c	FUN_0000029c	000002e8	4e41	adcs r6,r1
0000029c	FUN_0000029c	000002ea	201e	subs r0,r4,#0x0
0000029c	FUN_0000029c	000002ec	a4f10104	sub.w r4,r4,#0x1
0000029c	FUN_0000029c	000002f0	dfdc	bgt 0x000002b2
0000029c	FUN_0000029c	000002f2	4846	mov r0,r9
0000029c	FUN_0000029c	000002f4	3146	mov r1,r6
0000029c	FUN_0000029c	000002f6	2a46	mov r2,r5
0000029c	FUN_0000029c	000002f8	4346	mov r3,r8
0000029c	FUN_0000029c	000002fa	bde8f09f	pop.w {r4,r5,r6,r7,r8,r9,r10,r11,r12,pc}
000002fe	FUN_000002fe	000002fe	202a	cmp r2,#0x20
000002fe	FUN_000002fe	00000300	04db	blt 0x0000030c
000002fe	FUN_000002fe	00000302	203a	subs r2,#0x20
000002fe	FUN_000002fe	00000304	00fa02f1	lsl.w r1,r0,r2
000002fe	FUN_000002fe	00000308	0020	movs r0,#0x0
000002fe	FUN_000002fe	0000030a	7047	bx lr
000002fe	FUN_000002fe	0000030c	9140	lsls r1,r2
000002fe	FUN_000002fe	0000030e	c2f12003	rsb.w r3,r2,#0x20
000002fe	FUN_000002fe	00000312	20fa03f3	lsr.w r3,r0,r3
000002fe	FUN_000002fe	00000316	1943	orrs r1,r3
000002fe	FUN_000002fe	00000318	9040	lsls r0,r2
000002fe	FUN_000002fe	0000031a	7047	bx lr
0000031c	FUN_0000031c	0000031c	40ea0103	orr.w r3,r0,r1
0000031c	FUN_0000031c	00000320	9b07	lsls r3,r3,#0x1e
0000031c	FUN_0000031c	00000322	03d0	beq 0x0000032c
0000031c	FUN_0000031c	00000324	09e0	b 0x0000033a
0000031c	FUN_0000031c	00000326	08c9	ldmia r1!,{r3}
0000031c	FUN_0000031c	00000328	121f	subs r2,r2,#0x4
0000031c	FUN_0000031c	0000032a	08c0	stmia r0!,{r3}
0000031c	FUN_0000031c	0000032c	042a	cmp r2,#0x4
0000031c	FUN_0000031c	0000032e	fad2	bcs 0x00000326
0000031c	FUN_0000031c	00000330	03e0	b 0x0000033a
0000031c	FUN_0000031c	00000332	11f8013b	ldrb.w r3,[r1],#0x1
0000031c	FUN_0000031c	00000336	00f8013b	strb.w r3,[r0],#0x1
0000031c	FUN_0000031c	0000033a	521e	subs r2,r2,#0x1
0000031c	FUN_0000031c	0000033c	f9d2	bcs 0x00000332
0000031c	FUN_0000031c	0000033e	7047	bx lr
00000340	FUN_00000340	00000340	0eb5	push {r1,r2,r3,lr}
00000340	FUN_00000340	00000342	40f23341	movw r1,#0x433
00000340	FUN_00000340	00000346	0291	str r1,[sp,#0x8]
00000340	FUN_00000340	00000348	0021	movs r1,#0x0
00000340	FUN_00000340	0000034a	cde90011	strd r1,r1,[sp,#0x0]
00000340	FUN_00000340	0000034e	0a46	mov r2,r1
00000340	FUN_00000340	00000350	0b46	mov r3,r1
00000340	FUN_00000340	00000352	00f042f9	bl 0x000005da
00000340	FUN_00000340	00000356	03b0	add sp,#0xc
00000340	FUN_00000340	00000358	00bd	pop {pc}
0000035a	FUN_0000035a	0000035a	0eb5	push {r1,r2,r3,lr}
0000035a	FUN_0000035a	0000035c	40f23342	movw r2,#0x433
0000035a	FUN_0000035a	00000360	0292	str r2,[sp,#0x8]
0000035a	FUN_0000035a	00000362	0022	movs r2,#0x0
0000035a	FUN_0000035a	00000364	cde90022	strd r2,r2,[sp,#0x0]
0000035a	FUN_0000035a	00000368	1346	mov r3,r2
0000035a	FUN_0000035a	0000036a	00f036f9	bl 0x000005da
0000035a	FUN_0000035a	0000036e	03b0	add sp,#0xc
0000035a	FUN_0000035a	00000370	00bd	pop {pc}
00000372	FUN_00000372	00000372	01f00043	and r3,r1,#0x80000000
00000372	FUN_00000372	00000376	30b4	push {r4,r5}
00000372	FUN_00000372	00000378	21f00041	bic r1,r1,#0x80000000
00000372	FUN_00000372	0000037c	50ea0102	orrs.w r2,r0,r1
00000372	FUN_00000372	00000380	06d0	beq 0x00000390
00000372	FUN_00000372	00000382	0a0d	lsrs r2,r1,#0x14
00000372	FUN_00000372	00000384	a2f56072	sub.w r2,r2,#0x380
00000372	FUN_00000372	00000388	c1f31301	ubfx r1,r1,#0x0,#0x14
00000372	FUN_00000372	0000038c	002a	cmp r2,#0x0
00000372	FUN_00000372	0000038e	02dc	bgt 0x00000396
00000372	FUN_00000372	00000390	30bc	pop {r4,r5}
00000372	FUN_00000372	00000392	0020	movs r0,#0x0
00000372	FUN_00000372	00000394	7047	bx lr
00000372	FUN_00000372	00000396	440f	lsrs r4,r0,#0x1d
00000372	FUN_00000372	00000398	44eac104	orr.w r4,r4,r1, lsl #0x3
00000372	FUN_00000372	0000039c	c100	lsls r1,r0,#0x3
00000372	FUN_00000372	0000039e	e018	adds r0,r4,r3
00000372	FUN_00000372	000003a0	30bc	pop {r4,r5}
00000372	FUN_00000372	000003a2	00ebc250	add.w r0,r0,r2, lsl #0x17
00000372	FUN_00000372	000003a6	00f0d2b8	b.w 0x0000054e
00000372	FUN_00000372	0000054e	0029	cmp r1,#0x0
00000372	FUN_00000372	00000550	a8bf	it ge
00000372	FUN_00000372	00000552	7047	bx.ge lr
00000372	FUN_00000372	00000554	401c	adds r0,r0,#0x1
00000372	FUN_00000372	00000556	4900	lsls r1,r1,#0x1
00000372	FUN_00000372	00000558	08bf	it eq
00000372	FUN_00000372	0000055a	20f00100	bic.eq r0,r0,#0x1
00000372	FUN_00000372	0000055e	7047	bx lr
000003aa	FUN_000003aa	000003aa	202a	cmp r2,#0x20
000003aa	FUN_000003aa	000003ac	04db	blt 0x000003b8
000003aa	FUN_000003aa	000003ae	203a	subs r2,#0x20
000003aa	FUN_000003aa	000003b0	21fa02f0	lsr.w r0,r1,r2
000003aa	FUN_000003aa	000003b4	0021	movs r1,#0x0
000003aa	FUN_000003aa	000003b6	7047	bx lr
000003aa	FUN_000003aa	000003b8	21fa02f3	lsr.w r3,r1,r2
000003aa	FUN_000003aa	000003bc	d040	lsrs r0,r2
000003aa	FUN_000003aa	000003be	c2f12002	rsb.w r2,r2,#0x20
000003aa	FUN_000003aa	000003c2	9140	lsls r1,r2
000003aa	FUN_000003aa	000003c4	0843	orrs r0,r1
000003aa	FUN_000003aa	000003c6	1946	mov r1,r3
000003aa	FUN_000003aa	000003c8	7047	bx lr
000003cc	__iar_data_init3	000003cc	064c	ldr r4,[0x000003e8]
000003cc	__iar_data_init3	000003ce	074d	ldr r5,[0x000003ec]
000003cc	__iar_data_init3	000003d0	06e0	b 0x000003e0
000003cc	__iar_data_init3	000003d2	e068	ldr r0,[r4,#0xc]
000003cc	__iar_data_init3	000003d4	40f00103	orr r3,r0,#0x1
000003cc	__iar_data_init3	000003d8	94e80700	ldm.w r4,{r0,r1,r2}
000003cc	__iar_data_init3	000003dc	9847	blx r3
000003cc	__iar_data_init3	000003de	1034	adds r4,#0x10
000003cc	__iar_data_init3	000003e0	ac42	cmp r4,r5
000003cc	__iar_data_init3	000003e2	f6d3	bcc 0x000003d2
000003cc	__iar_data_init3	000003e4	fff738ff	bl 0x00000258
000003cc	__iar_data_init3	000003e8	b873	strb r0,[r7,#0xe]
000003cc	__iar_data_init3	000003ea	0000	movs r0,r0
000003cc	__iar_data_init3	000003ec	e873	strb r0,[r5,#0xf]
000003cc	__iar_data_init3	000003ee	0000	movs r0,r0
000003f0	thunk_EXT_FUN_1fff8000	000003f0	48f2010c	movw r12,#0x8001
000003f0	thunk_EXT_FUN_1fff8000	000003f4	c1f6ff7c	movt r12,#0x1fff
000003f0	thunk_EXT_FUN_1fff8000	000003f8	6047	bx r12
000003fa	thunk_FUN_000003fc	000003fa	00bf	nop
000003fc	FUN_000003fc	000003fc	fee7	b 0x000003fc
000003fe	FUN_000003fe	000003fe	7047	bx lr
00000460	FUN_00000460	00000460	10b5	push {r4,lr}
00000460	FUN_00000460	00000462	0446	mov r4,r0
00000460	FUN_00000460	00000464	2046	mov r0,r4
00000460	FUN_00000460	00000466	04f009f9	bl 0x0000467c
00000460	FUN_00000460	0000046a	04f0f5fb	bl 0x00004c58
00000460	FUN_00000460	0000046e	10bd	pop {r4,pc}
00000470	FUN_00000470	00000470	2de9f04d	push {r4,r5,r6,r7,r8,r10,r11,lr}
00000470	FUN_00000470	00000474	81ea0304	eor.w r4,r1,r3
00000470	FUN_00000470	00000478	04f0004b	and r11,r4,#0x80000000
00000470	FUN_00000470	0000047c	21f00045	bic r5,r1,#0x80000000
00000470	FUN_00000470	00000480	1446	mov r4,r2
00000470	FUN_00000470	00000482	4ff0000a	mov.w r10,#0x0
00000470	FUN_00000470	00000486	23f00041	bic r1,r3,#0x80000000
00000470	FUN_00000470	0000048a	50ea0502	orrs.w r2,r0,r5
00000470	FUN_00000470	0000048e	20d0	beq 0x000004d2
00000470	FUN_00000470	00000490	54ea0102	orrs.w r2,r4,r1
00000470	FUN_00000470	00000494	1dd0	beq 0x000004d2
00000470	FUN_00000470	00000496	c5f30a57	ubfx r7,r5,#0x14,#0xb
00000470	FUN_00000470	0000049a	0246	mov r2,r0
00000470	FUN_00000470	0000049c	c5f31303	ubfx r3,r5,#0x0,#0x14
00000470	FUN_00000470	000004a0	c1f31300	ubfx r0,r1,#0x0,#0x14
00000470	FUN_00000470	000004a4	c1f30a56	ubfx r6,r1,#0x14,#0xb
00000470	FUN_00000470	000004a8	40f48015	orr r5,r0,#0x100000
00000470	FUN_00000470	000004ac	43f48013	orr r3,r3,#0x100000
00000470	FUN_00000470	000004b0	a7eb0608	sub.w r8,r7,r6
00000470	FUN_00000470	000004b4	101b	subs r0,r2,r4
00000470	FUN_00000470	000004b6	d646	mov lr,r10
00000470	FUN_00000470	000004b8	08f2fd38	addw r8,r8,#0x3fd
00000470	FUN_00000470	000004bc	73eb0500	sbcs.w r0,r3,r5
00000470	FUN_00000470	000004c0	02d3	bcc 0x000004c8
00000470	FUN_00000470	000004c2	08f10108	add.w r8,r8,#0x1
00000470	FUN_00000470	000004c6	01e0	b 0x000004cc
00000470	FUN_00000470	000004c8	9218	adds r2,r2,r2
00000470	FUN_00000470	000004ca	5b41	adcs r3,r3
00000470	FUN_00000470	000004cc	b8f1000f	cmp.w r8,#0x0
00000470	FUN_00000470	000004d0	03da	bge 0x000004da
00000470	FUN_00000470	000004d2	0020	movs r0,#0x0
00000470	FUN_00000470	000004d4	0146	mov r1,r0
00000470	FUN_00000470	000004d6	bde8f08d	pop.w {r4,r5,r6,r7,r8,r10,r11,pc}
00000470	FUN_00000470	000004da	0020	movs r0,#0x0
00000470	FUN_00000470	000004dc	4ff48011	mov.w r1,#0x100000
00000470	FUN_00000470	000004e0	0646	mov r6,r0
00000470	FUN_00000470	000004e2	8446	mov r12,r0
00000470	FUN_00000470	000004e4	0ee0	b 0x00000504
00000470	FUN_00000470	000004e6	171b	subs r7,r2,r4
00000470	FUN_00000470	000004e8	73eb0507	sbcs.w r7,r3,r5
00000470	FUN_00000470	000004ec	05d3	bcc 0x000004fa
00000470	FUN_00000470	000004ee	121b	subs r2,r2,r4
00000470	FUN_00000470	000004f0	63eb0503	sbc.w r3,r3,r5
00000470	FUN_00000470	000004f4	0643	orrs r6,r0
00000470	FUN_00000470	000004f6	4cea010c	orr.w r12,r12,r1
00000470	FUN_00000470	000004fa	4908	lsrs r1,r1,#0x1
00000470	FUN_00000470	000004fc	4fea3000	rrx r0,r0
00000470	FUN_00000470	00000500	9218	adds r2,r2,r2
00000470	FUN_00000470	00000502	5b41	adcs r3,r3
00000470	FUN_00000470	00000504	50ea0107	orrs.w r7,r0,r1
00000470	FUN_00000470	00000508	edd1	bne 0x000004e6
00000470	FUN_00000470	0000050a	52ea0300	orrs.w r0,r2,r3
00000470	FUN_00000470	0000050e	12d0	beq 0x00000536
00000470	FUN_00000470	00000510	82ea0400	eor.w r0,r2,r4
00000470	FUN_00000470	00000514	83ea0501	eor.w r1,r3,r5
00000470	FUN_00000470	00000518	0843	orrs r0,r1
00000470	FUN_00000470	0000051a	05d0	beq 0x00000528
00000470	FUN_00000470	0000051c	101b	subs r0,r2,r4
00000470	FUN_00000470	0000051e	ab41	sbcs r3,r5
00000470	FUN_00000470	00000520	06d2	bcs 0x00000530
00000470	FUN_00000470	00000522	0122	movs r2,#0x1
00000470	FUN_00000470	00000524	0023	movs r3,#0x0
00000470	FUN_00000470	00000526	06e0	b 0x00000536
00000470	FUN_00000470	00000528	0022	movs r2,#0x0
00000470	FUN_00000470	0000052a	4ff00043	mov.w r3,#0x80000000
00000470	FUN_00000470	0000052e	02e0	b 0x00000536
00000470	FUN_00000470	00000530	6ff00102	mvn r2,#0x1
00000470	FUN_00000470	00000534	5310	asrs r3,r2,#0x1
00000470	FUN_00000470	00000536	1aeb0600	adds.w r0,r10,r6
00000470	FUN_00000470	0000053a	4ceb0851	adc.w r1,r12,r8, lsl #0x14
00000470	FUN_00000470	0000053e	10eb0a00	adds.w r0,r0,r10
00000470	FUN_00000470	00000542	41eb0b01	adc.w r1,r1,r11
00000470	FUN_00000470	00000546	bde8f04d	pop.w {r4,r5,r6,r7,r8,r10,r11,lr}
00000470	FUN_00000470	0000054a	00f037b8	b.w 0x000005bc
00000470	FUN_00000470	000005bc	10b5	push {r4,lr}
00000470	FUN_00000470	000005be	141e	subs r4,r2,#0x0
00000470	FUN_00000470	000005c0	73f10004	sbcs r4,r3,#0x0
00000470	FUN_00000470	000005c4	08da	bge 0x000005d8
00000470	FUN_00000470	000005c6	401c	adds r0,r0,#0x1
00000470	FUN_00000470	000005c8	41f10001	adc r1,r1,#0x0
00000470	FUN_00000470	000005cc	9218	adds r2,r2,r2
00000470	FUN_00000470	000005ce	5b41	adcs r3,r3
00000470	FUN_00000470	000005d0	1a43	orrs r2,r3
00000470	FUN_00000470	000005d2	01d1	bne 0x000005d8
00000470	FUN_00000470	000005d4	20f00100	bic r0,r0,#0x1
00000470	FUN_00000470	000005d8	10bd	pop {r4,pc}
00000560	FUN_00000560	00000560	10b4	push {r4}
00000560	FUN_00000560	00000562	b0fa80fc	clz r12,r0
00000560	FUN_00000560	00000566	00fa0cf0	lsl.w r0,r0,r12
00000560	FUN_00000560	0000056a	50ea0104	orrs.w r4,r0,r1
00000560	FUN_00000560	0000056e	04bf	itt eq
00000560	FUN_00000560	00000570	10bc	pop.eq {r4}
00000560	FUN_00000560	00000572	7047	bx.eq lr
00000560	FUN_00000560	00000574	49b1	cbz r1,0x0000058a
00000560	FUN_00000560	00000576	ccf12004	rsb.w r4,r12,#0x20
00000560	FUN_00000560	0000057a	21fa04f4	lsr.w r4,r1,r4
00000560	FUN_00000560	0000057e	11fa0cf1	lsls.w r1,r1,r12
00000560	FUN_00000560	00000582	18bf	it ne
00000560	FUN_00000560	00000584	0121	mov.ne r1,#0x1
00000560	FUN_00000560	00000586	2143	orrs r1,r4
00000560	FUN_00000560	00000588	0843	orrs r0,r1
00000560	FUN_00000560	0000058a	a3eb0c01	sub.w r1,r3,r12
00000560	FUN_00000560	0000058e	cb1d	adds r3,r1,#0x7
00000560	FUN_00000560	00000590	4fea0061	lsl.w r1,r0,#0x18
00000560	FUN_00000560	00000594	4fea1020	lsr.w r0,r0,#0x8
00000560	FUN_00000560	00000598	42bf	ittt mi
00000560	FUN_00000560	0000059a	0020	mov.mi r0,#0x0
00000560	FUN_00000560	0000059c	10bc	pop.mi {r4}
00000560	FUN_00000560	0000059e	7047	bx.mi lr
00000560	FUN_00000560	000005a0	00ebc350	add.w r0,r0,r3, lsl #0x17
00000560	FUN_00000560	000005a4	1044	add r0,r2
00000560	FUN_00000560	000005a6	0029	cmp r1,#0x0
00000560	FUN_00000560	000005a8	a4bf	itt ge
00000560	FUN_00000560	000005aa	10bc	pop.ge {r4}
00000560	FUN_00000560	000005ac	7047	bx.ge lr
00000560	FUN_00000560	000005ae	401c	adds r0,r0,#0x1
00000560	FUN_00000560	000005b0	4900	lsls r1,r1,#0x1
00000560	FUN_00000560	000005b2	08bf	it eq
00000560	FUN_00000560	000005b4	20f00100	bic.eq r0,r0,#0x1
00000560	FUN_00000560	000005b8	10bc	pop {r4}
00000560	FUN_00000560	000005ba	7047	bx lr
000005da	FUN_000005da	000005da	2de9f04d	push {r4,r5,r6,r7,r8,r10,r11,lr}
000005da	FUN_000005da	000005de	9246	mov r10,r2
000005da	FUN_000005da	000005e0	9b46	mov r11,r3
000005da	FUN_000005da	000005e2	11b1	cbz r1,0x000005ea
000005da	FUN_000005da	000005e4	b1fa81f2	clz r2,r1
000005da	FUN_000005da	000005e8	02e0	b 0x000005f0
000005da	FUN_000005da	000005ea	b0fa80f2	clz r2,r0
000005da	FUN_000005da	000005ee	2032	adds r2,#0x20
000005da	FUN_000005da	000005f0	9046	mov r8,r2
000005da	FUN_000005da	000005f2	fff784fe	bl 0x000002fe
000005da	FUN_000005da	000005f6	0446	mov r4,r0
000005da	FUN_000005da	000005f8	0f46	mov r7,r1
000005da	FUN_000005da	000005fa	40ea0a00	orr.w r0,r0,r10
000005da	FUN_000005da	000005fe	41ea0b01	orr.w r1,r1,r11
000005da	FUN_000005da	00000602	5346	mov r3,r10
000005da	FUN_000005da	00000604	5a46	mov r2,r11
000005da	FUN_000005da	00000606	0843	orrs r0,r1
000005da	FUN_000005da	00000608	13d0	beq 0x00000632
000005da	FUN_000005da	0000060a	1146	mov r1,r2
000005da	FUN_000005da	0000060c	53ea0100	orrs.w r0,r3,r1
000005da	FUN_000005da	00000610	19d0	beq 0x00000646
000005da	FUN_000005da	00000612	c8f14002	rsb.w r2,r8,#0x40
000005da	FUN_000005da	00000616	5046	mov r0,r10
000005da	FUN_000005da	00000618	fff7c7fe	bl 0x000003aa
000005da	FUN_000005da	0000061c	0546	mov r5,r0
000005da	FUN_000005da	0000061e	0e46	mov r6,r1
000005da	FUN_000005da	00000620	5046	mov r0,r10
000005da	FUN_000005da	00000622	5946	mov r1,r11
000005da	FUN_000005da	00000624	4246	mov r2,r8
000005da	FUN_000005da	00000626	fff76afe	bl 0x000002fe
000005da	FUN_000005da	0000062a	0843	orrs r0,r1
000005da	FUN_000005da	0000062c	05d0	beq 0x0000063a
000005da	FUN_000005da	0000062e	0120	movs r0,#0x1
000005da	FUN_000005da	00000630	04e0	b 0x0000063c
000005da	FUN_000005da	00000632	2046	mov r0,r4
000005da	FUN_000005da	00000634	3946	mov r1,r7
000005da	FUN_000005da	00000636	bde8f08d	pop.w {r4,r5,r6,r7,r8,r10,r11,pc}
000005da	FUN_000005da	0000063a	0020	movs r0,#0x0
000005da	FUN_000005da	0000063c	0543	orrs r5,r0
000005da	FUN_000005da	0000063e	46eae076	orr.w r6,r6,r0, asr #0x1f
000005da	FUN_000005da	00000642	2c43	orrs r4,r5
000005da	FUN_000005da	00000644	3743	orrs r7,r6
000005da	FUN_000005da	00000646	0a98	ldr r0,[sp,#0x28]
000005da	FUN_000005da	00000648	6305	lsls r3,r4,#0x15
000005da	FUN_000005da	0000064a	e40a	lsrs r4,r4,#0xb
000005da	FUN_000005da	0000064c	a0eb0800	sub.w r0,r0,r8
000005da	FUN_000005da	00000650	0022	movs r2,#0x0
000005da	FUN_000005da	00000652	fd0a	lsrs r5,r7,#0xb
000005da	FUN_000005da	00000654	44ea4754	orr.w r4,r4,r7, lsl #0x15
000005da	FUN_000005da	00000658	0a30	adds r0,#0xa
000005da	FUN_000005da	0000065a	02d5	bpl 0x00000662
000005da	FUN_000005da	0000065c	0020	movs r0,#0x0
000005da	FUN_000005da	0000065e	0146	mov r1,r0
000005da	FUN_000005da	00000660	e9e7	b 0x00000636
000005da	FUN_000005da	00000662	0105	lsls r1,r0,#0x14
000005da	FUN_000005da	00000664	1019	adds r0,r2,r4
000005da	FUN_000005da	00000666	6941	adcs r1,r5
000005da	FUN_000005da	00000668	dde90845	ldrd r4,r5,[sp,#0x20]
000005da	FUN_000005da	0000066c	0019	adds r0,r0,r4
000005da	FUN_000005da	0000066e	6941	adcs r1,r5
000005da	FUN_000005da	00000670	bde8f04d	pop.w {r4,r5,r6,r7,r8,r10,r11,lr}
000005da	FUN_000005da	00000674	a2e7	b 0x000005bc
00000676	__iar_unpack_data	00000676	70b5	push {r4,r5,r6,lr}
00000676	__iar_unpack_data	00000678	8c18	adds r4,r1,r2
00000676	__iar_unpack_data	0000067a	10f8015b	ldrb.w r5,[r0],#0x1
00000676	__iar_unpack_data	0000067e	15f00703	ands r3,r5,#0x7
00000676	__iar_unpack_data	00000682	01d1	bne 0x00000688
00000676	__iar_unpack_data	00000684	10f8013b	ldrb.w r3,[r0],#0x1
00000676	__iar_unpack_data	00000688	2a11	asrs r2,r5,#0x4
00000676	__iar_unpack_data	0000068a	06d1	bne 0x0000069a
00000676	__iar_unpack_data	0000068c	10f8012b	ldrb.w r2,[r0],#0x1
00000676	__iar_unpack_data	00000690	03e0	b 0x0000069a
00000676	__iar_unpack_data	00000692	10f8016b	ldrb.w r6,[r0],#0x1
00000676	__iar_unpack_data	00000696	01f8016b	strb.w r6,[r1],#0x1
00000676	__iar_unpack_data	0000069a	5b1e	subs r3,r3,#0x1
00000676	__iar_unpack_data	0000069c	f9d1	bne 0x00000692
00000676	__iar_unpack_data	0000069e	2b07	lsls r3,r5,#0x1c
00000676	__iar_unpack_data	000006a0	05d4	bmi 0x000006ae
00000676	__iar_unpack_data	000006a2	0023	movs r3,#0x0
00000676	__iar_unpack_data	000006a4	521e	subs r2,r2,#0x1
00000676	__iar_unpack_data	000006a6	0dd4	bmi 0x000006c4
00000676	__iar_unpack_data	000006a8	01f8013b	strb.w r3,[r1],#0x1
00000676	__iar_unpack_data	000006ac	fae7	b 0x000006a4
00000676	__iar_unpack_data	000006ae	10f8013b	ldrb.w r3,[r0],#0x1
00000676	__iar_unpack_data	000006b2	cb1a	subs r3,r1,r3
00000676	__iar_unpack_data	000006b4	921c	adds r2,r2,#0x2
00000676	__iar_unpack_data	000006b6	03e0	b 0x000006c0
00000676	__iar_unpack_data	000006b8	13f8015b	ldrb.w r5,[r3],#0x1
00000676	__iar_unpack_data	000006bc	01f8015b	strb.w r5,[r1],#0x1
00000676	__iar_unpack_data	000006c0	521e	subs r2,r2,#0x1
00000676	__iar_unpack_data	000006c2	f9d5	bpl 0x000006b8
00000676	__iar_unpack_data	000006c4	a142	cmp r1,r4
00000676	__iar_unpack_data	000006c6	d8d3	bcc 0x0000067a
00000676	__iar_unpack_data	000006c8	0020	movs r0,#0x0
00000676	__iar_unpack_data	000006ca	70bd	pop {r4,r5,r6,pc}
000006cc	FUN_000006cc	000006cc	2de9ff47	push {r0,r1,r2,r3,r4,r5,r6,r7,r8,r9,r10,lr}
000006cc	FUN_000006cc	000006d0	0546	mov r5,r0
000006cc	FUN_000006cc	000006d2	0f46	mov r7,r1
000006cc	FUN_000006cc	000006d4	9046	mov r8,r2
000006cc	FUN_000006cc	000006d6	9946	mov r9,r3
000006cc	FUN_000006cc	000006d8	0026	movs r6,#0x0
000006cc	FUN_000006cc	000006da	1024	movs r4,#0x10
000006cc	FUN_000006cc	000006dc	2de0	b 0x0000073a
000006cc	FUN_000006cc	000006de	102c	cmp r4,#0x10
000006cc	FUN_000006cc	000006e0	23d1	bne 0x0000072a
000006cc	FUN_000006cc	000006e2	1022	movs r2,#0x10
000006cc	FUN_000006cc	000006e4	05f1f001	add.w r1,r5,#0xf0
000006cc	FUN_000006cc	000006e8	6846	mov r0,sp
000006cc	FUN_000006cc	000006ea	fff717fe	bl 0x0000031c
000006cc	FUN_000006cc	000006ee	2946	mov r1,r5
000006cc	FUN_000006cc	000006f0	6846	mov r0,sp
000006cc	FUN_000006cc	000006f2	00f076ff	bl 0x000015e2
000006cc	FUN_000006cc	000006f6	0f24	movs r4,#0xf
000006cc	FUN_000006cc	000006f8	13e0	b 0x00000722
000006cc	FUN_000006cc	000006fa	05f1f000	add.w r0,r5,#0xf0
000006cc	FUN_000006cc	000006fe	005d	ldrb r0,[r0,r4]
000006cc	FUN_000006cc	00000700	ff28	cmp r0,#0xff
000006cc	FUN_000006cc	00000702	04d1	bne 0x0000070e
000006cc	FUN_000006cc	00000704	0021	movs r1,#0x0
000006cc	FUN_000006cc	00000706	05f1f000	add.w r0,r5,#0xf0
000006cc	FUN_000006cc	0000070a	0155	strb r1,[r0,r4]
000006cc	FUN_000006cc	0000070c	08e0	b 0x00000720
000006cc	FUN_000006cc	0000070e	05f1f000	add.w r0,r5,#0xf0
000006cc	FUN_000006cc	00000712	005d	ldrb r0,[r0,r4]
000006cc	FUN_000006cc	00000714	401c	adds r0,r0,#0x1
000006cc	FUN_000006cc	00000716	c1b2	uxtb r1,r0
000006cc	FUN_000006cc	00000718	05f1f000	add.w r0,r5,#0xf0
000006cc	FUN_000006cc	0000071c	0155	strb r1,[r0,r4]
000006cc	FUN_000006cc	0000071e	02e0	b 0x00000726
000006cc	FUN_000006cc	00000720	641e	subs r4,r4,#0x1
000006cc	FUN_000006cc	00000722	002c	cmp r4,#0x0
000006cc	FUN_000006cc	00000724	e9da	bge 0x000006fa
000006cc	FUN_000006cc	00000726	00bf	nop
000006cc	FUN_000006cc	00000728	0024	movs r4,#0x0
000006cc	FUN_000006cc	0000072a	18f80600	ldrb.w r0,[r8,r6]
000006cc	FUN_000006cc	0000072e	1df80410	ldrb.w r1,[sp,r4]
000006cc	FUN_000006cc	00000732	4840	eors r0,r1
000006cc	FUN_000006cc	00000734	b855	strb r0,[r7,r6]
000006cc	FUN_000006cc	00000736	761c	adds r6,r6,#0x1
000006cc	FUN_000006cc	00000738	641c	adds r4,r4,#0x1
000006cc	FUN_000006cc	0000073a	4e45	cmp r6,r9
000006cc	FUN_000006cc	0000073c	cfd3	bcc 0x000006de
000006cc	FUN_000006cc	0000073e	bde8ff87	pop.w {r0,r1,r2,r3,r4,r5,r6,r7,r8,r9,r10,pc}
00000742	FUN_00000742	00000742	70b5	push {r4,r5,r6,lr}
00000742	FUN_00000742	00000744	0446	mov r4,r0
00000742	FUN_00000742	00000746	0e46	mov r6,r1
00000742	FUN_00000742	00000748	1546	mov r5,r2
00000742	FUN_00000742	0000074a	3146	mov r1,r6
00000742	FUN_00000742	0000074c	2046	mov r0,r4
00000742	FUN_00000742	0000074e	02f053fa	bl 0x00002bf8
00000742	FUN_00000742	00000752	1022	movs r2,#0x10
00000742	FUN_00000742	00000754	2946	mov r1,r5
00000742	FUN_00000742	00000756	04f1f000	add.w r0,r4,#0xf0
00000742	FUN_00000742	0000075a	fff7dffd	bl 0x0000031c
00000742	FUN_00000742	0000075e	70bd	pop {r4,r5,r6,pc}
00000760	FUN_00000760	00000760	70b5	push {r4,r5,r6,lr}
00000760	FUN_00000760	00000762	0446	mov r4,r0
00000760	FUN_00000760	00000764	0b46	mov r3,r1
00000760	FUN_00000760	00000766	0020	movs r0,#0x0
00000760	FUN_00000760	00000768	13e0	b 0x00000792
00000760	FUN_00000760	0000076a	0021	movs r1,#0x0
00000760	FUN_00000760	0000076c	0de0	b 0x0000078a
00000760	FUN_00000760	0000076e	2501	lsls r5,r4,#0x4
00000760	FUN_00000760	00000770	05eb8005	add.w r5,r5,r0, lsl #0x2
00000760	FUN_00000760	00000774	0d44	add r5,r1
00000760	FUN_00000760	00000776	555d	ldrb r5,[r2,r5]
00000760	FUN_00000760	00000778	03eb8006	add.w r6,r3,r0, lsl #0x2
00000760	FUN_00000760	0000077c	765c	ldrb r6,[r6,r1]
00000760	FUN_00000760	0000077e	7540	eors r5,r6
00000760	FUN_00000760	00000780	03eb8006	add.w r6,r3,r0, lsl #0x2
00000760	FUN_00000760	00000784	7554	strb r5,[r6,r1]
00000760	FUN_00000760	00000786	4d1c	adds r5,r1,#0x1
00000760	FUN_00000760	00000788	e9b2	uxtb r1,r5
00000760	FUN_00000760	0000078a	0429	cmp r1,#0x4
00000760	FUN_00000760	0000078c	efdb	blt 0x0000076e
00000760	FUN_00000760	0000078e	451c	adds r5,r0,#0x1
00000760	FUN_00000760	00000790	e8b2	uxtb r0,r5
00000760	FUN_00000760	00000792	0428	cmp r0,#0x4
00000760	FUN_00000760	00000794	e9db	blt 0x0000076a
00000760	FUN_00000760	00000796	70bd	pop {r4,r5,r6,pc}
00000798	FUN_00000798	00000798	2de9f041	push {r4,r5,r6,r7,r8,lr}
00000798	FUN_00000798	0000079c	b2b0	sub sp,#0xc8
00000798	FUN_00000798	0000079e	3822	movs r2,#0x38
00000798	FUN_00000798	000007a0	9849	ldr r1,[0x00000a04]
00000798	FUN_00000798	000007a2	6846	mov r0,sp
00000798	FUN_00000798	000007a4	fff7bafd	bl 0x0000031c
00000798	FUN_00000798	000007a8	0821	movs r1,#0x8
00000798	FUN_00000798	000007aa	0120	movs r0,#0x1
00000798	FUN_00000798	000007ac	00f09efd	bl 0x000012ec
00000798	FUN_00000798	000007b0	3222	movs r2,#0x32
00000798	FUN_00000798	000007b2	8021	movs r1,#0x80
00000798	FUN_00000798	000007b4	0120	movs r0,#0x1
00000798	FUN_00000798	000007b6	01f05bff	bl 0x00002670
00000798	FUN_00000798	000007ba	3322	movs r2,#0x33
00000798	FUN_00000798	000007bc	4021	movs r1,#0x40
00000798	FUN_00000798	000007be	0120	movs r0,#0x1
00000798	FUN_00000798	000007c0	01f056ff	bl 0x00002670
00000798	FUN_00000798	000007c4	0ea8	add r0,sp,#0x38
00000798	FUN_00000798	000007c6	03f05ffc	bl 0x00004088
00000798	FUN_00000798	000007ca	4ff47830	mov.w r0,#0x3e000
00000798	FUN_00000798	000007ce	006a	ldr r0,[r0,#0x20]
00000798	FUN_00000798	000007d0	8d49	ldr r1,[0x00000a08]
00000798	FUN_00000798	000007d2	0860	str r0,[r1,#0x0]
00000798	FUN_00000798	000007d4	0846	mov r0,r1
00000798	FUN_00000798	000007d6	0068	ldr r0,[r0,#0x0]
00000798	FUN_00000798	000007d8	b0f5006f	cmp.w r0,#0x800
00000798	FUN_00000798	000007dc	01d3	bcc 0x000007e2
00000798	FUN_00000798	000007de	0120	movs r0,#0x1
00000798	FUN_00000798	000007e0	0860	str r0,[r1,#0x0]
00000798	FUN_00000798	000007e2	4ff47830	mov.w r0,#0x3e000
00000798	FUN_00000798	000007e6	d0f88c80	ldr.w r8,[r0,#0x8c]
00000798	FUN_00000798	000007ea	08f10100	add.w r0,r8,#0x1
00000798	FUN_00000798	000007ee	08b9	cbnz r0,0x000007f4
00000798	FUN_00000798	000007f0	4ff00408	mov.w r8,#0x4
00000798	FUN_00000798	000007f4	b8f1040f	cmp.w r8,#0x4
00000798	FUN_00000798	000007f8	5bd8	bhi 0x000008b2
00000798	FUN_00000798	000007fa	b8f1050f	cmp.w r8,#0x5
00000798	FUN_00000798	000007fe	1dd2	bcs 0x0000083c
00000798	FUN_00000798	00000800	dfe808f0	tbb [pc,r8]
00000798	FUN_00000798	0000080a	0825	movs r5,#0x8
00000798	FUN_00000798	0000080c	3b24	movs r4,#0x3b
00000798	FUN_00000798	0000080e	1426	movs r6,#0x14
00000798	FUN_00000798	00000810	1427	movs r7,#0x14
00000798	FUN_00000798	00000812	18e0	b 0x00000846
00000798	FUN_00000798	00000814	0525	movs r5,#0x5
00000798	FUN_00000798	00000816	3b24	movs r4,#0x3b
00000798	FUN_00000798	00000818	1426	movs r6,#0x14
00000798	FUN_00000798	0000081a	1427	movs r7,#0x14
00000798	FUN_00000798	0000081c	13e0	b 0x00000846
00000798	FUN_00000798	0000081e	0425	movs r5,#0x4
00000798	FUN_00000798	00000820	3b24	movs r4,#0x3b
00000798	FUN_00000798	00000822	1426	movs r6,#0x14
00000798	FUN_00000798	00000824	1427	movs r7,#0x14
00000798	FUN_00000798	00000826	0ee0	b 0x00000846
00000798	FUN_00000798	00000828	0225	movs r5,#0x2
00000798	FUN_00000798	0000082a	3b24	movs r4,#0x3b
00000798	FUN_00000798	0000082c	1426	movs r6,#0x14
00000798	FUN_00000798	0000082e	1427	movs r7,#0x14
00000798	FUN_00000798	00000830	09e0	b 0x00000846
00000798	FUN_00000798	00000832	0125	movs r5,#0x1
00000798	FUN_00000798	00000834	3b24	movs r4,#0x3b
00000798	FUN_00000798	00000836	1426	movs r6,#0x14
00000798	FUN_00000798	00000838	1427	movs r7,#0x14
00000798	FUN_00000798	0000083a	04e0	b 0x00000846
00000798	FUN_00000798	0000083c	0125	movs r5,#0x1
00000798	FUN_00000798	0000083e	3b24	movs r4,#0x3b
00000798	FUN_00000798	00000840	1426	movs r6,#0x14
00000798	FUN_00000798	00000842	1427	movs r7,#0x14
00000798	FUN_00000798	00000844	00bf	nop
00000798	FUN_00000798	00000846	00bf	nop
00000798	FUN_00000798	00000848	0020	movs r0,#0x0
00000798	FUN_00000798	0000084a	0e90	str r0,[sp,#0x38]
00000798	FUN_00000798	0000084c	0f90	str r0,[sp,#0x3c]
00000798	FUN_00000798	0000084e	1395	str r5,[sp,#0x4c]
00000798	FUN_00000798	00000850	601c	adds r0,r4,#0x1
00000798	FUN_00000798	00000852	1490	str r0,[sp,#0x50]
00000798	FUN_00000798	00000854	1596	str r6,[sp,#0x54]
00000798	FUN_00000798	00000856	1697	str r7,[sp,#0x58]
00000798	FUN_00000798	00000858	0020	movs r0,#0x0
00000798	FUN_00000798	0000085a	1f90	str r0,[sp,#0x7c]
00000798	FUN_00000798	0000085c	0221	movs r1,#0x2
00000798	FUN_00000798	0000085e	0ea8	add r0,sp,#0x38
00000798	FUN_00000798	00000860	8164	str r1,[r0,#0x48]
00000798	FUN_00000798	00000862	0021	movs r1,#0x0
00000798	FUN_00000798	00000864	c164	str r1,[r0,#0x4c]
00000798	FUN_00000798	00000866	0321	movs r1,#0x3
00000798	FUN_00000798	00000868	0165	str r1,[r0,#0x50]
00000798	FUN_00000798	0000086a	0721	movs r1,#0x7
00000798	FUN_00000798	0000086c	4165	str r1,[r0,#0x54]
00000798	FUN_00000798	0000086e	0321	movs r1,#0x3
00000798	FUN_00000798	00000870	8165	str r1,[r0,#0x58]
00000798	FUN_00000798	00000872	0721	movs r1,#0x7
00000798	FUN_00000798	00000874	c165	str r1,[r0,#0x5c]
00000798	FUN_00000798	00000876	0321	movs r1,#0x3
00000798	FUN_00000798	00000878	0166	str r1,[r0,#0x60]
00000798	FUN_00000798	0000087a	0721	movs r1,#0x7
00000798	FUN_00000798	0000087c	4166	str r1,[r0,#0x64]
00000798	FUN_00000798	0000087e	0321	movs r1,#0x3
00000798	FUN_00000798	00000880	c166	str r1,[r0,#0x6c]
00000798	FUN_00000798	00000882	0021	movs r1,#0x0
00000798	FUN_00000798	00000884	0167	str r1,[r0,#0x70]
00000798	FUN_00000798	00000886	4167	str r1,[r0,#0x74]
00000798	FUN_00000798	00000888	0721	movs r1,#0x7
00000798	FUN_00000798	0000088a	8167	str r1,[r0,#0x78]
00000798	FUN_00000798	0000088c	0421	movs r1,#0x4
00000798	FUN_00000798	0000088e	8166	str r1,[r0,#0x68]
00000798	FUN_00000798	00000890	cdf8b8d0	str.w sp,[sp,#0xb8]
00000798	FUN_00000798	00000894	0121	movs r1,#0x1
00000798	FUN_00000798	00000896	3091	str r1,[sp,#0xc0]
00000798	FUN_00000798	00000898	0021	movs r1,#0x0
00000798	FUN_00000798	0000089a	0120	movs r0,#0x1
00000798	FUN_00000798	0000089c	01f07efc	bl 0x0000219c
00000798	FUN_00000798	000008a0	0121	movs r1,#0x1
00000798	FUN_00000798	000008a2	0846	mov r0,r1
00000798	FUN_00000798	000008a4	01f07afc	bl 0x0000219c
00000798	FUN_00000798	000008a8	0ea9	add r1,sp,#0x38
00000798	FUN_00000798	000008aa	5848	ldr r0,[0x00000a0c]
00000798	FUN_00000798	000008ac	02f0f4ff	bl 0x00003898
00000798	FUN_00000798	000008b0	6ee0	b 0x00000990
00000798	FUN_00000798	000008b2	a8f10500	sub.w r0,r8,#0x5
00000798	FUN_00000798	000008b6	0528	cmp r0,#0x5
00000798	FUN_00000798	000008b8	1dd2	bcs 0x000008f6
00000798	FUN_00000798	000008ba	dfe800f0	tbb [pc,r0]
00000798	FUN_00000798	000008c4	0125	movs r5,#0x1
00000798	FUN_00000798	000008c6	1f24	movs r4,#0x1f
00000798	FUN_00000798	000008c8	0826	movs r6,#0x8
00000798	FUN_00000798	000008ca	0827	movs r7,#0x8
00000798	FUN_00000798	000008cc	18e0	b 0x00000900
00000798	FUN_00000798	000008ce	0125	movs r5,#0x1
00000798	FUN_00000798	000008d0	1924	movs r4,#0x19
00000798	FUN_00000798	000008d2	0626	movs r6,#0x6
00000798	FUN_00000798	000008d4	0627	movs r7,#0x6
00000798	FUN_00000798	000008d6	13e0	b 0x00000900
00000798	FUN_00000798	000008d8	0125	movs r5,#0x1
00000798	FUN_00000798	000008da	1324	movs r4,#0x13
00000798	FUN_00000798	000008dc	0526	movs r6,#0x5
00000798	FUN_00000798	000008de	0527	movs r7,#0x5
00000798	FUN_00000798	000008e0	0ee0	b 0x00000900
00000798	FUN_00000798	000008e2	0125	movs r5,#0x1
00000798	FUN_00000798	000008e4	0f24	movs r4,#0xf
00000798	FUN_00000798	000008e6	0426	movs r6,#0x4
00000798	FUN_00000798	000008e8	0427	movs r7,#0x4
00000798	FUN_00000798	000008ea	09e0	b 0x00000900
00000798	FUN_00000798	000008ec	0125	movs r5,#0x1
00000798	FUN_00000798	000008ee	0c24	movs r4,#0xc
00000798	FUN_00000798	000008f0	0326	movs r6,#0x3
00000798	FUN_00000798	000008f2	0327	movs r7,#0x3
00000798	FUN_00000798	000008f4	04e0	b 0x00000900
00000798	FUN_00000798	000008f6	0125	movs r5,#0x1
00000798	FUN_00000798	000008f8	1f24	movs r4,#0x1f
00000798	FUN_00000798	000008fa	0826	movs r6,#0x8
00000798	FUN_00000798	000008fc	0827	movs r7,#0x8
00000798	FUN_00000798	000008fe	00bf	nop
00000798	FUN_00000798	00000900	00bf	nop
00000798	FUN_00000798	00000902	0020	movs r0,#0x0
00000798	FUN_00000798	00000904	0e90	str r0,[sp,#0x38]
00000798	FUN_00000798	00000906	4ff44070	mov.w r0,#0x300
00000798	FUN_00000798	0000090a	0f90	str r0,[sp,#0x3c]
00000798	FUN_00000798	0000090c	0120	movs r0,#0x1
00000798	FUN_00000798	0000090e	1390	str r0,[sp,#0x4c]
00000798	FUN_00000798	00000910	3c21	movs r1,#0x3c
00000798	FUN_00000798	00000912	1491	str r1,[sp,#0x50]
00000798	FUN_00000798	00000914	1421	movs r1,#0x14
00000798	FUN_00000798	00000916	1591	str r1,[sp,#0x54]
00000798	FUN_00000798	00000918	1691	str r1,[sp,#0x58]
00000798	FUN_00000798	0000091a	0020	movs r0,#0x0
00000798	FUN_00000798	0000091c	1790	str r0,[sp,#0x5c]
00000798	FUN_00000798	0000091e	0121	movs r1,#0x1
00000798	FUN_00000798	00000920	1891	str r1,[sp,#0x60]
00000798	FUN_00000798	00000922	601c	adds r0,r4,#0x1
00000798	FUN_00000798	00000924	1990	str r0,[sp,#0x64]
00000798	FUN_00000798	00000926	1a96	str r6,[sp,#0x68]
00000798	FUN_00000798	00000928	1b97	str r7,[sp,#0x6c]
00000798	FUN_00000798	0000092a	c905	lsls r1,r1,#0x17
00000798	FUN_00000798	0000092c	1c91	str r1,[sp,#0x70]
00000798	FUN_00000798	0000092e	05fb04f0	mul r0,r5,r4
00000798	FUN_00000798	00000932	1d90	str r0,[sp,#0x74]
00000798	FUN_00000798	00000934	0021	movs r1,#0x0
00000798	FUN_00000798	00000936	1e91	str r1,[sp,#0x78]
00000798	FUN_00000798	00000938	0020	movs r0,#0x0
00000798	FUN_00000798	0000093a	1f90	str r0,[sp,#0x7c]
00000798	FUN_00000798	0000093c	0221	movs r1,#0x2
00000798	FUN_00000798	0000093e	0ea8	add r0,sp,#0x38
00000798	FUN_00000798	00000940	8164	str r1,[r0,#0x48]
00000798	FUN_00000798	00000942	0021	movs r1,#0x0
00000798	FUN_00000798	00000944	c164	str r1,[r0,#0x4c]
00000798	FUN_00000798	00000946	0321	movs r1,#0x3
00000798	FUN_00000798	00000948	0165	str r1,[r0,#0x50]
00000798	FUN_00000798	0000094a	0721	movs r1,#0x7
00000798	FUN_00000798	0000094c	4165	str r1,[r0,#0x54]
00000798	FUN_00000798	0000094e	0321	movs r1,#0x3
00000798	FUN_00000798	00000950	8165	str r1,[r0,#0x58]
00000798	FUN_00000798	00000952	0721	movs r1,#0x7
00000798	FUN_00000798	00000954	c165	str r1,[r0,#0x5c]
00000798	FUN_00000798	00000956	0321	movs r1,#0x3
00000798	FUN_00000798	00000958	0166	str r1,[r0,#0x60]
00000798	FUN_00000798	0000095a	0721	movs r1,#0x7
00000798	FUN_00000798	0000095c	4166	str r1,[r0,#0x64]
00000798	FUN_00000798	0000095e	0321	movs r1,#0x3
00000798	FUN_00000798	00000960	c166	str r1,[r0,#0x6c]
00000798	FUN_00000798	00000962	0021	movs r1,#0x0
00000798	FUN_00000798	00000964	0167	str r1,[r0,#0x70]
00000798	FUN_00000798	00000966	4167	str r1,[r0,#0x74]
00000798	FUN_00000798	00000968	0721	movs r1,#0x7
00000798	FUN_00000798	0000096a	8167	str r1,[r0,#0x78]
00000798	FUN_00000798	0000096c	0421	movs r1,#0x4
00000798	FUN_00000798	0000096e	8166	str r1,[r0,#0x68]
00000798	FUN_00000798	00000970	cdf8b8d0	str.w sp,[sp,#0xb8]
00000798	FUN_00000798	00000974	0121	movs r1,#0x1
00000798	FUN_00000798	00000976	3091	str r1,[sp,#0xc0]
00000798	FUN_00000798	00000978	0021	movs r1,#0x0
00000798	FUN_00000798	0000097a	0120	movs r0,#0x1
00000798	FUN_00000798	0000097c	01f00efc	bl 0x0000219c
00000798	FUN_00000798	00000980	0121	movs r1,#0x1
00000798	FUN_00000798	00000982	0846	mov r0,r1
00000798	FUN_00000798	00000984	01f00afc	bl 0x0000219c
00000798	FUN_00000798	00000988	0ea9	add r1,sp,#0x38
00000798	FUN_00000798	0000098a	2048	ldr r0,[0x00000a0c]
00000798	FUN_00000798	0000098c	02f084ff	bl 0x00003898
00000798	FUN_00000798	00000990	0123	movs r3,#0x1
00000798	FUN_00000798	00000992	5a02	lsls r2,r3,#0x9
00000798	FUN_00000798	00000994	1946	mov r1,r3
00000798	FUN_00000798	00000996	1d48	ldr r0,[0x00000a0c]
00000798	FUN_00000798	00000998	03f0b0fb	bl 0x000040fc
00000798	FUN_00000798	0000099c	0123	movs r3,#0x1
00000798	FUN_00000798	0000099e	1a46	mov r2,r3
00000798	FUN_00000798	000009a0	1946	mov r1,r3
00000798	FUN_00000798	000009a2	1a48	ldr r0,[0x00000a0c]
00000798	FUN_00000798	000009a4	03f05cf9	bl 0x00003c60
00000798	FUN_00000798	000009a8	7620	movs r0,#0x76
00000798	FUN_00000798	000009aa	05f069fa	bl 0x00005e80
00000798	FUN_00000798	000009ae	7620	movs r0,#0x76
00000798	FUN_00000798	000009b0	0321	movs r1,#0x3
00000798	FUN_00000798	000009b2	0028	cmp r0,#0x0
00000798	FUN_00000798	000009b4	04db	blt 0x000009c0
00000798	FUN_00000798	000009b6	0a07	lsls r2,r1,#0x1c
00000798	FUN_00000798	000009b8	130e	lsrs r3,r2,#0x18
00000798	FUN_00000798	000009ba	154a	ldr r2,[0x00000a10]
00000798	FUN_00000798	000009bc	1354	strb r3,[r2,r0]
00000798	FUN_00000798	000009be	08e0	b 0x000009d2
00000798	FUN_00000798	000009c0	0a07	lsls r2,r1,#0x1c
00000798	FUN_00000798	000009c2	4fea126c	lsr.w r12,r2,#0x18
00000798	FUN_00000798	000009c6	134a	ldr r2,[0x00000a14]
00000798	FUN_00000798	000009c8	00f00f03	and r3,r0,#0xf
00000798	FUN_00000798	000009cc	1b1f	subs r3,r3,#0x4
00000798	FUN_00000798	000009ce	02f803c0	strb.w r12,[r2,r3]
00000798	FUN_00000798	000009d2	00bf	nop
00000798	FUN_00000798	000009d4	7620	movs r0,#0x76
00000798	FUN_00000798	000009d6	0028	cmp r0,#0x0
00000798	FUN_00000798	000009d8	0ddb	blt 0x000009f6
00000798	FUN_00000798	000009da	00bf	nop
00000798	FUN_00000798	000009dc	00bf	nop
00000798	FUN_00000798	000009de	00f01f02	and r2,r0,#0x1f
00000798	FUN_00000798	000009e2	0121	movs r1,#0x1
00000798	FUN_00000798	000009e4	9140	lsls r1,r2
00000798	FUN_00000798	000009e6	4209	lsrs r2,r0,#0x5
00000798	FUN_00000798	000009e8	9200	lsls r2,r2,#0x2
00000798	FUN_00000798	000009ea	02f1e022	add.w r2,r2,#0xe000e000
00000798	FUN_00000798	000009ee	c2f80011	str.w r1,[r2,#0x100]
00000798	FUN_00000798	000009f2	00bf	nop
00000798	FUN_00000798	000009f4	00bf	nop
00000798	FUN_00000798	000009f6	00bf	nop
00000798	FUN_00000798	000009f8	0448	ldr r0,[0x00000a0c]
00000798	FUN_00000798	000009fa	03f01bfb	bl 0x00004034
00000798	FUN_00000798	000009fe	32b0	add sp,#0xc8
00000798	FUN_00000798	00000a00	bde8f081	pop.w {r4,r5,r6,r7,r8,pc}
00000a18	FUN_00000a18	00000a18	00b5	push {lr}
00000a18	FUN_00000a18	00000a1a	87b0	sub sp,#0x1c
00000a18	FUN_00000a18	00000a1c	01a8	add r0,sp,#0x4
00000a18	FUN_00000a18	00000a1e	01f023ff	bl 0x00002868
00000a18	FUN_00000a18	00000a22	0021	movs r1,#0x0
00000a18	FUN_00000a18	00000a24	1020	movs r0,#0x10
00000a18	FUN_00000a18	00000a26	01f0d3fd	bl 0x000025d0
00000a18	FUN_00000a18	00000a2a	0021	movs r1,#0x0
00000a18	FUN_00000a18	00000a2c	0820	movs r0,#0x8
00000a18	FUN_00000a18	00000a2e	01f0cffd	bl 0x000025d0
00000a18	FUN_00000a18	00000a32	0021	movs r1,#0x0
00000a18	FUN_00000a18	00000a34	0420	movs r0,#0x4
00000a18	FUN_00000a18	00000a36	01f0cbfd	bl 0x000025d0
00000a18	FUN_00000a18	00000a3a	0220	movs r0,#0x2
00000a18	FUN_00000a18	00000a3c	adf80600	strh.w r0,[sp,#0x6]
00000a18	FUN_00000a18	00000a40	0020	movs r0,#0x0
00000a18	FUN_00000a18	00000a42	adf81600	strh.w r0,[sp,#0x16]
00000a18	FUN_00000a18	00000a46	adf80800	strh.w r0,[sp,#0x8]
00000a18	FUN_00000a18	00000a4a	01aa	add r2,sp,#0x4
00000a18	FUN_00000a18	00000a4c	4ff40051	mov.w r1,#0x2000
00000a18	FUN_00000a18	00000a50	0220	movs r0,#0x2
00000a18	FUN_00000a18	00000a52	01f051fc	bl 0x000022f8
00000a18	FUN_00000a18	00000a56	01aa	add r2,sp,#0x4
00000a18	FUN_00000a18	00000a58	0421	movs r1,#0x4
00000a18	FUN_00000a18	00000a5a	0520	movs r0,#0x5
00000a18	FUN_00000a18	00000a5c	01f04cfc	bl 0x000022f8
00000a18	FUN_00000a18	00000a60	4ff40051	mov.w r1,#0x2000
00000a18	FUN_00000a18	00000a64	0220	movs r0,#0x2
00000a18	FUN_00000a18	00000a66	01f077fd	bl 0x00002558
00000a18	FUN_00000a18	00000a6a	0421	movs r1,#0x4
00000a18	FUN_00000a18	00000a6c	0520	movs r0,#0x5
00000a18	FUN_00000a18	00000a6e	01f073fe	bl 0x00002758
00000a18	FUN_00000a18	00000a72	07b0	add sp,#0x1c
00000a18	FUN_00000a18	00000a74	00bd	pop {pc}
00000a78	FUN_00000a78	00000a78	00b5	push {lr}
00000a78	FUN_00000a78	00000a7a	8db0	sub sp,#0x34
00000a78	FUN_00000a78	00000a7c	4ff42f70	mov.w r0,#0x2bc
00000a78	FUN_00000a78	00000a80	04f05ef9	bl 0x00004d40
00000a78	FUN_00000a78	00000a84	02a8	add r0,sp,#0x8
00000a78	FUN_00000a78	00000a86	05f039f8	bl 0x00005afc
00000a78	FUN_00000a78	00000a8a	2122	movs r2,#0x21
00000a78	FUN_00000a78	00000a8c	4ff48051	mov.w r1,#0x1000
00000a78	FUN_00000a78	00000a90	0020	movs r0,#0x0
00000a78	FUN_00000a78	00000a92	01f0edfd	bl 0x00002670
00000a78	FUN_00000a78	00000a96	2022	movs r2,#0x20
00000a78	FUN_00000a78	00000a98	9101	lsls r1,r2,#0x6
00000a78	FUN_00000a78	00000a9a	0020	movs r0,#0x0
00000a78	FUN_00000a78	00000a9c	01f0e8fd	bl 0x00002670
00000a78	FUN_00000a78	00000aa0	0121	movs r1,#0x1
00000a78	FUN_00000a78	00000aa2	0805	lsls r0,r1,#0x14
00000a78	FUN_00000a78	00000aa4	01f0eefb	bl 0x00002284
00000a78	FUN_00000a78	00000aa8	0020	movs r0,#0x0
00000a78	FUN_00000a78	00000aaa	0290	str r0,[sp,#0x8]
00000a78	FUN_00000a78	00000aac	0390	str r0,[sp,#0xc]
00000a78	FUN_00000a78	00000aae	0690	str r0,[sp,#0x18]
00000a78	FUN_00000a78	00000ab0	0a90	str r0,[sp,#0x28]
00000a78	FUN_00000a78	00000ab2	0790	str r0,[sp,#0x1c]
00000a78	FUN_00000a78	00000ab4	0890	str r0,[sp,#0x20]
00000a78	FUN_00000a78	00000ab6	0990	str r0,[sp,#0x24]
00000a78	FUN_00000a78	00000ab8	4ff00040	mov.w r0,#0x80000000
00000a78	FUN_00000a78	00000abc	0b90	str r0,[sp,#0x2c]
00000a78	FUN_00000a78	00000abe	c00d	lsrs r0,r0,#0x17
00000a78	FUN_00000a78	00000ac0	0c90	str r0,[sp,#0x30]
00000a78	FUN_00000a78	00000ac2	0022	movs r2,#0x0
00000a78	FUN_00000a78	00000ac4	02a9	add r1,sp,#0x8
00000a78	FUN_00000a78	00000ac6	3a48	ldr r0,[0x00000bb0]
00000a78	FUN_00000a78	00000ac8	04f014ff	bl 0x000058f4
00000a78	FUN_00000a78	00000acc	0022	movs r2,#0x0
00000a78	FUN_00000a78	00000ace	4ff46121	mov.w r1,#0xe1000
00000a78	FUN_00000a78	00000ad2	3748	ldr r0,[0x00000bb0]
00000a78	FUN_00000a78	00000ad4	04f07efe	bl 0x000057d4
00000a78	FUN_00000a78	00000ad8	0028	cmp r0,#0x0
00000a78	FUN_00000a78	00000ada	64d1	bne 0x00000ba6
00000a78	FUN_00000a78	00000adc	0120	movs r0,#0x1
00000a78	FUN_00000a78	00000ade	adf80200	strh.w r0,[sp,#0x2]
00000a78	FUN_00000a78	00000ae2	3448	ldr r0,[0x00000bb4]
00000a78	FUN_00000a78	00000ae4	0190	str r0,[sp,#0x4]
00000a78	FUN_00000a78	00000ae6	4ff4a170	mov.w r0,#0x142
00000a78	FUN_00000a78	00000aea	adf80000	strh.w r0,[sp,#0x0]
00000a78	FUN_00000a78	00000aee	6846	mov r0,sp
00000a78	FUN_00000a78	00000af0	01f08eff	bl 0x00002a10
00000a78	FUN_00000a78	00000af4	bdf90200	ldrsh.w r0,[sp,#0x2]
00000a78	FUN_00000a78	00000af8	0121	movs r1,#0x1
00000a78	FUN_00000a78	00000afa	05f0f3f9	bl 0x00005ee4
00000a78	FUN_00000a78	00000afe	bdf90200	ldrsh.w r0,[sp,#0x2]
00000a78	FUN_00000a78	00000b02	05f0aff9	bl 0x00005e64
00000a78	FUN_00000a78	00000b06	bdf90200	ldrsh.w r0,[sp,#0x2]
00000a78	FUN_00000a78	00000b0a	05f0d9f9	bl 0x00005ec0
00000a78	FUN_00000a78	00000b0e	0220	movs r0,#0x2
00000a78	FUN_00000a78	00000b10	adf80200	strh.w r0,[sp,#0x2]
00000a78	FUN_00000a78	00000b14	2848	ldr r0,[0x00000bb8]
00000a78	FUN_00000a78	00000b16	0190	str r0,[sp,#0x4]
00000a78	FUN_00000a78	00000b18	40f24110	movw r0,#0x141
00000a78	FUN_00000a78	00000b1c	adf80000	strh.w r0,[sp,#0x0]
00000a78	FUN_00000a78	00000b20	6846	mov r0,sp
00000a78	FUN_00000a78	00000b22	01f075ff	bl 0x00002a10
00000a78	FUN_00000a78	00000b26	bdf90200	ldrsh.w r0,[sp,#0x2]
00000a78	FUN_00000a78	00000b2a	0121	movs r1,#0x1
00000a78	FUN_00000a78	00000b2c	05f0daf9	bl 0x00005ee4
00000a78	FUN_00000a78	00000b30	bdf90200	ldrsh.w r0,[sp,#0x2]
00000a78	FUN_00000a78	00000b34	05f096f9	bl 0x00005e64
00000a78	FUN_00000a78	00000b38	bdf90200	ldrsh.w r0,[sp,#0x2]
00000a78	FUN_00000a78	00000b3c	05f0c0f9	bl 0x00005ec0
00000a78	FUN_00000a78	00000b40	0320	movs r0,#0x3
00000a78	FUN_00000a78	00000b42	adf80200	strh.w r0,[sp,#0x2]
00000a78	FUN_00000a78	00000b46	1d48	ldr r0,[0x00000bbc]
00000a78	FUN_00000a78	00000b48	0190	str r0,[sp,#0x4]
00000a78	FUN_00000a78	00000b4a	4ff4a270	mov.w r0,#0x144
00000a78	FUN_00000a78	00000b4e	adf80000	strh.w r0,[sp,#0x0]
00000a78	FUN_00000a78	00000b52	6846	mov r0,sp
00000a78	FUN_00000a78	00000b54	01f05cff	bl 0x00002a10
00000a78	FUN_00000a78	00000b58	bdf90200	ldrsh.w r0,[sp,#0x2]
00000a78	FUN_00000a78	00000b5c	0f21	movs r1,#0xf
00000a78	FUN_00000a78	00000b5e	05f0c1f9	bl 0x00005ee4
00000a78	FUN_00000a78	00000b62	bdf90200	ldrsh.w r0,[sp,#0x2]
00000a78	FUN_00000a78	00000b66	05f07df9	bl 0x00005e64
00000a78	FUN_00000a78	00000b6a	bdf90200	ldrsh.w r0,[sp,#0x2]
00000a78	FUN_00000a78	00000b6e	05f0a7f9	bl 0x00005ec0
00000a78	FUN_00000a78	00000b72	0122	movs r2,#0x1
00000a78	FUN_00000a78	00000b74	0821	movs r1,#0x8
00000a78	FUN_00000a78	00000b76	0e48	ldr r0,[0x00000bb0]
00000a78	FUN_00000a78	00000b78	04f08efc	bl 0x00005498
00000a78	FUN_00000a78	00000b7c	0122	movs r2,#0x1
00000a78	FUN_00000a78	00000b7e	0421	movs r1,#0x4
00000a78	FUN_00000a78	00000b80	0b48	ldr r0,[0x00000bb0]
00000a78	FUN_00000a78	00000b82	04f089fc	bl 0x00005498
00000a78	FUN_00000a78	00000b86	0122	movs r2,#0x1
00000a78	FUN_00000a78	00000b88	2021	movs r1,#0x20
00000a78	FUN_00000a78	00000b8a	0948	ldr r0,[0x00000bb0]
00000a78	FUN_00000a78	00000b8c	04f084fc	bl 0x00005498
00000a78	FUN_00000a78	00000b90	0122	movs r2,#0x1
00000a78	FUN_00000a78	00000b92	1146	mov r1,r2
00000a78	FUN_00000a78	00000b94	0648	ldr r0,[0x00000bb0]
00000a78	FUN_00000a78	00000b96	04f07ffc	bl 0x00005498
00000a78	FUN_00000a78	00000b9a	0122	movs r2,#0x1
00000a78	FUN_00000a78	00000b9c	0221	movs r1,#0x2
00000a78	FUN_00000a78	00000b9e	0448	ldr r0,[0x00000bb0]
00000a78	FUN_00000a78	00000ba0	04f07afc	bl 0x00005498
00000a78	FUN_00000a78	00000ba4	02e0	b 0x00000bac
00000a78	FUN_00000a78	00000ba6	0120	movs r0,#0x1
00000a78	FUN_00000a78	00000ba8	0db0	add sp,#0x34
00000a78	FUN_00000a78	00000baa	00bd	pop {pc}
00000a78	FUN_00000a78	00000bac	0020	movs r0,#0x0
00000a78	FUN_00000a78	00000bae	fbe7	b 0x00000ba8
00000bc0	FUN_00000bc0	00000bc0	10b5	push {r4,lr}
00000bc0	FUN_00000bc0	00000bc2	6149	ldr r1,[0x00000d48]
00000bc0	FUN_00000bc0	00000bc4	614a	ldr r2,[0x00000d4c]
00000bc0	FUN_00000bc0	00000bc6	1288	ldrh r2,[r2,#0x0]
00000bc0	FUN_00000bc0	00000bc8	8818	adds r0,r1,r2
00000bc0	FUN_00000bc0	00000bca	6149	ldr r1,[0x00000d50]
00000bc0	FUN_00000bc0	00000bcc	0a68	ldr r2,[r1,#0x0]
00000bc0	FUN_00000bc0	00000bce	6149	ldr r1,[0x00000d54]
00000bc0	FUN_00000bc0	00000bd0	fff7a4fb	bl 0x0000031c
00000bc0	FUN_00000bc0	00000bd4	5d48	ldr r0,[0x00000d4c]
00000bc0	FUN_00000bc0	00000bd6	0088	ldrh r0,[r0,#0x0]
00000bc0	FUN_00000bc0	00000bd8	5d49	ldr r1,[0x00000d50]
00000bc0	FUN_00000bc0	00000bda	0988	ldrh r1,[r1,#0x0]
00000bc0	FUN_00000bc0	00000bdc	0844	add r0,r1
00000bc0	FUN_00000bc0	00000bde	5b49	ldr r1,[0x00000d4c]
00000bc0	FUN_00000bc0	00000be0	0880	strh r0,[r1,#0x0]
00000bc0	FUN_00000bc0	00000be2	5d48	ldr r0,[0x00000d58]
00000bc0	FUN_00000bc0	00000be4	0078	ldrb r0,[r0,#0x0]
00000bc0	FUN_00000bc0	00000be6	0128	cmp r0,#0x1
00000bc0	FUN_00000bc0	00000be8	7ed1	bne 0x00000ce8
00000bc0	FUN_00000bc0	00000bea	5c48	ldr r0,[0x00000d5c]
00000bc0	FUN_00000bc0	00000bec	0068	ldr r0,[r0,#0x0]
00000bc0	FUN_00000bc0	00000bee	5c49	ldr r1,[0x00000d60]
00000bc0	FUN_00000bc0	00000bf0	0968	ldr r1,[r1,#0x0]
00000bc0	FUN_00000bc0	00000bf2	8842	cmp r0,r1
00000bc0	FUN_00000bc0	00000bf4	26da	bge 0x00000c44
00000bc0	FUN_00000bc0	00000bf6	5b48	ldr r0,[0x00000d64]
00000bc0	FUN_00000bc0	00000bf8	0078	ldrb r0,[r0,#0x0]
00000bc0	FUN_00000bc0	00000bfa	98b1	cbz r0,0x00000c24
00000bc0	FUN_00000bc0	00000bfc	5a49	ldr r1,[0x00000d68]
00000bc0	FUN_00000bc0	00000bfe	0968	ldr r1,[r1,#0x0]
00000bc0	FUN_00000bc0	00000c00	4a1f	subs r2,r1,#0x5
00000bc0	FUN_00000bc0	00000c02	5a49	ldr r1,[0x00000d6c]
00000bc0	FUN_00000bc0	00000c04	554b	ldr r3,[0x00000d5c]
00000bc0	FUN_00000bc0	00000c06	1b68	ldr r3,[r3,#0x0]
00000bc0	FUN_00000bc0	00000c08	c818	adds r0,r1,r3
00000bc0	FUN_00000bc0	00000c0a	5249	ldr r1,[0x00000d54]
00000bc0	FUN_00000bc0	00000c0c	491d	adds r1,r1,#0x5
00000bc0	FUN_00000bc0	00000c0e	fff785fb	bl 0x0000031c
00000bc0	FUN_00000bc0	00000c12	5548	ldr r0,[0x00000d68]
00000bc0	FUN_00000bc0	00000c14	0068	ldr r0,[r0,#0x0]
00000bc0	FUN_00000bc0	00000c16	401f	subs r0,r0,#0x5
00000bc0	FUN_00000bc0	00000c18	5049	ldr r1,[0x00000d5c]
00000bc0	FUN_00000bc0	00000c1a	0860	str r0,[r1,#0x0]
00000bc0	FUN_00000bc0	00000c1c	0020	movs r0,#0x0
00000bc0	FUN_00000bc0	00000c1e	5149	ldr r1,[0x00000d64]
00000bc0	FUN_00000bc0	00000c20	0870	strb r0,[r1,#0x0]
00000bc0	FUN_00000bc0	00000c22	0fe0	b 0x00000c44
00000bc0	FUN_00000bc0	00000c24	5149	ldr r1,[0x00000d6c]
00000bc0	FUN_00000bc0	00000c26	4d4a	ldr r2,[0x00000d5c]
00000bc0	FUN_00000bc0	00000c28	1268	ldr r2,[r2,#0x0]
00000bc0	FUN_00000bc0	00000c2a	8818	adds r0,r1,r2
00000bc0	FUN_00000bc0	00000c2c	4849	ldr r1,[0x00000d50]
00000bc0	FUN_00000bc0	00000c2e	0a68	ldr r2,[r1,#0x0]
00000bc0	FUN_00000bc0	00000c30	4849	ldr r1,[0x00000d54]
00000bc0	FUN_00000bc0	00000c32	fff773fb	bl 0x0000031c
00000bc0	FUN_00000bc0	00000c36	4948	ldr r0,[0x00000d5c]
00000bc0	FUN_00000bc0	00000c38	0068	ldr r0,[r0,#0x0]
00000bc0	FUN_00000bc0	00000c3a	4549	ldr r1,[0x00000d50]
00000bc0	FUN_00000bc0	00000c3c	0968	ldr r1,[r1,#0x0]
00000bc0	FUN_00000bc0	00000c3e	0844	add r0,r1
00000bc0	FUN_00000bc0	00000c40	4649	ldr r1,[0x00000d5c]
00000bc0	FUN_00000bc0	00000c42	0860	str r0,[r1,#0x0]
00000bc0	FUN_00000bc0	00000c44	4548	ldr r0,[0x00000d5c]
00000bc0	FUN_00000bc0	00000c46	0168	ldr r1,[r0,#0x0]
00000bc0	FUN_00000bc0	00000c48	4548	ldr r0,[0x00000d60]
00000bc0	FUN_00000bc0	00000c4a	0068	ldr r0,[r0,#0x0]
00000bc0	FUN_00000bc0	00000c4c	401c	adds r0,r0,#0x1
00000bc0	FUN_00000bc0	00000c4e	8142	cmp r1,r0
00000bc0	FUN_00000bc0	00000c50	78d1	bne 0x00000d44
00000bc0	FUN_00000bc0	00000c52	4348	ldr r0,[0x00000d60]
00000bc0	FUN_00000bc0	00000c54	0168	ldr r1,[r0,#0x0]
00000bc0	FUN_00000bc0	00000c56	4548	ldr r0,[0x00000d6c]
00000bc0	FUN_00000bc0	00000c58	06f09efa	bl 0x00007198
00000bc0	FUN_00000bc0	00000c5c	4449	ldr r1,[0x00000d70]
00000bc0	FUN_00000bc0	00000c5e	0870	strb r0,[r1,#0x0]
00000bc0	FUN_00000bc0	00000c60	3f48	ldr r0,[0x00000d60]
00000bc0	FUN_00000bc0	00000c62	0068	ldr r0,[r0,#0x0]
00000bc0	FUN_00000bc0	00000c64	401d	adds r0,r0,#0x5
00000bc0	FUN_00000bc0	00000c66	3849	ldr r1,[0x00000d48]
00000bc0	FUN_00000bc0	00000c68	085c	ldrb r0,[r1,r0]
00000bc0	FUN_00000bc0	00000c6a	4149	ldr r1,[0x00000d70]
00000bc0	FUN_00000bc0	00000c6c	0978	ldrb r1,[r1,#0x0]
00000bc0	FUN_00000bc0	00000c6e	8842	cmp r0,r1
00000bc0	FUN_00000bc0	00000c70	51d1	bne 0x00000d16
00000bc0	FUN_00000bc0	00000c72	72b6	cpsid i
00000bc0	FUN_00000bc0	00000c74	0020	movs r0,#0x0
00000bc0	FUN_00000bc0	00000c76	3949	ldr r1,[0x00000d5c]
00000bc0	FUN_00000bc0	00000c78	0860	str r0,[r1,#0x0]
00000bc0	FUN_00000bc0	00000c7a	3749	ldr r1,[0x00000d58]
00000bc0	FUN_00000bc0	00000c7c	0870	strb r0,[r1,#0x0]
00000bc0	FUN_00000bc0	00000c7e	3d49	ldr r1,[0x00000d74]
00000bc0	FUN_00000bc0	00000c80	0870	strb r0,[r1,#0x0]
00000bc0	FUN_00000bc0	00000c82	3d48	ldr r0,[0x00000d78]
00000bc0	FUN_00000bc0	00000c84	0088	ldrh r0,[r0,#0x0]
00000bc0	FUN_00000bc0	00000c86	3d49	ldr r1,[0x00000d7c]
00000bc0	FUN_00000bc0	00000c88	0988	ldrh r1,[r1,#0x0]
00000bc0	FUN_00000bc0	00000c8a	401a	subs r0,r0,r1
00000bc0	FUN_00000bc0	00000c8c	4ff40031	mov.w r1,#0x20000
00000bc0	FUN_00000bc0	00000c90	01eb4030	add.w r0,r1,r0, lsl #0xd
00000bc0	FUN_00000bc0	00000c94	3a49	ldr r1,[0x00000d80]
00000bc0	FUN_00000bc0	00000c96	0860	str r0,[r1,#0x0]
00000bc0	FUN_00000bc0	00000c98	3148	ldr r0,[0x00000d60]
00000bc0	FUN_00000bc0	00000c9a	3449	ldr r1,[0x00000d6c]
00000bc0	FUN_00000bc0	00000c9c	0268	ldr r2,[r0,#0x0]
00000bc0	FUN_00000bc0	00000c9e	0846	mov r0,r1
00000bc0	FUN_00000bc0	00000ca0	05f08cff	bl 0x00006bbc
00000bc0	FUN_00000bc0	00000ca4	2e48	ldr r0,[0x00000d60]
00000bc0	FUN_00000bc0	00000ca6	3149	ldr r1,[0x00000d6c]
00000bc0	FUN_00000bc0	00000ca8	0268	ldr r2,[r0,#0x0]
00000bc0	FUN_00000bc0	00000caa	3548	ldr r0,[0x00000d80]
00000bc0	FUN_00000bc0	00000cac	0068	ldr r0,[r0,#0x0]
00000bc0	FUN_00000bc0	00000cae	fff79ffb	bl 0x000003f0
00000bc0	FUN_00000bc0	00000cb2	0020	movs r0,#0x0
00000bc0	FUN_00000bc0	00000cb4	3349	ldr r1,[0x00000d84]
00000bc0	FUN_00000bc0	00000cb6	0880	strh r0,[r1,#0x0]
00000bc0	FUN_00000bc0	00000cb8	3348	ldr r0,[0x00000d88]
00000bc0	FUN_00000bc0	00000cba	0088	ldrh r0,[r0,#0x0]
00000bc0	FUN_00000bc0	00000cbc	401c	adds r0,r0,#0x1
00000bc0	FUN_00000bc0	00000cbe	3249	ldr r1,[0x00000d88]
00000bc0	FUN_00000bc0	00000cc0	0880	strh r0,[r1,#0x0]
00000bc0	FUN_00000bc0	00000cc2	0020	movs r0,#0x0
00000bc0	FUN_00000bc0	00000cc4	2149	ldr r1,[0x00000d4c]
00000bc0	FUN_00000bc0	00000cc6	0880	strh r0,[r1,#0x0]
00000bc0	FUN_00000bc0	00000cc8	2749	ldr r1,[0x00000d68]
00000bc0	FUN_00000bc0	00000cca	0860	str r0,[r1,#0x0]
00000bc0	FUN_00000bc0	00000ccc	2e48	ldr r0,[0x00000d88]
00000bc0	FUN_00000bc0	00000cce	0288	ldrh r2,[r0,#0x0]
00000bc0	FUN_00000bc0	00000cd0	2ea1	adr r1,[0xd8c]
00000bc0	FUN_00000bc0	00000cd2	3148	ldr r0,[0x00000d98]
00000bc0	FUN_00000bc0	00000cd4	05f0a4f8	bl 0x00005e20
00000bc0	FUN_00000bc0	00000cd8	0822	movs r2,#0x8
00000bc0	FUN_00000bc0	00000cda	2f49	ldr r1,[0x00000d98]
00000bc0	FUN_00000bc0	00000cdc	40f2fe70	movw r0,#0x7fe
00000bc0	FUN_00000bc0	00000ce0	00f06af8	bl 0x00000db8
00000bc0	FUN_00000bc0	00000ce4	0120	movs r0,#0x1
00000bc0	FUN_00000bc0	00000ce6	00e0	b 0x00000cea
00000bc0	FUN_00000bc0	00000ce8	2ce0	b 0x00000d44
00000bc0	FUN_00000bc0	00000cea	00f093fe	bl 0x00001a14
00000bc0	FUN_00000bc0	00000cee	62b6	cpsie i
00000bc0	FUN_00000bc0	00000cf0	2248	ldr r0,[0x00000d7c]
00000bc0	FUN_00000bc0	00000cf2	0088	ldrh r0,[r0,#0x0]
00000bc0	FUN_00000bc0	00000cf4	30bb	cbnz r0,0x00000d44
00000bc0	FUN_00000bc0	00000cf6	1420	movs r0,#0x14
00000bc0	FUN_00000bc0	00000cf8	00f08cfe	bl 0x00001a14
00000bc0	FUN_00000bc0	00000cfc	0822	movs r2,#0x8
00000bc0	FUN_00000bc0	00000cfe	27a1	adr r1,[0xd9c]
00000bc0	FUN_00000bc0	00000d00	40f2fe70	movw r0,#0x7fe
00000bc0	FUN_00000bc0	00000d04	00f058f8	bl 0x00000db8
00000bc0	FUN_00000bc0	00000d08	0120	movs r0,#0x1
00000bc0	FUN_00000bc0	00000d0a	00f083fe	bl 0x00001a14
00000bc0	FUN_00000bc0	00000d0e	0120	movs r0,#0x1
00000bc0	FUN_00000bc0	00000d10	2549	ldr r1,[0x00000da8]
00000bc0	FUN_00000bc0	00000d12	0870	strb r0,[r1,#0x0]
00000bc0	FUN_00000bc0	00000d14	16e0	b 0x00000d44
00000bc0	FUN_00000bc0	00000d16	0020	movs r0,#0x0
00000bc0	FUN_00000bc0	00000d18	00e0	b 0x00000d1c
00000bc0	FUN_00000bc0	00000d1a	401c	adds r0,r0,#0x1
00000bc0	FUN_00000bc0	00000d1c	42f21071	movw r1,#0x2710
00000bc0	FUN_00000bc0	00000d20	8842	cmp r0,r1
00000bc0	FUN_00000bc0	00000d22	fad3	bcc 0x00000d1a
00000bc0	FUN_00000bc0	00000d24	0822	movs r2,#0x8
00000bc0	FUN_00000bc0	00000d26	21a1	adr r1,[0xdac]
00000bc0	FUN_00000bc0	00000d28	40f2fe70	movw r0,#0x7fe
00000bc0	FUN_00000bc0	00000d2c	00f044f8	bl 0x00000db8
00000bc0	FUN_00000bc0	00000d30	0120	movs r0,#0x1
00000bc0	FUN_00000bc0	00000d32	00f06ffe	bl 0x00001a14
00000bc0	FUN_00000bc0	00000d36	0020	movs r0,#0x0
00000bc0	FUN_00000bc0	00000d38	0449	ldr r1,[0x00000d4c]
00000bc0	FUN_00000bc0	00000d3a	0880	strh r0,[r1,#0x0]
00000bc0	FUN_00000bc0	00000d3c	0649	ldr r1,[0x00000d58]
00000bc0	FUN_00000bc0	00000d3e	0870	strb r0,[r1,#0x0]
00000bc0	FUN_00000bc0	00000d40	0c49	ldr r1,[0x00000d74]
00000bc0	FUN_00000bc0	00000d42	0870	strb r0,[r1,#0x0]
00000bc0	FUN_00000bc0	00000d44	10bd	pop {r4,pc}
00000db8	mcan_send_frame	00000db8	70b5	push {r4,r5,r6,lr}
00000db8	mcan_send_frame	00000dba	0446	mov r4,r0
00000db8	mcan_send_frame	00000dbc	0e46	mov r6,r1
00000db8	mcan_send_frame	00000dbe	1546	mov r5,r2
00000db8	mcan_send_frame	00000dc0	0848	ldr r0,[0x00000de4]
00000db8	mcan_send_frame	00000dc2	0460	str r4,[r0,#0x0]
00000db8	mcan_send_frame	00000dc4	c560	str r5,[r0,#0xc]
00000db8	mcan_send_frame	00000dc6	2a46	mov r2,r5
00000db8	mcan_send_frame	00000dc8	3146	mov r1,r6
00000db8	mcan_send_frame	00000dca	2830	adds r0,#0x28
00000db8	mcan_send_frame	00000dcc	fff7a6fa	bl 0x0000031c
00000db8	mcan_send_frame	00000dd0	0449	ldr r1,[0x00000de4]
00000db8	mcan_send_frame	00000dd2	0548	ldr r0,[0x00000de8]
00000db8	mcan_send_frame	00000dd4	02f092f8	bl 0x00002efc
00000db8	mcan_send_frame	00000dd8	0248	ldr r0,[0x00000de4]
00000db8	mcan_send_frame	00000dda	416a	ldr r1,[r0,#0x24]
00000db8	mcan_send_frame	00000ddc	0248	ldr r0,[0x00000de8]
00000db8	mcan_send_frame	00000dde	02f047fa	bl 0x00003270
00000db8	mcan_send_frame	00000de2	70bd	pop {r4,r5,r6,pc}
00000dec	FUN_00000dec	00000dec	08b5	push {r3,lr}
00000dec	FUN_00000dec	00000dee	0021	movs r1,#0x0
00000dec	FUN_00000dec	00000df0	0091	str r1,[sp,#0x0]
00000dec	FUN_00000dec	00000df2	02e0	b 0x00000dfa
00000dec	FUN_00000dec	00000df4	0099	ldr r1,[sp,#0x0]
00000dec	FUN_00000dec	00000df6	491c	adds r1,r1,#0x1
00000dec	FUN_00000dec	00000df8	0091	str r1,[sp,#0x0]
00000dec	FUN_00000dec	00000dfa	0099	ldr r1,[sp,#0x0]
00000dec	FUN_00000dec	00000dfc	8142	cmp r1,r0
00000dec	FUN_00000dec	00000dfe	f9d3	bcc 0x00000df4
00000dec	FUN_00000dec	00000e00	08bd	pop {r3,pc}
00000e02	FUN_00000e02	00000e02	70b5	push {r4,r5,r6,lr}
00000e02	FUN_00000e02	00000e04	0446	mov r4,r0
00000e02	FUN_00000e02	00000e06	0025	movs r5,#0x0
00000e02	FUN_00000e02	00000e08	0cb9	cbnz r4,0x00000e0e
00000e02	FUN_00000e02	00000e0a	ed1e	subs r5,r5,#0x3
00000e02	FUN_00000e02	00000e0c	02e0	b 0x00000e14
00000e02	FUN_00000e02	00000e0e	2046	mov r0,r4
00000e02	FUN_00000e02	00000e10	01f07afd	bl 0x00002908
00000e02	FUN_00000e02	00000e14	2846	mov r0,r5
00000e02	FUN_00000e02	00000e16	70bd	pop {r4,r5,r6,pc}
00000e18	FUN_00000e18	00000e18	2de9f041	push {r4,r5,r6,r7,r8,lr}
00000e18	FUN_00000e18	00000e1c	0146	mov r1,r0
00000e18	FUN_00000e18	00000e1e	0020	movs r0,#0x0
00000e18	FUN_00000e18	00000e20	09b9	cbnz r1,0x00000e26
00000e18	FUN_00000e18	00000e22	c01e	subs r0,r0,#0x3
00000e18	FUN_00000e18	00000e24	64e0	b 0x00000ef0
00000e18	FUN_00000e18	00000e26	dff8ccc0	ldr.w r12,[0x00000ef4]
00000e18	FUN_00000e18	00000e2a	dcf800c1	ldr.w r12,[r12,#0x100]
00000e18	FUN_00000e18	00000e2e	4fea1c75	lsr.w r5,r12,#0x1c
00000e18	FUN_00000e18	00000e32	dff8c0c0	ldr.w r12,[0x00000ef4]
00000e18	FUN_00000e18	00000e36	dcf800c1	ldr.w r12,[r12,#0x100]
00000e18	FUN_00000e18	00000e3a	ccf30366	ubfx r6,r12,#0x18,#0x4
00000e18	FUN_00000e18	00000e3e	dff8b4c0	ldr.w r12,[0x00000ef4]
00000e18	FUN_00000e18	00000e42	dcf800c1	ldr.w r12,[r12,#0x100]
00000e18	FUN_00000e18	00000e46	ccf30357	ubfx r7,r12,#0x14,#0x4
00000e18	FUN_00000e18	00000e4a	dff8a8c0	ldr.w r12,[0x00000ef4]
00000e18	FUN_00000e18	00000e4e	dcf800c1	ldr.w r12,[r12,#0x100]
00000e18	FUN_00000e18	00000e52	ccf30724	ubfx r4,r12,#0x8,#0x8
00000e18	FUN_00000e18	00000e56	dff89cc0	ldr.w r12,[0x00000ef4]
00000e18	FUN_00000e18	00000e5a	dcf800c1	ldr.w r12,[r12,#0x100]
00000e18	FUN_00000e18	00000e5e	0cf00303	and r3,r12,#0x3
00000e18	FUN_00000e18	00000e62	dff890c0	ldr.w r12,[0x00000ef4]
00000e18	FUN_00000e18	00000e66	dcf800c1	ldr.w r12,[r12,#0x100]
00000e18	FUN_00000e18	00000e6a	ccf3c01c	ubfx r12,r12,#0x7,#0x1
00000e18	FUN_00000e18	00000e6e	bcf1000f	cmp.w r12,#0x0
00000e18	FUN_00000e18	00000e72	01d1	bne 0x00000e78
00000e18	FUN_00000e18	00000e74	204a	ldr r2,[0x00000ef8]
00000e18	FUN_00000e18	00000e76	03e0	b 0x00000e80
00000e18	FUN_00000e18	00000e78	dff880c0	ldr.w r12,[0x00000efc]
00000e18	FUN_00000e18	00000e7c	dcf80020	ldr.w r2,[r12,#0x0]
00000e18	FUN_00000e18	00000e80	03f1010c	add.w r12,r3,#0x1
00000e18	FUN_00000e18	00000e84	b2fbfcfc	udiv r12,r2,r12
00000e18	FUN_00000e18	00000e88	c1f800c0	str.w r12,[r1,#0x0]
00000e18	FUN_00000e18	00000e8c	03f1010c	add.w r12,r3,#0x1
00000e18	FUN_00000e18	00000e90	b2fbfcfc	udiv r12,r2,r12
00000e18	FUN_00000e18	00000e94	04f10108	add.w r8,r4,#0x1
00000e18	FUN_00000e18	00000e98	0cfb08fc	mul r12,r12,r8
00000e18	FUN_00000e18	00000e9c	c1f804c0	str.w r12,[r1,#0x4]
00000e18	FUN_00000e18	00000ea0	03f1010c	add.w r12,r3,#0x1
00000e18	FUN_00000e18	00000ea4	b2fbfcfc	udiv r12,r2,r12
00000e18	FUN_00000e18	00000ea8	0cfb08fc	mul r12,r12,r8
00000e18	FUN_00000e18	00000eac	05f10108	add.w r8,r5,#0x1
00000e18	FUN_00000e18	00000eb0	bcfbf8fc	udiv r12,r12,r8
00000e18	FUN_00000e18	00000eb4	c1f808c0	str.w r12,[r1,#0x8]
00000e18	FUN_00000e18	00000eb8	03f1010c	add.w r12,r3,#0x1
00000e18	FUN_00000e18	00000ebc	b2fbfcfc	udiv r12,r2,r12
00000e18	FUN_00000e18	00000ec0	04f10108	add.w r8,r4,#0x1
00000e18	FUN_00000e18	00000ec4	0cfb08fc	mul r12,r12,r8
00000e18	FUN_00000e18	00000ec8	06f10108	add.w r8,r6,#0x1
00000e18	FUN_00000e18	00000ecc	bcfbf8fc	udiv r12,r12,r8
00000e18	FUN_00000e18	00000ed0	c1f80cc0	str.w r12,[r1,#0xc]
00000e18	FUN_00000e18	00000ed4	03f1010c	add.w r12,r3,#0x1
00000e18	FUN_00000e18	00000ed8	b2fbfcfc	udiv r12,r2,r12
00000e18	FUN_00000e18	00000edc	04f10108	add.w r8,r4,#0x1
00000e18	FUN_00000e18	00000ee0	0cfb08fc	mul r12,r12,r8
00000e18	FUN_00000e18	00000ee4	07f10108	add.w r8,r7,#0x1
00000e18	FUN_00000e18	00000ee8	bcfbf8fc	udiv r12,r12,r8
00000e18	FUN_00000e18	00000eec	c1f810c0	str.w r12,[r1,#0x10]
00000e18	FUN_00000e18	00000ef0	bde8f081	pop.w {r4,r5,r6,r7,r8,pc}
00000f00	FUN_00000f00	00000f00	10b5	push {r4,lr}
00000f00	FUN_00000f00	00000f02	0446	mov r4,r0
00000f00	FUN_00000f00	00000f04	00bf	nop
00000f00	FUN_00000f00	00000f06	24b1	cbz r4,0x00000f12
00000f00	FUN_00000f00	00000f08	44f02900	orr r0,r4,#0x29
00000f00	FUN_00000f00	00000f0c	2928	cmp r0,#0x29
00000f00	FUN_00000f00	00000f0e	00d1	bne 0x00000f12
00000f00	FUN_00000f00	00000f10	04e0	b 0x00000f1c
00000f00	FUN_00000f00	00000f12	40f20c51	movw r1,#0x50c
00000f00	FUN_00000f00	00000f16	06a0	adr r0,[0xf30]
00000f00	FUN_00000f00	00000f18	fff76ffa	bl 0x000003fa
00000f00	FUN_00000f00	00000f1c	00bf	nop
00000f00	FUN_00000f00	00000f1e	0b48	ldr r0,[0x00000f4c]
00000f00	FUN_00000f00	00000f20	0078	ldrb r0,[r0,#0x0]
00000f00	FUN_00000f00	00000f22	2040	ands r0,r4
00000f00	FUN_00000f00	00000f24	08b1	cbz r0,0x00000f2a
00000f00	FUN_00000f00	00000f26	0120	movs r0,#0x1
00000f00	FUN_00000f00	00000f28	10bd	pop {r4,pc}
00000f00	FUN_00000f00	00000f2a	0020	movs r0,#0x0
00000f00	FUN_00000f00	00000f2c	fce7	b 0x00000f28
00000f50	FUN_00000f50	00000f50	70b5	push {r4,r5,r6,lr}
00000f50	FUN_00000f50	00000f52	0446	mov r4,r0
00000f50	FUN_00000f50	00000f54	0025	movs r5,#0x0
00000f50	FUN_00000f50	00000f56	00bf	nop
00000f50	FUN_00000f50	00000f58	0cb1	cbz r4,0x00000f5e
00000f50	FUN_00000f50	00000f5a	012c	cmp r4,#0x1
00000f50	FUN_00000f50	00000f5c	00d1	bne 0x00000f60
00000f50	FUN_00000f50	00000f5e	04e0	b 0x00000f6a
00000f50	FUN_00000f50	00000f60	40f2c241	movw r1,#0x4c2
00000f50	FUN_00000f50	00000f64	1fa0	adr r0,[0xfe4]
00000f50	FUN_00000f50	00000f66	fff748fa	bl 0x000003fa
00000f50	FUN_00000f50	00000f6a	00bf	nop
00000f50	FUN_00000f50	00000f6c	00bf	nop
00000f50	FUN_00000f50	00000f6e	2448	ldr r0,[0x00001000]
00000f50	FUN_00000f50	00000f70	0088	ldrh r0,[r0,#0x0]
00000f50	FUN_00000f50	00000f72	00f00100	and r0,r0,#0x1
00000f50	FUN_00000f50	00000f76	00b1	cbz r0,0x00000f7a
00000f50	FUN_00000f50	00000f78	04e0	b 0x00000f84
00000f50	FUN_00000f50	00000f7a	40f2c341	movw r1,#0x4c3
00000f50	FUN_00000f50	00000f7e	19a0	adr r0,[0xfe4]
00000f50	FUN_00000f50	00000f80	fff73bfa	bl 0x000003fa
00000f50	FUN_00000f50	00000f84	00bf	nop
00000f50	FUN_00000f50	00000f86	64b9	cbnz r4,0x00000fa2
00000f50	FUN_00000f50	00000f88	1e48	ldr r0,[0x00001004]
00000f50	FUN_00000f50	00000f8a	0078	ldrb r0,[r0,#0x0]
00000f50	FUN_00000f50	00000f8c	00f00700	and r0,r0,#0x7
00000f50	FUN_00000f50	00000f90	0528	cmp r0,#0x5
00000f50	FUN_00000f50	00000f92	01d1	bne 0x00000f98
00000f50	FUN_00000f50	00000f94	c543	mvns r5,r0
00000f50	FUN_00000f50	00000f96	22e0	b 0x00000fde
00000f50	FUN_00000f50	00000f98	0120	movs r0,#0x1
00000f50	FUN_00000f50	00000f9a	1a49	ldr r1,[0x00001004]
00000f50	FUN_00000f50	00000f9c	091d	adds r1,r1,#0x4
00000f50	FUN_00000f50	00000f9e	0870	strb r0,[r1,#0x0]
00000f50	FUN_00000f50	00000fa0	1de0	b 0x00000fde
00000f50	FUN_00000f50	00000fa2	1848	ldr r0,[0x00001004]
00000f50	FUN_00000f50	00000fa4	da30	adds r0,#0xda
00000f50	FUN_00000f50	00000fa6	0068	ldr r0,[r0,#0x0]
00000f50	FUN_00000f50	00000fa8	c0f3c010	ubfx r0,r0,#0x7,#0x1
00000f50	FUN_00000f50	00000fac	30b9	cbnz r0,0x00000fbc
00000f50	FUN_00000f50	00000fae	4ff48051	mov.w r1,#0x1000
00000f50	FUN_00000f50	00000fb2	0820	movs r0,#0x8
00000f50	FUN_00000f50	00000fb4	00f008fa	bl 0x000013c8
00000f50	FUN_00000f50	00000fb8	0546	mov r5,r0
00000f50	FUN_00000f50	00000fba	05e0	b 0x00000fc8
00000f50	FUN_00000f50	00000fbc	4ff48051	mov.w r1,#0x1000
00000f50	FUN_00000f50	00000fc0	0120	movs r0,#0x1
00000f50	FUN_00000f50	00000fc2	00f001fa	bl 0x000013c8
00000f50	FUN_00000f50	00000fc6	0546	mov r5,r0
00000f50	FUN_00000f50	00000fc8	4db9	cbnz r5,0x00000fde
00000f50	FUN_00000f50	00000fca	0020	movs r0,#0x0
00000f50	FUN_00000f50	00000fcc	0d49	ldr r1,[0x00001004]
00000f50	FUN_00000f50	00000fce	091d	adds r1,r1,#0x4
00000f50	FUN_00000f50	00000fd0	0870	strb r0,[r1,#0x0]
00000f50	FUN_00000f50	00000fd2	4ff48051	mov.w r1,#0x1000
00000f50	FUN_00000f50	00000fd6	2020	movs r0,#0x20
00000f50	FUN_00000f50	00000fd8	00f0f6f9	bl 0x000013c8
00000f50	FUN_00000f50	00000fdc	0546	mov r5,r0
00000f50	FUN_00000f50	00000fde	2846	mov r0,r5
00000f50	FUN_00000f50	00000fe0	70bd	pop {r4,r5,r6,pc}
00001008	FUN_00001008	00001008	2de9f041	push {r4,r5,r6,r7,r8,lr}
00001008	FUN_00001008	0000100c	0446	mov r4,r0
00001008	FUN_00001008	0000100e	14b9	cbnz r4,0x00001016
00001008	FUN_00001008	00001010	6ff00206	mvn r6,#0x2
00001008	FUN_00001008	00001014	1ee1	b 0x00001254
00001008	FUN_00001008	00001016	00bf	nop
00001008	FUN_00001008	00001018	2079	ldrb r0,[r4,#0x4]
00001008	FUN_00001008	0000101a	c0f3c010	ubfx r0,r0,#0x7,#0x1
00001008	FUN_00001008	0000101e	18b1	cbz r0,0x00001028
00001008	FUN_00001008	00001020	2079	ldrb r0,[r4,#0x4]
00001008	FUN_00001008	00001022	c0f3c010	ubfx r0,r0,#0x7,#0x1
00001008	FUN_00001008	00001026	00b1	cbz r0,0x0000102a
00001008	FUN_00001008	00001028	04e0	b 0x00001034
00001008	FUN_00001008	0000102a	40f29541	movw r1,#0x495
00001008	FUN_00001008	0000102e	8ba0	adr r0,[0x125c]
00001008	FUN_00001008	00001030	fff7e3f9	bl 0x000003fa
00001008	FUN_00001008	00001034	00bf	nop
00001008	FUN_00001008	00001036	00bf	nop
00001008	FUN_00001008	00001038	2079	ldrb r0,[r4,#0x4]
00001008	FUN_00001008	0000103a	00f00300	and r0,r0,#0x3
00001008	FUN_00001008	0000103e	401c	adds r0,r0,#0x1
00001008	FUN_00001008	00001040	0428	cmp r0,#0x4
00001008	FUN_00001008	00001042	05d8	bhi 0x00001050
00001008	FUN_00001008	00001044	2079	ldrb r0,[r4,#0x4]
00001008	FUN_00001008	00001046	00f00300	and r0,r0,#0x3
00001008	FUN_00001008	0000104a	401c	adds r0,r0,#0x1
00001008	FUN_00001008	0000104c	00b1	cbz r0,0x00001050
00001008	FUN_00001008	0000104e	04e0	b 0x0000105a
00001008	FUN_00001008	00001050	40f29641	movw r1,#0x496
00001008	FUN_00001008	00001054	81a0	adr r0,[0x125c]
00001008	FUN_00001008	00001056	fff7d0f9	bl 0x000003fa
00001008	FUN_00001008	0000105a	00bf	nop
00001008	FUN_00001008	0000105c	00bf	nop
00001008	FUN_00001008	0000105e	6068	ldr r0,[r4,#0x4]
00001008	FUN_00001008	00001060	c0f30820	ubfx r0,r0,#0x8,#0x9
00001008	FUN_00001008	00001064	401c	adds r0,r0,#0x1
00001008	FUN_00001008	00001066	9628	cmp r0,#0x96
00001008	FUN_00001008	00001068	06d8	bhi 0x00001078
00001008	FUN_00001008	0000106a	6068	ldr r0,[r4,#0x4]
00001008	FUN_00001008	0000106c	c0f30820	ubfx r0,r0,#0x8,#0x9
00001008	FUN_00001008	00001070	401c	adds r0,r0,#0x1
00001008	FUN_00001008	00001072	1928	cmp r0,#0x19
00001008	FUN_00001008	00001074	00d3	bcc 0x00001078
00001008	FUN_00001008	00001076	04e0	b 0x00001082
00001008	FUN_00001008	00001078	40f29741	movw r1,#0x497
00001008	FUN_00001008	0000107c	77a0	adr r0,[0x125c]
00001008	FUN_00001008	0000107e	fff7bcf9	bl 0x000003fa
00001008	FUN_00001008	00001082	00bf	nop
00001008	FUN_00001008	00001084	00bf	nop
00001008	FUN_00001008	00001086	0121	movs r1,#0x1
00001008	FUN_00001008	00001088	6068	ldr r0,[r4,#0x4]
00001008	FUN_00001008	0000108a	01eb1070	add.w r0,r1,r0, lsr #0x1c
00001008	FUN_00001008	0000108e	1028	cmp r0,#0x10
00001008	FUN_00001008	00001090	05d8	bhi 0x0000109e
00001008	FUN_00001008	00001092	6068	ldr r0,[r4,#0x4]
00001008	FUN_00001008	00001094	01eb1070	add.w r0,r1,r0, lsr #0x1c
00001008	FUN_00001008	00001098	0228	cmp r0,#0x2
00001008	FUN_00001008	0000109a	00d3	bcc 0x0000109e
00001008	FUN_00001008	0000109c	04e0	b 0x000010a8
00001008	FUN_00001008	0000109e	4ff49361	mov.w r1,#0x498
00001008	FUN_00001008	000010a2	6ea0	adr r0,[0x125c]
00001008	FUN_00001008	000010a4	fff7a9f9	bl 0x000003fa
00001008	FUN_00001008	000010a8	00bf	nop
00001008	FUN_00001008	000010aa	2079	ldrb r0,[r4,#0x4]
00001008	FUN_00001008	000010ac	c0f3c010	ubfx r0,r0,#0x7,#0x1
00001008	FUN_00001008	000010b0	08b9	cbnz r0,0x000010b6
00001008	FUN_00001008	000010b2	7149	ldr r1,[0x00001278]
00001008	FUN_00001008	000010b4	01e0	b 0x000010ba
00001008	FUN_00001008	000010b6	7148	ldr r0,[0x0000127c]
00001008	FUN_00001008	000010b8	0168	ldr r1,[r0,#0x0]
00001008	FUN_00001008	000010ba	2079	ldrb r0,[r4,#0x4]
00001008	FUN_00001008	000010bc	00f00300	and r0,r0,#0x3
00001008	FUN_00001008	000010c0	401c	adds r0,r0,#0x1
00001008	FUN_00001008	000010c2	b1fbf0f7	udiv r7,r1,r0
00001008	FUN_00001008	000010c6	6068	ldr r0,[r4,#0x4]
00001008	FUN_00001008	000010c8	c0f30820	ubfx r0,r0,#0x8,#0x9
00001008	FUN_00001008	000010cc	401c	adds r0,r0,#0x1
00001008	FUN_00001008	000010ce	00fb07f5	mul r5,r0,r7
00001008	FUN_00001008	000010d2	00bf	nop
00001008	FUN_00001008	000010d4	6a48	ldr r0,[0x00001280]
00001008	FUN_00001008	000010d6	8742	cmp r7,r0
00001008	FUN_00001008	000010d8	03d8	bhi 0x000010e2
00001008	FUN_00001008	000010da	6748	ldr r0,[0x00001278]
00001008	FUN_00001008	000010dc	8742	cmp r7,r0
00001008	FUN_00001008	000010de	00d3	bcc 0x000010e2
00001008	FUN_00001008	000010e0	04e0	b 0x000010ec
00001008	FUN_00001008	000010e2	40f29d41	movw r1,#0x49d
00001008	FUN_00001008	000010e6	5da0	adr r0,[0x125c]
00001008	FUN_00001008	000010e8	fff787f9	bl 0x000003fa
00001008	FUN_00001008	000010ec	00bf	nop
00001008	FUN_00001008	000010ee	00bf	nop
00001008	FUN_00001008	000010f0	6448	ldr r0,[0x00001284]
00001008	FUN_00001008	000010f2	8542	cmp r5,r0
00001008	FUN_00001008	000010f4	03d8	bhi 0x000010fe
00001008	FUN_00001008	000010f6	4010	asrs r0,r0,#0x1
00001008	FUN_00001008	000010f8	8542	cmp r5,r0
00001008	FUN_00001008	000010fa	00d3	bcc 0x000010fe
00001008	FUN_00001008	000010fc	04e0	b 0x00001108
00001008	FUN_00001008	000010fe	40f29e41	movw r1,#0x49e
00001008	FUN_00001008	00001102	56a0	adr r0,[0x125c]
00001008	FUN_00001008	00001104	fff779f9	bl 0x000003fa
00001008	FUN_00001008	00001108	00bf	nop
00001008	FUN_00001008	0000110a	00bf	nop
00001008	FUN_00001008	0000110c	0121	movs r1,#0x1
00001008	FUN_00001008	0000110e	6068	ldr r0,[r4,#0x4]
00001008	FUN_00001008	00001110	01eb1070	add.w r0,r1,r0, lsr #0x1c
00001008	FUN_00001008	00001114	b5fbf0f0	udiv r0,r5,r0
00001008	FUN_00001008	00001118	5b49	ldr r1,[0x00001288]
00001008	FUN_00001008	0000111a	8842	cmp r0,r1
00001008	FUN_00001008	0000111c	09d8	bhi 0x00001132
00001008	FUN_00001008	0000111e	0121	movs r1,#0x1
00001008	FUN_00001008	00001120	6068	ldr r0,[r4,#0x4]
00001008	FUN_00001008	00001122	01eb1070	add.w r0,r1,r0, lsr #0x1c
00001008	FUN_00001008	00001126	b5fbf0f0	udiv r0,r5,r0
00001008	FUN_00001008	0000112a	5849	ldr r1,[0x0000128c]
00001008	FUN_00001008	0000112c	8842	cmp r0,r1
00001008	FUN_00001008	0000112e	00d3	bcc 0x00001132
00001008	FUN_00001008	00001130	04e0	b 0x0000113c
00001008	FUN_00001008	00001132	40f29f41	movw r1,#0x49f
00001008	FUN_00001008	00001136	49a0	adr r0,[0x125c]
00001008	FUN_00001008	00001138	fff75ff9	bl 0x000003fa
00001008	FUN_00001008	0000113c	00bf	nop
00001008	FUN_00001008	0000113e	00bf	nop
00001008	FUN_00001008	00001140	6068	ldr r0,[r4,#0x4]
00001008	FUN_00001008	00001142	c0f30360	ubfx r0,r0,#0x18,#0x4
00001008	FUN_00001008	00001146	401c	adds r0,r0,#0x1
00001008	FUN_00001008	00001148	1028	cmp r0,#0x10
00001008	FUN_00001008	0000114a	06d8	bhi 0x0000115a
00001008	FUN_00001008	0000114c	6068	ldr r0,[r4,#0x4]
00001008	FUN_00001008	0000114e	c0f30360	ubfx r0,r0,#0x18,#0x4
00001008	FUN_00001008	00001152	401c	adds r0,r0,#0x1
00001008	FUN_00001008	00001154	0228	cmp r0,#0x2
00001008	FUN_00001008	00001156	00d3	bcc 0x0000115a
00001008	FUN_00001008	00001158	04e0	b 0x00001164
00001008	FUN_00001008	0000115a	4ff49461	mov.w r1,#0x4a0
00001008	FUN_00001008	0000115e	3fa0	adr r0,[0x125c]
00001008	FUN_00001008	00001160	fff74bf9	bl 0x000003fa
00001008	FUN_00001008	00001164	00bf	nop
00001008	FUN_00001008	00001166	00bf	nop
00001008	FUN_00001008	00001168	6068	ldr r0,[r4,#0x4]
00001008	FUN_00001008	0000116a	c0f30350	ubfx r0,r0,#0x14,#0x4
00001008	FUN_00001008	0000116e	401c	adds r0,r0,#0x1
00001008	FUN_00001008	00001170	1028	cmp r0,#0x10
00001008	FUN_00001008	00001172	06d8	bhi 0x00001182
00001008	FUN_00001008	00001174	6068	ldr r0,[r4,#0x4]
00001008	FUN_00001008	00001176	c0f30350	ubfx r0,r0,#0x14,#0x4
00001008	FUN_00001008	0000117a	401c	adds r0,r0,#0x1
00001008	FUN_00001008	0000117c	0228	cmp r0,#0x2
00001008	FUN_00001008	0000117e	00d3	bcc 0x00001182
00001008	FUN_00001008	00001180	04e0	b 0x0000118c
00001008	FUN_00001008	00001182	40f2a141	movw r1,#0x4a1
00001008	FUN_00001008	00001186	35a0	adr r0,[0x125c]
00001008	FUN_00001008	00001188	fff737f9	bl 0x000003fa
00001008	FUN_00001008	0000118c	00bf	nop
00001008	FUN_00001008	0000118e	00bf	nop
00001008	FUN_00001008	00001190	6068	ldr r0,[r4,#0x4]
00001008	FUN_00001008	00001192	c0f30350	ubfx r0,r0,#0x14,#0x4
00001008	FUN_00001008	00001196	401c	adds r0,r0,#0x1
00001008	FUN_00001008	00001198	b5fbf0f0	udiv r0,r5,r0
00001008	FUN_00001008	0000119c	3a49	ldr r1,[0x00001288]
00001008	FUN_00001008	0000119e	8842	cmp r0,r1
00001008	FUN_00001008	000011a0	09d8	bhi 0x000011b6
00001008	FUN_00001008	000011a2	6068	ldr r0,[r4,#0x4]
00001008	FUN_00001008	000011a4	c0f30350	ubfx r0,r0,#0x14,#0x4
00001008	FUN_00001008	000011a8	401c	adds r0,r0,#0x1
00001008	FUN_00001008	000011aa	b5fbf0f0	udiv r0,r5,r0
00001008	FUN_00001008	000011ae	3749	ldr r1,[0x0000128c]
00001008	FUN_00001008	000011b0	8842	cmp r0,r1
00001008	FUN_00001008	000011b2	00d3	bcc 0x000011b6
00001008	FUN_00001008	000011b4	04e0	b 0x000011c0
00001008	FUN_00001008	000011b6	40f2a241	movw r1,#0x4a2
00001008	FUN_00001008	000011ba	28a0	adr r0,[0x125c]
00001008	FUN_00001008	000011bc	fff71df9	bl 0x000003fa
00001008	FUN_00001008	000011c0	00bf	nop
00001008	FUN_00001008	000011c2	00bf	nop
00001008	FUN_00001008	000011c4	6068	ldr r0,[r4,#0x4]
00001008	FUN_00001008	000011c6	c0f30360	ubfx r0,r0,#0x18,#0x4
00001008	FUN_00001008	000011ca	401c	adds r0,r0,#0x1
00001008	FUN_00001008	000011cc	b5fbf0f0	udiv r0,r5,r0
00001008	FUN_00001008	000011d0	2d49	ldr r1,[0x00001288]
00001008	FUN_00001008	000011d2	8842	cmp r0,r1
00001008	FUN_00001008	000011d4	09d8	bhi 0x000011ea
00001008	FUN_00001008	000011d6	6068	ldr r0,[r4,#0x4]
00001008	FUN_00001008	000011d8	c0f30360	ubfx r0,r0,#0x18,#0x4
00001008	FUN_00001008	000011dc	401c	adds r0,r0,#0x1
00001008	FUN_00001008	000011de	b5fbf0f0	udiv r0,r5,r0
00001008	FUN_00001008	000011e2	2a49	ldr r1,[0x0000128c]
00001008	FUN_00001008	000011e4	8842	cmp r0,r1
00001008	FUN_00001008	000011e6	00d3	bcc 0x000011ea
00001008	FUN_00001008	000011e8	04e0	b 0x000011f4
00001008	FUN_00001008	000011ea	40f2a341	movw r1,#0x4a3
00001008	FUN_00001008	000011ee	1ba0	adr r0,[0x125c]
00001008	FUN_00001008	000011f0	fff703f9	bl 0x000003fa
00001008	FUN_00001008	000011f4	00bf	nop
00001008	FUN_00001008	000011f6	00bf	nop
00001008	FUN_00001008	000011f8	2078	ldrb r0,[r4,#0x0]
00001008	FUN_00001008	000011fa	0128	cmp r0,#0x1
00001008	FUN_00001008	000011fc	01d0	beq 0x00001202
00001008	FUN_00001008	000011fe	2078	ldrb r0,[r4,#0x0]
00001008	FUN_00001008	00001200	00b9	cbnz r0,0x00001204
00001008	FUN_00001008	00001202	04e0	b 0x0000120e
00001008	FUN_00001008	00001204	40f2a541	movw r1,#0x4a5
00001008	FUN_00001008	00001208	14a0	adr r0,[0x125c]
00001008	FUN_00001008	0000120a	fff7f6f8	bl 0x000003fa
00001008	FUN_00001008	0000120e	00bf	nop
00001008	FUN_00001008	00001210	00bf	nop
00001008	FUN_00001008	00001212	1f48	ldr r0,[0x00001290]
00001008	FUN_00001008	00001214	0088	ldrh r0,[r0,#0x0]
00001008	FUN_00001008	00001216	00f00100	and r0,r0,#0x1
00001008	FUN_00001008	0000121a	00b1	cbz r0,0x0000121e
00001008	FUN_00001008	0000121c	04e0	b 0x00001228
00001008	FUN_00001008	0000121e	40f2a641	movw r1,#0x4a6
00001008	FUN_00001008	00001222	0ea0	adr r0,[0x125c]
00001008	FUN_00001008	00001224	fff7e9f8	bl 0x000003fa
00001008	FUN_00001008	00001228	00bf	nop
00001008	FUN_00001008	0000122a	2079	ldrb r0,[r4,#0x4]
00001008	FUN_00001008	0000122c	c109	lsrs r1,r0,#0x7
00001008	FUN_00001008	0000122e	1948	ldr r0,[0x00001294]
00001008	FUN_00001008	00001230	0068	ldr r0,[r0,#0x0]
00001008	FUN_00001008	00001232	61f3c710	bfi r0,r1,#0x7,#0x1
00001008	FUN_00001008	00001236	1749	ldr r1,[0x00001294]
00001008	FUN_00001008	00001238	0860	str r0,[r1,#0x0]
00001008	FUN_00001008	0000123a	6068	ldr r0,[r4,#0x4]
00001008	FUN_00001008	0000123c	0860	str r0,[r1,#0x0]
00001008	FUN_00001008	0000123e	2078	ldrb r0,[r4,#0x0]
00001008	FUN_00001008	00001240	20b9	cbnz r0,0x0000124c
00001008	FUN_00001008	00001242	0120	movs r0,#0x1
00001008	FUN_00001008	00001244	fff784fe	bl 0x00000f50
00001008	FUN_00001008	00001248	0646	mov r6,r0
00001008	FUN_00001008	0000124a	03e0	b 0x00001254
00001008	FUN_00001008	0000124c	0020	movs r0,#0x0
00001008	FUN_00001008	0000124e	fff77ffe	bl 0x00000f50
00001008	FUN_00001008	00001252	0646	mov r6,r0
00001008	FUN_00001008	00001254	3046	mov r0,r6
00001008	FUN_00001008	00001256	bde8f081	pop.w {r4,r5,r6,r7,r8,pc}
00001298	FUN_00001298	00001298	0146	mov r1,r0
00001298	FUN_00001298	0000129a	0020	movs r0,#0x0
00001298	FUN_00001298	0000129c	09b9	cbnz r1,0x000012a2
00001298	FUN_00001298	0000129e	c01e	subs r0,r0,#0x3
00001298	FUN_00001298	000012a0	22e0	b 0x000012e8
00001298	FUN_00001298	000012a2	0022	movs r2,#0x0
00001298	FUN_00001298	000012a4	4a60	str r2,[r1,#0x4]
00001298	FUN_00001298	000012a6	4a68	ldr r2,[r1,#0x4]
00001298	FUN_00001298	000012a8	22f08002	bic r2,r2,#0x80
00001298	FUN_00001298	000012ac	4a60	str r2,[r1,#0x4]
00001298	FUN_00001298	000012ae	4a68	ldr r2,[r1,#0x4]
00001298	FUN_00001298	000012b0	22f00302	bic r2,r2,#0x3
00001298	FUN_00001298	000012b4	4a60	str r2,[r1,#0x4]
00001298	FUN_00001298	000012b6	1323	movs r3,#0x13
00001298	FUN_00001298	000012b8	4a68	ldr r2,[r1,#0x4]
00001298	FUN_00001298	000012ba	63f31022	bfi r2,r3,#0x8,#0x9
00001298	FUN_00001298	000012be	4a60	str r2,[r1,#0x4]
00001298	FUN_00001298	000012c0	4a68	ldr r2,[r1,#0x4]
00001298	FUN_00001298	000012c2	22f07042	bic r2,r2,#0xf0000000
00001298	FUN_00001298	000012c6	02f18052	add.w r2,r2,#0x10000000
00001298	FUN_00001298	000012ca	4a60	str r2,[r1,#0x4]
00001298	FUN_00001298	000012cc	4a68	ldr r2,[r1,#0x4]
00001298	FUN_00001298	000012ce	22f07062	bic r2,r2,#0xf000000
00001298	FUN_00001298	000012d2	02f18072	add.w r2,r2,#0x1000000
00001298	FUN_00001298	000012d6	4a60	str r2,[r1,#0x4]
00001298	FUN_00001298	000012d8	4a68	ldr r2,[r1,#0x4]
00001298	FUN_00001298	000012da	22f47002	bic r2,r2,#0xf00000
00001298	FUN_00001298	000012de	02f58012	add.w r2,r2,#0x100000
00001298	FUN_00001298	000012e2	4a60	str r2,[r1,#0x4]
00001298	FUN_00001298	000012e4	0122	movs r2,#0x1
00001298	FUN_00001298	000012e6	0a70	strb r2,[r1,#0x0]
00001298	FUN_00001298	000012e8	7047	bx lr
000012ec	FUN_000012ec	000012ec	70b5	push {r4,r5,r6,lr}
000012ec	FUN_000012ec	000012ee	0546	mov r5,r0
000012ec	FUN_000012ec	000012f0	0c46	mov r4,r1
000012ec	FUN_000012ec	000012f2	0026	movs r6,#0x0
000012ec	FUN_000012ec	000012f4	00bf	nop
000012ec	FUN_000012ec	000012f6	012d	cmp r5,#0x1
000012ec	FUN_000012ec	000012f8	01d0	beq 0x000012fe
000012ec	FUN_000012ec	000012fa	022d	cmp r5,#0x2
000012ec	FUN_000012ec	000012fc	00d1	bne 0x00001300
000012ec	FUN_000012ec	000012fe	04e0	b 0x0000130a
000012ec	FUN_000012ec	00001300	40f2ab51	movw r1,#0x5ab
000012ec	FUN_000012ec	00001304	22a0	adr r0,[0x1390]
000012ec	FUN_000012ec	00001306	fff778f8	bl 0x000003fa
000012ec	FUN_000012ec	0000130a	00bf	nop
000012ec	FUN_000012ec	0000130c	00bf	nop
000012ec	FUN_000012ec	0000130e	012c	cmp r4,#0x1
000012ec	FUN_000012ec	00001310	11d0	beq 0x00001336
000012ec	FUN_000012ec	00001312	022c	cmp r4,#0x2
000012ec	FUN_000012ec	00001314	0fd0	beq 0x00001336
000012ec	FUN_000012ec	00001316	032c	cmp r4,#0x3
000012ec	FUN_000012ec	00001318	0dd0	beq 0x00001336
000012ec	FUN_000012ec	0000131a	042c	cmp r4,#0x4
000012ec	FUN_000012ec	0000131c	0bd0	beq 0x00001336
000012ec	FUN_000012ec	0000131e	052c	cmp r4,#0x5
000012ec	FUN_000012ec	00001320	09d0	beq 0x00001336
000012ec	FUN_000012ec	00001322	062c	cmp r4,#0x6
000012ec	FUN_000012ec	00001324	07d0	beq 0x00001336
000012ec	FUN_000012ec	00001326	072c	cmp r4,#0x7
000012ec	FUN_000012ec	00001328	05d0	beq 0x00001336
000012ec	FUN_000012ec	0000132a	082c	cmp r4,#0x8
000012ec	FUN_000012ec	0000132c	03d0	beq 0x00001336
000012ec	FUN_000012ec	0000132e	092c	cmp r4,#0x9
000012ec	FUN_000012ec	00001330	01d0	beq 0x00001336
000012ec	FUN_000012ec	00001332	0d2c	cmp r4,#0xd
000012ec	FUN_000012ec	00001334	00d1	bne 0x00001338
000012ec	FUN_000012ec	00001336	04e0	b 0x00001342
000012ec	FUN_000012ec	00001338	40f2ac51	movw r1,#0x5ac
000012ec	FUN_000012ec	0000133c	14a0	adr r0,[0x1390]
000012ec	FUN_000012ec	0000133e	fff75cf8	bl 0x000003fa
000012ec	FUN_000012ec	00001342	00bf	nop
000012ec	FUN_000012ec	00001344	00bf	nop
000012ec	FUN_000012ec	00001346	1948	ldr r0,[0x000013ac]
000012ec	FUN_000012ec	00001348	0088	ldrh r0,[r0,#0x0]
000012ec	FUN_000012ec	0000134a	00f00100	and r0,r0,#0x1
000012ec	FUN_000012ec	0000134e	00b1	cbz r0,0x00001352
000012ec	FUN_000012ec	00001350	04e0	b 0x0000135c
000012ec	FUN_000012ec	00001352	40f2ad51	movw r1,#0x5ad
000012ec	FUN_000012ec	00001356	0ea0	adr r0,[0x1390]
000012ec	FUN_000012ec	00001358	fff74ff8	bl 0x000003fa
000012ec	FUN_000012ec	0000135c	00bf	nop
000012ec	FUN_000012ec	0000135e	13e0	b 0x00001388
000012ec	FUN_000012ec	00001360	05f00100	and r0,r5,#0x1
000012ec	FUN_000012ec	00001364	70b1	cbz r0,0x00001384
000012ec	FUN_000012ec	00001366	1248	ldr r0,[0x000013b0]
000012ec	FUN_000012ec	00001368	018b	ldrh r1,[r0,#0x18]
000012ec	FUN_000012ec	0000136a	0f20	movs r0,#0xf
000012ec	FUN_000012ec	0000136c	b040	lsls r0,r6
000012ec	FUN_000012ec	0000136e	21ea0000	bic.w r0,r1,r0
000012ec	FUN_000012ec	00001372	04fa06f1	lsl.w r1,r4,r6
000012ec	FUN_000012ec	00001376	0f22	movs r2,#0xf
000012ec	FUN_000012ec	00001378	b240	lsls r2,r6
000012ec	FUN_000012ec	0000137a	92b2	uxth r2,r2
000012ec	FUN_000012ec	0000137c	1140	ands r1,r2
000012ec	FUN_000012ec	0000137e	0843	orrs r0,r1
000012ec	FUN_000012ec	00001380	0b49	ldr r1,[0x000013b0]
000012ec	FUN_000012ec	00001382	0883	strh r0,[r1,#0x18]
000012ec	FUN_000012ec	00001384	6d10	asrs r5,r5,#0x1
000012ec	FUN_000012ec	00001386	361d	adds r6,r6,#0x4
000012ec	FUN_000012ec	00001388	002d	cmp r5,#0x0
000012ec	FUN_000012ec	0000138a	e9d1	bne 0x00001360
000012ec	FUN_000012ec	0000138c	70bd	pop {r4,r5,r6,pc}
000013b4	FUN_000013b4	000013b4	70b5	push {r4,r5,r6,lr}
000013b4	FUN_000013b4	000013b6	0446	mov r4,r0
000013b4	FUN_000013b4	000013b8	0d46	mov r5,r1
000013b4	FUN_000013b4	000013ba	2946	mov r1,r5
000013b4	FUN_000013b4	000013bc	2046	mov r0,r4
000013b4	FUN_000013b4	000013be	02f0a9ff	bl 0x00004314
000013b4	FUN_000013b4	000013c2	03f049fc	bl 0x00004c58
000013b4	FUN_000013b4	000013c6	70bd	pop {r4,r5,r6,pc}
000013c8	FUN_000013c8	000013c8	f8b5	push {r3,r4,r5,r6,r7,lr}
000013c8	FUN_000013c8	000013ca	0546	mov r5,r0
000013c8	FUN_000013c8	000013cc	0c46	mov r4,r1
000013c8	FUN_000013c8	000013ce	0020	movs r0,#0x0
000013c8	FUN_000013c8	000013d0	0090	str r0,[sp,#0x0]
000013c8	FUN_000013c8	000013d2	6ff00706	mvn r6,#0x7
000013c8	FUN_000013c8	000013d6	09e0	b 0x000013ec
000013c8	FUN_000013c8	000013d8	2846	mov r0,r5
000013c8	FUN_000013c8	000013da	fff791fd	bl 0x00000f00
000013c8	FUN_000013c8	000013de	0128	cmp r0,#0x1
000013c8	FUN_000013c8	000013e0	01d1	bne 0x000013e6
000013c8	FUN_000013c8	000013e2	0026	movs r6,#0x0
000013c8	FUN_000013c8	000013e4	05e0	b 0x000013f2
000013c8	FUN_000013c8	000013e6	0098	ldr r0,[sp,#0x0]
000013c8	FUN_000013c8	000013e8	401c	adds r0,r0,#0x1
000013c8	FUN_000013c8	000013ea	0090	str r0,[sp,#0x0]
000013c8	FUN_000013c8	000013ec	0098	ldr r0,[sp,#0x0]
000013c8	FUN_000013c8	000013ee	a042	cmp r0,r4
000013c8	FUN_000013c8	000013f0	f2d9	bls 0x000013d8
000013c8	FUN_000013c8	000013f2	00bf	nop
000013c8	FUN_000013c8	000013f4	3046	mov r0,r6
000013c8	FUN_000013c8	000013f6	f8bd	pop {r3,r4,r5,r6,r7,pc}
000013f8	FUN_000013f8	000013f8	70b5	push {r4,r5,r6,lr}
000013f8	FUN_000013f8	000013fa	0446	mov r4,r0
000013f8	FUN_000013f8	000013fc	0025	movs r5,#0x0
000013f8	FUN_000013f8	000013fe	00bf	nop
000013f8	FUN_000013f8	00001400	0cb1	cbz r4,0x00001406
000013f8	FUN_000013f8	00001402	012c	cmp r4,#0x1
000013f8	FUN_000013f8	00001404	00d1	bne 0x00001408
000013f8	FUN_000013f8	00001406	04e0	b 0x00001412
000013f8	FUN_000013f8	00001408	4ff45171	mov.w r1,#0x344
000013f8	FUN_000013f8	0000140c	1ea0	adr r0,[0x1488]
000013f8	FUN_000013f8	0000140e	fef7f4ff	bl 0x000003fa
000013f8	FUN_000013f8	00001412	00bf	nop
000013f8	FUN_000013f8	00001414	00bf	nop
000013f8	FUN_000013f8	00001416	2348	ldr r0,[0x000014a4]
000013f8	FUN_000013f8	00001418	0088	ldrh r0,[r0,#0x0]
000013f8	FUN_000013f8	0000141a	00f00100	and r0,r0,#0x1
000013f8	FUN_000013f8	0000141e	00b1	cbz r0,0x00001422
000013f8	FUN_000013f8	00001420	04e0	b 0x0000142c
000013f8	FUN_000013f8	00001422	40f24531	movw r1,#0x345
000013f8	FUN_000013f8	00001426	18a0	adr r0,[0x1488]
000013f8	FUN_000013f8	00001428	fef7e7ff	bl 0x000003fa
000013f8	FUN_000013f8	0000142c	00bf	nop
000013f8	FUN_000013f8	0000142e	fcb9	cbnz r4,0x00001470
000013f8	FUN_000013f8	00001430	1d48	ldr r0,[0x000014a8]
000013f8	FUN_000013f8	00001432	0078	ldrb r0,[r0,#0x0]
000013f8	FUN_000013f8	00001434	00f00700	and r0,r0,#0x7
000013f8	FUN_000013f8	00001438	0328	cmp r0,#0x3
000013f8	FUN_000013f8	0000143a	02d1	bne 0x00001442
000013f8	FUN_000013f8	0000143c	6ff00505	mvn r5,#0x5
000013f8	FUN_000013f8	00001440	20e0	b 0x00001484
000013f8	FUN_000013f8	00001442	1948	ldr r0,[0x000014a8]
000013f8	FUN_000013f8	00001444	da30	adds r0,#0xda
000013f8	FUN_000013f8	00001446	0068	ldr r0,[r0,#0x0]
000013f8	FUN_000013f8	00001448	c0f3c010	ubfx r0,r0,#0x7,#0x1
000013f8	FUN_000013f8	0000144c	58b9	cbnz r0,0x00001466
000013f8	FUN_000013f8	0000144e	1648	ldr r0,[0x000014a8]
000013f8	FUN_000013f8	00001450	001d	adds r0,r0,#0x4
000013f8	FUN_000013f8	00001452	0078	ldrb r0,[r0,#0x0]
000013f8	FUN_000013f8	00001454	10b9	cbnz r0,0x0000145c
000013f8	FUN_000013f8	00001456	6ff00505	mvn r5,#0x5
000013f8	FUN_000013f8	0000145a	13e0	b 0x00001484
000013f8	FUN_000013f8	0000145c	0120	movs r0,#0x1
000013f8	FUN_000013f8	0000145e	1249	ldr r1,[0x000014a8]
000013f8	FUN_000013f8	00001460	0c31	adds r1,#0xc
000013f8	FUN_000013f8	00001462	0870	strb r0,[r1,#0x0]
000013f8	FUN_000013f8	00001464	0ee0	b 0x00001484
000013f8	FUN_000013f8	00001466	0120	movs r0,#0x1
000013f8	FUN_000013f8	00001468	0f49	ldr r1,[0x000014a8]
000013f8	FUN_000013f8	0000146a	0c31	adds r1,#0xc
000013f8	FUN_000013f8	0000146c	0870	strb r0,[r1,#0x0]
000013f8	FUN_000013f8	0000146e	09e0	b 0x00001484
000013f8	FUN_000013f8	00001470	0020	movs r0,#0x0
000013f8	FUN_000013f8	00001472	0d49	ldr r1,[0x000014a8]
000013f8	FUN_000013f8	00001474	0c31	adds r1,#0xc
000013f8	FUN_000013f8	00001476	0870	strb r0,[r1,#0x0]
000013f8	FUN_000013f8	00001478	4ff48051	mov.w r1,#0x1000
000013f8	FUN_000013f8	0000147c	0820	movs r0,#0x8
000013f8	FUN_000013f8	0000147e	fff7a3ff	bl 0x000013c8
000013f8	FUN_000013f8	00001482	0546	mov r5,r0
000013f8	FUN_000013f8	00001484	2846	mov r0,r5
000013f8	FUN_000013f8	00001486	70bd	pop {r4,r5,r6,pc}
000014ac	FUN_000014ac	000014ac	70b5	push {r4,r5,r6,lr}
000014ac	FUN_000014ac	000014ae	0446	mov r4,r0
000014ac	FUN_000014ac	000014b0	14b9	cbnz r4,0x000014b8
000014ac	FUN_000014ac	000014b2	6ff00205	mvn r5,#0x2
000014ac	FUN_000014ac	000014b6	71e0	b 0x0000159c
000014ac	FUN_000014ac	000014b8	00bf	nop
000014ac	FUN_000014ac	000014ba	2078	ldrb r0,[r4,#0x0]
000014ac	FUN_000014ac	000014bc	0128	cmp r0,#0x1
000014ac	FUN_000014ac	000014be	01d0	beq 0x000014c4
000014ac	FUN_000014ac	000014c0	2078	ldrb r0,[r4,#0x0]
000014ac	FUN_000014ac	000014c2	00b9	cbnz r0,0x000014c6
000014ac	FUN_000014ac	000014c4	04e0	b 0x000014d0
000014ac	FUN_000014ac	000014c6	40f22531	movw r1,#0x325
000014ac	FUN_000014ac	000014ca	35a0	adr r0,[0x15a0]
000014ac	FUN_000014ac	000014cc	fef795ff	bl 0x000003fa
000014ac	FUN_000014ac	000014d0	00bf	nop
000014ac	FUN_000014ac	000014d2	00bf	nop
000014ac	FUN_000014ac	000014d4	6078	ldrb r0,[r4,#0x1]
000014ac	FUN_000014ac	000014d6	40b1	cbz r0,0x000014ea
000014ac	FUN_000014ac	000014d8	6078	ldrb r0,[r4,#0x1]
000014ac	FUN_000014ac	000014da	1028	cmp r0,#0x10
000014ac	FUN_000014ac	000014dc	05d0	beq 0x000014ea
000014ac	FUN_000014ac	000014de	6078	ldrb r0,[r4,#0x1]
000014ac	FUN_000014ac	000014e0	2028	cmp r0,#0x20
000014ac	FUN_000014ac	000014e2	02d0	beq 0x000014ea
000014ac	FUN_000014ac	000014e4	6078	ldrb r0,[r4,#0x1]
000014ac	FUN_000014ac	000014e6	3028	cmp r0,#0x30
000014ac	FUN_000014ac	000014e8	00d1	bne 0x000014ec
000014ac	FUN_000014ac	000014ea	04e0	b 0x000014f6
000014ac	FUN_000014ac	000014ec	40f22631	movw r1,#0x326
000014ac	FUN_000014ac	000014f0	2ba0	adr r0,[0x15a0]
000014ac	FUN_000014ac	000014f2	fef782ff	bl 0x000003fa
000014ac	FUN_000014ac	000014f6	00bf	nop
000014ac	FUN_000014ac	000014f8	00bf	nop
000014ac	FUN_000014ac	000014fa	a078	ldrb r0,[r4,#0x2]
000014ac	FUN_000014ac	000014fc	10b1	cbz r0,0x00001504
000014ac	FUN_000014ac	000014fe	a078	ldrb r0,[r4,#0x2]
000014ac	FUN_000014ac	00001500	4028	cmp r0,#0x40
000014ac	FUN_000014ac	00001502	00d1	bne 0x00001506
000014ac	FUN_000014ac	00001504	04e0	b 0x00001510
000014ac	FUN_000014ac	00001506	40f22731	movw r1,#0x327
000014ac	FUN_000014ac	0000150a	25a0	adr r0,[0x15a0]
000014ac	FUN_000014ac	0000150c	fef775ff	bl 0x000003fa
000014ac	FUN_000014ac	00001510	00bf	nop
000014ac	FUN_000014ac	00001512	00bf	nop
000014ac	FUN_000014ac	00001514	e078	ldrb r0,[r4,#0x3]
000014ac	FUN_000014ac	00001516	0128	cmp r0,#0x1
000014ac	FUN_000014ac	00001518	17d0	beq 0x0000154a
000014ac	FUN_000014ac	0000151a	e078	ldrb r0,[r4,#0x3]
000014ac	FUN_000014ac	0000151c	0228	cmp r0,#0x2
000014ac	FUN_000014ac	0000151e	14d0	beq 0x0000154a
000014ac	FUN_000014ac	00001520	e078	ldrb r0,[r4,#0x3]
000014ac	FUN_000014ac	00001522	0328	cmp r0,#0x3
000014ac	FUN_000014ac	00001524	11d0	beq 0x0000154a
000014ac	FUN_000014ac	00001526	e078	ldrb r0,[r4,#0x3]
000014ac	FUN_000014ac	00001528	0428	cmp r0,#0x4
000014ac	FUN_000014ac	0000152a	0ed0	beq 0x0000154a
000014ac	FUN_000014ac	0000152c	e078	ldrb r0,[r4,#0x3]
000014ac	FUN_000014ac	0000152e	0528	cmp r0,#0x5
000014ac	FUN_000014ac	00001530	0bd0	beq 0x0000154a
000014ac	FUN_000014ac	00001532	e078	ldrb r0,[r4,#0x3]
000014ac	FUN_000014ac	00001534	0628	cmp r0,#0x6
000014ac	FUN_000014ac	00001536	08d0	beq 0x0000154a
000014ac	FUN_000014ac	00001538	e078	ldrb r0,[r4,#0x3]
000014ac	FUN_000014ac	0000153a	0728	cmp r0,#0x7
000014ac	FUN_000014ac	0000153c	05d0	beq 0x0000154a
000014ac	FUN_000014ac	0000153e	e078	ldrb r0,[r4,#0x3]
000014ac	FUN_000014ac	00001540	0828	cmp r0,#0x8
000014ac	FUN_000014ac	00001542	02d0	beq 0x0000154a
000014ac	FUN_000014ac	00001544	e078	ldrb r0,[r4,#0x3]
000014ac	FUN_000014ac	00001546	0928	cmp r0,#0x9
000014ac	FUN_000014ac	00001548	00d1	bne 0x0000154c
000014ac	FUN_000014ac	0000154a	04e0	b 0x00001556
000014ac	FUN_000014ac	0000154c	4ff44a71	mov.w r1,#0x328
000014ac	FUN_000014ac	00001550	13a0	adr r0,[0x15a0]
000014ac	FUN_000014ac	00001552	fef752ff	bl 0x000003fa
000014ac	FUN_000014ac	00001556	00bf	nop
000014ac	FUN_000014ac	00001558	00bf	nop
000014ac	FUN_000014ac	0000155a	1848	ldr r0,[0x000015bc]
000014ac	FUN_000014ac	0000155c	0088	ldrh r0,[r0,#0x0]
000014ac	FUN_000014ac	0000155e	00f00100	and r0,r0,#0x1
000014ac	FUN_000014ac	00001562	00b1	cbz r0,0x00001566
000014ac	FUN_000014ac	00001564	04e0	b 0x00001570
000014ac	FUN_000014ac	00001566	40f22931	movw r1,#0x329
000014ac	FUN_000014ac	0000156a	0da0	adr r0,[0x15a0]
000014ac	FUN_000014ac	0000156c	fef745ff	bl 0x000003fa
000014ac	FUN_000014ac	00001570	00bf	nop
000014ac	FUN_000014ac	00001572	e078	ldrb r0,[r4,#0x3]
000014ac	FUN_000014ac	00001574	1249	ldr r1,[0x000015c0]
000014ac	FUN_000014ac	00001576	0870	strb r0,[r1,#0x0]
000014ac	FUN_000014ac	00001578	6078	ldrb r0,[r4,#0x1]
000014ac	FUN_000014ac	0000157a	40f08000	orr r0,r0,#0x80
000014ac	FUN_000014ac	0000157e	a178	ldrb r1,[r4,#0x2]
000014ac	FUN_000014ac	00001580	0843	orrs r0,r1
000014ac	FUN_000014ac	00001582	1049	ldr r1,[0x000015c4]
000014ac	FUN_000014ac	00001584	0870	strb r0,[r1,#0x0]
000014ac	FUN_000014ac	00001586	2078	ldrb r0,[r4,#0x0]
000014ac	FUN_000014ac	00001588	20b9	cbnz r0,0x00001594
000014ac	FUN_000014ac	0000158a	0120	movs r0,#0x1
000014ac	FUN_000014ac	0000158c	fff734ff	bl 0x000013f8
000014ac	FUN_000014ac	00001590	0546	mov r5,r0
000014ac	FUN_000014ac	00001592	03e0	b 0x0000159c
000014ac	FUN_000014ac	00001594	0020	movs r0,#0x0
000014ac	FUN_000014ac	00001596	fff72fff	bl 0x000013f8
000014ac	FUN_000014ac	0000159a	0546	mov r5,r0
000014ac	FUN_000014ac	0000159c	2846	mov r0,r5
000014ac	FUN_000014ac	0000159e	70bd	pop {r4,r5,r6,pc}
000015c8	FUN_000015c8	000015c8	0146	mov r1,r0
000015c8	FUN_000015c8	000015ca	0020	movs r0,#0x0
000015c8	FUN_000015c8	000015cc	09b9	cbnz r1,0x000015d2
000015c8	FUN_000015c8	000015ce	c01e	subs r0,r0,#0x3
000015c8	FUN_000015c8	000015d0	06e0	b 0x000015e0
000015c8	FUN_000015c8	000015d2	0122	movs r2,#0x1
000015c8	FUN_000015c8	000015d4	0a70	strb r2,[r1,#0x0]
000015c8	FUN_000015c8	000015d6	0022	movs r2,#0x0
000015c8	FUN_000015c8	000015d8	8a70	strb r2,[r1,#0x2]
000015c8	FUN_000015c8	000015da	4a70	strb r2,[r1,#0x1]
000015c8	FUN_000015c8	000015dc	0522	movs r2,#0x5
000015c8	FUN_000015c8	000015de	ca70	strb r2,[r1,#0x3]
000015c8	FUN_000015c8	000015e0	7047	bx lr
000015e2	FUN_000015e2	000015e2	70b5	push {r4,r5,r6,lr}
000015e2	FUN_000015e2	000015e4	0546	mov r5,r0
000015e2	FUN_000015e2	000015e6	0e46	mov r6,r1
000015e2	FUN_000015e2	000015e8	0024	movs r4,#0x0
000015e2	FUN_000015e2	000015ea	3246	mov r2,r6
000015e2	FUN_000015e2	000015ec	2946	mov r1,r5
000015e2	FUN_000015e2	000015ee	0020	movs r0,#0x0
000015e2	FUN_000015e2	000015f0	fff7b6f8	bl 0x00000760
000015e2	FUN_000015e2	000015f4	0124	movs r4,#0x1
000015e2	FUN_000015e2	000015f6	0fe0	b 0x00001618
000015e2	FUN_000015e2	000015f8	2846	mov r0,r5
000015e2	FUN_000015e2	000015fa	03f003fb	bl 0x00004c04
000015e2	FUN_000015e2	000015fe	2846	mov r0,r5
000015e2	FUN_000015e2	00001600	03f008f9	bl 0x00004814
000015e2	FUN_000015e2	00001604	2846	mov r0,r5
000015e2	FUN_000015e2	00001606	02f001fe	bl 0x0000420c
000015e2	FUN_000015e2	0000160a	3246	mov r2,r6
000015e2	FUN_000015e2	0000160c	2946	mov r1,r5
000015e2	FUN_000015e2	0000160e	2046	mov r0,r4
000015e2	FUN_000015e2	00001610	fff7a6f8	bl 0x00000760
000015e2	FUN_000015e2	00001614	601c	adds r0,r4,#0x1
000015e2	FUN_000015e2	00001616	c4b2	uxtb r4,r0
000015e2	FUN_000015e2	00001618	0e2c	cmp r4,#0xe
000015e2	FUN_000015e2	0000161a	eddb	blt 0x000015f8
000015e2	FUN_000015e2	0000161c	2846	mov r0,r5
000015e2	FUN_000015e2	0000161e	03f0f1fa	bl 0x00004c04
000015e2	FUN_000015e2	00001622	2846	mov r0,r5
000015e2	FUN_000015e2	00001624	03f0f6f8	bl 0x00004814
000015e2	FUN_000015e2	00001628	3246	mov r2,r6
000015e2	FUN_000015e2	0000162a	2946	mov r1,r5
000015e2	FUN_000015e2	0000162c	0e20	movs r0,#0xe
000015e2	FUN_000015e2	0000162e	fff797f8	bl 0x00000760
000015e2	FUN_000015e2	00001632	70bd	pop {r4,r5,r6,pc}
00001634	FUN_00001634	00001634	0eb5	push {r1,r2,r3,lr}
00001634	FUN_00001634	00001636	02a8	add r0,sp,#0x8
00001634	FUN_00001634	00001638	fff7c6ff	bl 0x000015c8
00001634	FUN_00001634	0000163c	6846	mov r0,sp
00001634	FUN_00001634	0000163e	fff72bfe	bl 0x00001298
00001634	FUN_00001634	00001642	2949	ldr r1,[0x000016e8]
00001634	FUN_00001634	00001644	2948	ldr r0,[0x000016ec]
00001634	FUN_00001634	00001646	fff7b5fe	bl 0x000013b4
00001634	FUN_00001634	0000164a	0020	movs r0,#0x0
00001634	FUN_00001634	0000164c	8df80a00	strb.w r0,[sp,#0xa]
00001634	FUN_00001634	00001650	2020	movs r0,#0x20
00001634	FUN_00001634	00001652	8df80900	strb.w r0,[sp,#0x9]
00001634	FUN_00001634	00001656	0020	movs r0,#0x0
00001634	FUN_00001634	00001658	8df80800	strb.w r0,[sp,#0x8]
00001634	FUN_00001634	0000165c	0520	movs r0,#0x5
00001634	FUN_00001634	0000165e	8df80b00	strb.w r0,[sp,#0xb]
00001634	FUN_00001634	00001662	02a8	add r0,sp,#0x8
00001634	FUN_00001634	00001664	fff722ff	bl 0x000014ac
00001634	FUN_00001634	00001668	0020	movs r0,#0x0
00001634	FUN_00001634	0000166a	8df80000	strb.w r0,[sp,#0x0]
00001634	FUN_00001634	0000166e	0190	str r0,[sp,#0x4]
00001634	FUN_00001634	00001670	0198	ldr r0,[sp,#0x4]
00001634	FUN_00001634	00001672	20f00300	bic r0,r0,#0x3
00001634	FUN_00001634	00001676	0190	str r0,[sp,#0x4]
00001634	FUN_00001634	00001678	6321	movs r1,#0x63
00001634	FUN_00001634	0000167a	0198	ldr r0,[sp,#0x4]
00001634	FUN_00001634	0000167c	61f31020	bfi r0,r1,#0x8,#0x9
00001634	FUN_00001634	00001680	0190	str r0,[sp,#0x4]
00001634	FUN_00001634	00001682	0198	ldr r0,[sp,#0x4]
00001634	FUN_00001634	00001684	20f07040	bic r0,r0,#0xf0000000
00001634	FUN_00001634	00001688	00f14050	add.w r0,r0,#0x30000000
00001634	FUN_00001634	0000168c	0190	str r0,[sp,#0x4]
00001634	FUN_00001634	0000168e	0198	ldr r0,[sp,#0x4]
00001634	FUN_00001634	00001690	20f07060	bic r0,r0,#0xf000000
00001634	FUN_00001634	00001694	00f11060	add.w r0,r0,#0x9000000
00001634	FUN_00001634	00001698	0190	str r0,[sp,#0x4]
00001634	FUN_00001634	0000169a	0198	ldr r0,[sp,#0x4]
00001634	FUN_00001634	0000169c	20f47000	bic r0,r0,#0xf00000
00001634	FUN_00001634	000016a0	00f54010	add.w r0,r0,#0x300000
00001634	FUN_00001634	000016a4	0190	str r0,[sp,#0x4]
00001634	FUN_00001634	000016a6	0198	ldr r0,[sp,#0x4]
00001634	FUN_00001634	000016a8	20f08000	bic r0,r0,#0x80
00001634	FUN_00001634	000016ac	0190	str r0,[sp,#0x4]
00001634	FUN_00001634	000016ae	6846	mov r0,sp
00001634	FUN_00001634	000016b0	fff7aafc	bl 0x00001008
00001634	FUN_00001634	000016b4	00bf	nop
00001634	FUN_00001634	000016b6	40f22310	movw r0,#0x123
00001634	FUN_00001634	000016ba	0d49	ldr r1,[0x000016f0]
00001634	FUN_00001634	000016bc	0860	str r0,[r1,#0x0]
00001634	FUN_00001634	000016be	43f21020	movw r0,#0x3210
00001634	FUN_00001634	000016c2	0860	str r0,[r1,#0x0]
00001634	FUN_00001634	000016c4	00bf	nop
00001634	FUN_00001634	000016c6	0320	movs r0,#0x3
00001634	FUN_00001634	000016c8	00f000fd	bl 0x000020cc
00001634	FUN_00001634	000016cc	00bf	nop
00001634	FUN_00001634	000016ce	0020	movs r0,#0x0
00001634	FUN_00001634	000016d0	0749	ldr r1,[0x000016f0]
00001634	FUN_00001634	000016d2	0860	str r0,[r1,#0x0]
00001634	FUN_00001634	000016d4	00bf	nop
00001634	FUN_00001634	000016d6	4ff44050	mov.w r0,#0x3000
00001634	FUN_00001634	000016da	01f079f8	bl 0x000027d0
00001634	FUN_00001634	000016de	0520	movs r0,#0x5
00001634	FUN_00001634	000016e0	fef7befe	bl 0x00000460
00001634	FUN_00001634	000016e4	0ebd	pop {r1,r2,r3,pc}
000016f4	FUN_000016f4	000016f4	2de9fc47	push {r2,r3,r4,r5,r6,r7,r8,r9,r10,lr}
000016f4	FUN_000016f4	000016f8	0446	mov r4,r0
000016f4	FUN_000016f4	000016fa	0f46	mov r7,r1
000016f4	FUN_000016f4	000016fc	9046	mov r8,r2
000016f4	FUN_000016f4	000016fe	9946	mov r9,r3
000016f4	FUN_000016f4	00001700	dde90aa5	ldrd r10,r5,[sp,#0x28]
000016f4	FUN_000016f4	00001704	4ff0ff36	mov.w r6,#0xffffffff
000016f4	FUN_000016f4	00001708	1348	ldr r0,[0x00001758]
000016f4	FUN_000016f4	0000170a	8442	cmp r4,r0
000016f4	FUN_000016f4	0000170c	0ed0	beq 0x0000172c
000016f4	FUN_000016f4	0000170e	1348	ldr r0,[0x0000175c]
000016f4	FUN_000016f4	00001710	8442	cmp r4,r0
000016f4	FUN_000016f4	00001712	0bd0	beq 0x0000172c
000016f4	FUN_000016f4	00001714	1248	ldr r0,[0x00001760]
000016f4	FUN_000016f4	00001716	8442	cmp r4,r0
000016f4	FUN_000016f4	00001718	08d0	beq 0x0000172c
000016f4	FUN_000016f4	0000171a	1248	ldr r0,[0x00001764]
000016f4	FUN_000016f4	0000171c	8442	cmp r4,r0
000016f4	FUN_000016f4	0000171e	05d0	beq 0x0000172c
000016f4	FUN_000016f4	00001720	1148	ldr r0,[0x00001768]
000016f4	FUN_000016f4	00001722	8442	cmp r4,r0
000016f4	FUN_000016f4	00001724	02d0	beq 0x0000172c
000016f4	FUN_000016f4	00001726	1148	ldr r0,[0x0000176c]
000016f4	FUN_000016f4	00001728	8442	cmp r4,r0
000016f4	FUN_000016f4	0000172a	08d1	bne 0x0000173e
000016f4	FUN_000016f4	0000172c	4b46	mov r3,r9
000016f4	FUN_000016f4	0000172e	4246	mov r2,r8
000016f4	FUN_000016f4	00001730	3946	mov r1,r7
000016f4	FUN_000016f4	00001732	2046	mov r0,r4
000016f4	FUN_000016f4	00001734	cde900a5	strd r10,r5,[sp,#0x0]
000016f4	FUN_000016f4	00001738	00f01af8	bl 0x00001770
000016f4	FUN_000016f4	0000173c	0646	mov r6,r0
000016f4	FUN_000016f4	0000173e	3eb1	cbz r6,0x00001750
000016f4	FUN_000016f4	00001740	4b46	mov r3,r9
000016f4	FUN_000016f4	00001742	4246	mov r2,r8
000016f4	FUN_000016f4	00001744	3946	mov r1,r7
000016f4	FUN_000016f4	00001746	2046	mov r0,r4
000016f4	FUN_000016f4	00001748	0095	str r5,[sp,#0x0]
000016f4	FUN_000016f4	0000174a	00f0d3f8	bl 0x000018f4
000016f4	FUN_000016f4	0000174e	0646	mov r6,r0
000016f4	FUN_000016f4	00001750	3046	mov r0,r6
000016f4	FUN_000016f4	00001752	bde8fc87	pop.w {r2,r3,r4,r5,r6,r7,r8,r9,r10,pc}
00001770	FUN_00001770	00001770	2de9ff4f	push {r0,r1,r2,r3,r4,r5,r6,r7,r8,r9,r10,r11,lr}
00001770	FUN_00001770	00001774	2ded088b	vpush {d8,d9,d10,d11}
00001770	FUN_00001770	00001778	85b0	sub sp,#0x14
00001770	FUN_00001770	0000177a	0546	mov r5,r0
00001770	FUN_00001770	0000177c	6ff00200	mvn r0,#0x2
00001770	FUN_00001770	00001780	0190	str r0,[sp,#0x4]
00001770	FUN_00001770	00001782	00bf	nop
00001770	FUN_00001770	00001784	4d48	ldr r0,[0x000018bc]
00001770	FUN_00001770	00001786	8542	cmp r5,r0
00001770	FUN_00001770	00001788	0ed0	beq 0x000017a8
00001770	FUN_00001770	0000178a	4d48	ldr r0,[0x000018c0]
00001770	FUN_00001770	0000178c	8542	cmp r5,r0
00001770	FUN_00001770	0000178e	0bd0	beq 0x000017a8
00001770	FUN_00001770	00001790	4c48	ldr r0,[0x000018c4]
00001770	FUN_00001770	00001792	8542	cmp r5,r0
00001770	FUN_00001770	00001794	08d0	beq 0x000017a8
00001770	FUN_00001770	00001796	4c48	ldr r0,[0x000018c8]
00001770	FUN_00001770	00001798	8542	cmp r5,r0
00001770	FUN_00001770	0000179a	05d0	beq 0x000017a8
00001770	FUN_00001770	0000179c	4b48	ldr r0,[0x000018cc]
00001770	FUN_00001770	0000179e	8542	cmp r5,r0
00001770	FUN_00001770	000017a0	02d0	beq 0x000017a8
00001770	FUN_00001770	000017a2	4b48	ldr r0,[0x000018d0]
00001770	FUN_00001770	000017a4	8542	cmp r5,r0
00001770	FUN_00001770	000017a6	00d1	bne 0x000017aa
00001770	FUN_00001770	000017a8	04e0	b 0x000017b4
00001770	FUN_00001770	000017aa	40f28d21	movw r1,#0x28d
00001770	FUN_00001770	000017ae	49a0	adr r0,[0x18d4]
00001770	FUN_00001770	000017b0	fef723fe	bl 0x000003fa
00001770	FUN_00001770	000017b4	00bf	nop
00001770	FUN_00001770	000017b6	0e9c	ldr r4,[sp,#0x38]
00001770	FUN_00001770	000017b8	ddf83ca0	ldr.w r10,[sp,#0x3c]
00001770	FUN_00001770	000017bc	1098	ldr r0,[sp,#0x40]
00001770	FUN_00001770	000017be	0028	cmp r0,#0x0
00001770	FUN_00001770	000017c0	74d0	beq 0x000018ac
00001770	FUN_00001770	000017c2	1a98	ldr r0,[sp,#0x68]
00001770	FUN_00001770	000017c4	0028	cmp r0,#0x0
00001770	FUN_00001770	000017c6	71d0	beq 0x000018ac
00001770	FUN_00001770	000017c8	002c	cmp r4,#0x0
00001770	FUN_00001770	000017ca	6fd0	beq 0x000018ac
00001770	FUN_00001770	000017cc	baf1000f	cmp.w r10,#0x0
00001770	FUN_00001770	000017d0	6cd0	beq 0x000018ac
00001770	FUN_00001770	000017d2	4fea8a00	lsl.w r0,r10,#0x2
00001770	FUN_00001770	000017d6	b4fbf0f0	udiv r0,r4,r0
00001770	FUN_00001770	000017da	461e	subs r6,r0,#0x1
00001770	FUN_00001770	000017dc	002e	cmp r6,#0x0
00001770	FUN_00001770	000017de	65d0	beq 0x000018ac
00001770	FUN_00001770	000017e0	ff2e	cmp r6,#0xff
00001770	FUN_00001770	000017e2	63d8	bhi 0x000018ac
00001770	FUN_00001770	000017e4	0020	movs r0,#0x0
00001770	FUN_00001770	000017e6	711c	adds r1,r6,#0x1
00001770	FUN_00001770	000017e8	40eb000c	adc.w r12,r0,r0
00001770	FUN_00001770	000017ec	0423	movs r3,#0x4
00001770	FUN_00001770	000017ee	0022	movs r2,#0x0
00001770	FUN_00001770	000017f0	a1fb030b	umull r0,r11,r1,r3
00001770	FUN_00001770	000017f4	0cfb03b3	mla r3,r12,r3,r11
00001770	FUN_00001770	000017f8	01fb0232	mla r2,r1,r2,r3
00001770	FUN_00001770	000017fc	0021	movs r1,#0x0
00001770	FUN_00001770	000017fe	a0fb0a83	umull r8,r3,r0,r10
00001770	FUN_00001770	00001802	02fb0a32	mla r2,r2,r10,r3
00001770	FUN_00001770	00001806	00fb0129	mla r9,r0,r1,r2
00001770	FUN_00001770	0000180a	4ff48070	mov.w r0,#0x100
00001770	FUN_00001770	0000180e	a8fb0023	umull r2,r3,r8,r0
00001770	FUN_00001770	00001812	09fb0030	mla r0,r9,r0,r3
00001770	FUN_00001770	00001816	08fb0100	mla r0,r8,r1,r0
00001770	FUN_00001770	0000181a	4908	lsrs r1,r1,#0x1
00001770	FUN_00001770	0000181c	4fea3403	rrx r3,r4
00001770	FUN_00001770	00001820	12eb030b	adds.w r11,r2,r3
00001770	FUN_00001770	00001824	4141	adcs r1,r0
00001770	FUN_00001770	00001826	2246	mov r2,r4
00001770	FUN_00001770	00001828	0023	movs r3,#0x0
00001770	FUN_00001770	0000182a	5846	mov r0,r11
00001770	FUN_00001770	0000182c	fef736fd	bl 0x0000029c
00001770	FUN_00001770	00001830	8021	movs r1,#0x80
00001770	FUN_00001770	00001832	471a	subs r7,r0,r1
00001770	FUN_00001770	00001834	7f2f	cmp r7,#0x7f
00001770	FUN_00001770	00001836	39d8	bhi 0x000018ac
00001770	FUN_00001770	00001838	1098	ldr r0,[sp,#0x40]
00001770	FUN_00001770	0000183a	0660	str r6,[r0,#0x0]
00001770	FUN_00001770	0000183c	1a98	ldr r0,[sp,#0x68]
00001770	FUN_00001770	0000183e	0760	str r7,[r0,#0x0]
00001770	FUN_00001770	00001840	1b98	ldr r0,[sp,#0x6c]
00001770	FUN_00001770	00001842	88b3	cbz r0,0x000018a8
00001770	FUN_00001770	00001844	4a00	lsls r2,r1,#0x1
00001770	FUN_00001770	00001846	4ff0000c	mov.w r12,#0x0
00001770	FUN_00001770	0000184a	4346	mov r3,r8
00001770	FUN_00001770	0000184c	a3fb020b	umull r0,r11,r3,r2
00001770	FUN_00001770	00001850	09fb02b1	mla r1,r9,r2,r11
00001770	FUN_00001770	00001854	08fb0c19	mla r9,r8,r12,r1
00001770	FUN_00001770	00001858	8046	mov r8,r0
00001770	FUN_00001770	0000185a	0020	movs r0,#0x0
00001770	FUN_00001770	0000185c	8022	movs r2,#0x80
00001770	FUN_00001770	0000185e	b918	adds r1,r7,r2
00001770	FUN_00001770	00001860	40eb0003	adc.w r3,r0,r0
00001770	FUN_00001770	00001864	0022	movs r2,#0x0
00001770	FUN_00001770	00001866	a1fb040c	umull r0,r12,r1,r4
00001770	FUN_00001770	0000186a	03fb04c3	mla r3,r3,r4,r12
00001770	FUN_00001770	0000186e	01fb0231	mla r1,r1,r2,r3
00001770	FUN_00001770	00001872	cde90201	strd r0,r1,[sp,#0x8]
00001770	FUN_00001770	00001876	4046	mov r0,r8
00001770	FUN_00001770	00001878	4946	mov r1,r9
00001770	FUN_00001770	0000187a	fef76efd	bl 0x0000035a
00001770	FUN_00001770	0000187e	41ec1a0b	vmov d10,r0,r1
00001770	FUN_00001770	00001882	dde90201	ldrd r0,r1,[sp,#0x8]
00001770	FUN_00001770	00001886	fef768fd	bl 0x0000035a
00001770	FUN_00001770	0000188a	53ec1a2b	vmov r2,r3,d10
00001770	FUN_00001770	0000188e	fef7effd	bl 0x00000470
00001770	FUN_00001770	00001892	fef76efd	bl 0x00000372
00001770	FUN_00001770	00001896	00ee100a	vmov s0,r0
00001770	FUN_00001770	0000189a	f7ee000a	vmov.f32 s1,0x3f800000
00001770	FUN_00001770	0000189e	30ee608a	vsub.f32 s16,s0,s1
00001770	FUN_00001770	000018a2	1b98	ldr r0,[sp,#0x6c]
00001770	FUN_00001770	000018a4	80ed008a	vstr.32 s16,[r0]
00001770	FUN_00001770	000018a8	0020	movs r0,#0x0
00001770	FUN_00001770	000018aa	0190	str r0,[sp,#0x4]
00001770	FUN_00001770	000018ac	0198	ldr r0,[sp,#0x4]
00001770	FUN_00001770	000018ae	05b0	add sp,#0x14
00001770	FUN_00001770	000018b0	bdec088b	vpop {d8,d9,d10,d11}
00001770	FUN_00001770	000018b4	04b0	add sp,#0x10
00001770	FUN_00001770	000018b6	bde8f08f	pop.w {r4,r5,r6,r7,r8,r9,r10,r11,pc}
000018f4	FUN_000018f4	000018f4	2de9ff4f	push {r0,r1,r2,r3,r4,r5,r6,r7,r8,r9,r10,r11,lr}
000018f4	FUN_000018f4	000018f8	2ded088b	vpush {d8,d9,d10,d11}
000018f4	FUN_000018f4	000018fc	81b0	sub sp,#0x4
000018f4	FUN_000018f4	000018fe	0446	mov r4,r0
000018f4	FUN_000018f4	00001900	8b46	mov r11,r1
000018f4	FUN_000018f4	00001902	9a46	mov r10,r3
000018f4	FUN_000018f4	00001904	6ff00200	mvn r0,#0x2
000018f4	FUN_000018f4	00001908	0090	str r0,[sp,#0x0]
000018f4	FUN_000018f4	0000190a	00bf	nop
000018f4	FUN_000018f4	0000190c	3348	ldr r0,[0x000019dc]
000018f4	FUN_000018f4	0000190e	8442	cmp r4,r0
000018f4	FUN_000018f4	00001910	0ed0	beq 0x00001930
000018f4	FUN_000018f4	00001912	3348	ldr r0,[0x000019e0]
000018f4	FUN_000018f4	00001914	8442	cmp r4,r0
000018f4	FUN_000018f4	00001916	0bd0	beq 0x00001930
000018f4	FUN_000018f4	00001918	3248	ldr r0,[0x000019e4]
000018f4	FUN_000018f4	0000191a	8442	cmp r4,r0
000018f4	FUN_000018f4	0000191c	08d0	beq 0x00001930
000018f4	FUN_000018f4	0000191e	3248	ldr r0,[0x000019e8]
000018f4	FUN_000018f4	00001920	8442	cmp r4,r0
000018f4	FUN_000018f4	00001922	05d0	beq 0x00001930
000018f4	FUN_000018f4	00001924	3148	ldr r0,[0x000019ec]
000018f4	FUN_000018f4	00001926	8442	cmp r4,r0
000018f4	FUN_000018f4	00001928	02d0	beq 0x00001930
000018f4	FUN_000018f4	0000192a	3148	ldr r0,[0x000019f0]
000018f4	FUN_000018f4	0000192c	8442	cmp r4,r0
000018f4	FUN_000018f4	0000192e	00d1	bne 0x00001932
000018f4	FUN_000018f4	00001930	04e0	b 0x0000193c
000018f4	FUN_000018f4	00001932	4ff4e171	mov.w r1,#0x1c2
000018f4	FUN_000018f4	00001936	2fa0	adr r0,[0x19f4]
000018f4	FUN_000018f4	00001938	fef75ffd	bl 0x000003fa
000018f4	FUN_000018f4	0000193c	00bf	nop
000018f4	FUN_000018f4	0000193e	5f46	mov r7,r11
000018f4	FUN_000018f4	00001940	0b9e	ldr r6,[sp,#0x2c]
000018f4	FUN_000018f4	00001942	baf1000f	cmp.w r10,#0x0
000018f4	FUN_000018f4	00001946	42d0	beq 0x000019ce
000018f4	FUN_000018f4	00001948	f7b3	cbz r7,0x000019c8
000018f4	FUN_000018f4	0000194a	eeb3	cbz r6,0x000019c8
000018f4	FUN_000018f4	0000194c	07eb8700	add.w r0,r7,r7, lsl #0x2
000018f4	FUN_000018f4	00001950	4000	lsls r0,r0,#0x1
000018f4	FUN_000018f4	00001952	b100	lsls r1,r6,#0x2
000018f4	FUN_000018f4	00001954	b0fbf1f0	udiv r0,r0,r1
000018f4	FUN_000018f4	00001958	401d	adds r0,r0,#0x5
000018f4	FUN_000018f4	0000195a	0a21	movs r1,#0xa
000018f4	FUN_000018f4	0000195c	b0fbf1f0	udiv r0,r0,r1
000018f4	FUN_000018f4	00001960	451e	subs r5,r0,#0x1
000018f4	FUN_000018f4	00001962	8db3	cbz r5,0x000019c8
000018f4	FUN_000018f4	00001964	ff2d	cmp r5,#0xff
000018f4	FUN_000018f4	00001966	32d8	bhi 0x000019ce
000018f4	FUN_000018f4	00001968	caf80050	str.w r5,[r10,#0x0]
000018f4	FUN_000018f4	0000196c	1698	ldr r0,[sp,#0x58]
000018f4	FUN_000018f4	0000196e	50b3	cbz r0,0x000019c6
000018f4	FUN_000018f4	00001970	0020	movs r0,#0x0
000018f4	FUN_000018f4	00001972	6a1c	adds r2,r5,#0x1
000018f4	FUN_000018f4	00001974	4041	adcs r0,r0
000018f4	FUN_000018f4	00001976	0423	movs r3,#0x4
000018f4	FUN_000018f4	00001978	4ff0000c	mov.w r12,#0x0
000018f4	FUN_000018f4	0000197c	a2fb031e	umull r1,lr,r2,r3
000018f4	FUN_000018f4	00001980	00fb03e0	mla r0,r0,r3,lr
000018f4	FUN_000018f4	00001984	02fb0c02	mla r2,r2,r12,r0
000018f4	FUN_000018f4	00001988	6346	mov r3,r12
000018f4	FUN_000018f4	0000198a	a1fb068c	umull r8,r12,r1,r6
000018f4	FUN_000018f4	0000198e	02fb06c2	mla r2,r2,r6,r12
000018f4	FUN_000018f4	00001992	01fb0329	mla r9,r1,r3,r2
000018f4	FUN_000018f4	00001996	4046	mov r0,r8
000018f4	FUN_000018f4	00001998	4946	mov r1,r9
000018f4	FUN_000018f4	0000199a	fef7defc	bl 0x0000035a
000018f4	FUN_000018f4	0000199e	41ec1a0b	vmov d10,r0,r1
000018f4	FUN_000018f4	000019a2	3846	mov r0,r7
000018f4	FUN_000018f4	000019a4	fef7ccfc	bl 0x00000340
000018f4	FUN_000018f4	000019a8	53ec1a2b	vmov r2,r3,d10
000018f4	FUN_000018f4	000019ac	fef760fd	bl 0x00000470
000018f4	FUN_000018f4	000019b0	fef7dffc	bl 0x00000372
000018f4	FUN_000018f4	000019b4	00ee100a	vmov s0,r0
000018f4	FUN_000018f4	000019b8	f7ee000a	vmov.f32 s1,0x3f800000
000018f4	FUN_000018f4	000019bc	30ee608a	vsub.f32 s16,s0,s1
000018f4	FUN_000018f4	000019c0	1698	ldr r0,[sp,#0x58]
000018f4	FUN_000018f4	000019c2	80ed008a	vstr.32 s16,[r0]
000018f4	FUN_000018f4	000019c6	00e0	b 0x000019ca
000018f4	FUN_000018f4	000019c8	01e0	b 0x000019ce
000018f4	FUN_000018f4	000019ca	0020	movs r0,#0x0
000018f4	FUN_000018f4	000019cc	0090	str r0,[sp,#0x0]
000018f4	FUN_000018f4	000019ce	0098	ldr r0,[sp,#0x0]
000018f4	FUN_000018f4	000019d0	01b0	add sp,#0x4
000018f4	FUN_000018f4	000019d2	bdec088b	vpop {d8,d9,d10,d11}
000018f4	FUN_000018f4	000019d6	04b0	add sp,#0x10
000018f4	FUN_000018f4	000019d8	bde8f08f	pop.w {r4,r5,r6,r7,r8,r9,r10,r11,pc}
00001a14	delay_ms	00001a14	08b5	push {r3,lr}
00001a14	delay_ms	00001a16	0d49	ldr r1,[0x00001a4c]
00001a14	delay_ms	00001a18	096a	ldr r1,[r1,#0x20]
00001a14	delay_ms	00001a1a	c1f30263	ubfx r3,r1,#0x18,#0x3
00001a14	delay_ms	00001a1e	0c49	ldr r1,[0x00001a50]
00001a14	delay_ms	00001a20	0968	ldr r1,[r1,#0x0]
00001a14	delay_ms	00001a22	d940	lsrs r1,r3
00001a14	delay_ms	00001a24	42f21073	movw r3,#0x2710
00001a14	delay_ms	00001a28	1944	add r1,r3
00001a14	delay_ms	00001a2a	491e	subs r1,r1,#0x1
00001a14	delay_ms	00001a2c	b1fbf3f2	udiv r2,r1,r3
00001a14	delay_ms	00001a30	06e0	b 0x00001a40
00001a14	delay_ms	00001a32	0092	str r2,[sp,#0x0]
00001a14	delay_ms	00001a34	00bf	nop
00001a14	delay_ms	00001a36	0099	ldr r1,[sp,#0x0]
00001a14	delay_ms	00001a38	4b1e	subs r3,r1,#0x1
00001a14	delay_ms	00001a3a	0093	str r3,[sp,#0x0]
00001a14	delay_ms	00001a3c	0029	cmp r1,#0x0
00001a14	delay_ms	00001a3e	fad1	bne 0x00001a36
00001a14	delay_ms	00001a40	011e	subs r1,r0,#0x0
00001a14	delay_ms	00001a42	a0f10100	sub.w r0,r0,#0x1
00001a14	delay_ms	00001a46	f4d1	bne 0x00001a32
00001a14	delay_ms	00001a48	08bd	pop {r3,pc}
00001a54	FUN_00001a54	00001a54	10b5	push {r4,lr}
00001a54	FUN_00001a54	00001a56	0446	mov r4,r0
00001a54	FUN_00001a54	00001a58	00bf	nop
00001a54	FUN_00001a54	00001a5a	1148	ldr r0,[0x00001aa0]
00001a54	FUN_00001a54	00001a5c	0068	ldr r0,[r0,#0x0]
00001a54	FUN_00001a54	00001a5e	0128	cmp r0,#0x1
00001a54	FUN_00001a54	00001a60	00d1	bne 0x00001a64
00001a54	FUN_00001a54	00001a62	04e0	b 0x00001a6e
00001a54	FUN_00001a54	00001a64	40f22121	movw r1,#0x221
00001a54	FUN_00001a54	00001a68	0ea0	adr r0,[0x1aa4]
00001a54	FUN_00001a54	00001a6a	fef7c6fc	bl 0x000003fa
00001a54	FUN_00001a54	00001a6e	00bf	nop
00001a54	FUN_00001a54	00001a70	00bf	nop
00001a54	FUN_00001a54	00001a72	40f23f10	movw r0,#0x13f
00001a54	FUN_00001a54	00001a76	2043	orrs r0,r4
00001a54	FUN_00001a54	00001a78	40f23f11	movw r1,#0x13f
00001a54	FUN_00001a54	00001a7c	8842	cmp r0,r1
00001a54	FUN_00001a54	00001a7e	00d1	bne 0x00001a82
00001a54	FUN_00001a54	00001a80	04e0	b 0x00001a8c
00001a54	FUN_00001a54	00001a82	40f22221	movw r1,#0x222
00001a54	FUN_00001a54	00001a86	07a0	adr r0,[0x1aa4]
00001a54	FUN_00001a54	00001a88	fef7b7fc	bl 0x000003fa
00001a54	FUN_00001a54	00001a8c	00bf	nop
00001a54	FUN_00001a54	00001a8e	0448	ldr r0,[0x00001aa0]
00001a54	FUN_00001a54	00001a90	2430	adds r0,#0x24
00001a54	FUN_00001a54	00001a92	0068	ldr r0,[r0,#0x0]
00001a54	FUN_00001a54	00001a94	2043	orrs r0,r4
00001a54	FUN_00001a54	00001a96	0249	ldr r1,[0x00001aa0]
00001a54	FUN_00001a54	00001a98	2431	adds r1,#0x24
00001a54	FUN_00001a54	00001a9a	0860	str r0,[r1,#0x0]
00001a54	FUN_00001a54	00001a9c	10bd	pop {r4,pc}
00001ac0	FUN_00001ac0	00001ac0	10b5	push {r4,lr}
00001ac0	FUN_00001ac0	00001ac2	0446	mov r4,r0
00001ac0	FUN_00001ac0	00001ac4	00bf	nop
00001ac0	FUN_00001ac0	00001ac6	0cb1	cbz r4,0x00001acc
00001ac0	FUN_00001ac0	00001ac8	012c	cmp r4,#0x1
00001ac0	FUN_00001ac0	00001aca	00d1	bne 0x00001ace
00001ac0	FUN_00001ac0	00001acc	04e0	b 0x00001ad8
00001ac0	FUN_00001ac0	00001ace	40f2ca31	movw r1,#0x3ca
00001ac0	FUN_00001ac0	00001ad2	0aa0	adr r0,[0x1afc]
00001ac0	FUN_00001ac0	00001ad4	fef791fc	bl 0x000003fa
00001ac0	FUN_00001ac0	00001ad8	00bf	nop
00001ac0	FUN_00001ac0	00001ada	012c	cmp r4,#0x1
00001ac0	FUN_00001ac0	00001adc	05d1	bne 0x00001aea
00001ac0	FUN_00001ac0	00001ade	0e48	ldr r0,[0x00001b18]
00001ac0	FUN_00001ac0	00001ae0	0e49	ldr r1,[0x00001b1c]
00001ac0	FUN_00001ac0	00001ae2	0860	str r0,[r1,#0x0]
00001ac0	FUN_00001ac0	00001ae4	c043	mvns r0,r0
00001ac0	FUN_00001ac0	00001ae6	0860	str r0,[r1,#0x0]
00001ac0	FUN_00001ac0	00001ae8	07e0	b 0x00001afa
00001ac0	FUN_00001ac0	00001aea	0c48	ldr r0,[0x00001b1c]
00001ac0	FUN_00001ac0	00001aec	1830	adds r0,#0x18
00001ac0	FUN_00001ac0	00001aee	0068	ldr r0,[r0,#0x0]
00001ac0	FUN_00001ac0	00001af0	40f48030	orr r0,r0,#0x10000
00001ac0	FUN_00001ac0	00001af4	0949	ldr r1,[0x00001b1c]
00001ac0	FUN_00001ac0	00001af6	1831	adds r1,#0x18
00001ac0	FUN_00001ac0	00001af8	0860	str r0,[r1,#0x0]
00001ac0	FUN_00001ac0	00001afa	10bd	pop {r4,pc}
00001b20	FUN_00001b20	00001b20	10b5	push {r4,lr}
00001b20	FUN_00001b20	00001b22	0446	mov r4,r0
00001b20	FUN_00001b20	00001b24	00bf	nop
00001b20	FUN_00001b20	00001b26	40f23f10	movw r0,#0x13f
00001b20	FUN_00001b20	00001b2a	2043	orrs r0,r4
00001b20	FUN_00001b20	00001b2c	40f23f11	movw r1,#0x13f
00001b20	FUN_00001b20	00001b30	8842	cmp r0,r1
00001b20	FUN_00001b20	00001b32	00d1	bne 0x00001b36
00001b20	FUN_00001b20	00001b34	04e0	b 0x00001b40
00001b20	FUN_00001b20	00001b36	40f21321	movw r1,#0x213
00001b20	FUN_00001b20	00001b3a	06a0	adr r0,[0x1b54]
00001b20	FUN_00001b20	00001b3c	fef75dfc	bl 0x000003fa
00001b20	FUN_00001b20	00001b40	00bf	nop
00001b20	FUN_00001b20	00001b42	0b48	ldr r0,[0x00001b70]
00001b20	FUN_00001b20	00001b44	0068	ldr r0,[r0,#0x0]
00001b20	FUN_00001b20	00001b46	2040	ands r0,r4
00001b20	FUN_00001b20	00001b48	a042	cmp r0,r4
00001b20	FUN_00001b20	00001b4a	01d1	bne 0x00001b50
00001b20	FUN_00001b20	00001b4c	0120	movs r0,#0x1
00001b20	FUN_00001b20	00001b4e	10bd	pop {r4,pc}
00001b20	FUN_00001b20	00001b50	0020	movs r0,#0x0
00001b20	FUN_00001b20	00001b52	fce7	b 0x00001b4e
00001b74	FUN_00001b74	00001b74	70b5	push {r4,r5,r6,lr}
00001b74	FUN_00001b74	00001b76	0025	movs r5,#0x0
00001b74	FUN_00001b74	00001b78	00bf	nop
00001b74	FUN_00001b74	00001b7a	2748	ldr r0,[0x00001c18]
00001b74	FUN_00001b74	00001b7c	0068	ldr r0,[r0,#0x0]
00001b74	FUN_00001b74	00001b7e	00b9	cbnz r0,0x00001b82
00001b74	FUN_00001b74	00001b80	04e0	b 0x00001b8c
00001b74	FUN_00001b74	00001b82	40f20241	movw r1,#0x402
00001b74	FUN_00001b74	00001b86	25a0	adr r0,[0x1c1c]
00001b74	FUN_00001b74	00001b88	fef737fc	bl 0x000003fa
00001b74	FUN_00001b74	00001b8c	00bf	nop
00001b74	FUN_00001b74	00001b8e	2a48	ldr r0,[0x00001c38]
00001b74	FUN_00001b74	00001b90	0068	ldr r0,[r0,#0x0]
00001b74	FUN_00001b74	00001b92	00f47024	and r4,r0,#0xf0000
00001b74	FUN_00001b74	00001b96	2848	ldr r0,[0x00001c38]
00001b74	FUN_00001b74	00001b98	0068	ldr r0,[r0,#0x0]
00001b74	FUN_00001b74	00001b9a	20f47020	bic r0,r0,#0xf0000
00001b74	FUN_00001b74	00001b9e	2649	ldr r1,[0x00001c38]
00001b74	FUN_00001b74	00001ba0	0860	str r0,[r1,#0x0]
00001b74	FUN_00001b74	00001ba2	081d	adds r0,r1,#0x4
00001b74	FUN_00001b74	00001ba4	0068	ldr r0,[r0,#0x0]
00001b74	FUN_00001b74	00001ba6	20f00700	bic r0,r0,#0x7
00001b74	FUN_00001b74	00001baa	401c	adds r0,r0,#0x1
00001b74	FUN_00001b74	00001bac	091d	adds r1,r1,#0x4
00001b74	FUN_00001b74	00001bae	0860	str r0,[r1,#0x0]
00001b74	FUN_00001b74	00001bb0	2248	ldr r0,[0x00001c3c]
00001b74	FUN_00001b74	00001bb2	0068	ldr r0,[r0,#0x0]
00001b74	FUN_00001b74	00001bb4	b0f1ff3f	cmp.w r0,#0xffffffff
00001b74	FUN_00001b74	00001bb8	1ad1	bne 0x00001bf0
00001b74	FUN_00001b74	00001bba	0020	movs r0,#0x0
00001b74	FUN_00001b74	00001bbc	1f49	ldr r1,[0x00001c3c]
00001b74	FUN_00001b74	00001bbe	0860	str r0,[r1,#0x0]
00001b74	FUN_00001b74	00001bc0	1f48	ldr r0,[0x00001c40]
00001b74	FUN_00001b74	00001bc2	006a	ldr r0,[r0,#0x20]
00001b74	FUN_00001b74	00001bc4	c0f30261	ubfx r1,r0,#0x18,#0x3
00001b74	FUN_00001b74	00001bc8	1e48	ldr r0,[0x00001c44]
00001b74	FUN_00001b74	00001bca	0068	ldr r0,[r0,#0x0]
00001b74	FUN_00001b74	00001bcc	c840	lsrs r0,r1
00001b74	FUN_00001b74	00001bce	44f62061	movw r1,#0x4e20
00001b74	FUN_00001b74	00001bd2	b0fbf1f6	udiv r6,r0,r1
00001b74	FUN_00001b74	00001bd6	3146	mov r1,r6
00001b74	FUN_00001b74	00001bd8	4ff48070	mov.w r0,#0x100
00001b74	FUN_00001b74	00001bdc	00f0c6fa	bl 0x0000216c
00001b74	FUN_00001b74	00001be0	10f1080f	cmn r0,#0x8
00001b74	FUN_00001b74	00001be4	01d1	bne 0x00001bea
00001b74	FUN_00001b74	00001be6	6ff00405	mvn r5,#0x4
00001b74	FUN_00001b74	00001bea	1020	movs r0,#0x10
00001b74	FUN_00001b74	00001bec	fff732ff	bl 0x00001a54
00001b74	FUN_00001b74	00001bf0	1148	ldr r0,[0x00001c38]
00001b74	FUN_00001b74	00001bf2	001d	adds r0,r0,#0x4
00001b74	FUN_00001b74	00001bf4	0068	ldr r0,[r0,#0x0]
00001b74	FUN_00001b74	00001bf6	20f00700	bic r0,r0,#0x7
00001b74	FUN_00001b74	00001bfa	0f49	ldr r1,[0x00001c38]
00001b74	FUN_00001b74	00001bfc	091d	adds r1,r1,#0x4
00001b74	FUN_00001b74	00001bfe	0860	str r0,[r1,#0x0]
00001b74	FUN_00001b74	00001c00	081f	subs r0,r1,#0x4
00001b74	FUN_00001b74	00001c02	0068	ldr r0,[r0,#0x0]
00001b74	FUN_00001b74	00001c04	20f47020	bic r0,r0,#0xf0000
00001b74	FUN_00001b74	00001c08	04f47021	and r1,r4,#0xf0000
00001b74	FUN_00001b74	00001c0c	0843	orrs r0,r1
00001b74	FUN_00001b74	00001c0e	0a49	ldr r1,[0x00001c38]
00001b74	FUN_00001b74	00001c10	0860	str r0,[r1,#0x0]
00001b74	FUN_00001b74	00001c12	2846	mov r0,r5
00001b74	FUN_00001b74	00001c14	70bd	pop {r4,r5,r6,pc}
00001c48	FUN_00001c48	00001c48	2de9f041	push {r4,r5,r6,r7,r8,lr}
00001c48	FUN_00001c48	00001c4c	0446	mov r4,r0
00001c48	FUN_00001c48	00001c4e	0026	movs r6,#0x0
00001c48	FUN_00001c48	00001c50	4548	ldr r0,[0x00001d68]
00001c48	FUN_00001c48	00001c52	8442	cmp r4,r0
00001c48	FUN_00001c48	00001c54	7ed3	bcc 0x00001d54
00001c48	FUN_00001c48	00001c56	4448	ldr r0,[0x00001d68]
00001c48	FUN_00001c48	00001c58	7f30	adds r0,#0x7f
00001c48	FUN_00001c48	00001c5a	8442	cmp r4,r0
00001c48	FUN_00001c48	00001c5c	7ad2	bcs 0x00001d54
00001c48	FUN_00001c48	00001c5e	00bf	nop
00001c48	FUN_00001c48	00001c60	04f00300	and r0,r4,#0x3
00001c48	FUN_00001c48	00001c64	00b9	cbnz r0,0x00001c68
00001c48	FUN_00001c48	00001c66	04e0	b 0x00001c72
00001c48	FUN_00001c48	00001c68	40f22f41	movw r1,#0x42f
00001c48	FUN_00001c48	00001c6c	3fa0	adr r0,[0x1d6c]
00001c48	FUN_00001c48	00001c6e	fef7c4fb	bl 0x000003fa
00001c48	FUN_00001c48	00001c72	00bf	nop
00001c48	FUN_00001c48	00001c74	00bf	nop
00001c48	FUN_00001c48	00001c76	4448	ldr r0,[0x00001d88]
00001c48	FUN_00001c48	00001c78	0068	ldr r0,[r0,#0x0]
00001c48	FUN_00001c48	00001c7a	00b9	cbnz r0,0x00001c7e
00001c48	FUN_00001c48	00001c7c	04e0	b 0x00001c88
00001c48	FUN_00001c48	00001c7e	4ff48661	mov.w r1,#0x430
00001c48	FUN_00001c48	00001c82	3aa0	adr r0,[0x1d6c]
00001c48	FUN_00001c48	00001c84	fef7b9fb	bl 0x000003fa
00001c48	FUN_00001c48	00001c88	00bf	nop
00001c48	FUN_00001c48	00001c8a	00bf	nop
00001c48	FUN_00001c48	00001c8c	3f48	ldr r0,[0x00001d8c]
00001c48	FUN_00001c48	00001c8e	0068	ldr r0,[r0,#0x0]
00001c48	FUN_00001c48	00001c90	0128	cmp r0,#0x1
00001c48	FUN_00001c48	00001c92	00d1	bne 0x00001c96
00001c48	FUN_00001c48	00001c94	04e0	b 0x00001ca0
00001c48	FUN_00001c48	00001c96	40f23141	movw r1,#0x431
00001c48	FUN_00001c48	00001c9a	34a0	adr r0,[0x1d6c]
00001c48	FUN_00001c48	00001c9c	fef7adfb	bl 0x000003fa
00001c48	FUN_00001c48	00001ca0	00bf	nop
00001c48	FUN_00001c48	00001ca2	00bf	nop
00001c48	FUN_00001c48	00001ca4	3848	ldr r0,[0x00001d88]
00001c48	FUN_00001c48	00001ca6	001d	adds r0,r0,#0x4
00001c48	FUN_00001c48	00001ca8	0068	ldr r0,[r0,#0x0]
00001c48	FUN_00001c48	00001caa	00b9	cbnz r0,0x00001cae
00001c48	FUN_00001c48	00001cac	04e0	b 0x00001cb8
00001c48	FUN_00001c48	00001cae	40f23241	movw r1,#0x432
00001c48	FUN_00001c48	00001cb2	2ea0	adr r0,[0x1d6c]
00001c48	FUN_00001c48	00001cb4	fef7a1fb	bl 0x000003fa
00001c48	FUN_00001c48	00001cb8	00bf	nop
00001c48	FUN_00001c48	00001cba	00bf	nop
00001c48	FUN_00001c48	00001cbc	2a48	ldr r0,[0x00001d68]
00001c48	FUN_00001c48	00001cbe	8442	cmp r4,r0
00001c48	FUN_00001c48	00001cc0	07d0	beq 0x00001cd2
00001c48	FUN_00001c48	00001cc2	2948	ldr r0,[0x00001d68]
00001c48	FUN_00001c48	00001cc4	4030	adds r0,#0x40
00001c48	FUN_00001c48	00001cc6	8442	cmp r4,r0
00001c48	FUN_00001c48	00001cc8	04d3	bcc 0x00001cd4
00001c48	FUN_00001c48	00001cca	2748	ldr r0,[0x00001d68]
00001c48	FUN_00001c48	00001ccc	7f30	adds r0,#0x7f
00001c48	FUN_00001c48	00001cce	8442	cmp r4,r0
00001c48	FUN_00001c48	00001cd0	00d8	bhi 0x00001cd4
00001c48	FUN_00001c48	00001cd2	04e0	b 0x00001cde
00001c48	FUN_00001c48	00001cd4	40f23341	movw r1,#0x433
00001c48	FUN_00001c48	00001cd8	24a0	adr r0,[0x1d6c]
00001c48	FUN_00001c48	00001cda	fef78efb	bl 0x000003fa
00001c48	FUN_00001c48	00001cde	00bf	nop
00001c48	FUN_00001c48	00001ce0	2a48	ldr r0,[0x00001d8c]
00001c48	FUN_00001c48	00001ce2	1830	adds r0,#0x18
00001c48	FUN_00001c48	00001ce4	0068	ldr r0,[r0,#0x0]
00001c48	FUN_00001c48	00001ce6	00f47025	and r5,r0,#0xf0000
00001c48	FUN_00001c48	00001cea	2848	ldr r0,[0x00001d8c]
00001c48	FUN_00001c48	00001cec	1830	adds r0,#0x18
00001c48	FUN_00001c48	00001cee	0068	ldr r0,[r0,#0x0]
00001c48	FUN_00001c48	00001cf0	20f47020	bic r0,r0,#0xf0000
00001c48	FUN_00001c48	00001cf4	2549	ldr r1,[0x00001d8c]
00001c48	FUN_00001c48	00001cf6	1831	adds r1,#0x18
00001c48	FUN_00001c48	00001cf8	0860	str r0,[r1,#0x0]
00001c48	FUN_00001c48	00001cfa	081d	adds r0,r1,#0x4
00001c48	FUN_00001c48	00001cfc	0068	ldr r0,[r0,#0x0]
00001c48	FUN_00001c48	00001cfe	20f00700	bic r0,r0,#0x7
00001c48	FUN_00001c48	00001d02	401c	adds r0,r0,#0x1
00001c48	FUN_00001c48	00001d04	091d	adds r1,r1,#0x4
00001c48	FUN_00001c48	00001d06	0860	str r0,[r1,#0x0]
00001c48	FUN_00001c48	00001d08	0020	movs r0,#0x0
00001c48	FUN_00001c48	00001d0a	2060	str r0,[r4,#0x0]
00001c48	FUN_00001c48	00001d0c	2048	ldr r0,[0x00001d90]
00001c48	FUN_00001c48	00001d0e	006a	ldr r0,[r0,#0x20]
00001c48	FUN_00001c48	00001d10	c0f30261	ubfx r1,r0,#0x18,#0x3
00001c48	FUN_00001c48	00001d14	1f48	ldr r0,[0x00001d94]
00001c48	FUN_00001c48	00001d16	0068	ldr r0,[r0,#0x0]
00001c48	FUN_00001c48	00001d18	c840	lsrs r0,r1
00001c48	FUN_00001c48	00001d1a	3221	movs r1,#0x32
00001c48	FUN_00001c48	00001d1c	b0fbf1f7	udiv r7,r0,r1
00001c48	FUN_00001c48	00001d20	3946	mov r1,r7
00001c48	FUN_00001c48	00001d22	4ff48070	mov.w r0,#0x100
00001c48	FUN_00001c48	00001d26	00f021fa	bl 0x0000216c
00001c48	FUN_00001c48	00001d2a	10f1080f	cmn r0,#0x8
00001c48	FUN_00001c48	00001d2e	01d1	bne 0x00001d34
00001c48	FUN_00001c48	00001d30	6ff00406	mvn r6,#0x4
00001c48	FUN_00001c48	00001d34	1020	movs r0,#0x10
00001c48	FUN_00001c48	00001d36	fff78dfe	bl 0x00001a54
00001c48	FUN_00001c48	00001d3a	1448	ldr r0,[0x00001d8c]
00001c48	FUN_00001c48	00001d3c	1c30	adds r0,#0x1c
00001c48	FUN_00001c48	00001d3e	0068	ldr r0,[r0,#0x0]
00001c48	FUN_00001c48	00001d40	20f00700	bic r0,r0,#0x7
00001c48	FUN_00001c48	00001d44	1149	ldr r1,[0x00001d8c]
00001c48	FUN_00001c48	00001d46	1c31	adds r1,#0x1c
00001c48	FUN_00001c48	00001d48	0860	str r0,[r1,#0x0]
00001c48	FUN_00001c48	00001d4a	081f	subs r0,r1,#0x4
00001c48	FUN_00001c48	00001d4c	0068	ldr r0,[r0,#0x0]
00001c48	FUN_00001c48	00001d4e	20f47020	bic r0,r0,#0xf0000
00001c48	FUN_00001c48	00001d52	00e0	b 0x00001d56
00001c48	FUN_00001c48	00001d54	05e0	b 0x00001d62
00001c48	FUN_00001c48	00001d56	05f47021	and r1,r5,#0xf0000
00001c48	FUN_00001c48	00001d5a	0843	orrs r0,r1
00001c48	FUN_00001c48	00001d5c	0b49	ldr r1,[0x00001d8c]
00001c48	FUN_00001c48	00001d5e	1831	adds r1,#0x18
00001c48	FUN_00001c48	00001d60	0860	str r0,[r1,#0x0]
00001c48	FUN_00001c48	00001d62	3046	mov r0,r6
00001c48	FUN_00001c48	00001d64	bde8f081	pop.w {r4,r5,r6,r7,r8,pc}
00001d98	FUN_00001d98	00001d98	10b5	push {r4,lr}
00001d98	FUN_00001d98	00001d9a	00bf	nop
00001d98	FUN_00001d98	00001d9c	0948	ldr r0,[0x00001dc4]
00001d98	FUN_00001d98	00001d9e	0068	ldr r0,[r0,#0x0]
00001d98	FUN_00001d98	00001da0	0128	cmp r0,#0x1
00001d98	FUN_00001d98	00001da2	00d1	bne 0x00001da6
00001d98	FUN_00001d98	00001da4	04e0	b 0x00001db0
00001d98	FUN_00001d98	00001da6	40f2f331	movw r1,#0x3f3
00001d98	FUN_00001d98	00001daa	07a0	adr r0,[0x1dc8]
00001d98	FUN_00001d98	00001dac	fef725fb	bl 0x000003fa
00001d98	FUN_00001d98	00001db0	00bf	nop
00001d98	FUN_00001d98	00001db2	0448	ldr r0,[0x00001dc4]
00001d98	FUN_00001d98	00001db4	1c30	adds r0,#0x1c
00001d98	FUN_00001d98	00001db6	0068	ldr r0,[r0,#0x0]
00001d98	FUN_00001d98	00001db8	40f40030	orr r0,r0,#0x20000
00001d98	FUN_00001d98	00001dbc	0149	ldr r1,[0x00001dc4]
00001d98	FUN_00001d98	00001dbe	1c31	adds r1,#0x1c
00001d98	FUN_00001d98	00001dc0	0860	str r0,[r1,#0x0]
00001d98	FUN_00001d98	00001dc2	10bd	pop {r4,pc}
00001de4	FUN_00001de4	00001de4	10b5	push {r4,lr}
00001de4	FUN_00001de4	00001de6	00bf	nop
00001de4	FUN_00001de4	00001de8	0848	ldr r0,[0x00001e0c]
00001de4	FUN_00001de4	00001dea	0068	ldr r0,[r0,#0x0]
00001de4	FUN_00001de4	00001dec	0128	cmp r0,#0x1
00001de4	FUN_00001de4	00001dee	00d1	bne 0x00001df2
00001de4	FUN_00001de4	00001df0	04e0	b 0x00001dfc
00001de4	FUN_00001de4	00001df2	40f2e631	movw r1,#0x3e6
00001de4	FUN_00001de4	00001df6	06a0	adr r0,[0x1e10]
00001de4	FUN_00001de4	00001df8	fef7fffa	bl 0x000003fa
00001de4	FUN_00001de4	00001dfc	00bf	nop
00001de4	FUN_00001de4	00001dfe	0b48	ldr r0,[0x00001e2c]
00001de4	FUN_00001de4	00001e00	0249	ldr r1,[0x00001e0c]
00001de4	FUN_00001de4	00001e02	0831	adds r1,#0x8
00001de4	FUN_00001de4	00001e04	0860	str r0,[r1,#0x0]
00001de4	FUN_00001de4	00001e06	c043	mvns r0,r0
00001de4	FUN_00001de4	00001e08	0860	str r0,[r1,#0x0]
00001de4	FUN_00001de4	00001e0a	10bd	pop {r4,pc}
00001e30	FUN_00001e30	00001e30	2de9f047	push {r4,r5,r6,r7,r8,r9,r10,lr}
00001e30	FUN_00001e30	00001e34	0446	mov r4,r0
00001e30	FUN_00001e30	00001e36	0e46	mov r6,r1
00001e30	FUN_00001e30	00001e38	4ff00008	mov.w r8,#0x0
00001e30	FUN_00001e30	00001e3c	00bf	nop
00001e30	FUN_00001e30	00001e3e	4248	ldr r0,[0x00001f48]
00001e30	FUN_00001e30	00001e40	0068	ldr r0,[r0,#0x0]
00001e30	FUN_00001e30	00001e42	0128	cmp r0,#0x1
00001e30	FUN_00001e30	00001e44	00d1	bne 0x00001e48
00001e30	FUN_00001e30	00001e46	04e0	b 0x00001e52
00001e30	FUN_00001e30	00001e48	40f2b221	movw r1,#0x2b2
00001e30	FUN_00001e30	00001e4c	3fa0	adr r0,[0x1f4c]
00001e30	FUN_00001e30	00001e4e	fef7d4fa	bl 0x000003fa
00001e30	FUN_00001e30	00001e52	00bf	nop
00001e30	FUN_00001e30	00001e54	00bf	nop
00001e30	FUN_00001e30	00001e56	4448	ldr r0,[0x00001f68]
00001e30	FUN_00001e30	00001e58	0068	ldr r0,[r0,#0x0]
00001e30	FUN_00001e30	00001e5a	00b9	cbnz r0,0x00001e5e
00001e30	FUN_00001e30	00001e5c	04e0	b 0x00001e68
00001e30	FUN_00001e30	00001e5e	40f2b321	movw r1,#0x2b3
00001e30	FUN_00001e30	00001e62	3aa0	adr r0,[0x1f4c]
00001e30	FUN_00001e30	00001e64	fef7c9fa	bl 0x000003fa
00001e30	FUN_00001e30	00001e68	00bf	nop
00001e30	FUN_00001e30	00001e6a	00bf	nop
00001e30	FUN_00001e30	00001e6c	b4f5802f	cmp.w r4,#0x40000
00001e30	FUN_00001e30	00001e70	0cd3	bcc 0x00001e8c
00001e30	FUN_00001e30	00001e72	3e48	ldr r0,[0x00001f6c]
00001e30	FUN_00001e30	00001e74	8442	cmp r4,r0
00001e30	FUN_00001e30	00001e76	02d3	bcc 0x00001e7e
00001e30	FUN_00001e30	00001e78	3d48	ldr r0,[0x00001f70]
00001e30	FUN_00001e30	00001e7a	8442	cmp r4,r0
00001e30	FUN_00001e30	00001e7c	06d9	bls 0x00001e8c
00001e30	FUN_00001e30	00001e7e	3d48	ldr r0,[0x00001f74]
00001e30	FUN_00001e30	00001e80	8442	cmp r4,r0
00001e30	FUN_00001e30	00001e82	04d3	bcc 0x00001e8e
00001e30	FUN_00001e30	00001e84	3b48	ldr r0,[0x00001f74]
00001e30	FUN_00001e30	00001e86	0b30	adds r0,#0xb
00001e30	FUN_00001e30	00001e88	8442	cmp r4,r0
00001e30	FUN_00001e30	00001e8a	00d8	bhi 0x00001e8e
00001e30	FUN_00001e30	00001e8c	04e0	b 0x00001e98
00001e30	FUN_00001e30	00001e8e	4ff42d71	mov.w r1,#0x2b4
00001e30	FUN_00001e30	00001e92	2ea0	adr r0,[0x1f4c]
00001e30	FUN_00001e30	00001e94	fef7b1fa	bl 0x000003fa
00001e30	FUN_00001e30	00001e98	00bf	nop
00001e30	FUN_00001e30	00001e9a	00bf	nop
00001e30	FUN_00001e30	00001e9c	04f00300	and r0,r4,#0x3
00001e30	FUN_00001e30	00001ea0	00b9	cbnz r0,0x00001ea4
00001e30	FUN_00001e30	00001ea2	04e0	b 0x00001eae
00001e30	FUN_00001e30	00001ea4	40f2b521	movw r1,#0x2b5
00001e30	FUN_00001e30	00001ea8	28a0	adr r0,[0x1f4c]
00001e30	FUN_00001e30	00001eaa	fef7a6fa	bl 0x000003fa
00001e30	FUN_00001e30	00001eae	00bf	nop
00001e30	FUN_00001e30	00001eb0	40f23f10	movw r0,#0x13f
00001e30	FUN_00001e30	00001eb4	fff7cefd	bl 0x00001a54
00001e30	FUN_00001e30	00001eb8	2348	ldr r0,[0x00001f48]
00001e30	FUN_00001e30	00001eba	1830	adds r0,#0x18
00001e30	FUN_00001e30	00001ebc	0068	ldr r0,[r0,#0x0]
00001e30	FUN_00001e30	00001ebe	00f47027	and r7,r0,#0xf0000
00001e30	FUN_00001e30	00001ec2	2148	ldr r0,[0x00001f48]
00001e30	FUN_00001e30	00001ec4	1830	adds r0,#0x18
00001e30	FUN_00001e30	00001ec6	0068	ldr r0,[r0,#0x0]
00001e30	FUN_00001e30	00001ec8	20f47020	bic r0,r0,#0xf0000
00001e30	FUN_00001e30	00001ecc	1e49	ldr r1,[0x00001f48]
00001e30	FUN_00001e30	00001ece	1831	adds r1,#0x18
00001e30	FUN_00001e30	00001ed0	0860	str r0,[r1,#0x0]
00001e30	FUN_00001e30	00001ed2	0025	movs r5,#0x0
00001e30	FUN_00001e30	00001ed4	081d	adds r0,r1,#0x4
00001e30	FUN_00001e30	00001ed6	0068	ldr r0,[r0,#0x0]
00001e30	FUN_00001e30	00001ed8	20f00700	bic r0,r0,#0x7
00001e30	FUN_00001e30	00001edc	401c	adds r0,r0,#0x1
00001e30	FUN_00001e30	00001ede	091d	adds r1,r1,#0x4
00001e30	FUN_00001e30	00001ee0	0860	str r0,[r1,#0x0]
00001e30	FUN_00001e30	00001ee2	2660	str r6,[r4,#0x0]
00001e30	FUN_00001e30	00001ee4	2448	ldr r0,[0x00001f78]
00001e30	FUN_00001e30	00001ee6	006a	ldr r0,[r0,#0x20]
00001e30	FUN_00001e30	00001ee8	c0f30261	ubfx r1,r0,#0x18,#0x3
00001e30	FUN_00001e30	00001eec	2348	ldr r0,[0x00001f7c]
00001e30	FUN_00001e30	00001eee	0068	ldr r0,[r0,#0x0]
00001e30	FUN_00001e30	00001ef0	c840	lsrs r0,r1
00001e30	FUN_00001e30	00001ef2	44f62061	movw r1,#0x4e20
00001e30	FUN_00001e30	00001ef6	b0fbf1f9	udiv r9,r0,r1
00001e30	FUN_00001e30	00001efa	4ff48071	mov.w r1,#0x100
00001e30	FUN_00001e30	00001efe	01fa05f0	lsl.w r0,r1,r5
00001e30	FUN_00001e30	00001f02	4946	mov r1,r9
00001e30	FUN_00001e30	00001f04	00f032f9	bl 0x0000216c
00001e30	FUN_00001e30	00001f08	10f1080f	cmn r0,#0x8
00001e30	FUN_00001e30	00001f0c	01d1	bne 0x00001f12
00001e30	FUN_00001e30	00001f0e	6ff00408	mvn r8,#0x4
00001e30	FUN_00001e30	00001f12	1021	movs r1,#0x10
00001e30	FUN_00001e30	00001f14	01fa05f0	lsl.w r0,r1,r5
00001e30	FUN_00001e30	00001f18	fff79cfd	bl 0x00001a54
00001e30	FUN_00001e30	00001f1c	0a48	ldr r0,[0x00001f48]
00001e30	FUN_00001e30	00001f1e	1c30	adds r0,#0x1c
00001e30	FUN_00001e30	00001f20	0068	ldr r0,[r0,#0x0]
00001e30	FUN_00001e30	00001f22	20f00700	bic r0,r0,#0x7
00001e30	FUN_00001e30	00001f26	0849	ldr r1,[0x00001f48]
00001e30	FUN_00001e30	00001f28	1c31	adds r1,#0x1c
00001e30	FUN_00001e30	00001f2a	0860	str r0,[r1,#0x0]
00001e30	FUN_00001e30	00001f2c	081f	subs r0,r1,#0x4
00001e30	FUN_00001e30	00001f2e	0068	ldr r0,[r0,#0x0]
00001e30	FUN_00001e30	00001f30	20f47020	bic r0,r0,#0xf0000
00001e30	FUN_00001e30	00001f34	07f47021	and r1,r7,#0xf0000
00001e30	FUN_00001e30	00001f38	0843	orrs r0,r1
00001e30	FUN_00001e30	00001f3a	0349	ldr r1,[0x00001f48]
00001e30	FUN_00001e30	00001f3c	1831	adds r1,#0x18
00001e30	FUN_00001e30	00001f3e	0860	str r0,[r1,#0x0]
00001e30	FUN_00001e30	00001f40	4046	mov r0,r8
00001e30	FUN_00001e30	00001f42	bde8f087	pop.w {r4,r5,r6,r7,r8,r9,r10,pc}
00001f80	FUN_00001f80	00001f80	40f22310	movw r0,#0x123
00001f80	FUN_00001f80	00001f84	0249	ldr r1,[0x00001f90]
00001f80	FUN_00001f80	00001f86	0860	str r0,[r1,#0x0]
00001f80	FUN_00001f80	00001f88	43f21020	movw r0,#0x3210
00001f80	FUN_00001f80	00001f8c	0860	str r0,[r1,#0x0]
00001f80	FUN_00001f80	00001f8e	7047	bx lr
00001f94	FUN_00001f94	00001f94	2de9f041	push {r4,r5,r6,r7,r8,lr}
00001f94	FUN_00001f94	00001f98	0446	mov r4,r0
00001f94	FUN_00001f94	00001f9a	0027	movs r7,#0x0
00001f94	FUN_00001f94	00001f9c	00bf	nop
00001f94	FUN_00001f94	00001f9e	b4f5802f	cmp.w r4,#0x40000
00001f94	FUN_00001f94	00001fa2	05d3	bcc 0x00001fb0
00001f94	FUN_00001f94	00001fa4	3c48	ldr r0,[0x00002098]
00001f94	FUN_00001f94	00001fa6	8442	cmp r4,r0
00001f94	FUN_00001f94	00001fa8	03d3	bcc 0x00001fb2
00001f94	FUN_00001f94	00001faa	3c48	ldr r0,[0x0000209c]
00001f94	FUN_00001f94	00001fac	8442	cmp r4,r0
00001f94	FUN_00001f94	00001fae	00d8	bhi 0x00001fb2
00001f94	FUN_00001f94	00001fb0	04e0	b 0x00001fbc
00001f94	FUN_00001f94	00001fb2	40f26631	movw r1,#0x366
00001f94	FUN_00001f94	00001fb6	3aa0	adr r0,[0x20a0]
00001f94	FUN_00001f94	00001fb8	fef71ffa	bl 0x000003fa
00001f94	FUN_00001f94	00001fbc	00bf	nop
00001f94	FUN_00001f94	00001fbe	00bf	nop
00001f94	FUN_00001f94	00001fc0	04f00300	and r0,r4,#0x3
00001f94	FUN_00001f94	00001fc4	00b9	cbnz r0,0x00001fc8
00001f94	FUN_00001f94	00001fc6	04e0	b 0x00001fd2
00001f94	FUN_00001f94	00001fc8	40f26731	movw r1,#0x367
00001f94	FUN_00001f94	00001fcc	34a0	adr r0,[0x20a0]
00001f94	FUN_00001f94	00001fce	fef714fa	bl 0x000003fa
00001f94	FUN_00001f94	00001fd2	00bf	nop
00001f94	FUN_00001f94	00001fd4	00bf	nop
00001f94	FUN_00001f94	00001fd6	3948	ldr r0,[0x000020bc]
00001f94	FUN_00001f94	00001fd8	0068	ldr r0,[r0,#0x0]
00001f94	FUN_00001f94	00001fda	0128	cmp r0,#0x1
00001f94	FUN_00001f94	00001fdc	00d1	bne 0x00001fe0
00001f94	FUN_00001f94	00001fde	04e0	b 0x00001fea
00001f94	FUN_00001f94	00001fe0	4ff45a71	mov.w r1,#0x368
00001f94	FUN_00001f94	00001fe4	2ea0	adr r0,[0x20a0]
00001f94	FUN_00001f94	00001fe6	fef708fa	bl 0x000003fa
00001f94	FUN_00001f94	00001fea	00bf	nop
00001f94	FUN_00001f94	00001fec	00bf	nop
00001f94	FUN_00001f94	00001fee	3448	ldr r0,[0x000020c0]
00001f94	FUN_00001f94	00001ff0	0068	ldr r0,[r0,#0x0]
00001f94	FUN_00001f94	00001ff2	00b9	cbnz r0,0x00001ff6
00001f94	FUN_00001f94	00001ff4	04e0	b 0x00002000
00001f94	FUN_00001f94	00001ff6	40f26931	movw r1,#0x369
00001f94	FUN_00001f94	00001ffa	29a0	adr r0,[0x20a0]
00001f94	FUN_00001f94	00001ffc	fef7fdf9	bl 0x000003fa
00001f94	FUN_00001f94	00002000	00bf	nop
00001f94	FUN_00001f94	00002002	40f23f10	movw r0,#0x13f
00001f94	FUN_00001f94	00002006	fff725fd	bl 0x00001a54
00001f94	FUN_00001f94	0000200a	2c48	ldr r0,[0x000020bc]
00001f94	FUN_00001f94	0000200c	1830	adds r0,#0x18
00001f94	FUN_00001f94	0000200e	0068	ldr r0,[r0,#0x0]
00001f94	FUN_00001f94	00002010	00f47026	and r6,r0,#0xf0000
00001f94	FUN_00001f94	00002014	2948	ldr r0,[0x000020bc]
00001f94	FUN_00001f94	00002016	1830	adds r0,#0x18
00001f94	FUN_00001f94	00002018	0068	ldr r0,[r0,#0x0]
00001f94	FUN_00001f94	0000201a	20f47020	bic r0,r0,#0xf0000
00001f94	FUN_00001f94	0000201e	2749	ldr r1,[0x000020bc]
00001f94	FUN_00001f94	00002020	1831	adds r1,#0x18
00001f94	FUN_00001f94	00002022	0860	str r0,[r1,#0x0]
00001f94	FUN_00001f94	00002024	0025	movs r5,#0x0
00001f94	FUN_00001f94	00002026	081d	adds r0,r1,#0x4
00001f94	FUN_00001f94	00002028	0068	ldr r0,[r0,#0x0]
00001f94	FUN_00001f94	0000202a	20f00700	bic r0,r0,#0x7
00001f94	FUN_00001f94	0000202e	001d	adds r0,r0,#0x4
00001f94	FUN_00001f94	00002030	091d	adds r1,r1,#0x4
00001f94	FUN_00001f94	00002032	0860	str r0,[r1,#0x0]
00001f94	FUN_00001f94	00002034	0020	movs r0,#0x0
00001f94	FUN_00001f94	00002036	2060	str r0,[r4,#0x0]
00001f94	FUN_00001f94	00002038	2248	ldr r0,[0x000020c4]
00001f94	FUN_00001f94	0000203a	006a	ldr r0,[r0,#0x20]
00001f94	FUN_00001f94	0000203c	c0f30261	ubfx r1,r0,#0x18,#0x3
00001f94	FUN_00001f94	00002040	2148	ldr r0,[0x000020c8]
00001f94	FUN_00001f94	00002042	0068	ldr r0,[r0,#0x0]
00001f94	FUN_00001f94	00002044	c840	lsrs r0,r1
00001f94	FUN_00001f94	00002046	3221	movs r1,#0x32
00001f94	FUN_00001f94	00002048	b0fbf1f8	udiv r8,r0,r1
00001f94	FUN_00001f94	0000204c	4ff48071	mov.w r1,#0x100
00001f94	FUN_00001f94	00002050	01fa05f0	lsl.w r0,r1,r5
00001f94	FUN_00001f94	00002054	4146	mov r1,r8
00001f94	FUN_00001f94	00002056	00f089f8	bl 0x0000216c
00001f94	FUN_00001f94	0000205a	10f1080f	cmn r0,#0x8
00001f94	FUN_00001f94	0000205e	00d1	bne 0x00002062
00001f94	FUN_00001f94	00002060	6f1f	subs r7,r5,#0x5
00001f94	FUN_00001f94	00002062	1021	movs r1,#0x10
00001f94	FUN_00001f94	00002064	01fa05f0	lsl.w r0,r1,r5
00001f94	FUN_00001f94	00002068	fff7f4fc	bl 0x00001a54
00001f94	FUN_00001f94	0000206c	1348	ldr r0,[0x000020bc]
00001f94	FUN_00001f94	0000206e	1c30	adds r0,#0x1c
00001f94	FUN_00001f94	00002070	0068	ldr r0,[r0,#0x0]
00001f94	FUN_00001f94	00002072	20f00700	bic r0,r0,#0x7
00001f94	FUN_00001f94	00002076	1149	ldr r1,[0x000020bc]
00001f94	FUN_00001f94	00002078	1c31	adds r1,#0x1c
00001f94	FUN_00001f94	0000207a	0860	str r0,[r1,#0x0]
00001f94	FUN_00001f94	0000207c	081f	subs r0,r1,#0x4
00001f94	FUN_00001f94	0000207e	0068	ldr r0,[r0,#0x0]
00001f94	FUN_00001f94	00002080	20f47020	bic r0,r0,#0xf0000
00001f94	FUN_00001f94	00002084	06f47021	and r1,r6,#0xf0000
00001f94	FUN_00001f94	00002088	0843	orrs r0,r1
00001f94	FUN_00001f94	0000208a	0c49	ldr r1,[0x000020bc]
00001f94	FUN_00001f94	0000208c	1831	adds r1,#0x18
00001f94	FUN_00001f94	0000208e	0860	str r0,[r1,#0x0]
00001f94	FUN_00001f94	00002090	3846	mov r0,r7
00001f94	FUN_00001f94	00002092	bde8f081	pop.w {r4,r5,r6,r7,r8,pc}
000020cc	FUN_000020cc	000020cc	70b5	push {r4,r5,r6,lr}
000020cc	FUN_000020cc	000020ce	0446	mov r4,r0
000020cc	FUN_000020cc	000020d0	0025	movs r5,#0x0
000020cc	FUN_000020cc	000020d2	00bf	nop
000020cc	FUN_000020cc	000020d4	1b48	ldr r0,[0x00002144]
000020cc	FUN_000020cc	000020d6	0068	ldr r0,[r0,#0x0]
000020cc	FUN_000020cc	000020d8	0128	cmp r0,#0x1
000020cc	FUN_000020cc	000020da	00d1	bne 0x000020de
000020cc	FUN_000020cc	000020dc	04e0	b 0x000020e8
000020cc	FUN_000020cc	000020de	40f23b11	movw r1,#0x13b
000020cc	FUN_000020cc	000020e2	19a0	adr r0,[0x2148]
000020cc	FUN_000020cc	000020e4	fef789f9	bl 0x000003fa
000020cc	FUN_000020cc	000020e8	00bf	nop
000020cc	FUN_000020cc	000020ea	00bf	nop
000020cc	FUN_000020cc	000020ec	0f2c	cmp r4,#0xf
000020cc	FUN_000020cc	000020ee	00d8	bhi 0x000020f2
000020cc	FUN_000020cc	000020f0	04e0	b 0x000020fc
000020cc	FUN_000020cc	000020f2	4ff49e71	mov.w r1,#0x13c
000020cc	FUN_000020cc	000020f6	14a0	adr r0,[0x2148]
000020cc	FUN_000020cc	000020f8	fef77ff9	bl 0x000003fa
000020cc	FUN_000020cc	000020fc	00bf	nop
000020cc	FUN_000020cc	000020fe	1148	ldr r0,[0x00002144]
000020cc	FUN_000020cc	00002100	1830	adds r0,#0x18
000020cc	FUN_000020cc	00002102	0068	ldr r0,[r0,#0x0]
000020cc	FUN_000020cc	00002104	64f30300	bfi r0,r4,#0x0,#0x4
000020cc	FUN_000020cc	00002108	0e49	ldr r1,[0x00002144]
000020cc	FUN_000020cc	0000210a	1831	adds r1,#0x18
000020cc	FUN_000020cc	0000210c	0860	str r0,[r1,#0x0]
000020cc	FUN_000020cc	0000210e	10e0	b 0x00002132
000020cc	FUN_000020cc	00002110	6d1c	adds r5,r5,#0x1
000020cc	FUN_000020cc	00002112	1448	ldr r0,[0x00002164]
000020cc	FUN_000020cc	00002114	006a	ldr r0,[r0,#0x20]
000020cc	FUN_000020cc	00002116	c0f30261	ubfx r1,r0,#0x18,#0x3
000020cc	FUN_000020cc	0000211a	1348	ldr r0,[0x00002168]
000020cc	FUN_000020cc	0000211c	0068	ldr r0,[r0,#0x0]
000020cc	FUN_000020cc	0000211e	c840	lsrs r0,r1
000020cc	FUN_000020cc	00002120	44f62061	movw r1,#0x4e20
000020cc	FUN_000020cc	00002124	b0fbf1f0	udiv r0,r0,r1
000020cc	FUN_000020cc	00002128	a842	cmp r0,r5
000020cc	FUN_000020cc	0000212a	02d2	bcs 0x00002132
000020cc	FUN_000020cc	0000212c	6ff00700	mvn r0,#0x7
000020cc	FUN_000020cc	00002130	70bd	pop {r4,r5,r6,pc}
000020cc	FUN_000020cc	00002132	0448	ldr r0,[0x00002144]
000020cc	FUN_000020cc	00002134	1830	adds r0,#0x18
000020cc	FUN_000020cc	00002136	0068	ldr r0,[r0,#0x0]
000020cc	FUN_000020cc	00002138	00f00f00	and r0,r0,#0xf
000020cc	FUN_000020cc	0000213c	a042	cmp r0,r4
000020cc	FUN_000020cc	0000213e	e7d1	bne 0x00002110
000020cc	FUN_000020cc	00002140	0020	movs r0,#0x0
000020cc	FUN_000020cc	00002142	f5e7	b 0x00002130
0000216c	FUN_0000216c	0000216c	f8b5	push {r3,r4,r5,r6,r7,lr}
0000216c	FUN_0000216c	0000216e	0546	mov r5,r0
0000216c	FUN_0000216c	00002170	0c46	mov r4,r1
0000216c	FUN_0000216c	00002172	0020	movs r0,#0x0
0000216c	FUN_0000216c	00002174	0090	str r0,[sp,#0x0]
0000216c	FUN_0000216c	00002176	0026	movs r6,#0x0
0000216c	FUN_0000216c	00002178	08e0	b 0x0000218c
0000216c	FUN_0000216c	0000217a	0098	ldr r0,[sp,#0x0]
0000216c	FUN_0000216c	0000217c	401c	adds r0,r0,#0x1
0000216c	FUN_0000216c	0000217e	0090	str r0,[sp,#0x0]
0000216c	FUN_0000216c	00002180	0098	ldr r0,[sp,#0x0]
0000216c	FUN_0000216c	00002182	a042	cmp r0,r4
0000216c	FUN_0000216c	00002184	02d9	bls 0x0000218c
0000216c	FUN_0000216c	00002186	6ff00706	mvn r6,#0x7
0000216c	FUN_0000216c	0000218a	04e0	b 0x00002196
0000216c	FUN_0000216c	0000218c	2846	mov r0,r5
0000216c	FUN_0000216c	0000218e	fff7c7fc	bl 0x00001b20
0000216c	FUN_0000216c	00002192	0128	cmp r0,#0x1
0000216c	FUN_0000216c	00002194	f1d1	bne 0x0000217a
0000216c	FUN_0000216c	00002196	00bf	nop
0000216c	FUN_0000216c	00002198	3046	mov r0,r6
0000216c	FUN_0000216c	0000219a	f8bd	pop {r3,r4,r5,r6,r7,pc}
0000219c	FUN_0000219c	0000219c	70b5	push {r4,r5,r6,lr}
0000219c	FUN_0000219c	0000219e	0446	mov r4,r0
0000219c	FUN_0000219c	000021a0	0d46	mov r5,r1
0000219c	FUN_0000219c	000021a2	00bf	nop
0000219c	FUN_0000219c	000021a4	2cb1	cbz r4,0x000021b2
0000219c	FUN_0000219c	000021a6	1148	ldr r0,[0x000021ec]
0000219c	FUN_0000219c	000021a8	2043	orrs r0,r4
0000219c	FUN_0000219c	000021aa	1049	ldr r1,[0x000021ec]
0000219c	FUN_0000219c	000021ac	8842	cmp r0,r1
0000219c	FUN_0000219c	000021ae	00d1	bne 0x000021b2
0000219c	FUN_0000219c	000021b0	03e0	b 0x000021ba
0000219c	FUN_0000219c	000021b2	8421	movs r1,#0x84
0000219c	FUN_0000219c	000021b4	0ea0	adr r0,[0x21f0]
0000219c	FUN_0000219c	000021b6	fef720f9	bl 0x000003fa
0000219c	FUN_0000219c	000021ba	00bf	nop
0000219c	FUN_0000219c	000021bc	00bf	nop
0000219c	FUN_0000219c	000021be	0db1	cbz r5,0x000021c4
0000219c	FUN_0000219c	000021c0	012d	cmp r5,#0x1
0000219c	FUN_0000219c	000021c2	00d1	bne 0x000021c6
0000219c	FUN_0000219c	000021c4	03e0	b 0x000021ce
0000219c	FUN_0000219c	000021c6	8521	movs r1,#0x85
0000219c	FUN_0000219c	000021c8	09a0	adr r0,[0x21f0]
0000219c	FUN_0000219c	000021ca	fef716f9	bl 0x000003fa
0000219c	FUN_0000219c	000021ce	00bf	nop
0000219c	FUN_0000219c	000021d0	012d	cmp r5,#0x1
0000219c	FUN_0000219c	000021d2	05d1	bne 0x000021e0
0000219c	FUN_0000219c	000021d4	0d48	ldr r0,[0x0000220c]
0000219c	FUN_0000219c	000021d6	4068	ldr r0,[r0,#0x4]
0000219c	FUN_0000219c	000021d8	a043	bics r0,r4
0000219c	FUN_0000219c	000021da	0c49	ldr r1,[0x0000220c]
0000219c	FUN_0000219c	000021dc	4860	str r0,[r1,#0x4]
0000219c	FUN_0000219c	000021de	04e0	b 0x000021ea
0000219c	FUN_0000219c	000021e0	0a48	ldr r0,[0x0000220c]
0000219c	FUN_0000219c	000021e2	4068	ldr r0,[r0,#0x4]
0000219c	FUN_0000219c	000021e4	2043	orrs r0,r4
0000219c	FUN_0000219c	000021e6	0949	ldr r1,[0x0000220c]
0000219c	FUN_0000219c	000021e8	4860	str r0,[r1,#0x4]
0000219c	FUN_0000219c	000021ea	70bd	pop {r4,r5,r6,pc}
00002210	FUN_00002210	00002210	70b5	push {r4,r5,r6,lr}
00002210	FUN_00002210	00002212	0446	mov r4,r0
00002210	FUN_00002210	00002214	0d46	mov r5,r1
00002210	FUN_00002210	00002216	00bf	nop
00002210	FUN_00002210	00002218	2cb1	cbz r4,0x00002226
00002210	FUN_00002210	0000221a	1148	ldr r0,[0x00002260]
00002210	FUN_00002210	0000221c	2043	orrs r0,r4
00002210	FUN_00002210	0000221e	1049	ldr r1,[0x00002260]
00002210	FUN_00002210	00002220	8842	cmp r0,r1
00002210	FUN_00002210	00002222	00d1	bne 0x00002226
00002210	FUN_00002210	00002224	03e0	b 0x0000222e
00002210	FUN_00002210	00002226	9621	movs r1,#0x96
00002210	FUN_00002210	00002228	0ea0	adr r0,[0x2264]
00002210	FUN_00002210	0000222a	fef7e6f8	bl 0x000003fa
00002210	FUN_00002210	0000222e	00bf	nop
00002210	FUN_00002210	00002230	00bf	nop
00002210	FUN_00002210	00002232	0db1	cbz r5,0x00002238
00002210	FUN_00002210	00002234	012d	cmp r5,#0x1
00002210	FUN_00002210	00002236	00d1	bne 0x0000223a
00002210	FUN_00002210	00002238	03e0	b 0x00002242
00002210	FUN_00002210	0000223a	9721	movs r1,#0x97
00002210	FUN_00002210	0000223c	09a0	adr r0,[0x2264]
00002210	FUN_00002210	0000223e	fef7dcf8	bl 0x000003fa
00002210	FUN_00002210	00002242	00bf	nop
00002210	FUN_00002210	00002244	012d	cmp r5,#0x1
00002210	FUN_00002210	00002246	05d1	bne 0x00002254
00002210	FUN_00002210	00002248	0d48	ldr r0,[0x00002280]
00002210	FUN_00002210	0000224a	8068	ldr r0,[r0,#0x8]
00002210	FUN_00002210	0000224c	a043	bics r0,r4
00002210	FUN_00002210	0000224e	0c49	ldr r1,[0x00002280]
00002210	FUN_00002210	00002250	8860	str r0,[r1,#0x8]
00002210	FUN_00002210	00002252	04e0	b 0x0000225e
00002210	FUN_00002210	00002254	0a48	ldr r0,[0x00002280]
00002210	FUN_00002210	00002256	8068	ldr r0,[r0,#0x8]
00002210	FUN_00002210	00002258	2043	orrs r0,r4
00002210	FUN_00002210	0000225a	0949	ldr r1,[0x00002280]
00002210	FUN_00002210	0000225c	8860	str r0,[r1,#0x8]
00002210	FUN_00002210	0000225e	70bd	pop {r4,r5,r6,pc}
00002284	FUN_00002284	00002284	70b5	push {r4,r5,r6,lr}
00002284	FUN_00002284	00002286	0446	mov r4,r0
00002284	FUN_00002284	00002288	0d46	mov r5,r1
00002284	FUN_00002284	0000228a	00bf	nop
00002284	FUN_00002284	0000228c	2cb1	cbz r4,0x0000229a
00002284	FUN_00002284	0000228e	1148	ldr r0,[0x000022d4]
00002284	FUN_00002284	00002290	2043	orrs r0,r4
00002284	FUN_00002284	00002292	1049	ldr r1,[0x000022d4]
00002284	FUN_00002284	00002294	8842	cmp r0,r1
00002284	FUN_00002284	00002296	00d1	bne 0x0000229a
00002284	FUN_00002284	00002298	03e0	b 0x000022a2
00002284	FUN_00002284	0000229a	a821	movs r1,#0xa8
00002284	FUN_00002284	0000229c	0ea0	adr r0,[0x22d8]
00002284	FUN_00002284	0000229e	fef7acf8	bl 0x000003fa
00002284	FUN_00002284	000022a2	00bf	nop
00002284	FUN_00002284	000022a4	00bf	nop
00002284	FUN_00002284	000022a6	0db1	cbz r5,0x000022ac
00002284	FUN_00002284	000022a8	012d	cmp r5,#0x1
00002284	FUN_00002284	000022aa	00d1	bne 0x000022ae
00002284	FUN_00002284	000022ac	03e0	b 0x000022b6
00002284	FUN_00002284	000022ae	a921	movs r1,#0xa9
00002284	FUN_00002284	000022b0	09a0	adr r0,[0x22d8]
00002284	FUN_00002284	000022b2	fef7a2f8	bl 0x000003fa
00002284	FUN_00002284	000022b6	00bf	nop
00002284	FUN_00002284	000022b8	012d	cmp r5,#0x1
00002284	FUN_00002284	000022ba	05d1	bne 0x000022c8
00002284	FUN_00002284	000022bc	0d48	ldr r0,[0x000022f4]
00002284	FUN_00002284	000022be	c068	ldr r0,[r0,#0xc]
00002284	FUN_00002284	000022c0	a043	bics r0,r4
00002284	FUN_00002284	000022c2	0c49	ldr r1,[0x000022f4]
00002284	FUN_00002284	000022c4	c860	str r0,[r1,#0xc]
00002284	FUN_00002284	000022c6	04e0	b 0x000022d2
00002284	FUN_00002284	000022c8	0a48	ldr r0,[0x000022f4]
00002284	FUN_00002284	000022ca	c068	ldr r0,[r0,#0xc]
00002284	FUN_00002284	000022cc	2043	orrs r0,r4
00002284	FUN_00002284	000022ce	0949	ldr r1,[0x000022f4]
00002284	FUN_00002284	000022d0	c860	str r0,[r1,#0xc]
00002284	FUN_00002284	000022d2	70bd	pop {r4,r5,r6,pc}
000022f8	FUN_000022f8	000022f8	2de9f05f	push {r4,r5,r6,r7,r8,r9,r10,r11,r12,lr}
000022f8	FUN_000022f8	000022fc	0546	mov r5,r0
000022f8	FUN_000022f8	000022fe	8846	mov r8,r1
000022f8	FUN_000022f8	00002300	1446	mov r4,r2
000022f8	FUN_000022f8	00002302	4ff0000b	mov.w r11,#0x0
000022f8	FUN_000022f8	00002306	14b9	cbnz r4,0x0000230e
000022f8	FUN_000022f8	00002308	6ff0020b	mvn r11,#0x2
000022f8	FUN_000022f8	0000230c	0ee1	b 0x0000252c
000022f8	FUN_000022f8	0000230e	00bf	nop
000022f8	FUN_000022f8	00002310	8848	ldr r0,[0x00002534]
000022f8	FUN_000022f8	00002312	0088	ldrh r0,[r0,#0x0]
000022f8	FUN_000022f8	00002314	00f00100	and r0,r0,#0x1
000022f8	FUN_000022f8	00002318	00b1	cbz r0,0x0000231c
000022f8	FUN_000022f8	0000231a	04e0	b 0x00002326
000022f8	FUN_000022f8	0000231c	4ff48771	mov.w r1,#0x10e
000022f8	FUN_000022f8	00002320	85a0	adr r0,[0x2538]
000022f8	FUN_000022f8	00002322	fef76af8	bl 0x000003fa
000022f8	FUN_000022f8	00002326	00bf	nop
000022f8	FUN_000022f8	00002328	00bf	nop
000022f8	FUN_000022f8	0000232a	4db1	cbz r5,0x00002340
000022f8	FUN_000022f8	0000232c	012d	cmp r5,#0x1
000022f8	FUN_000022f8	0000232e	07d0	beq 0x00002340
000022f8	FUN_000022f8	00002330	022d	cmp r5,#0x2
000022f8	FUN_000022f8	00002332	05d0	beq 0x00002340
000022f8	FUN_000022f8	00002334	032d	cmp r5,#0x3
000022f8	FUN_000022f8	00002336	03d0	beq 0x00002340
000022f8	FUN_000022f8	00002338	042d	cmp r5,#0x4
000022f8	FUN_000022f8	0000233a	01d0	beq 0x00002340
000022f8	FUN_000022f8	0000233c	052d	cmp r5,#0x5
000022f8	FUN_000022f8	0000233e	00d1	bne 0x00002342
000022f8	FUN_000022f8	00002340	04e0	b 0x0000234c
000022f8	FUN_000022f8	00002342	40f20f11	movw r1,#0x10f
000022f8	FUN_000022f8	00002346	7ca0	adr r0,[0x2538]
000022f8	FUN_000022f8	00002348	fef757f8	bl 0x000003fa
000022f8	FUN_000022f8	0000234c	00bf	nop
000022f8	FUN_000022f8	0000234e	00bf	nop
000022f8	FUN_000022f8	00002350	b8f1000f	cmp.w r8,#0x0
000022f8	FUN_000022f8	00002354	03d0	beq 0x0000235e
000022f8	FUN_000022f8	00002356	1ffa88f0	uxth.w r0,r8
000022f8	FUN_000022f8	0000235a	00b1	cbz r0,0x0000235e
000022f8	FUN_000022f8	0000235c	04e0	b 0x00002368
000022f8	FUN_000022f8	0000235e	4ff48871	mov.w r1,#0x110
000022f8	FUN_000022f8	00002362	75a0	adr r0,[0x2538]
000022f8	FUN_000022f8	00002364	fef749f8	bl 0x000003fa
000022f8	FUN_000022f8	00002368	00bf	nop
000022f8	FUN_000022f8	0000236a	00bf	nop
000022f8	FUN_000022f8	0000236c	2088	ldrh r0,[r4,#0x0]
000022f8	FUN_000022f8	0000236e	10b1	cbz r0,0x00002376
000022f8	FUN_000022f8	00002370	2088	ldrh r0,[r4,#0x0]
000022f8	FUN_000022f8	00002372	0128	cmp r0,#0x1
000022f8	FUN_000022f8	00002374	00d1	bne 0x00002378
000022f8	FUN_000022f8	00002376	04e0	b 0x00002382
000022f8	FUN_000022f8	00002378	40f21111	movw r1,#0x111
000022f8	FUN_000022f8	0000237c	6ea0	adr r0,[0x2538]
000022f8	FUN_000022f8	0000237e	fef73cf8	bl 0x000003fa
000022f8	FUN_000022f8	00002382	00bf	nop
000022f8	FUN_000022f8	00002384	00bf	nop
000022f8	FUN_000022f8	00002386	6088	ldrh r0,[r4,#0x2]
000022f8	FUN_000022f8	00002388	10b1	cbz r0,0x00002390
000022f8	FUN_000022f8	0000238a	6088	ldrh r0,[r4,#0x2]
000022f8	FUN_000022f8	0000238c	0228	cmp r0,#0x2
000022f8	FUN_000022f8	0000238e	00d1	bne 0x00002392
000022f8	FUN_000022f8	00002390	04e0	b 0x0000239c
000022f8	FUN_000022f8	00002392	4ff48971	mov.w r1,#0x112
000022f8	FUN_000022f8	00002396	68a0	adr r0,[0x2538]
000022f8	FUN_000022f8	00002398	fef72ff8	bl 0x000003fa
000022f8	FUN_000022f8	0000239c	00bf	nop
000022f8	FUN_000022f8	0000239e	00bf	nop
000022f8	FUN_000022f8	000023a0	a088	ldrh r0,[r4,#0x4]
000022f8	FUN_000022f8	000023a2	10b1	cbz r0,0x000023aa
000022f8	FUN_000022f8	000023a4	a088	ldrh r0,[r4,#0x4]
000022f8	FUN_000022f8	000023a6	0428	cmp r0,#0x4
000022f8	FUN_000022f8	000023a8	00d1	bne 0x000023ac
000022f8	FUN_000022f8	000023aa	04e0	b 0x000023b6
000022f8	FUN_000022f8	000023ac	40f21311	movw r1,#0x113
000022f8	FUN_000022f8	000023b0	61a0	adr r0,[0x2538]
000022f8	FUN_000022f8	000023b2	fef722f8	bl 0x000003fa
000022f8	FUN_000022f8	000023b6	00bf	nop
000022f8	FUN_000022f8	000023b8	00bf	nop
000022f8	FUN_000022f8	000023ba	e088	ldrh r0,[r4,#0x6]
000022f8	FUN_000022f8	000023bc	28b1	cbz r0,0x000023ca
000022f8	FUN_000022f8	000023be	e088	ldrh r0,[r4,#0x6]
000022f8	FUN_000022f8	000023c0	1028	cmp r0,#0x10
000022f8	FUN_000022f8	000023c2	02d0	beq 0x000023ca
000022f8	FUN_000022f8	000023c4	e088	ldrh r0,[r4,#0x6]
000022f8	FUN_000022f8	000023c6	2028	cmp r0,#0x20
000022f8	FUN_000022f8	000023c8	00d1	bne 0x000023cc
000022f8	FUN_000022f8	000023ca	04e0	b 0x000023d6
000022f8	FUN_000022f8	000023cc	4ff48a71	mov.w r1,#0x114
000022f8	FUN_000022f8	000023d0	59a0	adr r0,[0x2538]
000022f8	FUN_000022f8	000023d2	fef712f8	bl 0x000003fa
000022f8	FUN_000022f8	000023d6	00bf	nop
000022f8	FUN_000022f8	000023d8	00bf	nop
000022f8	FUN_000022f8	000023da	2089	ldrh r0,[r4,#0x8]
000022f8	FUN_000022f8	000023dc	18b1	cbz r0,0x000023e6
000022f8	FUN_000022f8	000023de	2089	ldrh r0,[r4,#0x8]
000022f8	FUN_000022f8	000023e0	b0f5804f	cmp.w r0,#0x4000
000022f8	FUN_000022f8	000023e4	00d1	bne 0x000023e8
000022f8	FUN_000022f8	000023e6	04e0	b 0x000023f2
000022f8	FUN_000022f8	000023e8	40f21511	movw r1,#0x115
000022f8	FUN_000022f8	000023ec	52a0	adr r0,[0x2538]
000022f8	FUN_000022f8	000023ee	fef704f8	bl 0x000003fa
000022f8	FUN_000022f8	000023f2	00bf	nop
000022f8	FUN_000022f8	000023f4	00bf	nop
000022f8	FUN_000022f8	000023f6	6089	ldrh r0,[r4,#0xa]
000022f8	FUN_000022f8	000023f8	10b1	cbz r0,0x00002400
000022f8	FUN_000022f8	000023fa	6089	ldrh r0,[r4,#0xa]
000022f8	FUN_000022f8	000023fc	4028	cmp r0,#0x40
000022f8	FUN_000022f8	000023fe	00d1	bne 0x00002402
000022f8	FUN_000022f8	00002400	04e0	b 0x0000240c
000022f8	FUN_000022f8	00002402	4ff48b71	mov.w r1,#0x116
000022f8	FUN_000022f8	00002406	4ca0	adr r0,[0x2538]
000022f8	FUN_000022f8	00002408	fdf7f7ff	bl 0x000003fa
000022f8	FUN_000022f8	0000240c	00bf	nop
000022f8	FUN_000022f8	0000240e	00bf	nop
000022f8	FUN_000022f8	00002410	a089	ldrh r0,[r4,#0xc]
000022f8	FUN_000022f8	00002412	10b1	cbz r0,0x0000241a
000022f8	FUN_000022f8	00002414	a089	ldrh r0,[r4,#0xc]
000022f8	FUN_000022f8	00002416	8028	cmp r0,#0x80
000022f8	FUN_000022f8	00002418	00d1	bne 0x0000241c
000022f8	FUN_000022f8	0000241a	04e0	b 0x00002426
000022f8	FUN_000022f8	0000241c	40f21711	movw r1,#0x117
000022f8	FUN_000022f8	00002420	45a0	adr r0,[0x2538]
000022f8	FUN_000022f8	00002422	fdf7eaff	bl 0x000003fa
000022f8	FUN_000022f8	00002426	00bf	nop
000022f8	FUN_000022f8	00002428	00bf	nop
000022f8	FUN_000022f8	0000242a	e089	ldrh r0,[r4,#0xe]
000022f8	FUN_000022f8	0000242c	18b1	cbz r0,0x00002436
000022f8	FUN_000022f8	0000242e	e089	ldrh r0,[r4,#0xe]
000022f8	FUN_000022f8	00002430	b0f5005f	cmp.w r0,#0x2000
000022f8	FUN_000022f8	00002434	00d1	bne 0x00002438
000022f8	FUN_000022f8	00002436	04e0	b 0x00002442
000022f8	FUN_000022f8	00002438	4ff48c71	mov.w r1,#0x118
000022f8	FUN_000022f8	0000243c	3ea0	adr r0,[0x2538]
000022f8	FUN_000022f8	0000243e	fdf7dcff	bl 0x000003fa
000022f8	FUN_000022f8	00002442	00bf	nop
000022f8	FUN_000022f8	00002444	00bf	nop
000022f8	FUN_000022f8	00002446	208a	ldrh r0,[r4,#0x10]
000022f8	FUN_000022f8	00002448	18b1	cbz r0,0x00002452
000022f8	FUN_000022f8	0000244a	208a	ldrh r0,[r4,#0x10]
000022f8	FUN_000022f8	0000244c	b0f5007f	cmp.w r0,#0x200
000022f8	FUN_000022f8	00002450	00d1	bne 0x00002454
000022f8	FUN_000022f8	00002452	04e0	b 0x0000245e
000022f8	FUN_000022f8	00002454	40f21911	movw r1,#0x119
000022f8	FUN_000022f8	00002458	37a0	adr r0,[0x2538]
000022f8	FUN_000022f8	0000245a	fdf7ceff	bl 0x000003fa
000022f8	FUN_000022f8	0000245e	00bf	nop
000022f8	FUN_000022f8	00002460	00bf	nop
000022f8	FUN_000022f8	00002462	608a	ldrh r0,[r4,#0x12]
000022f8	FUN_000022f8	00002464	18b1	cbz r0,0x0000246e
000022f8	FUN_000022f8	00002466	608a	ldrh r0,[r4,#0x12]
000022f8	FUN_000022f8	00002468	b0f5805f	cmp.w r0,#0x1000
000022f8	FUN_000022f8	0000246c	00d1	bne 0x00002470
000022f8	FUN_000022f8	0000246e	04e0	b 0x0000247a
000022f8	FUN_000022f8	00002470	4ff48d71	mov.w r1,#0x11a
000022f8	FUN_000022f8	00002474	30a0	adr r0,[0x2538]
000022f8	FUN_000022f8	00002476	fdf7c0ff	bl 0x000003fa
000022f8	FUN_000022f8	0000247a	00bf	nop
000022f8	FUN_000022f8	0000247c	00bf	nop
000022f8	FUN_000022f8	0000247e	a08a	ldrh r0,[r4,#0x14]
000022f8	FUN_000022f8	00002480	18b1	cbz r0,0x0000248a
000022f8	FUN_000022f8	00002482	a08a	ldrh r0,[r4,#0x14]
000022f8	FUN_000022f8	00002484	b0f5806f	cmp.w r0,#0x400
000022f8	FUN_000022f8	00002488	00d1	bne 0x0000248c
000022f8	FUN_000022f8	0000248a	04e0	b 0x00002496
000022f8	FUN_000022f8	0000248c	40f21b11	movw r1,#0x11b
000022f8	FUN_000022f8	00002490	29a0	adr r0,[0x2538]
000022f8	FUN_000022f8	00002492	fdf7b2ff	bl 0x000003fa
000022f8	FUN_000022f8	00002496	00bf	nop
000022f8	FUN_000022f8	00002498	00bf	nop
000022f8	FUN_000022f8	0000249a	e08a	ldrh r0,[r4,#0x16]
000022f8	FUN_000022f8	0000249c	18b1	cbz r0,0x000024a6
000022f8	FUN_000022f8	0000249e	e08a	ldrh r0,[r4,#0x16]
000022f8	FUN_000022f8	000024a0	b0f5004f	cmp.w r0,#0x8000
000022f8	FUN_000022f8	000024a4	00d1	bne 0x000024a8
000022f8	FUN_000022f8	000024a6	04e0	b 0x000024b2
000022f8	FUN_000022f8	000024a8	4ff48e71	mov.w r1,#0x11c
000022f8	FUN_000022f8	000024ac	22a0	adr r0,[0x2538]
000022f8	FUN_000022f8	000024ae	fdf7a4ff	bl 0x000003fa
000022f8	FUN_000022f8	000024b2	00bf	nop
000022f8	FUN_000022f8	000024b4	0026	movs r6,#0x0
000022f8	FUN_000022f8	000024b6	37e0	b 0x00002528
000022f8	FUN_000022f8	000024b8	0120	movs r0,#0x1
000022f8	FUN_000022f8	000024ba	b040	lsls r0,r6
000022f8	FUN_000022f8	000024bc	00ea0800	and.w r0,r0,r8
000022f8	FUN_000022f8	000024c0	80b3	cbz r0,0x00002524
000022f8	FUN_000022f8	000024c2	2088	ldrh r0,[r4,#0x0]
000022f8	FUN_000022f8	000024c4	6188	ldrh r1,[r4,#0x2]
000022f8	FUN_000022f8	000024c6	0843	orrs r0,r1
000022f8	FUN_000022f8	000024c8	a188	ldrh r1,[r4,#0x4]
000022f8	FUN_000022f8	000024ca	0843	orrs r0,r1
000022f8	FUN_000022f8	000024cc	e188	ldrh r1,[r4,#0x6]
000022f8	FUN_000022f8	000024ce	0843	orrs r0,r1
000022f8	FUN_000022f8	000024d0	6189	ldrh r1,[r4,#0xa]
000022f8	FUN_000022f8	000024d2	0843	orrs r0,r1
000022f8	FUN_000022f8	000024d4	218a	ldrh r1,[r4,#0x10]
000022f8	FUN_000022f8	000024d6	0843	orrs r0,r1
000022f8	FUN_000022f8	000024d8	618a	ldrh r1,[r4,#0x12]
000022f8	FUN_000022f8	000024da	0843	orrs r0,r1
000022f8	FUN_000022f8	000024dc	2189	ldrh r1,[r4,#0x8]
000022f8	FUN_000022f8	000024de	40ea0109	orr.w r9,r0,r1
000022f8	FUN_000022f8	000024e2	45f27727	movw r7,#0x5277
000022f8	FUN_000022f8	000024e6	e08a	ldrh r0,[r4,#0x16]
000022f8	FUN_000022f8	000024e8	40ea0909	orr.w r9,r0,r9
000022f8	FUN_000022f8	000024ec	47f40047	orr r7,r7,#0x8000
000022f8	FUN_000022f8	000024f0	a089	ldrh r0,[r4,#0xc]
000022f8	FUN_000022f8	000024f2	e189	ldrh r1,[r4,#0xe]
000022f8	FUN_000022f8	000024f4	0843	orrs r0,r1
000022f8	FUN_000022f8	000024f6	40ea0909	orr.w r9,r0,r9
000022f8	FUN_000022f8	000024fa	47f40257	orr r7,r7,#0x2080
000022f8	FUN_000022f8	000024fe	a08a	ldrh r0,[r4,#0x14]
000022f8	FUN_000022f8	00002500	40ea0909	orr.w r9,r0,r9
000022f8	FUN_000022f8	00002504	47f48067	orr r7,r7,#0x400
000022f8	FUN_000022f8	00002508	0a48	ldr r0,[0x00002534]
000022f8	FUN_000022f8	0000250a	001d	adds r0,r0,#0x4
000022f8	FUN_000022f8	0000250c	00eb8510	add.w r0,r0,r5, lsl #0x6
000022f8	FUN_000022f8	00002510	00eb860a	add.w r10,r0,r6, lsl #0x2
000022f8	FUN_000022f8	00002514	baf80000	ldrh.w r0,[r10,#0x0]
000022f8	FUN_000022f8	00002518	b843	bics r0,r7
000022f8	FUN_000022f8	0000251a	09ea0701	and.w r1,r9,r7
000022f8	FUN_000022f8	0000251e	0843	orrs r0,r1
000022f8	FUN_000022f8	00002520	aaf80000	strh.w r0,[r10,#0x0]
000022f8	FUN_000022f8	00002524	701c	adds r0,r6,#0x1
000022f8	FUN_000022f8	00002526	c6b2	uxtb r6,r0
000022f8	FUN_000022f8	00002528	102e	cmp r6,#0x10
000022f8	FUN_000022f8	0000252a	c5d3	bcc 0x000024b8
000022f8	FUN_000022f8	0000252c	5846	mov r0,r11
000022f8	FUN_000022f8	0000252e	bde8f09f	pop.w {r4,r5,r6,r7,r8,r9,r10,r11,r12,pc}
00002558	FUN_00002558	00002558	70b5	push {r4,r5,r6,lr}
00002558	FUN_00002558	0000255a	0446	mov r4,r0
00002558	FUN_00002558	0000255c	0d46	mov r5,r1
00002558	FUN_00002558	0000255e	00bf	nop
00002558	FUN_00002558	00002560	4cb1	cbz r4,0x00002576
00002558	FUN_00002558	00002562	012c	cmp r4,#0x1
00002558	FUN_00002558	00002564	07d0	beq 0x00002576
00002558	FUN_00002558	00002566	022c	cmp r4,#0x2
00002558	FUN_00002558	00002568	05d0	beq 0x00002576
00002558	FUN_00002558	0000256a	032c	cmp r4,#0x3
00002558	FUN_00002558	0000256c	03d0	beq 0x00002576
00002558	FUN_00002558	0000256e	042c	cmp r4,#0x4
00002558	FUN_00002558	00002570	01d0	beq 0x00002576
00002558	FUN_00002558	00002572	052c	cmp r4,#0x5
00002558	FUN_00002558	00002574	00d1	bne 0x00002578
00002558	FUN_00002558	00002576	04e0	b 0x00002582
00002558	FUN_00002558	00002578	40f26121	movw r1,#0x261
00002558	FUN_00002558	0000257c	0ba0	adr r0,[0x25ac]
00002558	FUN_00002558	0000257e	fdf73cff	bl 0x000003fa
00002558	FUN_00002558	00002582	00bf	nop
00002558	FUN_00002558	00002584	00bf	nop
00002558	FUN_00002558	00002586	15b1	cbz r5,0x0000258e
00002558	FUN_00002558	00002588	a8b2	uxth r0,r5
00002558	FUN_00002558	0000258a	00b1	cbz r0,0x0000258e
00002558	FUN_00002558	0000258c	04e0	b 0x00002598
00002558	FUN_00002558	0000258e	40f26221	movw r1,#0x262
00002558	FUN_00002558	00002592	06a0	adr r0,[0x25ac]
00002558	FUN_00002558	00002594	fdf731ff	bl 0x000003fa
00002558	FUN_00002558	00002598	00bf	nop
00002558	FUN_00002558	0000259a	0c48	ldr r0,[0x000025cc]
00002558	FUN_00002558	0000259c	1021	movs r1,#0x10
00002558	FUN_00002558	0000259e	01fb0406	mla r6,r1,r4,r0
00002558	FUN_00002558	000025a2	3088	ldrh r0,[r6,#0x0]
00002558	FUN_00002558	000025a4	2843	orrs r0,r5
00002558	FUN_00002558	000025a6	3080	strh r0,[r6,#0x0]
00002558	FUN_00002558	000025a8	70bd	pop {r4,r5,r6,pc}
000025d0	FUN_000025d0	000025d0	70b5	push {r4,r5,r6,lr}
000025d0	FUN_000025d0	000025d2	0446	mov r4,r0
000025d0	FUN_000025d0	000025d4	0d46	mov r5,r1
000025d0	FUN_000025d0	000025d6	00bf	nop
000025d0	FUN_000025d0	000025d8	24b1	cbz r4,0x000025e4
000025d0	FUN_000025d0	000025da	44f01f00	orr r0,r4,#0x1f
000025d0	FUN_000025d0	000025de	1f28	cmp r0,#0x1f
000025d0	FUN_000025d0	000025e0	00d1	bne 0x000025e4
000025d0	FUN_000025d0	000025e2	04e0	b 0x000025ee
000025d0	FUN_000025d0	000025e4	40f27911	movw r1,#0x179
000025d0	FUN_000025d0	000025e8	18a0	adr r0,[0x264c]
000025d0	FUN_000025d0	000025ea	fdf706ff	bl 0x000003fa
000025d0	FUN_000025d0	000025ee	00bf	nop
000025d0	FUN_000025d0	000025f0	00bf	nop
000025d0	FUN_000025d0	000025f2	0db1	cbz r5,0x000025f8
000025d0	FUN_000025d0	000025f4	012d	cmp r5,#0x1
000025d0	FUN_000025d0	000025f6	00d1	bne 0x000025fa
000025d0	FUN_000025d0	000025f8	04e0	b 0x00002604
000025d0	FUN_000025d0	000025fa	4ff4bd71	mov.w r1,#0x17a
000025d0	FUN_000025d0	000025fe	13a0	adr r0,[0x264c]
000025d0	FUN_000025d0	00002600	fdf7fbfe	bl 0x000003fa
000025d0	FUN_000025d0	00002604	00bf	nop
000025d0	FUN_000025d0	00002606	00bf	nop
000025d0	FUN_000025d0	00002608	1848	ldr r0,[0x0000266c]
000025d0	FUN_000025d0	0000260a	0088	ldrh r0,[r0,#0x0]
000025d0	FUN_000025d0	0000260c	00f00100	and r0,r0,#0x1
000025d0	FUN_000025d0	00002610	00b1	cbz r0,0x00002614
000025d0	FUN_000025d0	00002612	04e0	b 0x0000261e
000025d0	FUN_000025d0	00002614	40f27b11	movw r1,#0x17b
000025d0	FUN_000025d0	00002618	0ca0	adr r0,[0x264c]
000025d0	FUN_000025d0	0000261a	fdf7eefe	bl 0x000003fa
000025d0	FUN_000025d0	0000261e	00bf	nop
000025d0	FUN_000025d0	00002620	012d	cmp r5,#0x1
000025d0	FUN_000025d0	00002622	09d1	bne 0x00002638
000025d0	FUN_000025d0	00002624	1148	ldr r0,[0x0000266c]
000025d0	FUN_000025d0	00002626	0838	subs r0,#0x8
000025d0	FUN_000025d0	00002628	0088	ldrh r0,[r0,#0x0]
000025d0	FUN_000025d0	0000262a	04f01f01	and r1,r4,#0x1f
000025d0	FUN_000025d0	0000262e	0843	orrs r0,r1
000025d0	FUN_000025d0	00002630	0e49	ldr r1,[0x0000266c]
000025d0	FUN_000025d0	00002632	0839	subs r1,#0x8
000025d0	FUN_000025d0	00002634	0880	strh r0,[r1,#0x0]
000025d0	FUN_000025d0	00002636	08e0	b 0x0000264a
000025d0	FUN_000025d0	00002638	0c48	ldr r0,[0x0000266c]
000025d0	FUN_000025d0	0000263a	0838	subs r0,#0x8
000025d0	FUN_000025d0	0000263c	0088	ldrh r0,[r0,#0x0]
000025d0	FUN_000025d0	0000263e	04f01f01	and r1,r4,#0x1f
000025d0	FUN_000025d0	00002642	8843	bics r0,r1
000025d0	FUN_000025d0	00002644	0949	ldr r1,[0x0000266c]
000025d0	FUN_000025d0	00002646	0839	subs r1,#0x8
000025d0	FUN_000025d0	00002648	0880	strh r0,[r1,#0x0]
000025d0	FUN_000025d0	0000264a	70bd	pop {r4,r5,r6,pc}
00002670	FUN_00002670	00002670	2de9f041	push {r4,r5,r6,r7,r8,lr}
00002670	FUN_00002670	00002674	0446	mov r4,r0
00002670	FUN_00002670	00002676	0f46	mov r7,r1
00002670	FUN_00002670	00002678	1546	mov r5,r2
00002670	FUN_00002670	0000267a	00bf	nop
00002670	FUN_00002670	0000267c	4cb1	cbz r4,0x00002692
00002670	FUN_00002670	0000267e	012c	cmp r4,#0x1
00002670	FUN_00002670	00002680	07d0	beq 0x00002692
00002670	FUN_00002670	00002682	022c	cmp r4,#0x2
00002670	FUN_00002670	00002684	05d0	beq 0x00002692
00002670	FUN_00002670	00002686	032c	cmp r4,#0x3
00002670	FUN_00002670	00002688	03d0	beq 0x00002692
00002670	FUN_00002670	0000268a	042c	cmp r4,#0x4
00002670	FUN_00002670	0000268c	01d0	beq 0x00002692
00002670	FUN_00002670	0000268e	052c	cmp r4,#0x5
00002670	FUN_00002670	00002690	00d1	bne 0x00002694
00002670	FUN_00002670	00002692	04e0	b 0x0000269e
00002670	FUN_00002670	00002694	40f29111	movw r1,#0x191
00002670	FUN_00002670	00002698	26a0	adr r0,[0x2734]
00002670	FUN_00002670	0000269a	fdf7aefe	bl 0x000003fa
00002670	FUN_00002670	0000269e	00bf	nop
00002670	FUN_00002670	000026a0	00bf	nop
00002670	FUN_00002670	000026a2	17b1	cbz r7,0x000026aa
00002670	FUN_00002670	000026a4	b8b2	uxth r0,r7
00002670	FUN_00002670	000026a6	00b1	cbz r0,0x000026aa
00002670	FUN_00002670	000026a8	04e0	b 0x000026b4
00002670	FUN_00002670	000026aa	4ff4c971	mov.w r1,#0x192
00002670	FUN_00002670	000026ae	21a0	adr r0,[0x2734]
00002670	FUN_00002670	000026b0	fdf7a3fe	bl 0x000003fa
00002670	FUN_00002670	000026b4	00bf	nop
00002670	FUN_00002670	000026b6	00bf	nop
00002670	FUN_00002670	000026b8	082d	cmp r5,#0x8
00002670	FUN_00002670	000026ba	0bd9	bls 0x000026d4
00002670	FUN_00002670	000026bc	0b2d	cmp r5,#0xb
00002670	FUN_00002670	000026be	01d3	bcc 0x000026c4
00002670	FUN_00002670	000026c0	0f2d	cmp r5,#0xf
00002670	FUN_00002670	000026c2	07d9	bls 0x000026d4
00002670	FUN_00002670	000026c4	152d	cmp r5,#0x15
00002670	FUN_00002670	000026c6	01d3	bcc 0x000026cc
00002670	FUN_00002670	000026c8	162d	cmp r5,#0x16
00002670	FUN_00002670	000026ca	03d9	bls 0x000026d4
00002670	FUN_00002670	000026cc	202d	cmp r5,#0x20
00002670	FUN_00002670	000026ce	02d3	bcc 0x000026d6
00002670	FUN_00002670	000026d0	392d	cmp r5,#0x39
00002670	FUN_00002670	000026d2	00d8	bhi 0x000026d6
00002670	FUN_00002670	000026d4	04e0	b 0x000026e0
00002670	FUN_00002670	000026d6	40f29311	movw r1,#0x193
00002670	FUN_00002670	000026da	16a0	adr r0,[0x2734]
00002670	FUN_00002670	000026dc	fdf78dfe	bl 0x000003fa
00002670	FUN_00002670	000026e0	00bf	nop
00002670	FUN_00002670	000026e2	00bf	nop
00002670	FUN_00002670	000026e4	1b48	ldr r0,[0x00002754]
00002670	FUN_00002670	000026e6	0088	ldrh r0,[r0,#0x0]
00002670	FUN_00002670	000026e8	00f00100	and r0,r0,#0x1
00002670	FUN_00002670	000026ec	00b1	cbz r0,0x000026f0
00002670	FUN_00002670	000026ee	04e0	b 0x000026fa
00002670	FUN_00002670	000026f0	4ff4ca71	mov.w r1,#0x194
00002670	FUN_00002670	000026f4	0fa0	adr r0,[0x2734]
00002670	FUN_00002670	000026f6	fdf780fe	bl 0x000003fa
00002670	FUN_00002670	000026fa	00bf	nop
00002670	FUN_00002670	000026fc	0026	movs r6,#0x0
00002670	FUN_00002670	000026fe	15e0	b 0x0000272c
00002670	FUN_00002670	00002700	0120	movs r0,#0x1
00002670	FUN_00002670	00002702	b040	lsls r0,r6
00002670	FUN_00002670	00002704	3840	ands r0,r7
00002670	FUN_00002670	00002706	78b1	cbz r0,0x00002728
00002670	FUN_00002670	00002708	1248	ldr r0,[0x00002754]
00002670	FUN_00002670	0000270a	801d	adds r0,r0,#0x6
00002670	FUN_00002670	0000270c	00eb8410	add.w r0,r0,r4, lsl #0x6
00002670	FUN_00002670	00002710	00eb8608	add.w r8,r0,r6, lsl #0x2
00002670	FUN_00002670	00002714	b8f80000	ldrh.w r0,[r8,#0x0]
00002670	FUN_00002670	00002718	4ff6c071	movw r1,#0xffc0
00002670	FUN_00002670	0000271c	0840	ands r0,r1
00002670	FUN_00002670	0000271e	05f03f01	and r1,r5,#0x3f
00002670	FUN_00002670	00002722	0843	orrs r0,r1
00002670	FUN_00002670	00002724	a8f80000	strh.w r0,[r8,#0x0]
00002670	FUN_00002670	00002728	701c	adds r0,r6,#0x1
00002670	FUN_00002670	0000272a	c6b2	uxtb r6,r0
00002670	FUN_00002670	0000272c	102e	cmp r6,#0x10
00002670	FUN_00002670	0000272e	e7d3	bcc 0x00002700
00002670	FUN_00002670	00002730	bde8f081	pop.w {r4,r5,r6,r7,r8,pc}
00002758	FUN_00002758	00002758	70b5	push {r4,r5,r6,lr}
00002758	FUN_00002758	0000275a	0446	mov r4,r0
00002758	FUN_00002758	0000275c	0d46	mov r5,r1
00002758	FUN_00002758	0000275e	00bf	nop
00002758	FUN_00002758	00002760	4cb1	cbz r4,0x00002776
00002758	FUN_00002758	00002762	012c	cmp r4,#0x1
00002758	FUN_00002758	00002764	07d0	beq 0x00002776
00002758	FUN_00002758	00002766	022c	cmp r4,#0x2
00002758	FUN_00002758	00002768	05d0	beq 0x00002776
00002758	FUN_00002758	0000276a	032c	cmp r4,#0x3
00002758	FUN_00002758	0000276c	03d0	beq 0x00002776
00002758	FUN_00002758	0000276e	042c	cmp r4,#0x4
00002758	FUN_00002758	00002770	01d0	beq 0x00002776
00002758	FUN_00002758	00002772	052c	cmp r4,#0x5
00002758	FUN_00002758	00002774	00d1	bne 0x00002778
00002758	FUN_00002758	00002776	04e0	b 0x00002782
00002758	FUN_00002758	00002778	40f24f21	movw r1,#0x24f
00002758	FUN_00002758	0000277c	0ba0	adr r0,[0x27ac]
00002758	FUN_00002758	0000277e	fdf73cfe	bl 0x000003fa
00002758	FUN_00002758	00002782	00bf	nop
00002758	FUN_00002758	00002784	00bf	nop
00002758	FUN_00002758	00002786	15b1	cbz r5,0x0000278e
00002758	FUN_00002758	00002788	a8b2	uxth r0,r5
00002758	FUN_00002758	0000278a	00b1	cbz r0,0x0000278e
00002758	FUN_00002758	0000278c	04e0	b 0x00002798
00002758	FUN_00002758	0000278e	4ff41471	mov.w r1,#0x250
00002758	FUN_00002758	00002792	06a0	adr r0,[0x27ac]
00002758	FUN_00002758	00002794	fdf731fe	bl 0x000003fa
00002758	FUN_00002758	00002798	00bf	nop
00002758	FUN_00002758	0000279a	0c48	ldr r0,[0x000027cc]
00002758	FUN_00002758	0000279c	1021	movs r1,#0x10
00002758	FUN_00002758	0000279e	01fb0406	mla r6,r1,r4,r0
00002758	FUN_00002758	000027a2	3088	ldrh r0,[r6,#0x0]
00002758	FUN_00002758	000027a4	2843	orrs r0,r5
00002758	FUN_00002758	000027a6	3080	strh r0,[r6,#0x0]
00002758	FUN_00002758	000027a8	70bd	pop {r4,r5,r6,pc}
000027d0	FUN_000027d0	000027d0	10b5	push {r4,lr}
000027d0	FUN_000027d0	000027d2	0446	mov r4,r0
000027d0	FUN_000027d0	000027d4	00bf	nop
000027d0	FUN_000027d0	000027d6	a4b1	cbz r4,0x00002802
000027d0	FUN_000027d0	000027d8	b4f5805f	cmp.w r4,#0x1000
000027d0	FUN_000027d0	000027dc	11d0	beq 0x00002802
000027d0	FUN_000027d0	000027de	b4f5005f	cmp.w r4,#0x2000
000027d0	FUN_000027d0	000027e2	0ed0	beq 0x00002802
000027d0	FUN_000027d0	000027e4	b4f5405f	cmp.w r4,#0x3000
000027d0	FUN_000027d0	000027e8	0bd0	beq 0x00002802
000027d0	FUN_000027d0	000027ea	b4f5804f	cmp.w r4,#0x4000
000027d0	FUN_000027d0	000027ee	08d0	beq 0x00002802
000027d0	FUN_000027d0	000027f0	b4f5a04f	cmp.w r4,#0x5000
000027d0	FUN_000027d0	000027f4	05d0	beq 0x00002802
000027d0	FUN_000027d0	000027f6	b4f5c04f	cmp.w r4,#0x6000
000027d0	FUN_000027d0	000027fa	02d0	beq 0x00002802
000027d0	FUN_000027d0	000027fc	b4f5e04f	cmp.w r4,#0x7000
000027d0	FUN_000027d0	00002800	00d1	bne 0x00002804
000027d0	FUN_000027d0	00002802	04e0	b 0x0000280e
000027d0	FUN_000027d0	00002804	40f2e711	movw r1,#0x1e7
000027d0	FUN_000027d0	00002808	0ea0	adr r0,[0x2844]
000027d0	FUN_000027d0	0000280a	fdf7f6fd	bl 0x000003fa
000027d0	FUN_000027d0	0000280e	00bf	nop
000027d0	FUN_000027d0	00002810	00bf	nop
000027d0	FUN_000027d0	00002812	1448	ldr r0,[0x00002864]
000027d0	FUN_000027d0	00002814	0088	ldrh r0,[r0,#0x0]
000027d0	FUN_000027d0	00002816	00f00100	and r0,r0,#0x1
000027d0	FUN_000027d0	0000281a	00b1	cbz r0,0x0000281e
000027d0	FUN_000027d0	0000281c	04e0	b 0x00002828
000027d0	FUN_000027d0	0000281e	4ff4f471	mov.w r1,#0x1e8
000027d0	FUN_000027d0	00002822	08a0	adr r0,[0x2844]
000027d0	FUN_000027d0	00002824	fdf7e9fd	bl 0x000003fa
000027d0	FUN_000027d0	00002828	00bf	nop
000027d0	FUN_000027d0	0000282a	0e48	ldr r0,[0x00002864]
000027d0	FUN_000027d0	0000282c	001f	subs r0,r0,#0x4
000027d0	FUN_000027d0	0000282e	0088	ldrh r0,[r0,#0x0]
000027d0	FUN_000027d0	00002830	48f6ff71	movw r1,#0x8fff
000027d0	FUN_000027d0	00002834	0840	ands r0,r1
000027d0	FUN_000027d0	00002836	04f4e041	and r1,r4,#0x7000
000027d0	FUN_000027d0	0000283a	0843	orrs r0,r1
000027d0	FUN_000027d0	0000283c	0949	ldr r1,[0x00002864]
000027d0	FUN_000027d0	0000283e	091f	subs r1,r1,#0x4
000027d0	FUN_000027d0	00002840	0880	strh r0,[r1,#0x0]
000027d0	FUN_000027d0	00002842	10bd	pop {r4,pc}
00002868	FUN_00002868	00002868	0146	mov r1,r0
00002868	FUN_00002868	0000286a	0020	movs r0,#0x0
00002868	FUN_00002868	0000286c	09b9	cbnz r1,0x00002872
00002868	FUN_00002868	0000286e	c01e	subs r0,r0,#0x3
00002868	FUN_00002868	00002870	0ce0	b 0x0000288c
00002868	FUN_00002868	00002872	0022	movs r2,#0x0
00002868	FUN_00002868	00002874	0a80	strh r2,[r1,#0x0]
00002868	FUN_00002868	00002876	4a80	strh r2,[r1,#0x2]
00002868	FUN_00002868	00002878	ca80	strh r2,[r1,#0x6]
00002868	FUN_00002868	0000287a	ca82	strh r2,[r1,#0x16]
00002868	FUN_00002868	0000287c	8a81	strh r2,[r1,#0xc]
00002868	FUN_00002868	0000287e	ca81	strh r2,[r1,#0xe]
00002868	FUN_00002868	00002880	0a81	strh r2,[r1,#0x8]
00002868	FUN_00002868	00002882	4a81	strh r2,[r1,#0xa]
00002868	FUN_00002868	00002884	0a82	strh r2,[r1,#0x10]
00002868	FUN_00002868	00002886	4a82	strh r2,[r1,#0x12]
00002868	FUN_00002868	00002888	8a80	strh r2,[r1,#0x4]
00002868	FUN_00002868	0000288a	8a82	strh r2,[r1,#0x14]
00002868	FUN_00002868	0000288c	7047	bx lr
00002890	FUN_00002890	00002890	70b5	push {r4,r5,r6,lr}
00002890	FUN_00002890	00002892	0446	mov r4,r0
00002890	FUN_00002890	00002894	0d46	mov r5,r1
00002890	FUN_00002890	00002896	00bf	nop
00002890	FUN_00002890	00002898	4cb1	cbz r4,0x000028ae
00002890	FUN_00002890	0000289a	012c	cmp r4,#0x1
00002890	FUN_00002890	0000289c	07d0	beq 0x000028ae
00002890	FUN_00002890	0000289e	022c	cmp r4,#0x2
00002890	FUN_00002890	000028a0	05d0	beq 0x000028ae
00002890	FUN_00002890	000028a2	032c	cmp r4,#0x3
00002890	FUN_00002890	000028a4	03d0	beq 0x000028ae
00002890	FUN_00002890	000028a6	042c	cmp r4,#0x4
00002890	FUN_00002890	000028a8	01d0	beq 0x000028ae
00002890	FUN_00002890	000028aa	052c	cmp r4,#0x5
00002890	FUN_00002890	000028ac	00d1	bne 0x000028b0
00002890	FUN_00002890	000028ae	04e0	b 0x000028ba
00002890	FUN_00002890	000028b0	4ff42171	mov.w r1,#0x284
00002890	FUN_00002890	000028b4	0ba0	adr r0,[0x28e4]
00002890	FUN_00002890	000028b6	fdf7a0fd	bl 0x000003fa
00002890	FUN_00002890	000028ba	00bf	nop
00002890	FUN_00002890	000028bc	00bf	nop
00002890	FUN_00002890	000028be	15b1	cbz r5,0x000028c6
00002890	FUN_00002890	000028c0	a8b2	uxth r0,r5
00002890	FUN_00002890	000028c2	00b1	cbz r0,0x000028c6
00002890	FUN_00002890	000028c4	04e0	b 0x000028d0
00002890	FUN_00002890	000028c6	40f28521	movw r1,#0x285
00002890	FUN_00002890	000028ca	06a0	adr r0,[0x28e4]
00002890	FUN_00002890	000028cc	fdf795fd	bl 0x000003fa
00002890	FUN_00002890	000028d0	00bf	nop
00002890	FUN_00002890	000028d2	0c48	ldr r0,[0x00002904]
00002890	FUN_00002890	000028d4	1021	movs r1,#0x10
00002890	FUN_00002890	000028d6	01fb0406	mla r6,r1,r4,r0
00002890	FUN_00002890	000028da	3088	ldrh r0,[r6,#0x0]
00002890	FUN_00002890	000028dc	2843	orrs r0,r5
00002890	FUN_00002890	000028de	3080	strh r0,[r6,#0x0]
00002890	FUN_00002890	000028e0	70bd	pop {r4,r5,r6,pc}
00002908	FUN_00002908	00002908	f0b5	push {r4,r5,r6,r7,lr}
00002908	FUN_00002908	0000290a	3e4e	ldr r6,[0x00002a04]
00002908	FUN_00002908	0000290c	3678	ldrb r6,[r6,#0x0]
00002908	FUN_00002908	0000290e	06f00706	and r6,r6,#0x7
00002908	FUN_00002908	00002912	062e	cmp r6,#0x6
00002908	FUN_00002908	00002914	43d2	bcs 0x0000299e
00002908	FUN_00002908	00002916	dfe806f0	tbb [pc,r6]
00002908	FUN_00002908	00002920	394e	ldr r6,[0x00002a08]
00002908	FUN_00002908	00002922	3668	ldr r6,[r6,#0x0]
00002908	FUN_00002908	00002924	0660	str r6,[r0,#0x0]
00002908	FUN_00002908	00002926	3be0	b 0x000029a0
00002908	FUN_00002908	00002928	384e	ldr r6,[0x00002a0c]
00002908	FUN_00002908	0000292a	0660	str r6,[r0,#0x0]
00002908	FUN_00002908	0000292c	38e0	b 0x000029a0
00002908	FUN_00002908	0000292e	4ff40046	mov.w r6,#0x8000
00002908	FUN_00002908	00002932	0660	str r6,[r0,#0x0]
00002908	FUN_00002908	00002934	34e0	b 0x000029a0
00002908	FUN_00002908	00002936	354e	ldr r6,[0x00002a0c]
00002908	FUN_00002908	00002938	0660	str r6,[r0,#0x0]
00002908	FUN_00002908	0000293a	31e0	b 0x000029a0
00002908	FUN_00002908	0000293c	4ff40046	mov.w r6,#0x8000
00002908	FUN_00002908	00002940	0660	str r6,[r0,#0x0]
00002908	FUN_00002908	00002942	2de0	b 0x000029a0
00002908	FUN_00002908	00002944	2f4e	ldr r6,[0x00002a04]
00002908	FUN_00002908	00002946	da36	adds r6,#0xda
00002908	FUN_00002908	00002948	3668	ldr r6,[r6,#0x0]
00002908	FUN_00002908	0000294a	330f	lsrs r3,r6,#0x1c
00002908	FUN_00002908	0000294c	2d4e	ldr r6,[0x00002a04]
00002908	FUN_00002908	0000294e	263e	subs r6,#0x26
00002908	FUN_00002908	00002950	d6f80061	ldr.w r6,[r6,#0x100]
00002908	FUN_00002908	00002954	c6f30722	ubfx r2,r6,#0x8,#0x8
00002908	FUN_00002908	00002958	2a4e	ldr r6,[0x00002a04]
00002908	FUN_00002908	0000295a	da36	adds r6,#0xda
00002908	FUN_00002908	0000295c	3668	ldr r6,[r6,#0x0]
00002908	FUN_00002908	0000295e	06f00304	and r4,r6,#0x3
00002908	FUN_00002908	00002962	284e	ldr r6,[0x00002a04]
00002908	FUN_00002908	00002964	263e	subs r6,#0x26
00002908	FUN_00002908	00002966	d6f80061	ldr.w r6,[r6,#0x100]
00002908	FUN_00002908	0000296a	c6f3c016	ubfx r6,r6,#0x7,#0x1
00002908	FUN_00002908	0000296e	56b9	cbnz r6,0x00002986
00002908	FUN_00002908	00002970	661c	adds r6,r4,#0x1
00002908	FUN_00002908	00002972	264f	ldr r7,[0x00002a0c]
00002908	FUN_00002908	00002974	b7fbf6f6	udiv r6,r7,r6
00002908	FUN_00002908	00002978	571c	adds r7,r2,#0x1
00002908	FUN_00002908	0000297a	7e43	muls r6,r7
00002908	FUN_00002908	0000297c	5f1c	adds r7,r3,#0x1
00002908	FUN_00002908	0000297e	b6fbf7f6	udiv r6,r6,r7
00002908	FUN_00002908	00002982	0660	str r6,[r0,#0x0]
00002908	FUN_00002908	00002984	0ae0	b 0x0000299c
00002908	FUN_00002908	00002986	204e	ldr r6,[0x00002a08]
00002908	FUN_00002908	00002988	3568	ldr r5,[r6,#0x0]
00002908	FUN_00002908	0000298a	661c	adds r6,r4,#0x1
00002908	FUN_00002908	0000298c	b5fbf6f6	udiv r6,r5,r6
00002908	FUN_00002908	00002990	571c	adds r7,r2,#0x1
00002908	FUN_00002908	00002992	7e43	muls r6,r7
00002908	FUN_00002908	00002994	5f1c	adds r7,r3,#0x1
00002908	FUN_00002908	00002996	b6fbf7f6	udiv r6,r6,r7
00002908	FUN_00002908	0000299a	0660	str r6,[r0,#0x0]
00002908	FUN_00002908	0000299c	00e0	b 0x000029a0
00002908	FUN_00002908	0000299e	00bf	nop
00002908	FUN_00002908	000029a0	00bf	nop
00002908	FUN_00002908	000029a2	1849	ldr r1,[0x00002a04]
00002908	FUN_00002908	000029a4	891f	subs r1,r1,#0x6
00002908	FUN_00002908	000029a6	174e	ldr r6,[0x00002a04]
00002908	FUN_00002908	000029a8	263e	subs r6,#0x26
00002908	FUN_00002908	000029aa	366a	ldr r6,[r6,#0x20]
00002908	FUN_00002908	000029ac	0e60	str r6,[r1,#0x0]
00002908	FUN_00002908	000029ae	0668	ldr r6,[r0,#0x0]
00002908	FUN_00002908	000029b0	0f68	ldr r7,[r1,#0x0]
00002908	FUN_00002908	000029b2	c7f30267	ubfx r7,r7,#0x18,#0x3
00002908	FUN_00002908	000029b6	fe40	lsrs r6,r7
00002908	FUN_00002908	000029b8	4660	str r6,[r0,#0x4]
00002908	FUN_00002908	000029ba	0f78	ldrb r7,[r1,#0x0]
00002908	FUN_00002908	000029bc	c7f30217	ubfx r7,r7,#0x4,#0x3
00002908	FUN_00002908	000029c0	0668	ldr r6,[r0,#0x0]
00002908	FUN_00002908	000029c2	fe40	lsrs r6,r7
00002908	FUN_00002908	000029c4	c660	str r6,[r0,#0xc]
00002908	FUN_00002908	000029c6	0668	ldr r6,[r0,#0x0]
00002908	FUN_00002908	000029c8	0f68	ldr r7,[r1,#0x0]
00002908	FUN_00002908	000029ca	c7f30247	ubfx r7,r7,#0x10,#0x3
00002908	FUN_00002908	000029ce	fe40	lsrs r6,r7
00002908	FUN_00002908	000029d0	8661	str r6,[r0,#0x18]
00002908	FUN_00002908	000029d2	0f88	ldrh r7,[r1,#0x0]
00002908	FUN_00002908	000029d4	c7f30237	ubfx r7,r7,#0xc,#0x3
00002908	FUN_00002908	000029d8	0668	ldr r6,[r0,#0x0]
00002908	FUN_00002908	000029da	fe40	lsrs r6,r7
00002908	FUN_00002908	000029dc	4661	str r6,[r0,#0x14]
00002908	FUN_00002908	000029de	0668	ldr r6,[r0,#0x0]
00002908	FUN_00002908	000029e0	0f68	ldr r7,[r1,#0x0]
00002908	FUN_00002908	000029e2	c7f30257	ubfx r7,r7,#0x14,#0x3
00002908	FUN_00002908	000029e6	fe40	lsrs r6,r7
00002908	FUN_00002908	000029e8	c661	str r6,[r0,#0x1c]
00002908	FUN_00002908	000029ea	0f78	ldrb r7,[r1,#0x0]
00002908	FUN_00002908	000029ec	07f00707	and r7,r7,#0x7
00002908	FUN_00002908	000029f0	0668	ldr r6,[r0,#0x0]
00002908	FUN_00002908	000029f2	fe40	lsrs r6,r7
00002908	FUN_00002908	000029f4	8660	str r6,[r0,#0x8]
00002908	FUN_00002908	000029f6	0f88	ldrh r7,[r1,#0x0]
00002908	FUN_00002908	000029f8	c7f30227	ubfx r7,r7,#0x8,#0x3
00002908	FUN_00002908	000029fc	0668	ldr r6,[r0,#0x0]
00002908	FUN_00002908	000029fe	fe40	lsrs r6,r7
00002908	FUN_00002908	00002a00	0661	str r6,[r0,#0x10]
00002908	FUN_00002908	00002a02	f0bd	pop {r4,r5,r6,r7,pc}
00002a10	FUN_00002a10	00002a10	70b5	push {r4,r5,r6,lr}
00002a10	FUN_00002a10	00002a12	0446	mov r4,r0
00002a10	FUN_00002a10	00002a14	0026	movs r6,#0x0
00002a10	FUN_00002a10	00002a16	0cb9	cbnz r4,0x00002a1c
00002a10	FUN_00002a10	00002a18	f61e	subs r6,r6,#0x3
00002a10	FUN_00002a10	00002a1a	35e0	b 0x00002a88
00002a10	FUN_00002a10	00002a1c	00bf	nop
00002a10	FUN_00002a10	00002a1e	2088	ldrh r0,[r4,#0x0]
00002a10	FUN_00002a10	00002a20	b0f5007f	cmp.w r0,#0x200
00002a10	FUN_00002a10	00002a24	00da	bge 0x00002a28
00002a10	FUN_00002a10	00002a26	03e0	b 0x00002a30
00002a10	FUN_00002a10	00002a28	bd21	movs r1,#0xbd
00002a10	FUN_00002a10	00002a2a	18a0	adr r0,[0x2a8c]
00002a10	FUN_00002a10	00002a2c	fdf7e5fc	bl 0x000003fa
00002a10	FUN_00002a10	00002a30	00bf	nop
00002a10	FUN_00002a10	00002a32	b4f90200	ldrsh.w r0,[r4,#0x2]
00002a10	FUN_00002a10	00002a36	0f28	cmp r0,#0xf
00002a10	FUN_00002a10	00002a38	02dd	ble 0x00002a40
00002a10	FUN_00002a10	00002a3a	6ff00206	mvn r6,#0x2
00002a10	FUN_00002a10	00002a3e	23e0	b 0x00002a88
00002a10	FUN_00002a10	00002a40	6088	ldrh r0,[r4,#0x2]
00002a10	FUN_00002a10	00002a42	1b49	ldr r1,[0x00002ab0]
00002a10	FUN_00002a10	00002a44	0422	movs r2,#0x4
00002a10	FUN_00002a10	00002a46	12fb0015	smlabb r5,r2,r0,r1
00002a10	FUN_00002a10	00002a4a	2868	ldr r0,[r5,#0x0]
00002a10	FUN_00002a10	00002a4c	c0f30800	ubfx r0,r0,#0x0,#0x9
00002a10	FUN_00002a10	00002a50	40f2ff11	movw r1,#0x1ff
00002a10	FUN_00002a10	00002a54	8842	cmp r0,r1
00002a10	FUN_00002a10	00002a56	08d1	bne 0x00002a6a
00002a10	FUN_00002a10	00002a58	2088	ldrh r0,[r4,#0x0]
00002a10	FUN_00002a10	00002a5a	2860	str r0,[r5,#0x0]
00002a10	FUN_00002a10	00002a5c	b4f90210	ldrsh.w r1,[r4,#0x2]
00002a10	FUN_00002a10	00002a60	144a	ldr r2,[0x00002ab4]
00002a10	FUN_00002a10	00002a62	6068	ldr r0,[r4,#0x4]
00002a10	FUN_00002a10	00002a64	42f82100	str.w r0,[r2,r1,lsl #0x2]
00002a10	FUN_00002a10	00002a68	0ee0	b 0x00002a88
00002a10	FUN_00002a10	00002a6a	2088	ldrh r0,[r4,#0x0]
00002a10	FUN_00002a10	00002a6c	2968	ldr r1,[r5,#0x0]
00002a10	FUN_00002a10	00002a6e	c1f30801	ubfx r1,r1,#0x0,#0x9
00002a10	FUN_00002a10	00002a72	8842	cmp r0,r1
00002a10	FUN_00002a10	00002a74	06d1	bne 0x00002a84
00002a10	FUN_00002a10	00002a76	b4f90210	ldrsh.w r1,[r4,#0x2]
00002a10	FUN_00002a10	00002a7a	0e4a	ldr r2,[0x00002ab4]
00002a10	FUN_00002a10	00002a7c	6068	ldr r0,[r4,#0x4]
00002a10	FUN_00002a10	00002a7e	42f82100	str.w r0,[r2,r1,lsl #0x2]
00002a10	FUN_00002a10	00002a82	01e0	b 0x00002a88
00002a10	FUN_00002a10	00002a84	6ff00106	mvn r6,#0x1
00002a10	FUN_00002a10	00002a88	3046	mov r0,r6
00002a10	FUN_00002a10	00002a8a	70bd	pop {r4,r5,r6,pc}
00002ab8	IRQ000_Handler	00002ab8	10b5	push {r4,lr}
00002ab8	IRQ000_Handler	00002aba	0349	ldr r1,[0x00002ac8]
00002ab8	IRQ000_Handler	00002abc	0868	ldr r0,[r1,#0x0]
00002ab8	IRQ000_Handler	00002abe	8047	blx r0
00002ab8	IRQ000_Handler	00002ac0	bff34f8f	dsb #0xf
00002ab8	IRQ000_Handler	00002ac4	10bd	pop {r4,pc}
00002acc	IRQ001_Handler	00002acc	10b5	push {r4,lr}
00002acc	IRQ001_Handler	00002ace	0349	ldr r1,[0x00002adc]
00002acc	IRQ001_Handler	00002ad0	4868	ldr r0,[r1,#0x4]
00002acc	IRQ001_Handler	00002ad2	8047	blx r0
00002acc	IRQ001_Handler	00002ad4	bff34f8f	dsb #0xf
00002acc	IRQ001_Handler	00002ad8	10bd	pop {r4,pc}
00002ae0	IRQ002_Handler	00002ae0	10b5	push {r4,lr}
00002ae0	IRQ002_Handler	00002ae2	0349	ldr r1,[0x00002af0]
00002ae0	IRQ002_Handler	00002ae4	8868	ldr r0,[r1,#0x8]
00002ae0	IRQ002_Handler	00002ae6	8047	blx r0
00002ae0	IRQ002_Handler	00002ae8	bff34f8f	dsb #0xf
00002ae0	IRQ002_Handler	00002aec	10bd	pop {r4,pc}
00002af4	IRQ003_Handler	00002af4	10b5	push {r4,lr}
00002af4	IRQ003_Handler	00002af6	0349	ldr r1,[0x00002b04]
00002af4	IRQ003_Handler	00002af8	c868	ldr r0,[r1,#0xc]
00002af4	IRQ003_Handler	00002afa	8047	blx r0
00002af4	IRQ003_Handler	00002afc	bff34f8f	dsb #0xf
00002af4	IRQ003_Handler	00002b00	10bd	pop {r4,pc}
00002b08	IRQ004_Handler	00002b08	10b5	push {r4,lr}
00002b08	IRQ004_Handler	00002b0a	0349	ldr r1,[0x00002b18]
00002b08	IRQ004_Handler	00002b0c	0869	ldr r0,[r1,#0x10]
00002b08	IRQ004_Handler	00002b0e	8047	blx r0
00002b08	IRQ004_Handler	00002b10	bff34f8f	dsb #0xf
00002b08	IRQ004_Handler	00002b14	10bd	pop {r4,pc}
00002b1c	IRQ005_Handler	00002b1c	10b5	push {r4,lr}
00002b1c	IRQ005_Handler	00002b1e	0349	ldr r1,[0x00002b2c]
00002b1c	IRQ005_Handler	00002b20	4869	ldr r0,[r1,#0x14]
00002b1c	IRQ005_Handler	00002b22	8047	blx r0
00002b1c	IRQ005_Handler	00002b24	bff34f8f	dsb #0xf
00002b1c	IRQ005_Handler	00002b28	10bd	pop {r4,pc}
00002b30	IRQ006_Handler	00002b30	10b5	push {r4,lr}
00002b30	IRQ006_Handler	00002b32	0349	ldr r1,[0x00002b40]
00002b30	IRQ006_Handler	00002b34	8869	ldr r0,[r1,#0x18]
00002b30	IRQ006_Handler	00002b36	8047	blx r0
00002b30	IRQ006_Handler	00002b38	bff34f8f	dsb #0xf
00002b30	IRQ006_Handler	00002b3c	10bd	pop {r4,pc}
00002b44	IRQ007_Handler	00002b44	10b5	push {r4,lr}
00002b44	IRQ007_Handler	00002b46	0349	ldr r1,[0x00002b54]
00002b44	IRQ007_Handler	00002b48	c869	ldr r0,[r1,#0x1c]
00002b44	IRQ007_Handler	00002b4a	8047	blx r0
00002b44	IRQ007_Handler	00002b4c	bff34f8f	dsb #0xf
00002b44	IRQ007_Handler	00002b50	10bd	pop {r4,pc}
00002b58	IRQ008_Handler	00002b58	10b5	push {r4,lr}
00002b58	IRQ008_Handler	00002b5a	0349	ldr r1,[0x00002b68]
00002b58	IRQ008_Handler	00002b5c	086a	ldr r0,[r1,#0x20]
00002b58	IRQ008_Handler	00002b5e	8047	blx r0
00002b58	IRQ008_Handler	00002b60	bff34f8f	dsb #0xf
00002b58	IRQ008_Handler	00002b64	10bd	pop {r4,pc}
00002b6c	IRQ009_Handler	00002b6c	10b5	push {r4,lr}
00002b6c	IRQ009_Handler	00002b6e	0349	ldr r1,[0x00002b7c]
00002b6c	IRQ009_Handler	00002b70	486a	ldr r0,[r1,#0x24]
00002b6c	IRQ009_Handler	00002b72	8047	blx r0
00002b6c	IRQ009_Handler	00002b74	bff34f8f	dsb #0xf
00002b6c	IRQ009_Handler	00002b78	10bd	pop {r4,pc}
00002b80	IRQ010_Handler	00002b80	10b5	push {r4,lr}
00002b80	IRQ010_Handler	00002b82	0349	ldr r1,[0x00002b90]
00002b80	IRQ010_Handler	00002b84	886a	ldr r0,[r1,#0x28]
00002b80	IRQ010_Handler	00002b86	8047	blx r0
00002b80	IRQ010_Handler	00002b88	bff34f8f	dsb #0xf
00002b80	IRQ010_Handler	00002b8c	10bd	pop {r4,pc}
00002b94	IRQ011_Handler	00002b94	10b5	push {r4,lr}
00002b94	IRQ011_Handler	00002b96	0349	ldr r1,[0x00002ba4]
00002b94	IRQ011_Handler	00002b98	c86a	ldr r0,[r1,#0x2c]
00002b94	IRQ011_Handler	00002b9a	8047	blx r0
00002b94	IRQ011_Handler	00002b9c	bff34f8f	dsb #0xf
00002b94	IRQ011_Handler	00002ba0	10bd	pop {r4,pc}
00002ba8	IRQ012_Handler	00002ba8	10b5	push {r4,lr}
00002ba8	IRQ012_Handler	00002baa	0349	ldr r1,[0x00002bb8]
00002ba8	IRQ012_Handler	00002bac	086b	ldr r0,[r1,#0x30]
00002ba8	IRQ012_Handler	00002bae	8047	blx r0
00002ba8	IRQ012_Handler	00002bb0	bff34f8f	dsb #0xf
00002ba8	IRQ012_Handler	00002bb4	10bd	pop {r4,pc}
00002bbc	IRQ013_Handler	00002bbc	10b5	push {r4,lr}
00002bbc	IRQ013_Handler	00002bbe	0349	ldr r1,[0x00002bcc]
00002bbc	IRQ013_Handler	00002bc0	486b	ldr r0,[r1,#0x34]
00002bbc	IRQ013_Handler	00002bc2	8047	blx r0
00002bbc	IRQ013_Handler	00002bc4	bff34f8f	dsb #0xf
00002bbc	IRQ013_Handler	00002bc8	10bd	pop {r4,pc}
00002bd0	IRQ014_Handler	00002bd0	10b5	push {r4,lr}
00002bd0	IRQ014_Handler	00002bd2	0349	ldr r1,[0x00002be0]
00002bd0	IRQ014_Handler	00002bd4	886b	ldr r0,[r1,#0x38]
00002bd0	IRQ014_Handler	00002bd6	8047	blx r0
00002bd0	IRQ014_Handler	00002bd8	bff34f8f	dsb #0xf
00002bd0	IRQ014_Handler	00002bdc	10bd	pop {r4,pc}
00002be4	IRQ015_Handler	00002be4	10b5	push {r4,lr}
00002be4	IRQ015_Handler	00002be6	0349	ldr r1,[0x00002bf4]
00002be4	IRQ015_Handler	00002be8	c86b	ldr r0,[r1,#0x3c]
00002be4	IRQ015_Handler	00002bea	8047	blx r0
00002be4	IRQ015_Handler	00002bec	bff34f8f	dsb #0xf
00002be4	IRQ015_Handler	00002bf0	10bd	pop {r4,pc}
00002bf8	FUN_00002bf8	00002bf8	78b5	push {r3,r4,r5,r6,lr}
00002bf8	FUN_00002bf8	00002bfa	0246	mov r2,r0
00002bf8	FUN_00002bf8	00002bfc	0c46	mov r4,r1
00002bf8	FUN_00002bf8	00002bfe	0020	movs r0,#0x0
00002bf8	FUN_00002bf8	00002c00	20e0	b 0x00002c44
00002bf8	FUN_00002bf8	00002c02	0025	movs r5,#0x0
00002bf8	FUN_00002bf8	00002c04	05eb8005	add.w r5,r5,r0, lsl #0x2
00002bf8	FUN_00002bf8	00002c08	655d	ldrb r5,[r4,r5]
00002bf8	FUN_00002bf8	00002c0a	0026	movs r6,#0x0
00002bf8	FUN_00002bf8	00002c0c	06eb8006	add.w r6,r6,r0, lsl #0x2
00002bf8	FUN_00002bf8	00002c10	9555	strb r5,[r2,r6]
00002bf8	FUN_00002bf8	00002c12	0125	movs r5,#0x1
00002bf8	FUN_00002bf8	00002c14	05eb8005	add.w r5,r5,r0, lsl #0x2
00002bf8	FUN_00002bf8	00002c18	655d	ldrb r5,[r4,r5]
00002bf8	FUN_00002bf8	00002c1a	0126	movs r6,#0x1
00002bf8	FUN_00002bf8	00002c1c	06eb8006	add.w r6,r6,r0, lsl #0x2
00002bf8	FUN_00002bf8	00002c20	9555	strb r5,[r2,r6]
00002bf8	FUN_00002bf8	00002c22	0225	movs r5,#0x2
00002bf8	FUN_00002bf8	00002c24	05eb8005	add.w r5,r5,r0, lsl #0x2
00002bf8	FUN_00002bf8	00002c28	655d	ldrb r5,[r4,r5]
00002bf8	FUN_00002bf8	00002c2a	0226	movs r6,#0x2
00002bf8	FUN_00002bf8	00002c2c	06eb8006	add.w r6,r6,r0, lsl #0x2
00002bf8	FUN_00002bf8	00002c30	9555	strb r5,[r2,r6]
00002bf8	FUN_00002bf8	00002c32	0325	movs r5,#0x3
00002bf8	FUN_00002bf8	00002c34	05eb8005	add.w r5,r5,r0, lsl #0x2
00002bf8	FUN_00002bf8	00002c38	655d	ldrb r5,[r4,r5]
00002bf8	FUN_00002bf8	00002c3a	0326	movs r6,#0x3
00002bf8	FUN_00002bf8	00002c3c	06eb8006	add.w r6,r6,r0, lsl #0x2
00002bf8	FUN_00002bf8	00002c40	9555	strb r5,[r2,r6]
00002bf8	FUN_00002bf8	00002c42	401c	adds r0,r0,#0x1
00002bf8	FUN_00002bf8	00002c44	0828	cmp r0,#0x8
00002bf8	FUN_00002bf8	00002c46	dcd3	bcc 0x00002c02
00002bf8	FUN_00002bf8	00002c48	0820	movs r0,#0x8
00002bf8	FUN_00002bf8	00002c4a	79e0	b 0x00002d40
00002bf8	FUN_00002bf8	00002c4c	451e	subs r5,r0,#0x1
00002bf8	FUN_00002bf8	00002c4e	a900	lsls r1,r5,#0x2
00002bf8	FUN_00002bf8	00002c50	555c	ldrb r5,[r2,r1]
00002bf8	FUN_00002bf8	00002c52	8df80050	strb.w r5,[sp,#0x0]
00002bf8	FUN_00002bf8	00002c56	4d1c	adds r5,r1,#0x1
00002bf8	FUN_00002bf8	00002c58	555d	ldrb r5,[r2,r5]
00002bf8	FUN_00002bf8	00002c5a	8df80150	strb.w r5,[sp,#0x1]
00002bf8	FUN_00002bf8	00002c5e	8d1c	adds r5,r1,#0x2
00002bf8	FUN_00002bf8	00002c60	555d	ldrb r5,[r2,r5]
00002bf8	FUN_00002bf8	00002c62	8df80250	strb.w r5,[sp,#0x2]
00002bf8	FUN_00002bf8	00002c66	cd1c	adds r5,r1,#0x3
00002bf8	FUN_00002bf8	00002c68	555d	ldrb r5,[r2,r5]
00002bf8	FUN_00002bf8	00002c6a	8df80350	strb.w r5,[sp,#0x3]
00002bf8	FUN_00002bf8	00002c6e	00f00705	and r5,r0,#0x7
00002bf8	FUN_00002bf8	00002c72	6dbb	cbnz r5,0x00002cd0
00002bf8	FUN_00002bf8	00002c74	9df80010	ldrb.w r1,[sp,#0x0]
00002bf8	FUN_00002bf8	00002c78	9df80150	ldrb.w r5,[sp,#0x1]
00002bf8	FUN_00002bf8	00002c7c	8df80050	strb.w r5,[sp,#0x0]
00002bf8	FUN_00002bf8	00002c80	9df80250	ldrb.w r5,[sp,#0x2]
00002bf8	FUN_00002bf8	00002c84	8df80150	strb.w r5,[sp,#0x1]
00002bf8	FUN_00002bf8	00002c88	9df80350	ldrb.w r5,[sp,#0x3]
00002bf8	FUN_00002bf8	00002c8c	8df80250	strb.w r5,[sp,#0x2]
00002bf8	FUN_00002bf8	00002c90	8df80310	strb.w r1,[sp,#0x3]
00002bf8	FUN_00002bf8	00002c94	9df80050	ldrb.w r5,[sp,#0x0]
00002bf8	FUN_00002bf8	00002c98	2b4e	ldr r6,[0x00002d48]
00002bf8	FUN_00002bf8	00002c9a	755d	ldrb r5,[r6,r5]
00002bf8	FUN_00002bf8	00002c9c	8df80050	strb.w r5,[sp,#0x0]
00002bf8	FUN_00002bf8	00002ca0	9df80150	ldrb.w r5,[sp,#0x1]
00002bf8	FUN_00002bf8	00002ca4	755d	ldrb r5,[r6,r5]
00002bf8	FUN_00002bf8	00002ca6	8df80150	strb.w r5,[sp,#0x1]
00002bf8	FUN_00002bf8	00002caa	9df80250	ldrb.w r5,[sp,#0x2]
00002bf8	FUN_00002bf8	00002cae	755d	ldrb r5,[r6,r5]
00002bf8	FUN_00002bf8	00002cb0	8df80250	strb.w r5,[sp,#0x2]
00002bf8	FUN_00002bf8	00002cb4	9df80350	ldrb.w r5,[sp,#0x3]
00002bf8	FUN_00002bf8	00002cb8	755d	ldrb r5,[r6,r5]
00002bf8	FUN_00002bf8	00002cba	8df80350	strb.w r5,[sp,#0x3]
00002bf8	FUN_00002bf8	00002cbe	9df80050	ldrb.w r5,[sp,#0x0]
00002bf8	FUN_00002bf8	00002cc2	224e	ldr r6,[0x00002d4c]
00002bf8	FUN_00002bf8	00002cc4	06ebd006	add.w r6,r6,r0, lsr #0x3
00002bf8	FUN_00002bf8	00002cc8	3678	ldrb r6,[r6,#0x0]
00002bf8	FUN_00002bf8	00002cca	7540	eors r5,r6
00002bf8	FUN_00002bf8	00002ccc	8df80050	strb.w r5,[sp,#0x0]
00002bf8	FUN_00002bf8	00002cd0	00f00705	and r5,r0,#0x7
00002bf8	FUN_00002bf8	00002cd4	042d	cmp r5,#0x4
00002bf8	FUN_00002bf8	00002cd6	14d1	bne 0x00002d02
00002bf8	FUN_00002bf8	00002cd8	9df80050	ldrb.w r5,[sp,#0x0]
00002bf8	FUN_00002bf8	00002cdc	1a4e	ldr r6,[0x00002d48]
00002bf8	FUN_00002bf8	00002cde	755d	ldrb r5,[r6,r5]
00002bf8	FUN_00002bf8	00002ce0	8df80050	strb.w r5,[sp,#0x0]
00002bf8	FUN_00002bf8	00002ce4	9df80150	ldrb.w r5,[sp,#0x1]
00002bf8	FUN_00002bf8	00002ce8	755d	ldrb r5,[r6,r5]
00002bf8	FUN_00002bf8	00002cea	8df80150	strb.w r5,[sp,#0x1]
00002bf8	FUN_00002bf8	00002cee	9df80250	ldrb.w r5,[sp,#0x2]
00002bf8	FUN_00002bf8	00002cf2	755d	ldrb r5,[r6,r5]
00002bf8	FUN_00002bf8	00002cf4	8df80250	strb.w r5,[sp,#0x2]
00002bf8	FUN_00002bf8	00002cf8	9df80350	ldrb.w r5,[sp,#0x3]
00002bf8	FUN_00002bf8	00002cfc	755d	ldrb r5,[r6,r5]
00002bf8	FUN_00002bf8	00002cfe	8df80350	strb.w r5,[sp,#0x3]
00002bf8	FUN_00002bf8	00002d02	8300	lsls r3,r0,#0x2
00002bf8	FUN_00002bf8	00002d04	a0f10805	sub.w r5,r0,#0x8
00002bf8	FUN_00002bf8	00002d08	a900	lsls r1,r5,#0x2
00002bf8	FUN_00002bf8	00002d0a	555c	ldrb r5,[r2,r1]
00002bf8	FUN_00002bf8	00002d0c	9df80060	ldrb.w r6,[sp,#0x0]
00002bf8	FUN_00002bf8	00002d10	7540	eors r5,r6
00002bf8	FUN_00002bf8	00002d12	d554	strb r5,[r2,r3]
00002bf8	FUN_00002bf8	00002d14	4d1c	adds r5,r1,#0x1
00002bf8	FUN_00002bf8	00002d16	555d	ldrb r5,[r2,r5]
00002bf8	FUN_00002bf8	00002d18	9df80160	ldrb.w r6,[sp,#0x1]
00002bf8	FUN_00002bf8	00002d1c	7540	eors r5,r6
00002bf8	FUN_00002bf8	00002d1e	5e1c	adds r6,r3,#0x1
00002bf8	FUN_00002bf8	00002d20	9555	strb r5,[r2,r6]
00002bf8	FUN_00002bf8	00002d22	8d1c	adds r5,r1,#0x2
00002bf8	FUN_00002bf8	00002d24	555d	ldrb r5,[r2,r5]
00002bf8	FUN_00002bf8	00002d26	9df80260	ldrb.w r6,[sp,#0x2]
00002bf8	FUN_00002bf8	00002d2a	7540	eors r5,r6
00002bf8	FUN_00002bf8	00002d2c	9e1c	adds r6,r3,#0x2
00002bf8	FUN_00002bf8	00002d2e	9555	strb r5,[r2,r6]
00002bf8	FUN_00002bf8	00002d30	cd1c	adds r5,r1,#0x3
00002bf8	FUN_00002bf8	00002d32	555d	ldrb r5,[r2,r5]
00002bf8	FUN_00002bf8	00002d34	9df80360	ldrb.w r6,[sp,#0x3]
00002bf8	FUN_00002bf8	00002d38	7540	eors r5,r6
00002bf8	FUN_00002bf8	00002d3a	de1c	adds r6,r3,#0x3
00002bf8	FUN_00002bf8	00002d3c	9555	strb r5,[r2,r6]
00002bf8	FUN_00002bf8	00002d3e	401c	adds r0,r0,#0x1
00002bf8	FUN_00002bf8	00002d40	3c28	cmp r0,#0x3c
00002bf8	FUN_00002bf8	00002d42	83d3	bcc 0x00002c4c
00002bf8	FUN_00002bf8	00002d44	78bd	pop {r3,r4,r5,r6,pc}
00002d50	FUN_00002d50	00002d50	10b5	push {r4,lr}
00002d50	FUN_00002d50	00002d52	0446	mov r4,r0
00002d50	FUN_00002d50	00002d54	04f00100	and r0,r4,#0x1
00002d50	FUN_00002d50	00002d58	48b1	cbz r0,0x00002d6e
00002d50	FUN_00002d50	00002d5a	00bf	nop
00002d50	FUN_00002d50	00002d5c	40f22310	movw r0,#0x123
00002d50	FUN_00002d50	00002d60	1a49	ldr r1,[0x00002dcc]
00002d50	FUN_00002d50	00002d62	0860	str r0,[r1,#0x0]
00002d50	FUN_00002d50	00002d64	43f21020	movw r0,#0x3210
00002d50	FUN_00002d50	00002d68	0860	str r0,[r1,#0x0]
00002d50	FUN_00002d50	00002d6a	00bf	nop
00002d50	FUN_00002d50	00002d6c	00bf	nop
00002d50	FUN_00002d50	00002d6e	04f00200	and r0,r4,#0x2
00002d50	FUN_00002d50	00002d72	28b1	cbz r0,0x00002d80
00002d50	FUN_00002d50	00002d74	00bf	nop
00002d50	FUN_00002d50	00002d76	1648	ldr r0,[0x00002dd0]
00002d50	FUN_00002d50	00002d78	1649	ldr r1,[0x00002dd4]
00002d50	FUN_00002d50	00002d7a	0861	str r0,[r1,#0x10]
00002d50	FUN_00002d50	00002d7c	00bf	nop
00002d50	FUN_00002d50	00002d7e	00bf	nop
00002d50	FUN_00002d50	00002d80	04f00400	and r0,r4,#0x4
00002d50	FUN_00002d50	00002d84	30b1	cbz r0,0x00002d94
00002d50	FUN_00002d50	00002d86	00bf	nop
00002d50	FUN_00002d50	00002d88	4af20150	movw r0,#0xa501
00002d50	FUN_00002d50	00002d8c	1249	ldr r1,[0x00002dd8]
00002d50	FUN_00002d50	00002d8e	0880	strh r0,[r1,#0x0]
00002d50	FUN_00002d50	00002d90	00bf	nop
00002d50	FUN_00002d50	00002d92	00bf	nop
00002d50	FUN_00002d50	00002d94	04f01000	and r0,r4,#0x10
00002d50	FUN_00002d50	00002d98	18b1	cbz r0,0x00002da2
00002d50	FUN_00002d50	00002d9a	4af20850	movw r0,#0xa508
00002d50	FUN_00002d50	00002d9e	01f0adfa	bl 0x000042fc
00002d50	FUN_00002d50	00002da2	04f04000	and r0,r4,#0x40
00002d50	FUN_00002d50	00002da6	18b1	cbz r0,0x00002db0
00002d50	FUN_00002d50	00002da8	4af20350	movw r0,#0xa503
00002d50	FUN_00002d50	00002dac	01f0a6fa	bl 0x000042fc
00002d50	FUN_00002d50	00002db0	04f08000	and r0,r4,#0x80
00002d50	FUN_00002d50	00002db4	40b1	cbz r0,0x00002dc8
00002d50	FUN_00002d50	00002db6	00bf	nop
00002d50	FUN_00002d50	00002db8	7720	movs r0,#0x77
00002d50	FUN_00002d50	00002dba	0849	ldr r1,[0x00002ddc]
00002d50	FUN_00002d50	00002dbc	0860	str r0,[r1,#0x0]
00002d50	FUN_00002d50	00002dbe	0749	ldr r1,[0x00002ddc]
00002d50	FUN_00002d50	00002dc0	0831	adds r1,#0x8
00002d50	FUN_00002d50	00002dc2	0860	str r0,[r1,#0x0]
00002d50	FUN_00002d50	00002dc4	00bf	nop
00002d50	FUN_00002d50	00002dc6	00bf	nop
00002d50	FUN_00002d50	00002dc8	10bd	pop {r4,pc}
00002de0	FUN_00002de0	00002de0	10b5	push {r4,lr}
00002de0	FUN_00002de0	00002de2	0446	mov r4,r0
00002de0	FUN_00002de0	00002de4	04f00100	and r0,r4,#0x1
00002de0	FUN_00002de0	00002de8	28b1	cbz r0,0x00002df6
00002de0	FUN_00002de0	00002dea	00bf	nop
00002de0	FUN_00002de0	00002dec	0020	movs r0,#0x0
00002de0	FUN_00002de0	00002dee	1949	ldr r1,[0x00002e54]
00002de0	FUN_00002de0	00002df0	0860	str r0,[r1,#0x0]
00002de0	FUN_00002de0	00002df2	00bf	nop
00002de0	FUN_00002de0	00002df4	00bf	nop
00002de0	FUN_00002de0	00002df6	04f00200	and r0,r4,#0x2
00002de0	FUN_00002de0	00002dfa	28b1	cbz r0,0x00002e08
00002de0	FUN_00002de0	00002dfc	00bf	nop
00002de0	FUN_00002de0	00002dfe	1648	ldr r0,[0x00002e58]
00002de0	FUN_00002de0	00002e00	1649	ldr r1,[0x00002e5c]
00002de0	FUN_00002de0	00002e02	0861	str r0,[r1,#0x10]
00002de0	FUN_00002de0	00002e04	00bf	nop
00002de0	FUN_00002de0	00002e06	00bf	nop
00002de0	FUN_00002de0	00002e08	04f00400	and r0,r4,#0x4
00002de0	FUN_00002de0	00002e0c	30b1	cbz r0,0x00002e1c
00002de0	FUN_00002de0	00002e0e	00bf	nop
00002de0	FUN_00002de0	00002e10	4ff42540	mov.w r0,#0xa500
00002de0	FUN_00002de0	00002e14	1249	ldr r1,[0x00002e60]
00002de0	FUN_00002de0	00002e16	0880	strh r0,[r1,#0x0]
00002de0	FUN_00002de0	00002e18	00bf	nop
00002de0	FUN_00002de0	00002e1a	00bf	nop
00002de0	FUN_00002de0	00002e1c	04f01000	and r0,r4,#0x10
00002de0	FUN_00002de0	00002e20	18b1	cbz r0,0x00002e2a
00002de0	FUN_00002de0	00002e22	4af20850	movw r0,#0xa508
00002de0	FUN_00002de0	00002e26	01f05bfa	bl 0x000042e0
00002de0	FUN_00002de0	00002e2a	04f04000	and r0,r4,#0x40
00002de0	FUN_00002de0	00002e2e	18b1	cbz r0,0x00002e38
00002de0	FUN_00002de0	00002e30	4af20350	movw r0,#0xa503
00002de0	FUN_00002de0	00002e34	01f054fa	bl 0x000042e0
00002de0	FUN_00002de0	00002e38	04f08000	and r0,r4,#0x80
00002de0	FUN_00002de0	00002e3c	40b1	cbz r0,0x00002e50
00002de0	FUN_00002de0	00002e3e	00bf	nop
00002de0	FUN_00002de0	00002e40	7620	movs r0,#0x76
00002de0	FUN_00002de0	00002e42	0849	ldr r1,[0x00002e64]
00002de0	FUN_00002de0	00002e44	0860	str r0,[r1,#0x0]
00002de0	FUN_00002de0	00002e46	0749	ldr r1,[0x00002e64]
00002de0	FUN_00002de0	00002e48	0831	adds r1,#0x8
00002de0	FUN_00002de0	00002e4a	0860	str r0,[r1,#0x0]
00002de0	FUN_00002de0	00002e4c	00bf	nop
00002de0	FUN_00002de0	00002e4e	00bf	nop
00002de0	FUN_00002de0	00002e50	10bd	pop {r4,pc}
00002e68	mcan1_receive_irq	00002e68	10b5	push {r4,lr}
00002e68	mcan1_receive_irq	00002e6a	0121	movs r1,#0x1
00002e68	mcan1_receive_irq	00002e6c	1d48	ldr r0,[0x00002ee4]
00002e68	mcan1_receive_irq	00002e6e	00f0d7fc	bl 0x00003820
00002e68	mcan1_receive_irq	00002e72	0128	cmp r0,#0x1
00002e68	mcan1_receive_irq	00002e74	2ed1	bne 0x00002ed4
00002e68	mcan1_receive_irq	00002e76	0121	movs r1,#0x1
00002e68	mcan1_receive_irq	00002e78	1a48	ldr r0,[0x00002ee4]
00002e68	mcan1_receive_irq	00002e7a	00f027f9	bl 0x000030cc
00002e68	mcan1_receive_irq	00002e7e	1a4a	ldr r2,[0x00002ee8]
00002e68	mcan1_receive_irq	00002e80	4021	movs r1,#0x40
00002e68	mcan1_receive_irq	00002e82	1848	ldr r0,[0x00002ee4]
00002e68	mcan1_receive_irq	00002e84	00f09cfb	bl 0x000035c0
00002e68	mcan1_receive_irq	00002e88	20bb	cbnz r0,0x00002ed4
00002e68	mcan1_receive_irq	00002e8a	1748	ldr r0,[0x00002ee8]
00002e68	mcan1_receive_irq	00002e8c	0068	ldr r0,[r0,#0x0]
00002e68	mcan1_receive_irq	00002e8e	1749	ldr r1,[0x00002eec]
00002e68	mcan1_receive_irq	00002e90	0968	ldr r1,[r1,#0x0]
00002e68	mcan1_receive_irq	00002e92	8842	cmp r0,r1
00002e68	mcan1_receive_irq	00002e94	05d0	beq 0x00002ea2
00002e68	mcan1_receive_irq	00002e96	1448	ldr r0,[0x00002ee8]
00002e68	mcan1_receive_irq	00002e98	0068	ldr r0,[r0,#0x0]
00002e68	mcan1_receive_irq	00002e9a	40f2ff71	movw r1,#0x7ff
00002e68	mcan1_receive_irq	00002e9e	8842	cmp r0,r1
00002e68	mcan1_receive_irq	00002ea0	18d1	bne 0x00002ed4
00002e68	mcan1_receive_irq	00002ea2	1148	ldr r0,[0x00002ee8]
00002e68	mcan1_receive_irq	00002ea4	c068	ldr r0,[r0,#0xc]
00002e68	mcan1_receive_irq	00002ea6	1249	ldr r1,[0x00002ef0]
00002e68	mcan1_receive_irq	00002ea8	0860	str r0,[r1,#0x0]
00002e68	mcan1_receive_irq	00002eaa	1248	ldr r0,[0x00002ef4]
00002e68	mcan1_receive_irq	00002eac	0068	ldr r0,[r0,#0x0]
00002e68	mcan1_receive_irq	00002eae	0968	ldr r1,[r1,#0x0]
00002e68	mcan1_receive_irq	00002eb0	0844	add r0,r1
00002e68	mcan1_receive_irq	00002eb2	1049	ldr r1,[0x00002ef4]
00002e68	mcan1_receive_irq	00002eb4	0860	str r0,[r1,#0x0]
00002e68	mcan1_receive_irq	00002eb6	0e48	ldr r0,[0x00002ef0]
00002e68	mcan1_receive_irq	00002eb8	0b49	ldr r1,[0x00002ee8]
00002e68	mcan1_receive_irq	00002eba	2831	adds r1,#0x28
00002e68	mcan1_receive_irq	00002ebc	0268	ldr r2,[r0,#0x0]
00002e68	mcan1_receive_irq	00002ebe	0e48	ldr r0,[0x00002ef8]
00002e68	mcan1_receive_irq	00002ec0	fdf72cfa	bl 0x0000031c
00002e68	mcan1_receive_irq	00002ec4	0a48	ldr r0,[0x00002ef0]
00002e68	mcan1_receive_irq	00002ec6	0168	ldr r1,[r0,#0x0]
00002e68	mcan1_receive_irq	00002ec8	0748	ldr r0,[0x00002ee8]
00002e68	mcan1_receive_irq	00002eca	2830	adds r0,#0x28
00002e68	mcan1_receive_irq	00002ecc	03f09cfb	bl 0x00006608
00002e68	mcan1_receive_irq	00002ed0	fdf776fe	bl 0x00000bc0
00002e68	mcan1_receive_irq	00002ed4	4ff0ff30	mov.w r0,#0xffffffff
00002e68	mcan1_receive_irq	00002ed8	0249	ldr r1,[0x00002ee4]
00002e68	mcan1_receive_irq	00002eda	0865	str r0,[r1,#0x50]
00002e68	mcan1_receive_irq	00002edc	7620	movs r0,#0x76
00002e68	mcan1_receive_irq	00002ede	02f0cfff	bl 0x00005e80
00002e68	mcan1_receive_irq	00002ee2	10bd	pop {r4,pc}
00002efc	FUN_00002efc	00002efc	2de9f041	push {r4,r5,r6,r7,r8,lr}
00002efc	FUN_00002efc	00002f00	0546	mov r5,r0
00002efc	FUN_00002efc	00002f02	0c46	mov r4,r1
00002efc	FUN_00002efc	00002f04	6ff00208	mvn r8,#0x2
00002efc	FUN_00002efc	00002f08	00bf	nop
00002efc	FUN_00002efc	00002f0a	6648	ldr r0,[0x000030a4]
00002efc	FUN_00002efc	00002f0c	8542	cmp r5,r0
00002efc	FUN_00002efc	00002f0e	02d0	beq 0x00002f16
00002efc	FUN_00002efc	00002f10	6548	ldr r0,[0x000030a8]
00002efc	FUN_00002efc	00002f12	8542	cmp r5,r0
00002efc	FUN_00002efc	00002f14	00d1	bne 0x00002f18
00002efc	FUN_00002efc	00002f16	04e0	b 0x00002f22
00002efc	FUN_00002efc	00002f18	40f2dc61	movw r1,#0x6dc
00002efc	FUN_00002efc	00002f1c	63a0	adr r0,[0x30ac]
00002efc	FUN_00002efc	00002f1e	fdf76cfa	bl 0x000003fa
00002efc	FUN_00002efc	00002f22	00bf	nop
00002efc	FUN_00002efc	00002f24	002c	cmp r4,#0x0
00002efc	FUN_00002efc	00002f26	7dd0	beq 0x00003024
00002efc	FUN_00002efc	00002f28	00bf	nop
00002efc	FUN_00002efc	00002f2a	6068	ldr r0,[r4,#0x4]
00002efc	FUN_00002efc	00002f2c	10b1	cbz r0,0x00002f34
00002efc	FUN_00002efc	00002f2e	6068	ldr r0,[r4,#0x4]
00002efc	FUN_00002efc	00002f30	0128	cmp r0,#0x1
00002efc	FUN_00002efc	00002f32	00d1	bne 0x00002f36
00002efc	FUN_00002efc	00002f34	04e0	b 0x00002f40
00002efc	FUN_00002efc	00002f36	40f2de61	movw r1,#0x6de
00002efc	FUN_00002efc	00002f3a	5ca0	adr r0,[0x30ac]
00002efc	FUN_00002efc	00002f3c	fdf75dfa	bl 0x000003fa
00002efc	FUN_00002efc	00002f40	00bf	nop
00002efc	FUN_00002efc	00002f42	6068	ldr r0,[r4,#0x4]
00002efc	FUN_00002efc	00002f44	58b9	cbnz r0,0x00002f5e
00002efc	FUN_00002efc	00002f46	00bf	nop
00002efc	FUN_00002efc	00002f48	2068	ldr r0,[r4,#0x0]
00002efc	FUN_00002efc	00002f4a	b0f5006f	cmp.w r0,#0x800
00002efc	FUN_00002efc	00002f4e	00d2	bcs 0x00002f52
00002efc	FUN_00002efc	00002f50	04e0	b 0x00002f5c
00002efc	FUN_00002efc	00002f52	4ff4dc61	mov.w r1,#0x6e0
00002efc	FUN_00002efc	00002f56	55a0	adr r0,[0x30ac]
00002efc	FUN_00002efc	00002f58	fdf74ffa	bl 0x000003fa
00002efc	FUN_00002efc	00002f5c	0be0	b 0x00002f76
00002efc	FUN_00002efc	00002f5e	00bf	nop
00002efc	FUN_00002efc	00002f60	2068	ldr r0,[r4,#0x0]
00002efc	FUN_00002efc	00002f62	b0f1005f	cmp.w r0,#0x20000000
00002efc	FUN_00002efc	00002f66	00d2	bcs 0x00002f6a
00002efc	FUN_00002efc	00002f68	04e0	b 0x00002f74
00002efc	FUN_00002efc	00002f6a	40f2e261	movw r1,#0x6e2
00002efc	FUN_00002efc	00002f6e	4fa0	adr r0,[0x30ac]
00002efc	FUN_00002efc	00002f70	fdf743fa	bl 0x000003fa
00002efc	FUN_00002efc	00002f74	00bf	nop
00002efc	FUN_00002efc	00002f76	00bf	nop
00002efc	FUN_00002efc	00002f78	a068	ldr r0,[r4,#0x8]
00002efc	FUN_00002efc	00002f7a	10b1	cbz r0,0x00002f82
00002efc	FUN_00002efc	00002f7c	a068	ldr r0,[r4,#0x8]
00002efc	FUN_00002efc	00002f7e	0128	cmp r0,#0x1
00002efc	FUN_00002efc	00002f80	00d1	bne 0x00002f84
00002efc	FUN_00002efc	00002f82	04e0	b 0x00002f8e
00002efc	FUN_00002efc	00002f84	40f2e461	movw r1,#0x6e4
00002efc	FUN_00002efc	00002f88	48a0	adr r0,[0x30ac]
00002efc	FUN_00002efc	00002f8a	fdf736fa	bl 0x000003fa
00002efc	FUN_00002efc	00002f8e	00bf	nop
00002efc	FUN_00002efc	00002f90	00bf	nop
00002efc	FUN_00002efc	00002f92	e068	ldr r0,[r4,#0xc]
00002efc	FUN_00002efc	00002f94	0f28	cmp r0,#0xf
00002efc	FUN_00002efc	00002f96	00d8	bhi 0x00002f9a
00002efc	FUN_00002efc	00002f98	04e0	b 0x00002fa4
00002efc	FUN_00002efc	00002f9a	40f2e561	movw r1,#0x6e5
00002efc	FUN_00002efc	00002f9e	43a0	adr r0,[0x30ac]
00002efc	FUN_00002efc	00002fa0	fdf72bfa	bl 0x000003fa
00002efc	FUN_00002efc	00002fa4	00bf	nop
00002efc	FUN_00002efc	00002fa6	00bf	nop
00002efc	FUN_00002efc	00002fa8	2069	ldr r0,[r4,#0x10]
00002efc	FUN_00002efc	00002faa	10b1	cbz r0,0x00002fb2
00002efc	FUN_00002efc	00002fac	2069	ldr r0,[r4,#0x10]
00002efc	FUN_00002efc	00002fae	0128	cmp r0,#0x1
00002efc	FUN_00002efc	00002fb0	00d1	bne 0x00002fb4
00002efc	FUN_00002efc	00002fb2	04e0	b 0x00002fbe
00002efc	FUN_00002efc	00002fb4	40f2e661	movw r1,#0x6e6
00002efc	FUN_00002efc	00002fb8	3ca0	adr r0,[0x30ac]
00002efc	FUN_00002efc	00002fba	fdf71efa	bl 0x000003fa
00002efc	FUN_00002efc	00002fbe	00bf	nop
00002efc	FUN_00002efc	00002fc0	00bf	nop
00002efc	FUN_00002efc	00002fc2	6069	ldr r0,[r4,#0x14]
00002efc	FUN_00002efc	00002fc4	10b1	cbz r0,0x00002fcc
00002efc	FUN_00002efc	00002fc6	6069	ldr r0,[r4,#0x14]
00002efc	FUN_00002efc	00002fc8	0128	cmp r0,#0x1
00002efc	FUN_00002efc	00002fca	00d1	bne 0x00002fce
00002efc	FUN_00002efc	00002fcc	04e0	b 0x00002fd8
00002efc	FUN_00002efc	00002fce	40f2e761	movw r1,#0x6e7
00002efc	FUN_00002efc	00002fd2	36a0	adr r0,[0x30ac]
00002efc	FUN_00002efc	00002fd4	fdf711fa	bl 0x000003fa
00002efc	FUN_00002efc	00002fd8	00bf	nop
00002efc	FUN_00002efc	00002fda	00bf	nop
00002efc	FUN_00002efc	00002fdc	a069	ldr r0,[r4,#0x18]
00002efc	FUN_00002efc	00002fde	10b1	cbz r0,0x00002fe6
00002efc	FUN_00002efc	00002fe0	a069	ldr r0,[r4,#0x18]
00002efc	FUN_00002efc	00002fe2	0128	cmp r0,#0x1
00002efc	FUN_00002efc	00002fe4	00d1	bne 0x00002fe8
00002efc	FUN_00002efc	00002fe6	04e0	b 0x00002ff2
00002efc	FUN_00002efc	00002fe8	4ff4dd61	mov.w r1,#0x6e8
00002efc	FUN_00002efc	00002fec	2fa0	adr r0,[0x30ac]
00002efc	FUN_00002efc	00002fee	fdf704fa	bl 0x000003fa
00002efc	FUN_00002efc	00002ff2	00bf	nop
00002efc	FUN_00002efc	00002ff4	00bf	nop
00002efc	FUN_00002efc	00002ff6	e069	ldr r0,[r4,#0x1c]
00002efc	FUN_00002efc	00002ff8	10b1	cbz r0,0x00003000
00002efc	FUN_00002efc	00002ffa	e069	ldr r0,[r4,#0x1c]
00002efc	FUN_00002efc	00002ffc	0128	cmp r0,#0x1
00002efc	FUN_00002efc	00002ffe	00d1	bne 0x00003002
00002efc	FUN_00002efc	00003000	04e0	b 0x0000300c
00002efc	FUN_00002efc	00003002	40f2e961	movw r1,#0x6e9
00002efc	FUN_00002efc	00003006	29a0	adr r0,[0x30ac]
00002efc	FUN_00002efc	00003008	fdf7f7f9	bl 0x000003fa
00002efc	FUN_00002efc	0000300c	00bf	nop
00002efc	FUN_00002efc	0000300e	a869	ldr r0,[r5,#0x18]
00002efc	FUN_00002efc	00003010	00f40066	and r6,r0,#0x800
00002efc	FUN_00002efc	00003014	00bf	nop
00002efc	FUN_00002efc	00003016	16b9	cbnz r6,0x0000301e
00002efc	FUN_00002efc	00003018	206a	ldr r0,[r4,#0x20]
00002efc	FUN_00002efc	0000301a	ff28	cmp r0,#0xff
00002efc	FUN_00002efc	0000301c	06d9	bls 0x0000302c
00002efc	FUN_00002efc	0000301e	36b1	cbz r6,0x0000302e
00002efc	FUN_00002efc	00003020	206a	ldr r0,[r4,#0x20]
00002efc	FUN_00002efc	00003022	00e0	b 0x00003026
00002efc	FUN_00002efc	00003024	38e0	b 0x00003098
00002efc	FUN_00002efc	00003026	b0f5803f	cmp.w r0,#0x10000
00002efc	FUN_00002efc	0000302a	00d2	bcs 0x0000302e
00002efc	FUN_00002efc	0000302c	04e0	b 0x00003038
00002efc	FUN_00002efc	0000302e	40f2eb61	movw r1,#0x6eb
00002efc	FUN_00002efc	00003032	1ea0	adr r0,[0x30ac]
00002efc	FUN_00002efc	00003034	fdf7e1f9	bl 0x000003fa
00002efc	FUN_00002efc	00003038	00bf	nop
00002efc	FUN_00002efc	0000303a	00bf	nop
00002efc	FUN_00002efc	0000303c	606a	ldr r0,[r4,#0x24]
00002efc	FUN_00002efc	0000303e	20b1	cbz r0,0x0000304a
00002efc	FUN_00002efc	00003040	606a	ldr r0,[r4,#0x24]
00002efc	FUN_00002efc	00003042	411e	subs r1,r0,#0x1
00002efc	FUN_00002efc	00003044	0840	ands r0,r1
00002efc	FUN_00002efc	00003046	00b9	cbnz r0,0x0000304a
00002efc	FUN_00002efc	00003048	04e0	b 0x00003054
00002efc	FUN_00002efc	0000304a	40f2ec61	movw r1,#0x6ec
00002efc	FUN_00002efc	0000304e	17a0	adr r0,[0x30ac]
00002efc	FUN_00002efc	00003050	fdf7d3f9	bl 0x000003fa
00002efc	FUN_00002efc	00003054	00bf	nop
00002efc	FUN_00002efc	00003056	d5f8c000	ldr.w r0,[r5,#0xc0]
00002efc	FUN_00002efc	0000305a	c0f30547	ubfx r7,r0,#0x10,#0x6
00002efc	FUN_00002efc	0000305e	606a	ldr r0,[r4,#0x24]
00002efc	FUN_00002efc	00003060	90faa0f0	rbit r0,r0
00002efc	FUN_00002efc	00003064	b0fa80f6	clz r6,r0
00002efc	FUN_00002efc	00003068	00bf	nop
00002efc	FUN_00002efc	0000306a	be42	cmp r6,r7
00002efc	FUN_00002efc	0000306c	00d2	bcs 0x00003070
00002efc	FUN_00002efc	0000306e	04e0	b 0x0000307a
00002efc	FUN_00002efc	00003070	40f2ef61	movw r1,#0x6ef
00002efc	FUN_00002efc	00003074	0da0	adr r0,[0x30ac]
00002efc	FUN_00002efc	00003076	fdf7c0f9	bl 0x000003fa
00002efc	FUN_00002efc	0000307a	00bf	nop
00002efc	FUN_00002efc	0000307c	be42	cmp r6,r7
00002efc	FUN_00002efc	0000307e	0ed2	bcs 0x0000309e
00002efc	FUN_00002efc	00003080	d5f8cc00	ldr.w r0,[r5,#0xcc]
00002efc	FUN_00002efc	00003084	616a	ldr r1,[r4,#0x24]
00002efc	FUN_00002efc	00003086	0840	ands r0,r1
00002efc	FUN_00002efc	00003088	38b9	cbnz r0,0x0000309a
00002efc	FUN_00002efc	0000308a	3246	mov r2,r6
00002efc	FUN_00002efc	0000308c	2146	mov r1,r4
00002efc	FUN_00002efc	0000308e	2846	mov r0,r5
00002efc	FUN_00002efc	00003090	00f052f8	bl 0x00003138
00002efc	FUN_00002efc	00003094	4ff00008	mov.w r8,#0x0
00002efc	FUN_00002efc	00003098	01e0	b 0x0000309e
00002efc	FUN_00002efc	0000309a	6ff00508	mvn r8,#0x5
00002efc	FUN_00002efc	0000309e	4046	mov r0,r8
00002efc	FUN_00002efc	000030a0	bde8f081	pop.w {r4,r5,r6,r7,r8,pc}
000030cc	FUN_000030cc	000030cc	70b5	push {r4,r5,r6,lr}
000030cc	FUN_000030cc	000030ce	0446	mov r4,r0
000030cc	FUN_000030cc	000030d0	0d46	mov r5,r1
000030cc	FUN_000030cc	000030d2	00bf	nop
000030cc	FUN_000030cc	000030d4	0e48	ldr r0,[0x00003110]
000030cc	FUN_000030cc	000030d6	8442	cmp r4,r0
000030cc	FUN_000030cc	000030d8	02d0	beq 0x000030e0
000030cc	FUN_000030cc	000030da	0e48	ldr r0,[0x00003114]
000030cc	FUN_000030cc	000030dc	8442	cmp r4,r0
000030cc	FUN_000030cc	000030de	00d1	bne 0x000030e2
000030cc	FUN_000030cc	000030e0	04e0	b 0x000030ec
000030cc	FUN_000030cc	000030e2	40f6e601	movw r1,#0x8e6
000030cc	FUN_000030cc	000030e6	0ca0	adr r0,[0x3118]
000030cc	FUN_000030cc	000030e8	fdf787f9	bl 0x000003fa
000030cc	FUN_000030cc	000030ec	00bf	nop
000030cc	FUN_000030cc	000030ee	00bf	nop
000030cc	FUN_000030cc	000030f0	35b1	cbz r5,0x00003100
000030cc	FUN_000030cc	000030f2	65f04040	orn r0,r5,#0xc0000000
000030cc	FUN_000030cc	000030f6	6ff04041	mvn r1,#0xc0000000
000030cc	FUN_000030cc	000030fa	8842	cmp r0,r1
000030cc	FUN_000030cc	000030fc	00d1	bne 0x00003100
000030cc	FUN_000030cc	000030fe	04e0	b 0x0000310a
000030cc	FUN_000030cc	00003100	40f6e701	movw r1,#0x8e7
000030cc	FUN_000030cc	00003104	04a0	adr r0,[0x3118]
000030cc	FUN_000030cc	00003106	fdf778f9	bl 0x000003fa
000030cc	FUN_000030cc	0000310a	00bf	nop
000030cc	FUN_000030cc	0000310c	2565	str r5,[r4,#0x50]
000030cc	FUN_000030cc	0000310e	70bd	pop {r4,r5,r6,pc}
00003138	FUN_00003138	00003138	2de9f74f	push {r0,r1,r2,r4,r5,r6,r7,r8,r9,r10,r11,lr}
00003138	FUN_00003138	0000313c	0646	mov r6,r0
00003138	FUN_00003138	0000313e	0c46	mov r4,r1
00003138	FUN_00003138	00003140	6068	ldr r0,[r4,#0x4]
00003138	FUN_00003138	00003142	40b9	cbnz r0,0x00003156
00003138	FUN_00003138	00003144	207c	ldrb r0,[r4,#0x10]
00003138	FUN_00003138	00003146	c007	lsls r0,r0,#0x1f
00003138	FUN_00003138	00003148	217a	ldrb r1,[r4,#0x8]
00003138	FUN_00003138	0000314a	40ea4170	orr.w r0,r0,r1, lsl #0x1d
00003138	FUN_00003138	0000314e	2188	ldrh r1,[r4,#0x0]
00003138	FUN_00003138	00003150	40ea8149	orr.w r9,r0,r1, lsl #0x12
00003138	FUN_00003138	00003154	0ae0	b 0x0000316c
00003138	FUN_00003138	00003156	207c	ldrb r0,[r4,#0x10]
00003138	FUN_00003138	00003158	c007	lsls r0,r0,#0x1f
00003138	FUN_00003138	0000315a	2179	ldrb r1,[r4,#0x4]
00003138	FUN_00003138	0000315c	40ea8170	orr.w r0,r0,r1, lsl #0x1e
00003138	FUN_00003138	00003160	217a	ldrb r1,[r4,#0x8]
00003138	FUN_00003138	00003162	40ea4170	orr.w r0,r0,r1, lsl #0x1d
00003138	FUN_00003138	00003166	2168	ldr r1,[r4,#0x0]
00003138	FUN_00003138	00003168	40ea0109	orr.w r9,r0,r1
00003138	FUN_00003138	0000316c	94f82000	ldrb.w r0,[r4,#0x20]
00003138	FUN_00003138	00003170	4fea006a	lsl.w r10,r0,#0x18
00003138	FUN_00003138	00003174	b069	ldr r0,[r6,#0x18]
00003138	FUN_00003138	00003176	00f40060	and r0,r0,#0x800
00003138	FUN_00003138	0000317a	20b1	cbz r0,0x00003186
00003138	FUN_00003138	0000317c	208c	ldrh r0,[r4,#0x20]
00003138	FUN_00003138	0000317e	00f47f40	and r0,r0,#0xff00
00003138	FUN_00003138	00003182	40ea0a0a	orr.w r10,r0,r10
00003138	FUN_00003138	00003186	a08b	ldrh r0,[r4,#0x1c]
00003138	FUN_00003138	00003188	4aeac050	orr.w r0,r10,r0, lsl #0x17
00003138	FUN_00003138	0000318c	218b	ldrh r1,[r4,#0x18]
00003138	FUN_00003138	0000318e	40ea4150	orr.w r0,r0,r1, lsl #0x15
00003138	FUN_00003138	00003192	a18a	ldrh r1,[r4,#0x14]
00003138	FUN_00003138	00003194	40ea0150	orr.w r0,r0,r1, lsl #0x14
00003138	FUN_00003138	00003198	a189	ldrh r1,[r4,#0xc]
00003138	FUN_00003138	0000319a	40ea014b	orr.w r11,r0,r1, lsl #0x10
00003138	FUN_00003138	0000319e	d6f8c000	ldr.w r0,[r6,#0xc0]
00003138	FUN_00003138	000031a2	4ff6fc71	movw r1,#0xfffc
00003138	FUN_00003138	000031a6	0840	ands r0,r1
00003138	FUN_00003138	000031a8	2649	ldr r1,[0x00003244]
00003138	FUN_00003138	000031aa	4718	adds r7,r0,r1
00003138	FUN_00003138	000031ac	d6f8c800	ldr.w r0,[r6,#0xc8]
00003138	FUN_00003138	000031b0	00f00700	and r0,r0,#0x7
00003138	FUN_00003138	000031b4	2449	ldr r1,[0x00003248]
00003138	FUN_00003138	000031b6	095c	ldrb r1,[r1,r0]
00003138	FUN_00003138	000031b8	0298	ldr r0,[sp,#0x8]
00003138	FUN_00003138	000031ba	00fb0177	mla r7,r0,r1,r7
00003138	FUN_00003138	000031be	c7f80090	str.w r9,[r7,#0x0]
00003138	FUN_00003138	000031c2	3f1d	adds r7,r7,#0x4
00003138	FUN_00003138	000031c4	c7f800b0	str.w r11,[r7,#0x0]
00003138	FUN_00003138	000031c8	2049	ldr r1,[0x0000324c]
00003138	FUN_00003138	000031ca	e068	ldr r0,[r4,#0xc]
00003138	FUN_00003138	000031cc	11f80080	ldrb.w r8,[r1,r0]
00003138	FUN_00003138	000031d0	b069	ldr r0,[r6,#0x18]
00003138	FUN_00003138	000031d2	00f48070	and r0,r0,#0x100
00003138	FUN_00003138	000031d6	28b9	cbnz r0,0x000031e4
00003138	FUN_00003138	000031d8	b8f1080f	cmp.w r8,#0x8
00003138	FUN_00003138	000031dc	13d9	bls 0x00003206
00003138	FUN_00003138	000031de	4ff00808	mov.w r8,#0x8
00003138	FUN_00003138	000031e2	10e0	b 0x00003206
00003138	FUN_00003138	000031e4	00bf	nop
00003138	FUN_00003138	000031e6	d6f8c800	ldr.w r0,[r6,#0xc8]
00003138	FUN_00003138	000031ea	00f00700	and r0,r0,#0x7
00003138	FUN_00003138	000031ee	0830	adds r0,#0x8
00003138	FUN_00003138	000031f0	1649	ldr r1,[0x0000324c]
00003138	FUN_00003138	000031f2	085c	ldrb r0,[r1,r0]
00003138	FUN_00003138	000031f4	4045	cmp r0,r8
00003138	FUN_00003138	000031f6	00d3	bcc 0x000031fa
00003138	FUN_00003138	000031f8	04e0	b 0x00003204
00003138	FUN_00003138	000031fa	4ff41671	mov.w r1,#0x258
00003138	FUN_00003138	000031fe	14a0	adr r0,[0x3250]
00003138	FUN_00003138	00003200	fdf7fbf8	bl 0x000003fa
00003138	FUN_00003138	00003204	00bf	nop
00003138	FUN_00003138	00003206	0025	movs r5,#0x0
00003138	FUN_00003138	00003208	18e0	b 0x0000323c
00003138	FUN_00003138	0000320a	3f1d	adds r7,r7,#0x4
00003138	FUN_00003138	0000320c	04f12800	add.w r0,r4,#0x28
00003138	FUN_00003138	00003210	e91c	adds r1,r5,#0x3
00003138	FUN_00003138	00003212	405c	ldrb r0,[r0,r1]
00003138	FUN_00003138	00003214	0206	lsls r2,r0,#0x18
00003138	FUN_00003138	00003216	04f12800	add.w r0,r4,#0x28
00003138	FUN_00003138	0000321a	a91c	adds r1,r5,#0x2
00003138	FUN_00003138	0000321c	405c	ldrb r0,[r0,r1]
00003138	FUN_00003138	0000321e	42ea0042	orr.w r2,r2,r0, lsl #0x10
00003138	FUN_00003138	00003222	04f12800	add.w r0,r4,#0x28
00003138	FUN_00003138	00003226	691c	adds r1,r5,#0x1
00003138	FUN_00003138	00003228	405c	ldrb r0,[r0,r1]
00003138	FUN_00003138	0000322a	42ea0020	orr.w r0,r2,r0, lsl #0x8
00003138	FUN_00003138	0000322e	04f12801	add.w r1,r4,#0x28
00003138	FUN_00003138	00003232	495d	ldrb r1,[r1,r5]
00003138	FUN_00003138	00003234	0843	orrs r0,r1
00003138	FUN_00003138	00003236	3860	str r0,[r7,#0x0]
00003138	FUN_00003138	00003238	281d	adds r0,r5,#0x4
00003138	FUN_00003138	0000323a	c5b2	uxtb r5,r0
00003138	FUN_00003138	0000323c	4545	cmp r5,r8
00003138	FUN_00003138	0000323e	e4d3	bcc 0x0000320a
00003138	FUN_00003138	00003240	bde8fe8f	pop.w {r1,r2,r3,r4,r5,r6,r7,r8,r9,r10,r11,pc}
00003270	FUN_00003270	00003270	70b5	push {r4,r5,r6,lr}
00003270	FUN_00003270	00003272	0446	mov r4,r0
00003270	FUN_00003270	00003274	0d46	mov r5,r1
00003270	FUN_00003270	00003276	00bf	nop
00003270	FUN_00003270	00003278	1648	ldr r0,[0x000032d4]
00003270	FUN_00003270	0000327a	8442	cmp r4,r0
00003270	FUN_00003270	0000327c	02d0	beq 0x00003284
00003270	FUN_00003270	0000327e	1648	ldr r0,[0x000032d8]
00003270	FUN_00003270	00003280	8442	cmp r4,r0
00003270	FUN_00003270	00003282	00d1	bne 0x00003286
00003270	FUN_00003270	00003284	04e0	b 0x00003290
00003270	FUN_00003270	00003286	40f21271	movw r1,#0x712
00003270	FUN_00003270	0000328a	14a0	adr r0,[0x32dc]
00003270	FUN_00003270	0000328c	fdf7b5f8	bl 0x000003fa
00003270	FUN_00003270	00003290	00bf	nop
00003270	FUN_00003270	00003292	d4f8c000	ldr.w r0,[r4,#0xc0]
00003270	FUN_00003270	00003296	c0f30546	ubfx r6,r0,#0x10,#0x6
00003270	FUN_00003270	0000329a	d4f8c000	ldr.w r0,[r4,#0xc0]
00003270	FUN_00003270	0000329e	c0f30560	ubfx r0,r0,#0x18,#0x6
00003270	FUN_00003270	000032a2	0644	add r6,r0
00003270	FUN_00003270	000032a4	202e	cmp r6,#0x20
00003270	FUN_00003270	000032a6	12d2	bcs 0x000032ce
00003270	FUN_00003270	000032a8	00bf	nop
00003270	FUN_00003270	000032aa	55b1	cbz r5,0x000032c2
00003270	FUN_00003270	000032ac	0120	movs r0,#0x1
00003270	FUN_00003270	000032ae	b040	lsls r0,r6
00003270	FUN_00003270	000032b0	401e	subs r0,r0,#0x1
00003270	FUN_00003270	000032b2	40ea0501	orr.w r1,r0,r5
00003270	FUN_00003270	000032b6	0120	movs r0,#0x1
00003270	FUN_00003270	000032b8	b040	lsls r0,r6
00003270	FUN_00003270	000032ba	401e	subs r0,r0,#0x1
00003270	FUN_00003270	000032bc	8142	cmp r1,r0
00003270	FUN_00003270	000032be	00d1	bne 0x000032c2
00003270	FUN_00003270	000032c0	04e0	b 0x000032cc
00003270	FUN_00003270	000032c2	40f21771	movw r1,#0x717
00003270	FUN_00003270	000032c6	05a0	adr r0,[0x32dc]
00003270	FUN_00003270	000032c8	fdf797f8	bl 0x000003fa
00003270	FUN_00003270	000032cc	00bf	nop
00003270	FUN_00003270	000032ce	c4f8d050	str.w r5,[r4,#0xd0]
00003270	FUN_00003270	000032d2	70bd	pop {r4,r5,r6,pc}
000032fc	FUN_000032fc	000032fc	2de9f047	push {r4,r5,r6,r7,r8,r9,r10,lr}
000032fc	FUN_000032fc	00003300	0546	mov r5,r0
000032fc	FUN_000032fc	00003302	0c46	mov r4,r1
000032fc	FUN_000032fc	00003304	6ff00209	mvn r9,#0x2
000032fc	FUN_000032fc	00003308	00bf	nop
000032fc	FUN_000032fc	0000330a	8248	ldr r0,[0x00003514]
000032fc	FUN_000032fc	0000330c	8542	cmp r5,r0
000032fc	FUN_000032fc	0000330e	02d0	beq 0x00003316
000032fc	FUN_000032fc	00003310	8148	ldr r0,[0x00003518]
000032fc	FUN_000032fc	00003312	8542	cmp r5,r0
000032fc	FUN_000032fc	00003314	00d1	bne 0x00003318
000032fc	FUN_000032fc	00003316	04e0	b 0x00003322
000032fc	FUN_000032fc	00003318	40f27941	movw r1,#0x479
000032fc	FUN_000032fc	0000331c	7fa0	adr r0,[0x351c]
000032fc	FUN_000032fc	0000331e	fdf76cf8	bl 0x000003fa
000032fc	FUN_000032fc	00003322	00bf	nop
000032fc	FUN_000032fc	00003324	002c	cmp r4,#0x0
000032fc	FUN_000032fc	00003326	72d0	beq 0x0000340e
000032fc	FUN_000032fc	00003328	4ff00009	mov.w r9,#0x0
000032fc	FUN_000032fc	0000332c	00bf	nop
000032fc	FUN_000032fc	0000332e	2068	ldr r0,[r4,#0x0]
000032fc	FUN_000032fc	00003330	10b1	cbz r0,0x00003338
000032fc	FUN_000032fc	00003332	2068	ldr r0,[r4,#0x0]
000032fc	FUN_000032fc	00003334	0128	cmp r0,#0x1
000032fc	FUN_000032fc	00003336	00d1	bne 0x0000333a
000032fc	FUN_000032fc	00003338	04e0	b 0x00003344
000032fc	FUN_000032fc	0000333a	40f27d41	movw r1,#0x47d
000032fc	FUN_000032fc	0000333e	77a0	adr r0,[0x351c]
000032fc	FUN_000032fc	00003340	fdf75bf8	bl 0x000003fa
000032fc	FUN_000032fc	00003344	00bf	nop
000032fc	FUN_000032fc	00003346	00bf	nop
000032fc	FUN_000032fc	00003348	e068	ldr r0,[r4,#0xc]
000032fc	FUN_000032fc	0000334a	a0b1	cbz r0,0x00003376
000032fc	FUN_000032fc	0000334c	e068	ldr r0,[r4,#0xc]
000032fc	FUN_000032fc	0000334e	0128	cmp r0,#0x1
000032fc	FUN_000032fc	00003350	11d0	beq 0x00003376
000032fc	FUN_000032fc	00003352	e068	ldr r0,[r4,#0xc]
000032fc	FUN_000032fc	00003354	0228	cmp r0,#0x2
000032fc	FUN_000032fc	00003356	0ed0	beq 0x00003376
000032fc	FUN_000032fc	00003358	e068	ldr r0,[r4,#0xc]
000032fc	FUN_000032fc	0000335a	0328	cmp r0,#0x3
000032fc	FUN_000032fc	0000335c	0bd0	beq 0x00003376
000032fc	FUN_000032fc	0000335e	e068	ldr r0,[r4,#0xc]
000032fc	FUN_000032fc	00003360	0428	cmp r0,#0x4
000032fc	FUN_000032fc	00003362	08d0	beq 0x00003376
000032fc	FUN_000032fc	00003364	e068	ldr r0,[r4,#0xc]
000032fc	FUN_000032fc	00003366	0528	cmp r0,#0x5
000032fc	FUN_000032fc	00003368	05d0	beq 0x00003376
000032fc	FUN_000032fc	0000336a	e068	ldr r0,[r4,#0xc]
000032fc	FUN_000032fc	0000336c	0628	cmp r0,#0x6
000032fc	FUN_000032fc	0000336e	02d0	beq 0x00003376
000032fc	FUN_000032fc	00003370	e068	ldr r0,[r4,#0xc]
000032fc	FUN_000032fc	00003372	0728	cmp r0,#0x7
000032fc	FUN_000032fc	00003374	00d1	bne 0x00003378
000032fc	FUN_000032fc	00003376	04e0	b 0x00003382
000032fc	FUN_000032fc	00003378	40f27e41	movw r1,#0x47e
000032fc	FUN_000032fc	0000337c	67a0	adr r0,[0x351c]
000032fc	FUN_000032fc	0000337e	fdf73cf8	bl 0x000003fa
000032fc	FUN_000032fc	00003382	00bf	nop
000032fc	FUN_000032fc	00003384	e068	ldr r0,[r4,#0xc]
000032fc	FUN_000032fc	00003386	0728	cmp r0,#0x7
000032fc	FUN_000032fc	00003388	0dd1	bne 0x000033a6
000032fc	FUN_000032fc	0000338a	00bf	nop
000032fc	FUN_000032fc	0000338c	2846	mov r0,r5
000032fc	FUN_000032fc	0000338e	00f0fbf8	bl 0x00003588
000032fc	FUN_000032fc	00003392	a169	ldr r1,[r4,#0x18]
000032fc	FUN_000032fc	00003394	8842	cmp r0,r1
000032fc	FUN_000032fc	00003396	00d9	bls 0x0000339a
000032fc	FUN_000032fc	00003398	04e0	b 0x000033a4
000032fc	FUN_000032fc	0000339a	4ff49061	mov.w r1,#0x480
000032fc	FUN_000032fc	0000339e	5fa0	adr r0,[0x351c]
000032fc	FUN_000032fc	000033a0	fdf72bf8	bl 0x000003fa
000032fc	FUN_000032fc	000033a4	00bf	nop
000032fc	FUN_000032fc	000033a6	2068	ldr r0,[r4,#0x0]
000032fc	FUN_000032fc	000033a8	0028	cmp r0,#0x0
000032fc	FUN_000032fc	000033aa	5ad1	bne 0x00003462
000032fc	FUN_000032fc	000033ac	00bf	nop
000032fc	FUN_000032fc	000033ae	6068	ldr r0,[r4,#0x4]
000032fc	FUN_000032fc	000033b0	d5f88410	ldr.w r1,[r5,#0x84]
000032fc	FUN_000032fc	000033b4	c1f30741	ubfx r1,r1,#0x10,#0x8
000032fc	FUN_000032fc	000033b8	8842	cmp r0,r1
000032fc	FUN_000032fc	000033ba	00d2	bcs 0x000033be
000032fc	FUN_000032fc	000033bc	04e0	b 0x000033c8
000032fc	FUN_000032fc	000033be	40f28641	movw r1,#0x486
000032fc	FUN_000032fc	000033c2	56a0	adr r0,[0x351c]
000032fc	FUN_000032fc	000033c4	fdf719f8	bl 0x000003fa
000032fc	FUN_000032fc	000033c8	00bf	nop
000032fc	FUN_000032fc	000033ca	00bf	nop
000032fc	FUN_000032fc	000033cc	2069	ldr r0,[r4,#0x10]
000032fc	FUN_000032fc	000033ce	b0f5006f	cmp.w r0,#0x800
000032fc	FUN_000032fc	000033d2	00d2	bcs 0x000033d6
000032fc	FUN_000032fc	000033d4	04e0	b 0x000033e0
000032fc	FUN_000032fc	000033d6	40f28741	movw r1,#0x487
000032fc	FUN_000032fc	000033da	50a0	adr r0,[0x351c]
000032fc	FUN_000032fc	000033dc	fdf70df8	bl 0x000003fa
000032fc	FUN_000032fc	000033e0	00bf	nop
000032fc	FUN_000032fc	000033e2	e068	ldr r0,[r4,#0xc]
000032fc	FUN_000032fc	000033e4	0728	cmp r0,#0x7
000032fc	FUN_000032fc	000033e6	08d1	bne 0x000033fa
000032fc	FUN_000032fc	000033e8	207b	ldrb r0,[r4,#0xc]
000032fc	FUN_000032fc	000033ea	c006	lsls r0,r0,#0x1b
000032fc	FUN_000032fc	000033ec	218a	ldrh r1,[r4,#0x10]
000032fc	FUN_000032fc	000033ee	40ea0140	orr.w r0,r0,r1, lsl #0x10
000032fc	FUN_000032fc	000033f2	a169	ldr r1,[r4,#0x18]
000032fc	FUN_000032fc	000033f4	40ea0106	orr.w r6,r0,r1
000032fc	FUN_000032fc	000033f8	27e0	b 0x0000344a
000032fc	FUN_000032fc	000033fa	00bf	nop
000032fc	FUN_000032fc	000033fc	a068	ldr r0,[r4,#0x8]
000032fc	FUN_000032fc	000033fe	28b1	cbz r0,0x0000340c
000032fc	FUN_000032fc	00003400	a068	ldr r0,[r4,#0x8]
000032fc	FUN_000032fc	00003402	0128	cmp r0,#0x1
000032fc	FUN_000032fc	00003404	02d0	beq 0x0000340c
000032fc	FUN_000032fc	00003406	a068	ldr r0,[r4,#0x8]
000032fc	FUN_000032fc	00003408	0228	cmp r0,#0x2
000032fc	FUN_000032fc	0000340a	01d1	bne 0x00003410
000032fc	FUN_000032fc	0000340c	05e0	b 0x0000341a
000032fc	FUN_000032fc	0000340e	7de0	b 0x0000350c
000032fc	FUN_000032fc	00003410	40f28f41	movw r1,#0x48f
000032fc	FUN_000032fc	00003414	41a0	adr r0,[0x351c]
000032fc	FUN_000032fc	00003416	fcf7f0ff	bl 0x000003fa
000032fc	FUN_000032fc	0000341a	00bf	nop
000032fc	FUN_000032fc	0000341c	00bf	nop
000032fc	FUN_000032fc	0000341e	6069	ldr r0,[r4,#0x14]
000032fc	FUN_000032fc	00003420	b0f5006f	cmp.w r0,#0x800
000032fc	FUN_000032fc	00003424	00d2	bcs 0x00003428
000032fc	FUN_000032fc	00003426	04e0	b 0x00003432
000032fc	FUN_000032fc	00003428	4ff49261	mov.w r1,#0x490
000032fc	FUN_000032fc	0000342c	3ba0	adr r0,[0x351c]
000032fc	FUN_000032fc	0000342e	fcf7e4ff	bl 0x000003fa
000032fc	FUN_000032fc	00003432	00bf	nop
000032fc	FUN_000032fc	00003434	207a	ldrb r0,[r4,#0x8]
000032fc	FUN_000032fc	00003436	8007	lsls r0,r0,#0x1e
000032fc	FUN_000032fc	00003438	217b	ldrb r1,[r4,#0xc]
000032fc	FUN_000032fc	0000343a	40eac160	orr.w r0,r0,r1, lsl #0x1b
000032fc	FUN_000032fc	0000343e	218a	ldrh r1,[r4,#0x10]
000032fc	FUN_000032fc	00003440	40ea0140	orr.w r0,r0,r1, lsl #0x10
000032fc	FUN_000032fc	00003444	6169	ldr r1,[r4,#0x14]
000032fc	FUN_000032fc	00003446	40ea0106	orr.w r6,r0,r1
000032fc	FUN_000032fc	0000344a	d5f88400	ldr.w r0,[r5,#0x84]
000032fc	FUN_000032fc	0000344e	4ff6fc71	movw r1,#0xfffc
000032fc	FUN_000032fc	00003452	0840	ands r0,r1
000032fc	FUN_000032fc	00003454	3949	ldr r1,[0x0000353c]
000032fc	FUN_000032fc	00003456	0144	add r1,r0
000032fc	FUN_000032fc	00003458	6068	ldr r0,[r4,#0x4]
000032fc	FUN_000032fc	0000345a	01eb8007	add.w r7,r1,r0, lsl #0x2
000032fc	FUN_000032fc	0000345e	3e60	str r6,[r7,#0x0]
000032fc	FUN_000032fc	00003460	54e0	b 0x0000350c
000032fc	FUN_000032fc	00003462	00bf	nop
000032fc	FUN_000032fc	00003464	6068	ldr r0,[r4,#0x4]
000032fc	FUN_000032fc	00003466	d5f88810	ldr.w r1,[r5,#0x88]
000032fc	FUN_000032fc	0000346a	c1f30641	ubfx r1,r1,#0x10,#0x7
000032fc	FUN_000032fc	0000346e	8842	cmp r0,r1
000032fc	FUN_000032fc	00003470	00d2	bcs 0x00003474
000032fc	FUN_000032fc	00003472	04e0	b 0x0000347e
000032fc	FUN_000032fc	00003474	40f29e41	movw r1,#0x49e
000032fc	FUN_000032fc	00003478	28a0	adr r0,[0x351c]
000032fc	FUN_000032fc	0000347a	fcf7beff	bl 0x000003fa
000032fc	FUN_000032fc	0000347e	00bf	nop
000032fc	FUN_000032fc	00003480	00bf	nop
000032fc	FUN_000032fc	00003482	2069	ldr r0,[r4,#0x10]
000032fc	FUN_000032fc	00003484	b0f1005f	cmp.w r0,#0x20000000
000032fc	FUN_000032fc	00003488	00d2	bcs 0x0000348c
000032fc	FUN_000032fc	0000348a	04e0	b 0x00003496
000032fc	FUN_000032fc	0000348c	40f29f41	movw r1,#0x49f
000032fc	FUN_000032fc	00003490	22a0	adr r0,[0x351c]
000032fc	FUN_000032fc	00003492	fcf7b2ff	bl 0x000003fa
000032fc	FUN_000032fc	00003496	00bf	nop
000032fc	FUN_000032fc	00003498	217b	ldrb r1,[r4,#0xc]
000032fc	FUN_000032fc	0000349a	2069	ldr r0,[r4,#0x10]
000032fc	FUN_000032fc	0000349c	40ea4176	orr.w r6,r0,r1, lsl #0x1d
000032fc	FUN_000032fc	000034a0	e068	ldr r0,[r4,#0xc]
000032fc	FUN_000032fc	000034a2	0728	cmp r0,#0x7
000032fc	FUN_000032fc	000034a4	02d1	bne 0x000034ac
000032fc	FUN_000032fc	000034a6	d4f81880	ldr.w r8,[r4,#0x18]
000032fc	FUN_000032fc	000034aa	22e0	b 0x000034f2
000032fc	FUN_000032fc	000034ac	00bf	nop
000032fc	FUN_000032fc	000034ae	a068	ldr r0,[r4,#0x8]
000032fc	FUN_000032fc	000034b0	40b1	cbz r0,0x000034c4
000032fc	FUN_000032fc	000034b2	a068	ldr r0,[r4,#0x8]
000032fc	FUN_000032fc	000034b4	0128	cmp r0,#0x1
000032fc	FUN_000032fc	000034b6	05d0	beq 0x000034c4
000032fc	FUN_000032fc	000034b8	a068	ldr r0,[r4,#0x8]
000032fc	FUN_000032fc	000034ba	0228	cmp r0,#0x2
000032fc	FUN_000032fc	000034bc	02d0	beq 0x000034c4
000032fc	FUN_000032fc	000034be	a068	ldr r0,[r4,#0x8]
000032fc	FUN_000032fc	000034c0	0328	cmp r0,#0x3
000032fc	FUN_000032fc	000034c2	00d1	bne 0x000034c6
000032fc	FUN_000032fc	000034c4	04e0	b 0x000034d0
000032fc	FUN_000032fc	000034c6	4ff49561	mov.w r1,#0x4a8
000032fc	FUN_000032fc	000034ca	14a0	adr r0,[0x351c]
000032fc	FUN_000032fc	000034cc	fcf795ff	bl 0x000003fa
000032fc	FUN_000032fc	000034d0	00bf	nop
000032fc	FUN_000032fc	000034d2	00bf	nop
000032fc	FUN_000032fc	000034d4	6069	ldr r0,[r4,#0x14]
000032fc	FUN_000032fc	000034d6	b0f1005f	cmp.w r0,#0x20000000
000032fc	FUN_000032fc	000034da	00d2	bcs 0x000034de
000032fc	FUN_000032fc	000034dc	04e0	b 0x000034e8
000032fc	FUN_000032fc	000034de	40f2a941	movw r1,#0x4a9
000032fc	FUN_000032fc	000034e2	0ea0	adr r0,[0x351c]
000032fc	FUN_000032fc	000034e4	fcf789ff	bl 0x000003fa
000032fc	FUN_000032fc	000034e8	00bf	nop
000032fc	FUN_000032fc	000034ea	217a	ldrb r1,[r4,#0x8]
000032fc	FUN_000032fc	000034ec	6069	ldr r0,[r4,#0x14]
000032fc	FUN_000032fc	000034ee	40ea8178	orr.w r8,r0,r1, lsl #0x1e
000032fc	FUN_000032fc	000034f2	d5f88800	ldr.w r0,[r5,#0x88]
000032fc	FUN_000032fc	000034f6	4ff6fc71	movw r1,#0xfffc
000032fc	FUN_000032fc	000034fa	0840	ands r0,r1
000032fc	FUN_000032fc	000034fc	0f49	ldr r1,[0x0000353c]
000032fc	FUN_000032fc	000034fe	0144	add r1,r0
000032fc	FUN_000032fc	00003500	6068	ldr r0,[r4,#0x4]
000032fc	FUN_000032fc	00003502	01ebc007	add.w r7,r1,r0, lsl #0x3
000032fc	FUN_000032fc	00003506	3e60	str r6,[r7,#0x0]
000032fc	FUN_000032fc	00003508	c7f80480	str.w r8,[r7,#0x4]
000032fc	FUN_000032fc	0000350c	4846	mov r0,r9
000032fc	FUN_000032fc	0000350e	bde8f087	pop.w {r4,r5,r6,r7,r8,r9,r10,pc}
00003540	FUN_00003540	00003540	70b5	push {r4,r5,r6,lr}
00003540	FUN_00003540	00003542	0646	mov r6,r0
00003540	FUN_00003540	00003544	0c46	mov r4,r1
00003540	FUN_00003540	00003546	2068	ldr r0,[r4,#0x0]
00003540	FUN_00003540	00003548	68b1	cbz r0,0x00003566
00003540	FUN_00003540	0000354a	0025	movs r5,#0x0
00003540	FUN_00003540	0000354c	08e0	b 0x00003560
00003540	FUN_00003540	0000354e	c5ebc502	rsb r2,r5,r5, lsl #0x3
00003540	FUN_00003540	00003552	2068	ldr r0,[r4,#0x0]
00003540	FUN_00003540	00003554	00eb8201	add.w r1,r0,r2, lsl #0x2
00003540	FUN_00003540	00003558	3046	mov r0,r6
00003540	FUN_00003540	0000355a	fff7cffe	bl 0x000032fc
00003540	FUN_00003540	0000355e	6d1c	adds r5,r5,#0x1
00003540	FUN_00003540	00003560	a068	ldr r0,[r4,#0x8]
00003540	FUN_00003540	00003562	a842	cmp r0,r5
00003540	FUN_00003540	00003564	f3d8	bhi 0x0000354e
00003540	FUN_00003540	00003566	6068	ldr r0,[r4,#0x4]
00003540	FUN_00003540	00003568	68b1	cbz r0,0x00003586
00003540	FUN_00003540	0000356a	0025	movs r5,#0x0
00003540	FUN_00003540	0000356c	08e0	b 0x00003580
00003540	FUN_00003540	0000356e	c5ebc502	rsb r2,r5,r5, lsl #0x3
00003540	FUN_00003540	00003572	6068	ldr r0,[r4,#0x4]
00003540	FUN_00003540	00003574	00eb8201	add.w r1,r0,r2, lsl #0x2
00003540	FUN_00003540	00003578	3046	mov r0,r6
00003540	FUN_00003540	0000357a	fff7bffe	bl 0x000032fc
00003540	FUN_00003540	0000357e	6d1c	adds r5,r5,#0x1
00003540	FUN_00003540	00003580	e068	ldr r0,[r4,#0xc]
00003540	FUN_00003540	00003582	a842	cmp r0,r5
00003540	FUN_00003540	00003584	f3d8	bhi 0x0000356e
00003540	FUN_00003540	00003586	70bd	pop {r4,r5,r6,pc}
00003588	FUN_00003588	00003588	0146	mov r1,r0
00003588	FUN_00003588	0000358a	ac31	adds r1,#0xac
00003588	FUN_00003588	0000358c	486c	ldr r0,[r1,#0x44]
00003588	FUN_00003588	0000358e	4ff6fc73	movw r3,#0xfffc
00003588	FUN_00003588	00003592	1840	ands r0,r3
00003588	FUN_00003588	00003594	084b	ldr r3,[0x000035b8]
00003588	FUN_00003588	00003596	c218	adds r2,r0,r3
00003588	FUN_00003588	00003598	0868	ldr r0,[r1,#0x0]
00003588	FUN_00003588	0000359a	4ff6fc73	movw r3,#0xfffc
00003588	FUN_00003588	0000359e	1840	ands r0,r3
00003588	FUN_00003588	000035a0	054b	ldr r3,[0x000035b8]
00003588	FUN_00003588	000035a2	1844	add r0,r3
00003588	FUN_00003588	000035a4	121a	subs r2,r2,r0
00003588	FUN_00003588	000035a6	0869	ldr r0,[r1,#0x10]
00003588	FUN_00003588	000035a8	ac39	subs r1,#0xac
00003588	FUN_00003588	000035aa	c0f30220	ubfx r0,r0,#0x8,#0x3
00003588	FUN_00003588	000035ae	034b	ldr r3,[0x000035bc]
00003588	FUN_00003588	000035b0	185c	ldrb r0,[r3,r0]
00003588	FUN_00003588	000035b2	b2fbf0f0	udiv r0,r2,r0
00003588	FUN_00003588	000035b6	7047	bx lr
000035c0	FUN_000035c0	000035c0	2de9f84f	push {r3,r4,r5,r6,r7,r8,r9,r10,r11,lr}
000035c0	FUN_000035c0	000035c4	0546	mov r5,r0
000035c0	FUN_000035c0	000035c6	0f46	mov r7,r1
000035c0	FUN_000035c0	000035c8	1446	mov r4,r2
000035c0	FUN_000035c0	000035ca	0026	movs r6,#0x0
000035c0	FUN_000035c0	000035cc	0020	movs r0,#0x0
000035c0	FUN_000035c0	000035ce	0090	str r0,[sp,#0x0]
000035c0	FUN_000035c0	000035d0	8346	mov r11,r0
000035c0	FUN_000035c0	000035d2	6ff00209	mvn r9,#0x2
000035c0	FUN_000035c0	000035d6	00bf	nop
000035c0	FUN_000035c0	000035d8	8448	ldr r0,[0x000037ec]
000035c0	FUN_000035c0	000035da	8542	cmp r5,r0
000035c0	FUN_000035c0	000035dc	02d0	beq 0x000035e4
000035c0	FUN_000035c0	000035de	8448	ldr r0,[0x000037f0]
000035c0	FUN_000035c0	000035e0	8542	cmp r5,r0
000035c0	FUN_000035c0	000035e2	00d1	bne 0x000035e6
000035c0	FUN_000035c0	000035e4	04e0	b 0x000035f0
000035c0	FUN_000035c0	000035e6	40f25771	movw r1,#0x757
000035c0	FUN_000035c0	000035ea	82a0	adr r0,[0x37f4]
000035c0	FUN_000035c0	000035ec	fcf705ff	bl 0x000003fa
000035c0	FUN_000035c0	000035f0	00bf	nop
000035c0	FUN_000035c0	000035f2	002c	cmp r4,#0x0
000035c0	FUN_000035c0	000035f4	7ed0	beq 0x000036f4
000035c0	FUN_000035c0	000035f6	4ff00009	mov.w r9,#0x0
000035c0	FUN_000035c0	000035fa	402f	cmp r7,#0x40
000035c0	FUN_000035c0	000035fc	2dd1	bne 0x0000365a
000035c0	FUN_000035c0	000035fe	d5f8a000	ldr.w r0,[r5,#0xa0]
000035c0	FUN_000035c0	00003602	00f4fe00	and r0,r0,#0x7f0000
000035c0	FUN_000035c0	00003606	08b9	cbnz r0,0x0000360c
000035c0	FUN_000035c0	00003608	6ff00209	mvn r9,#0x2
000035c0	FUN_000035c0	0000360c	b9f1000f	cmp.w r9,#0x0
000035c0	FUN_000035c0	00003610	06d1	bne 0x00003620
000035c0	FUN_000035c0	00003612	d5f8a400	ldr.w r0,[r5,#0xa4]
000035c0	FUN_000035c0	00003616	00f07f00	and r0,r0,#0x7f
000035c0	FUN_000035c0	0000361a	08b9	cbnz r0,0x00003620
000035c0	FUN_000035c0	0000361c	6ff00809	mvn r9,#0x8
000035c0	FUN_000035c0	00003620	b9f1000f	cmp.w r9,#0x0
000035c0	FUN_000035c0	00003624	69d1	bne 0x000036fa
000035c0	FUN_000035c0	00003626	a035	adds r5,#0xa0
000035c0	FUN_000035c0	00003628	6868	ldr r0,[r5,#0x4]
000035c0	FUN_000035c0	0000362a	c0f3052b	ubfx r11,r0,#0x8,#0x6
000035c0	FUN_000035c0	0000362e	2868	ldr r0,[r5,#0x0]
000035c0	FUN_000035c0	00003630	4ff6fc71	movw r1,#0xfffc
000035c0	FUN_000035c0	00003634	0840	ands r0,r1
000035c0	FUN_000035c0	00003636	7749	ldr r1,[0x00003814]
000035c0	FUN_000035c0	00003638	4618	adds r6,r0,r1
000035c0	FUN_000035c0	0000363a	e869	ldr r0,[r5,#0x1c]
000035c0	FUN_000035c0	0000363c	00f00700	and r0,r0,#0x7
000035c0	FUN_000035c0	00003640	7549	ldr r1,[0x00003818]
000035c0	FUN_000035c0	00003642	085c	ldrb r0,[r1,r0]
000035c0	FUN_000035c0	00003644	1bfb0066	smlabb r6,r11,r0,r6
000035c0	FUN_000035c0	00003648	e869	ldr r0,[r5,#0x1c]
000035c0	FUN_000035c0	0000364a	a03d	subs r5,#0xa0
000035c0	FUN_000035c0	0000364c	00f00700	and r0,r0,#0x7
000035c0	FUN_000035c0	00003650	0830	adds r0,#0x8
000035c0	FUN_000035c0	00003652	7249	ldr r1,[0x0000381c]
000035c0	FUN_000035c0	00003654	085c	ldrb r0,[r1,r0]
000035c0	FUN_000035c0	00003656	0090	str r0,[sp,#0x0]
000035c0	FUN_000035c0	00003658	4fe0	b 0x000036fa
000035c0	FUN_000035c0	0000365a	412f	cmp r7,#0x41
000035c0	FUN_000035c0	0000365c	2dd1	bne 0x000036ba
000035c0	FUN_000035c0	0000365e	d5f8b000	ldr.w r0,[r5,#0xb0]
000035c0	FUN_000035c0	00003662	00f4fe00	and r0,r0,#0x7f0000
000035c0	FUN_000035c0	00003666	08b9	cbnz r0,0x0000366c
000035c0	FUN_000035c0	00003668	6ff00209	mvn r9,#0x2
000035c0	FUN_000035c0	0000366c	b9f1000f	cmp.w r9,#0x0
000035c0	FUN_000035c0	00003670	06d1	bne 0x00003680
000035c0	FUN_000035c0	00003672	d5f8b400	ldr.w r0,[r5,#0xb4]
000035c0	FUN_000035c0	00003676	00f07f00	and r0,r0,#0x7f
000035c0	FUN_000035c0	0000367a	08b9	cbnz r0,0x00003680
000035c0	FUN_000035c0	0000367c	6ff00809	mvn r9,#0x8
000035c0	FUN_000035c0	00003680	b9f1000f	cmp.w r9,#0x0
000035c0	FUN_000035c0	00003684	39d1	bne 0x000036fa
000035c0	FUN_000035c0	00003686	b035	adds r5,#0xb0
000035c0	FUN_000035c0	00003688	6868	ldr r0,[r5,#0x4]
000035c0	FUN_000035c0	0000368a	c0f3052b	ubfx r11,r0,#0x8,#0x6
000035c0	FUN_000035c0	0000368e	2868	ldr r0,[r5,#0x0]
000035c0	FUN_000035c0	00003690	4ff6fc71	movw r1,#0xfffc
000035c0	FUN_000035c0	00003694	0840	ands r0,r1
000035c0	FUN_000035c0	00003696	5f49	ldr r1,[0x00003814]
000035c0	FUN_000035c0	00003698	4618	adds r6,r0,r1
000035c0	FUN_000035c0	0000369a	e868	ldr r0,[r5,#0xc]
000035c0	FUN_000035c0	0000369c	c0f30210	ubfx r0,r0,#0x4,#0x3
000035c0	FUN_000035c0	000036a0	5d49	ldr r1,[0x00003818]
000035c0	FUN_000035c0	000036a2	085c	ldrb r0,[r1,r0]
000035c0	FUN_000035c0	000036a4	1bfb0066	smlabb r6,r11,r0,r6
000035c0	FUN_000035c0	000036a8	e868	ldr r0,[r5,#0xc]
000035c0	FUN_000035c0	000036aa	b03d	subs r5,#0xb0
000035c0	FUN_000035c0	000036ac	c0f30210	ubfx r0,r0,#0x4,#0x3
000035c0	FUN_000035c0	000036b0	0830	adds r0,#0x8
000035c0	FUN_000035c0	000036b2	5a49	ldr r1,[0x0000381c]
000035c0	FUN_000035c0	000036b4	085c	ldrb r0,[r1,r0]
000035c0	FUN_000035c0	000036b6	0090	str r0,[sp,#0x0]
000035c0	FUN_000035c0	000036b8	1fe0	b 0x000036fa
000035c0	FUN_000035c0	000036ba	2846	mov r0,r5
000035c0	FUN_000035c0	000036bc	fff764ff	bl 0x00003588
000035c0	FUN_000035c0	000036c0	b842	cmp r0,r7
000035c0	FUN_000035c0	000036c2	02d8	bhi 0x000036ca
000035c0	FUN_000035c0	000036c4	6ff00209	mvn r9,#0x2
000035c0	FUN_000035c0	000036c8	17e0	b 0x000036fa
000035c0	FUN_000035c0	000036ca	55f8ac0f	ldr.w r0,[r5,#0xac]!
000035c0	FUN_000035c0	000036ce	4ff6fc71	movw r1,#0xfffc
000035c0	FUN_000035c0	000036d2	0840	ands r0,r1
000035c0	FUN_000035c0	000036d4	4f49	ldr r1,[0x00003814]
000035c0	FUN_000035c0	000036d6	4618	adds r6,r0,r1
000035c0	FUN_000035c0	000036d8	2869	ldr r0,[r5,#0x10]
000035c0	FUN_000035c0	000036da	c0f30220	ubfx r0,r0,#0x8,#0x3
000035c0	FUN_000035c0	000036de	4e49	ldr r1,[0x00003818]
000035c0	FUN_000035c0	000036e0	085c	ldrb r0,[r1,r0]
000035c0	FUN_000035c0	000036e2	07fb0066	mla r6,r7,r0,r6
000035c0	FUN_000035c0	000036e6	2869	ldr r0,[r5,#0x10]
000035c0	FUN_000035c0	000036e8	ac3d	subs r5,#0xac
000035c0	FUN_000035c0	000036ea	c0f30220	ubfx r0,r0,#0x8,#0x3
000035c0	FUN_000035c0	000036ee	0830	adds r0,#0x8
000035c0	FUN_000035c0	000036f0	4a49	ldr r1,[0x0000381c]
000035c0	FUN_000035c0	000036f2	00e0	b 0x000036f6
000035c0	FUN_000035c0	000036f4	63e0	b 0x000037be
000035c0	FUN_000035c0	000036f6	085c	ldrb r0,[r1,r0]
000035c0	FUN_000035c0	000036f8	0090	str r0,[sp,#0x0]
000035c0	FUN_000035c0	000036fa	b9f1000f	cmp.w r9,#0x0
000035c0	FUN_000035c0	000036fe	71d1	bne 0x000037e4
000035c0	FUN_000035c0	00003700	3068	ldr r0,[r6,#0x0]
000035c0	FUN_000035c0	00003702	c0f38070	ubfx r0,r0,#0x1e,#0x1
000035c0	FUN_000035c0	00003706	6060	str r0,[r4,#0x4]
000035c0	FUN_000035c0	00003708	6068	ldr r0,[r4,#0x4]
000035c0	FUN_000035c0	0000370a	20b9	cbnz r0,0x00003716
000035c0	FUN_000035c0	0000370c	3068	ldr r0,[r6,#0x0]
000035c0	FUN_000035c0	0000370e	c0f38a40	ubfx r0,r0,#0x12,#0xb
000035c0	FUN_000035c0	00003712	2060	str r0,[r4,#0x0]
000035c0	FUN_000035c0	00003714	03e0	b 0x0000371e
000035c0	FUN_000035c0	00003716	3068	ldr r0,[r6,#0x0]
000035c0	FUN_000035c0	00003718	20f06040	bic r0,r0,#0xe0000000
000035c0	FUN_000035c0	0000371c	2060	str r0,[r4,#0x0]
000035c0	FUN_000035c0	0000371e	3068	ldr r0,[r6,#0x0]
000035c0	FUN_000035c0	00003720	c0f34070	ubfx r0,r0,#0x1d,#0x1
000035c0	FUN_000035c0	00003724	a060	str r0,[r4,#0x8]
000035c0	FUN_000035c0	00003726	3068	ldr r0,[r6,#0x0]
000035c0	FUN_000035c0	00003728	c00f	lsrs r0,r0,#0x1f
000035c0	FUN_000035c0	0000372a	2061	str r0,[r4,#0x10]
000035c0	FUN_000035c0	0000372c	361d	adds r6,r6,#0x4
000035c0	FUN_000035c0	0000372e	3068	ldr r0,[r6,#0x0]
000035c0	FUN_000035c0	00003730	80b2	uxth r0,r0
000035c0	FUN_000035c0	00003732	e061	str r0,[r4,#0x1c]
000035c0	FUN_000035c0	00003734	3068	ldr r0,[r6,#0x0]
000035c0	FUN_000035c0	00003736	c0f30340	ubfx r0,r0,#0x10,#0x4
000035c0	FUN_000035c0	0000373a	e060	str r0,[r4,#0xc]
000035c0	FUN_000035c0	0000373c	3749	ldr r1,[0x0000381c]
000035c0	FUN_000035c0	0000373e	e068	ldr r0,[r4,#0xc]
000035c0	FUN_000035c0	00003740	085c	ldrb r0,[r1,r0]
000035c0	FUN_000035c0	00003742	a066	str r0,[r4,#0x68]
000035c0	FUN_000035c0	00003744	3068	ldr r0,[r6,#0x0]
000035c0	FUN_000035c0	00003746	c0f30050	ubfx r0,r0,#0x14,#0x1
000035c0	FUN_000035c0	0000374a	6061	str r0,[r4,#0x14]
000035c0	FUN_000035c0	0000374c	3068	ldr r0,[r6,#0x0]
000035c0	FUN_000035c0	0000374e	c0f34050	ubfx r0,r0,#0x15,#0x1
000035c0	FUN_000035c0	00003752	a061	str r0,[r4,#0x18]
000035c0	FUN_000035c0	00003754	a069	ldr r0,[r4,#0x18]
000035c0	FUN_000035c0	00003756	28b9	cbnz r0,0x00003764
000035c0	FUN_000035c0	00003758	a06e	ldr r0,[r4,#0x68]
000035c0	FUN_000035c0	0000375a	0828	cmp r0,#0x8
000035c0	FUN_000035c0	0000375c	08d9	bls 0x00003770
000035c0	FUN_000035c0	0000375e	0820	movs r0,#0x8
000035c0	FUN_000035c0	00003760	a066	str r0,[r4,#0x68]
000035c0	FUN_000035c0	00003762	05e0	b 0x00003770
000035c0	FUN_000035c0	00003764	a16e	ldr r1,[r4,#0x68]
000035c0	FUN_000035c0	00003766	0098	ldr r0,[sp,#0x0]
000035c0	FUN_000035c0	00003768	8142	cmp r1,r0
000035c0	FUN_000035c0	0000376a	01d9	bls 0x00003770
000035c0	FUN_000035c0	0000376c	0098	ldr r0,[sp,#0x0]
000035c0	FUN_000035c0	0000376e	a066	str r0,[r4,#0x68]
000035c0	FUN_000035c0	00003770	3068	ldr r0,[r6,#0x0]
000035c0	FUN_000035c0	00003772	c0f30660	ubfx r0,r0,#0x18,#0x7
000035c0	FUN_000035c0	00003776	2062	str r0,[r4,#0x20]
000035c0	FUN_000035c0	00003778	3068	ldr r0,[r6,#0x0]
000035c0	FUN_000035c0	0000377a	c00f	lsrs r0,r0,#0x1f
000035c0	FUN_000035c0	0000377c	6062	str r0,[r4,#0x24]
000035c0	FUN_000035c0	0000377e	4ff00008	mov.w r8,#0x0
000035c0	FUN_000035c0	00003782	15e0	b 0x000037b0
000035c0	FUN_000035c0	00003784	361d	adds r6,r6,#0x4
000035c0	FUN_000035c0	00003786	d6f800a0	ldr.w r10,[r6,#0x0]
000035c0	FUN_000035c0	0000378a	04f12800	add.w r0,r4,#0x28
000035c0	FUN_000035c0	0000378e	00f808a0	strb.w r10,[r0,r8]
000035c0	FUN_000035c0	00003792	caf30722	ubfx r2,r10,#0x8,#0x8
000035c0	FUN_000035c0	00003796	08f10101	add.w r1,r8,#0x1
000035c0	FUN_000035c0	0000379a	4254	strb r2,[r0,r1]
000035c0	FUN_000035c0	0000379c	caf30742	ubfx r2,r10,#0x10,#0x8
000035c0	FUN_000035c0	000037a0	491c	adds r1,r1,#0x1
000035c0	FUN_000035c0	000037a2	4254	strb r2,[r0,r1]
000035c0	FUN_000035c0	000037a4	4fea1a62	lsr.w r2,r10,#0x18
000035c0	FUN_000035c0	000037a8	491c	adds r1,r1,#0x1
000035c0	FUN_000035c0	000037aa	4254	strb r2,[r0,r1]
000035c0	FUN_000035c0	000037ac	08f10408	add.w r8,r8,#0x4
000035c0	FUN_000035c0	000037b0	a06e	ldr r0,[r4,#0x68]
000035c0	FUN_000035c0	000037b2	4045	cmp r0,r8
000035c0	FUN_000035c0	000037b4	e6d8	bhi 0x00003784
000035c0	FUN_000035c0	000037b6	402f	cmp r7,#0x40
000035c0	FUN_000035c0	000037b8	02d1	bne 0x000037c0
000035c0	FUN_000035c0	000037ba	c5f8a8b0	str.w r11,[r5,#0xa8]
000035c0	FUN_000035c0	000037be	11e0	b 0x000037e4
000035c0	FUN_000035c0	000037c0	412f	cmp r7,#0x41
000035c0	FUN_000035c0	000037c2	02d1	bne 0x000037ca
000035c0	FUN_000035c0	000037c4	c5f8b8b0	str.w r11,[r5,#0xb8]
000035c0	FUN_000035c0	000037c8	0ce0	b 0x000037e4
000035c0	FUN_000035c0	000037ca	202f	cmp r7,#0x20
000035c0	FUN_000035c0	000037cc	04d2	bcs 0x000037d8
000035c0	FUN_000035c0	000037ce	0120	movs r0,#0x1
000035c0	FUN_000035c0	000037d0	b840	lsls r0,r7
000035c0	FUN_000035c0	000037d2	c5f89800	str.w r0,[r5,#0x98]
000035c0	FUN_000035c0	000037d6	05e0	b 0x000037e4
000035c0	FUN_000035c0	000037d8	07f01f01	and r1,r7,#0x1f
000035c0	FUN_000035c0	000037dc	0120	movs r0,#0x1
000035c0	FUN_000035c0	000037de	8840	lsls r0,r1
000035c0	FUN_000035c0	000037e0	c5f89c00	str.w r0,[r5,#0x9c]
000035c0	FUN_000035c0	000037e4	4846	mov r0,r9
000035c0	FUN_000035c0	000037e6	bde8f88f	pop.w {r3,r4,r5,r6,r7,r8,r9,r10,r11,pc}
00003820	FUN_00003820	00003820	70b5	push {r4,r5,r6,lr}
00003820	FUN_00003820	00003822	0446	mov r4,r0
00003820	FUN_00003820	00003824	0d46	mov r5,r1
00003820	FUN_00003820	00003826	0026	movs r6,#0x0
00003820	FUN_00003820	00003828	00bf	nop
00003820	FUN_00003820	0000382a	1148	ldr r0,[0x00003870]
00003820	FUN_00003820	0000382c	8442	cmp r4,r0
00003820	FUN_00003820	0000382e	02d0	beq 0x00003836
00003820	FUN_00003820	00003830	1048	ldr r0,[0x00003874]
00003820	FUN_00003820	00003832	8442	cmp r4,r0
00003820	FUN_00003820	00003834	00d1	bne 0x00003838
00003820	FUN_00003820	00003836	04e0	b 0x00003842
00003820	FUN_00003820	00003838	40f6ce01	movw r1,#0x8ce
00003820	FUN_00003820	0000383c	0ea0	adr r0,[0x3878]
00003820	FUN_00003820	0000383e	fcf7dcfd	bl 0x000003fa
00003820	FUN_00003820	00003842	00bf	nop
00003820	FUN_00003820	00003844	00bf	nop
00003820	FUN_00003820	00003846	35b1	cbz r5,0x00003856
00003820	FUN_00003820	00003848	65f04040	orn r0,r5,#0xc0000000
00003820	FUN_00003820	0000384c	6ff04041	mvn r1,#0xc0000000
00003820	FUN_00003820	00003850	8842	cmp r0,r1
00003820	FUN_00003820	00003852	00d1	bne 0x00003856
00003820	FUN_00003820	00003854	04e0	b 0x00003860
00003820	FUN_00003820	00003856	40f6cf01	movw r1,#0x8cf
00003820	FUN_00003820	0000385a	07a0	adr r0,[0x3878]
00003820	FUN_00003820	0000385c	fcf7cdfd	bl 0x000003fa
00003820	FUN_00003820	00003860	00bf	nop
00003820	FUN_00003820	00003862	206d	ldr r0,[r4,#0x50]
00003820	FUN_00003820	00003864	2840	ands r0,r5
00003820	FUN_00003820	00003866	00b1	cbz r0,0x0000386a
00003820	FUN_00003820	00003868	0126	movs r6,#0x1
00003820	FUN_00003820	0000386a	3046	mov r0,r6
00003820	FUN_00003820	0000386c	70bd	pop {r4,r5,r6,pc}
00003898	FUN_00003898	00003898	2de9f843	push {r3,r4,r5,r6,r7,r8,r9,lr}
00003898	FUN_00003898	0000389c	0546	mov r5,r0
00003898	FUN_00003898	0000389e	0c46	mov r4,r1
00003898	FUN_00003898	000038a0	6ff00208	mvn r8,#0x2
00003898	FUN_00003898	000038a4	e348	ldr r0,[0x00003c34]
00003898	FUN_00003898	000038a6	0068	ldr r0,[r0,#0x0]
00003898	FUN_00003898	000038a8	4ff47a71	mov.w r1,#0x3e8
00003898	FUN_00003898	000038ac	b0fbf1f0	udiv r0,r0,r1
00003898	FUN_00003898	000038b0	0090	str r0,[sp,#0x0]
00003898	FUN_00003898	000038b2	00bf	nop
00003898	FUN_00003898	000038b4	e048	ldr r0,[0x00003c38]
00003898	FUN_00003898	000038b6	8542	cmp r5,r0
00003898	FUN_00003898	000038b8	02d0	beq 0x000038c0
00003898	FUN_00003898	000038ba	e048	ldr r0,[0x00003c3c]
00003898	FUN_00003898	000038bc	8542	cmp r5,r0
00003898	FUN_00003898	000038be	00d1	bne 0x000038c2
00003898	FUN_00003898	000038c0	04e0	b 0x000038cc
00003898	FUN_00003898	000038c2	40f29521	movw r1,#0x295
00003898	FUN_00003898	000038c6	dea0	adr r0,[0x3c40]
00003898	FUN_00003898	000038c8	fcf797fd	bl 0x000003fa
00003898	FUN_00003898	000038cc	00bf	nop
00003898	FUN_00003898	000038ce	002c	cmp r4,#0x0
00003898	FUN_00003898	000038d0	7dd0	beq 0x000039ce
00003898	FUN_00003898	000038d2	00bf	nop
00003898	FUN_00003898	000038d4	2068	ldr r0,[r4,#0x0]
00003898	FUN_00003898	000038d6	58b1	cbz r0,0x000038f0
00003898	FUN_00003898	000038d8	2068	ldr r0,[r4,#0x0]
00003898	FUN_00003898	000038da	0128	cmp r0,#0x1
00003898	FUN_00003898	000038dc	08d0	beq 0x000038f0
00003898	FUN_00003898	000038de	2068	ldr r0,[r4,#0x0]
00003898	FUN_00003898	000038e0	0228	cmp r0,#0x2
00003898	FUN_00003898	000038e2	05d0	beq 0x000038f0
00003898	FUN_00003898	000038e4	2068	ldr r0,[r4,#0x0]
00003898	FUN_00003898	000038e6	0328	cmp r0,#0x3
00003898	FUN_00003898	000038e8	02d0	beq 0x000038f0
00003898	FUN_00003898	000038ea	2068	ldr r0,[r4,#0x0]
00003898	FUN_00003898	000038ec	0428	cmp r0,#0x4
00003898	FUN_00003898	000038ee	00d1	bne 0x000038f2
00003898	FUN_00003898	000038f0	04e0	b 0x000038fc
00003898	FUN_00003898	000038f2	4ff42671	mov.w r1,#0x298
00003898	FUN_00003898	000038f6	d2a0	adr r0,[0x3c40]
00003898	FUN_00003898	000038f8	fcf77ffd	bl 0x000003fa
00003898	FUN_00003898	000038fc	00bf	nop
00003898	FUN_00003898	000038fe	00bf	nop
00003898	FUN_00003898	00003900	6068	ldr r0,[r4,#0x4]
00003898	FUN_00003898	00003902	38b1	cbz r0,0x00003914
00003898	FUN_00003898	00003904	6068	ldr r0,[r4,#0x4]
00003898	FUN_00003898	00003906	b0f5807f	cmp.w r0,#0x100
00003898	FUN_00003898	0000390a	03d0	beq 0x00003914
00003898	FUN_00003898	0000390c	6068	ldr r0,[r4,#0x4]
00003898	FUN_00003898	0000390e	b0f5407f	cmp.w r0,#0x300
00003898	FUN_00003898	00003912	00d1	bne 0x00003916
00003898	FUN_00003898	00003914	04e0	b 0x00003920
00003898	FUN_00003898	00003916	40f29921	movw r1,#0x299
00003898	FUN_00003898	0000391a	c9a0	adr r0,[0x3c40]
00003898	FUN_00003898	0000391c	fcf76dfd	bl 0x000003fa
00003898	FUN_00003898	00003920	00bf	nop
00003898	FUN_00003898	00003922	00bf	nop
00003898	FUN_00003898	00003924	6069	ldr r0,[r4,#0x14]
00003898	FUN_00003898	00003926	20b1	cbz r0,0x00003932
00003898	FUN_00003898	00003928	6069	ldr r0,[r4,#0x14]
00003898	FUN_00003898	0000392a	b0f5007f	cmp.w r0,#0x200
00003898	FUN_00003898	0000392e	00d8	bhi 0x00003932
00003898	FUN_00003898	00003930	04e0	b 0x0000393c
00003898	FUN_00003898	00003932	40f29a21	movw r1,#0x29a
00003898	FUN_00003898	00003936	c2a0	adr r0,[0x3c40]
00003898	FUN_00003898	00003938	fcf75ffd	bl 0x000003fa
00003898	FUN_00003898	0000393c	00bf	nop
00003898	FUN_00003898	0000393e	00bf	nop
00003898	FUN_00003898	00003940	a069	ldr r0,[r4,#0x18]
00003898	FUN_00003898	00003942	0328	cmp r0,#0x3
00003898	FUN_00003898	00003944	04d3	bcc 0x00003950
00003898	FUN_00003898	00003946	a069	ldr r0,[r4,#0x18]
00003898	FUN_00003898	00003948	b0f5817f	cmp.w r0,#0x102
00003898	FUN_00003898	0000394c	00d2	bcs 0x00003950
00003898	FUN_00003898	0000394e	04e0	b 0x0000395a
00003898	FUN_00003898	00003950	40f29b21	movw r1,#0x29b
00003898	FUN_00003898	00003954	baa0	adr r0,[0x3c40]
00003898	FUN_00003898	00003956	fcf750fd	bl 0x000003fa
00003898	FUN_00003898	0000395a	00bf	nop
00003898	FUN_00003898	0000395c	00bf	nop
00003898	FUN_00003898	0000395e	e069	ldr r0,[r4,#0x1c]
00003898	FUN_00003898	00003960	0228	cmp r0,#0x2
00003898	FUN_00003898	00003962	03d3	bcc 0x0000396c
00003898	FUN_00003898	00003964	e069	ldr r0,[r4,#0x1c]
00003898	FUN_00003898	00003966	8028	cmp r0,#0x80
00003898	FUN_00003898	00003968	00d8	bhi 0x0000396c
00003898	FUN_00003898	0000396a	04e0	b 0x00003976
00003898	FUN_00003898	0000396c	4ff42771	mov.w r1,#0x29c
00003898	FUN_00003898	00003970	b3a0	adr r0,[0x3c40]
00003898	FUN_00003898	00003972	fcf742fd	bl 0x000003fa
00003898	FUN_00003898	00003976	00bf	nop
00003898	FUN_00003898	00003978	00bf	nop
00003898	FUN_00003898	0000397a	206a	ldr r0,[r4,#0x20]
00003898	FUN_00003898	0000397c	18b1	cbz r0,0x00003986
00003898	FUN_00003898	0000397e	206a	ldr r0,[r4,#0x20]
00003898	FUN_00003898	00003980	8028	cmp r0,#0x80
00003898	FUN_00003898	00003982	00d8	bhi 0x00003986
00003898	FUN_00003898	00003984	04e0	b 0x00003990
00003898	FUN_00003898	00003986	40f29d21	movw r1,#0x29d
00003898	FUN_00003898	0000398a	ada0	adr r0,[0x3c40]
00003898	FUN_00003898	0000398c	fcf735fd	bl 0x000003fa
00003898	FUN_00003898	00003990	00bf	nop
00003898	FUN_00003898	00003992	a088	ldrh r0,[r4,#0x4]
00003898	FUN_00003898	00003994	00f48070	and r0,r0,#0x100
00003898	FUN_00003898	00003998	b0f5807f	cmp.w r0,#0x100
00003898	FUN_00003898	0000399c	69d1	bne 0x00003a72
00003898	FUN_00003898	0000399e	00bf	nop
00003898	FUN_00003898	000039a0	606a	ldr r0,[r4,#0x24]
00003898	FUN_00003898	000039a2	18b1	cbz r0,0x000039ac
00003898	FUN_00003898	000039a4	606a	ldr r0,[r4,#0x24]
00003898	FUN_00003898	000039a6	b0f5004f	cmp.w r0,#0x8000
00003898	FUN_00003898	000039aa	00d1	bne 0x000039ae
00003898	FUN_00003898	000039ac	04e0	b 0x000039b8
00003898	FUN_00003898	000039ae	4ff42871	mov.w r1,#0x2a0
00003898	FUN_00003898	000039b2	a3a0	adr r0,[0x3c40]
00003898	FUN_00003898	000039b4	fcf721fd	bl 0x000003fa
00003898	FUN_00003898	000039b8	00bf	nop
00003898	FUN_00003898	000039ba	00bf	nop
00003898	FUN_00003898	000039bc	a06b	ldr r0,[r4,#0x38]
00003898	FUN_00003898	000039be	20b9	cbnz r0,0x000039ca
00003898	FUN_00003898	000039c0	a06a	ldr r0,[r4,#0x28]
00003898	FUN_00003898	000039c2	10b1	cbz r0,0x000039ca
00003898	FUN_00003898	000039c4	a06a	ldr r0,[r4,#0x28]
00003898	FUN_00003898	000039c6	2028	cmp r0,#0x20
00003898	FUN_00003898	000039c8	0ad9	bls 0x000039e0
00003898	FUN_00003898	000039ca	a06b	ldr r0,[r4,#0x38]
00003898	FUN_00003898	000039cc	00e0	b 0x000039d0
00003898	FUN_00003898	000039ce	2ee1	b 0x00003c2e
00003898	FUN_00003898	000039d0	b0f5000f	cmp.w r0,#0x800000
00003898	FUN_00003898	000039d4	05d1	bne 0x000039e2
00003898	FUN_00003898	000039d6	a06a	ldr r0,[r4,#0x28]
00003898	FUN_00003898	000039d8	18b1	cbz r0,0x000039e2
00003898	FUN_00003898	000039da	a06a	ldr r0,[r4,#0x28]
00003898	FUN_00003898	000039dc	0228	cmp r0,#0x2
00003898	FUN_00003898	000039de	00d8	bhi 0x000039e2
00003898	FUN_00003898	000039e0	04e0	b 0x000039ec
00003898	FUN_00003898	000039e2	40f2a121	movw r1,#0x2a1
00003898	FUN_00003898	000039e6	96a0	adr r0,[0x3c40]
00003898	FUN_00003898	000039e8	fcf707fd	bl 0x000003fa
00003898	FUN_00003898	000039ec	00bf	nop
00003898	FUN_00003898	000039ee	00bf	nop
00003898	FUN_00003898	000039f0	e06a	ldr r0,[r4,#0x2c]
00003898	FUN_00003898	000039f2	0228	cmp r0,#0x2
00003898	FUN_00003898	000039f4	03d3	bcc 0x000039fe
00003898	FUN_00003898	000039f6	e06a	ldr r0,[r4,#0x2c]
00003898	FUN_00003898	000039f8	2128	cmp r0,#0x21
00003898	FUN_00003898	000039fa	00d8	bhi 0x000039fe
00003898	FUN_00003898	000039fc	04e0	b 0x00003a08
00003898	FUN_00003898	000039fe	40f2a321	movw r1,#0x2a3
00003898	FUN_00003898	00003a02	8fa0	adr r0,[0x3c40]
00003898	FUN_00003898	00003a04	fcf7f9fc	bl 0x000003fa
00003898	FUN_00003898	00003a08	00bf	nop
00003898	FUN_00003898	00003a0a	00bf	nop
00003898	FUN_00003898	00003a0c	206b	ldr r0,[r4,#0x30]
00003898	FUN_00003898	00003a0e	18b1	cbz r0,0x00003a18
00003898	FUN_00003898	00003a10	206b	ldr r0,[r4,#0x30]
00003898	FUN_00003898	00003a12	1028	cmp r0,#0x10
00003898	FUN_00003898	00003a14	00d8	bhi 0x00003a18
00003898	FUN_00003898	00003a16	04e0	b 0x00003a22
00003898	FUN_00003898	00003a18	4ff42971	mov.w r1,#0x2a4
00003898	FUN_00003898	00003a1c	88a0	adr r0,[0x3c40]
00003898	FUN_00003898	00003a1e	fcf7ecfc	bl 0x000003fa
00003898	FUN_00003898	00003a22	00bf	nop
00003898	FUN_00003898	00003a24	00bf	nop
00003898	FUN_00003898	00003a26	606b	ldr r0,[r4,#0x34]
00003898	FUN_00003898	00003a28	18b1	cbz r0,0x00003a32
00003898	FUN_00003898	00003a2a	606b	ldr r0,[r4,#0x34]
00003898	FUN_00003898	00003a2c	1028	cmp r0,#0x10
00003898	FUN_00003898	00003a2e	00d8	bhi 0x00003a32
00003898	FUN_00003898	00003a30	04e0	b 0x00003a3c
00003898	FUN_00003898	00003a32	40f2a521	movw r1,#0x2a5
00003898	FUN_00003898	00003a36	82a0	adr r0,[0x3c40]
00003898	FUN_00003898	00003a38	fcf7dffc	bl 0x000003fa
00003898	FUN_00003898	00003a3c	00bf	nop
00003898	FUN_00003898	00003a3e	a06b	ldr r0,[r4,#0x38]
00003898	FUN_00003898	00003a40	b0f5000f	cmp.w r0,#0x800000
00003898	FUN_00003898	00003a44	15d1	bne 0x00003a72
00003898	FUN_00003898	00003a46	00bf	nop
00003898	FUN_00003898	00003a48	e06b	ldr r0,[r4,#0x3c]
00003898	FUN_00003898	00003a4a	7f28	cmp r0,#0x7f
00003898	FUN_00003898	00003a4c	00d8	bhi 0x00003a50
00003898	FUN_00003898	00003a4e	04e0	b 0x00003a5a
00003898	FUN_00003898	00003a50	40f2a721	movw r1,#0x2a7
00003898	FUN_00003898	00003a54	7aa0	adr r0,[0x3c40]
00003898	FUN_00003898	00003a56	fcf7d0fc	bl 0x000003fa
00003898	FUN_00003898	00003a5a	00bf	nop
00003898	FUN_00003898	00003a5c	00bf	nop
00003898	FUN_00003898	00003a5e	206c	ldr r0,[r4,#0x40]
00003898	FUN_00003898	00003a60	7f28	cmp r0,#0x7f
00003898	FUN_00003898	00003a62	00d8	bhi 0x00003a66
00003898	FUN_00003898	00003a64	04e0	b 0x00003a70
00003898	FUN_00003898	00003a66	4ff42a71	mov.w r1,#0x2a8
00003898	FUN_00003898	00003a6a	75a0	adr r0,[0x3c40]
00003898	FUN_00003898	00003a6c	fcf7c5fc	bl 0x000003fa
00003898	FUN_00003898	00003a70	00bf	nop
00003898	FUN_00003898	00003a72	00bf	nop
00003898	FUN_00003898	00003a74	a068	ldr r0,[r4,#0x8]
00003898	FUN_00003898	00003a76	4028	cmp r0,#0x40
00003898	FUN_00003898	00003a78	01d0	beq 0x00003a7e
00003898	FUN_00003898	00003a7a	a068	ldr r0,[r4,#0x8]
00003898	FUN_00003898	00003a7c	00b9	cbnz r0,0x00003a80
00003898	FUN_00003898	00003a7e	04e0	b 0x00003a8a
00003898	FUN_00003898	00003a80	40f2ab21	movw r1,#0x2ab
00003898	FUN_00003898	00003a84	6ea0	adr r0,[0x3c40]
00003898	FUN_00003898	00003a86	fcf7b8fc	bl 0x000003fa
00003898	FUN_00003898	00003a8a	00bf	nop
00003898	FUN_00003898	00003a8c	00bf	nop
00003898	FUN_00003898	00003a8e	e068	ldr r0,[r4,#0xc]
00003898	FUN_00003898	00003a90	18b1	cbz r0,0x00003a9a
00003898	FUN_00003898	00003a92	e068	ldr r0,[r4,#0xc]
00003898	FUN_00003898	00003a94	b0f5804f	cmp.w r0,#0x4000
00003898	FUN_00003898	00003a98	00d1	bne 0x00003a9c
00003898	FUN_00003898	00003a9a	04e0	b 0x00003aa6
00003898	FUN_00003898	00003a9c	4ff42b71	mov.w r1,#0x2ac
00003898	FUN_00003898	00003aa0	67a0	adr r0,[0x3c40]
00003898	FUN_00003898	00003aa2	fcf7aafc	bl 0x000003fa
00003898	FUN_00003898	00003aa6	00bf	nop
00003898	FUN_00003898	00003aa8	00bf	nop
00003898	FUN_00003898	00003aaa	2069	ldr r0,[r4,#0x10]
00003898	FUN_00003898	00003aac	b0f5805f	cmp.w r0,#0x1000
00003898	FUN_00003898	00003ab0	01d0	beq 0x00003ab6
00003898	FUN_00003898	00003ab2	2069	ldr r0,[r4,#0x10]
00003898	FUN_00003898	00003ab4	00b9	cbnz r0,0x00003ab8
00003898	FUN_00003898	00003ab6	04e0	b 0x00003ac2
00003898	FUN_00003898	00003ab8	40f2ad21	movw r1,#0x2ad
00003898	FUN_00003898	00003abc	60a0	adr r0,[0x3c40]
00003898	FUN_00003898	00003abe	fcf79cfc	bl 0x000003fa
00003898	FUN_00003898	00003ac2	00bf	nop
00003898	FUN_00003898	00003ac4	8820	movs r0,#0x88
00003898	FUN_00003898	00003ac6	0059	ldr r0,[r0,r4]
00003898	FUN_00003898	00003ac8	68b1	cbz r0,0x00003ae6
00003898	FUN_00003898	00003aca	00bf	nop
00003898	FUN_00003898	00003acc	8820	movs r0,#0x88
00003898	FUN_00003898	00003ace	0159	ldr r1,[r0,r4]
00003898	FUN_00003898	00003ad0	4820	movs r0,#0x48
00003898	FUN_00003898	00003ad2	005d	ldrb r0,[r0,r4]
00003898	FUN_00003898	00003ad4	8142	cmp r1,r0
00003898	FUN_00003898	00003ad6	00d8	bhi 0x00003ada
00003898	FUN_00003898	00003ad8	04e0	b 0x00003ae4
00003898	FUN_00003898	00003ada	4ff42c71	mov.w r1,#0x2b0
00003898	FUN_00003898	00003ade	58a0	adr r0,[0x3c40]
00003898	FUN_00003898	00003ae0	fcf78bfc	bl 0x000003fa
00003898	FUN_00003898	00003ae4	00bf	nop
00003898	FUN_00003898	00003ae6	8c20	movs r0,#0x8c
00003898	FUN_00003898	00003ae8	0059	ldr r0,[r0,r4]
00003898	FUN_00003898	00003aea	68b1	cbz r0,0x00003b08
00003898	FUN_00003898	00003aec	00bf	nop
00003898	FUN_00003898	00003aee	8c20	movs r0,#0x8c
00003898	FUN_00003898	00003af0	0159	ldr r1,[r0,r4]
00003898	FUN_00003898	00003af2	4c20	movs r0,#0x4c
00003898	FUN_00003898	00003af4	005d	ldrb r0,[r0,r4]
00003898	FUN_00003898	00003af6	8142	cmp r1,r0
00003898	FUN_00003898	00003af8	00d8	bhi 0x00003afc
00003898	FUN_00003898	00003afa	04e0	b 0x00003b06
00003898	FUN_00003898	00003afc	4ff42d71	mov.w r1,#0x2b4
00003898	FUN_00003898	00003b00	4fa0	adr r0,[0x3c40]
00003898	FUN_00003898	00003b02	fcf77afc	bl 0x000003fa
00003898	FUN_00003898	00003b06	00bf	nop
00003898	FUN_00003898	00003b08	4ff00008	mov.w r8,#0x0
00003898	FUN_00003898	00003b0c	a869	ldr r0,[r5,#0x18]
00003898	FUN_00003898	00003b0e	20f01000	bic r0,r0,#0x10
00003898	FUN_00003898	00003b12	a861	str r0,[r5,#0x18]
00003898	FUN_00003898	00003b14	06e0	b 0x00003b24
00003898	FUN_00003898	00003b16	0098	ldr r0,[sp,#0x0]
00003898	FUN_00003898	00003b18	401e	subs r0,r0,#0x1
00003898	FUN_00003898	00003b1a	0090	str r0,[sp,#0x0]
00003898	FUN_00003898	00003b1c	0098	ldr r0,[sp,#0x0]
00003898	FUN_00003898	00003b1e	08b9	cbnz r0,0x00003b24
00003898	FUN_00003898	00003b20	6ff00708	mvn r8,#0x7
00003898	FUN_00003898	00003b24	a869	ldr r0,[r5,#0x18]
00003898	FUN_00003898	00003b26	00f00800	and r0,r0,#0x8
00003898	FUN_00003898	00003b2a	0828	cmp r0,#0x8
00003898	FUN_00003898	00003b2c	f3d0	beq 0x00003b16
00003898	FUN_00003898	00003b2e	b8f1000f	cmp.w r8,#0x0
00003898	FUN_00003898	00003b32	17d1	bne 0x00003b64
00003898	FUN_00003898	00003b34	a869	ldr r0,[r5,#0x18]
00003898	FUN_00003898	00003b36	40f00100	orr r0,r0,#0x1
00003898	FUN_00003898	00003b3a	a861	str r0,[r5,#0x18]
00003898	FUN_00003898	00003b3c	3d48	ldr r0,[0x00003c34]
00003898	FUN_00003898	00003b3e	0068	ldr r0,[r0,#0x0]
00003898	FUN_00003898	00003b40	4ff47a71	mov.w r1,#0x3e8
00003898	FUN_00003898	00003b44	b0fbf1f0	udiv r0,r0,r1
00003898	FUN_00003898	00003b48	0090	str r0,[sp,#0x0]
00003898	FUN_00003898	00003b4a	06e0	b 0x00003b5a
00003898	FUN_00003898	00003b4c	0098	ldr r0,[sp,#0x0]
00003898	FUN_00003898	00003b4e	401e	subs r0,r0,#0x1
00003898	FUN_00003898	00003b50	0090	str r0,[sp,#0x0]
00003898	FUN_00003898	00003b52	0098	ldr r0,[sp,#0x0]
00003898	FUN_00003898	00003b54	08b9	cbnz r0,0x00003b5a
00003898	FUN_00003898	00003b56	6ff00708	mvn r8,#0x7
00003898	FUN_00003898	00003b5a	a869	ldr r0,[r5,#0x18]
00003898	FUN_00003898	00003b5c	00f00100	and r0,r0,#0x1
00003898	FUN_00003898	00003b60	0028	cmp r0,#0x0
00003898	FUN_00003898	00003b62	f3d0	beq 0x00003b4c
00003898	FUN_00003898	00003b64	b8f1000f	cmp.w r8,#0x0
00003898	FUN_00003898	00003b68	5fd1	bne 0x00003c2a
00003898	FUN_00003898	00003b6a	a869	ldr r0,[r5,#0x18]
00003898	FUN_00003898	00003b6c	40f00200	orr r0,r0,#0x2
00003898	FUN_00003898	00003b70	a861	str r0,[r5,#0x18]
00003898	FUN_00003898	00003b72	45f24037	movw r7,#0x5340
00003898	FUN_00003898	00003b76	d4e90101	ldrd r0,r1,[r4,#0x4]
00003898	FUN_00003898	00003b7a	0843	orrs r0,r1
00003898	FUN_00003898	00003b7c	e168	ldr r1,[r4,#0xc]
00003898	FUN_00003898	00003b7e	0843	orrs r0,r1
00003898	FUN_00003898	00003b80	2169	ldr r1,[r4,#0x10]
00003898	FUN_00003898	00003b82	40ea0106	orr.w r6,r0,r1
00003898	FUN_00003898	00003b86	a869	ldr r0,[r5,#0x18]
00003898	FUN_00003898	00003b88	b843	bics r0,r7
00003898	FUN_00003898	00003b8a	06ea0701	and.w r1,r6,r7
00003898	FUN_00003898	00003b8e	0843	orrs r0,r1
00003898	FUN_00003898	00003b90	a861	str r0,[r5,#0x18]
00003898	FUN_00003898	00003b92	a08a	ldrh r0,[r4,#0x14]
00003898	FUN_00003898	00003b94	401e	subs r0,r0,#0x1
00003898	FUN_00003898	00003b96	0104	lsls r1,r0,#0x10
00003898	FUN_00003898	00003b98	a069	ldr r0,[r4,#0x18]
00003898	FUN_00003898	00003b9a	801e	subs r0,r0,#0x2
00003898	FUN_00003898	00003b9c	41ea0021	orr.w r1,r1,r0, lsl #0x8
00003898	FUN_00003898	00003ba0	2020	movs r0,#0x20
00003898	FUN_00003898	00003ba2	005d	ldrb r0,[r0,r4]
00003898	FUN_00003898	00003ba4	401e	subs r0,r0,#0x1
00003898	FUN_00003898	00003ba6	41ea4060	orr.w r0,r1,r0, lsl #0x19
00003898	FUN_00003898	00003baa	e169	ldr r1,[r4,#0x1c]
00003898	FUN_00003898	00003bac	491e	subs r1,r1,#0x1
00003898	FUN_00003898	00003bae	40ea0106	orr.w r6,r0,r1
00003898	FUN_00003898	00003bb2	ee61	str r6,[r5,#0x1c]
00003898	FUN_00003898	00003bb4	a088	ldrh r0,[r4,#0x4]
00003898	FUN_00003898	00003bb6	00f48070	and r0,r0,#0x100
00003898	FUN_00003898	00003bba	b0f5807f	cmp.w r0,#0x100
00003898	FUN_00003898	00003bbe	23d1	bne 0x00003c08
00003898	FUN_00003898	00003bc0	a869	ldr r0,[r5,#0x18]
00003898	FUN_00003898	00003bc2	20f40040	bic r0,r0,#0x8000
00003898	FUN_00003898	00003bc6	a18c	ldrh r1,[r4,#0x24]
00003898	FUN_00003898	00003bc8	01f40041	and r1,r1,#0x8000
00003898	FUN_00003898	00003bcc	0843	orrs r0,r1
00003898	FUN_00003898	00003bce	a861	str r0,[r5,#0x18]
00003898	FUN_00003898	00003bd0	208d	ldrh r0,[r4,#0x28]
00003898	FUN_00003898	00003bd2	401e	subs r0,r0,#0x1
00003898	FUN_00003898	00003bd4	0104	lsls r1,r0,#0x10
00003898	FUN_00003898	00003bd6	e06a	ldr r0,[r4,#0x2c]
00003898	FUN_00003898	00003bd8	801e	subs r0,r0,#0x2
00003898	FUN_00003898	00003bda	41ea0020	orr.w r0,r1,r0, lsl #0x8
00003898	FUN_00003898	00003bde	616b	ldr r1,[r4,#0x34]
00003898	FUN_00003898	00003be0	491e	subs r1,r1,#0x1
00003898	FUN_00003898	00003be2	0843	orrs r0,r1
00003898	FUN_00003898	00003be4	216b	ldr r1,[r4,#0x30]
00003898	FUN_00003898	00003be6	491e	subs r1,r1,#0x1
00003898	FUN_00003898	00003be8	40ea0116	orr.w r6,r0,r1, lsl #0x4
00003898	FUN_00003898	00003bec	ee60	str r6,[r5,#0xc]
00003898	FUN_00003898	00003bee	a06b	ldr r0,[r4,#0x38]
00003898	FUN_00003898	00003bf0	b0f5000f	cmp.w r0,#0x800000
00003898	FUN_00003898	00003bf4	08d1	bne 0x00003c08
00003898	FUN_00003898	00003bf6	e868	ldr r0,[r5,#0xc]
00003898	FUN_00003898	00003bf8	a16b	ldr r1,[r4,#0x38]
00003898	FUN_00003898	00003bfa	0843	orrs r0,r1
00003898	FUN_00003898	00003bfc	e860	str r0,[r5,#0xc]
00003898	FUN_00003898	00003bfe	d4e90f01	ldrd r0,r1,[r4,#0x3c]
00003898	FUN_00003898	00003c02	41ea0026	orr.w r6,r1,r0, lsl #0x8
00003898	FUN_00003898	00003c06	ae64	str r6,[r5,#0x48]
00003898	FUN_00003898	00003c08	2846	mov r0,r5
00003898	FUN_00003898	00003c0a	2168	ldr r1,[r4,#0x0]
00003898	FUN_00003898	00003c0c	00f0e2f9	bl 0x00003fd4
00003898	FUN_00003898	00003c10	04f14401	add.w r1,r4,#0x44
00003898	FUN_00003898	00003c14	2846	mov r0,r5
00003898	FUN_00003898	00003c16	00f0a1f8	bl 0x00003d5c
00003898	FUN_00003898	00003c1a	04f18001	add.w r1,r4,#0x80
00003898	FUN_00003898	00003c1e	2846	mov r0,r5
00003898	FUN_00003898	00003c20	fff78efc	bl 0x00003540
00003898	FUN_00003898	00003c24	3f20	movs r0,#0x3f
00003898	FUN_00003898	00003c26	c5f88000	str.w r0,[r5,#0x80]
00003898	FUN_00003898	00003c2a	4ff00008	mov.w r8,#0x0
00003898	FUN_00003898	00003c2e	4046	mov r0,r8
00003898	FUN_00003898	00003c30	bde8f883	pop.w {r3,r4,r5,r6,r7,r8,r9,pc}
00003c60	FUN_00003c60	00003c60	2de9f041	push {r4,r5,r6,r7,r8,lr}
00003c60	FUN_00003c60	00003c64	0446	mov r4,r0
00003c60	FUN_00003c60	00003c66	0d46	mov r5,r1
00003c60	FUN_00003c60	00003c68	1646	mov r6,r2
00003c60	FUN_00003c60	00003c6a	1f46	mov r7,r3
00003c60	FUN_00003c60	00003c6c	00bf	nop
00003c60	FUN_00003c60	00003c6e	3148	ldr r0,[0x00003d34]
00003c60	FUN_00003c60	00003c70	8442	cmp r4,r0
00003c60	FUN_00003c60	00003c72	02d0	beq 0x00003c7a
00003c60	FUN_00003c60	00003c74	3048	ldr r0,[0x00003d38]
00003c60	FUN_00003c60	00003c76	8442	cmp r4,r0
00003c60	FUN_00003c60	00003c78	00d1	bne 0x00003c7c
00003c60	FUN_00003c60	00003c7a	04e0	b 0x00003c86
00003c60	FUN_00003c60	00003c7c	40f64f21	movw r1,#0xa4f
00003c60	FUN_00003c60	00003c80	2ea0	adr r0,[0x3d3c]
00003c60	FUN_00003c60	00003c82	fcf7bafb	bl 0x000003fa
00003c60	FUN_00003c60	00003c86	00bf	nop
00003c60	FUN_00003c60	00003c88	00bf	nop
00003c60	FUN_00003c60	00003c8a	35b1	cbz r5,0x00003c9a
00003c60	FUN_00003c60	00003c8c	65f04040	orn r0,r5,#0xc0000000
00003c60	FUN_00003c60	00003c90	6ff04041	mvn r1,#0xc0000000
00003c60	FUN_00003c60	00003c94	8842	cmp r0,r1
00003c60	FUN_00003c60	00003c96	00d1	bne 0x00003c9a
00003c60	FUN_00003c60	00003c98	04e0	b 0x00003ca4
00003c60	FUN_00003c60	00003c9a	4ff42561	mov.w r1,#0xa50
00003c60	FUN_00003c60	00003c9e	27a0	adr r0,[0x3d3c]
00003c60	FUN_00003c60	00003ca0	fcf7abfb	bl 0x000003fa
00003c60	FUN_00003c60	00003ca4	00bf	nop
00003c60	FUN_00003c60	00003ca6	00bf	nop
00003c60	FUN_00003c60	00003ca8	0fb1	cbz r7,0x00003cae
00003c60	FUN_00003c60	00003caa	012f	cmp r7,#0x1
00003c60	FUN_00003c60	00003cac	00d1	bne 0x00003cb0
00003c60	FUN_00003c60	00003cae	04e0	b 0x00003cba
00003c60	FUN_00003c60	00003cb0	40f65121	movw r1,#0xa51
00003c60	FUN_00003c60	00003cb4	21a0	adr r0,[0x3d3c]
00003c60	FUN_00003c60	00003cb6	fcf7a0fb	bl 0x000003fa
00003c60	FUN_00003c60	00003cba	00bf	nop
00003c60	FUN_00003c60	00003cbc	012f	cmp r7,#0x1
00003c60	FUN_00003c60	00003cbe	20d1	bne 0x00003d02
00003c60	FUN_00003c60	00003cc0	00bf	nop
00003c60	FUN_00003c60	00003cc2	012e	cmp r6,#0x1
00003c60	FUN_00003c60	00003cc4	01d0	beq 0x00003cca
00003c60	FUN_00003c60	00003cc6	022e	cmp r6,#0x2
00003c60	FUN_00003c60	00003cc8	00d1	bne 0x00003ccc
00003c60	FUN_00003c60	00003cca	04e0	b 0x00003cd6
00003c60	FUN_00003c60	00003ccc	40f65421	movw r1,#0xa54
00003c60	FUN_00003c60	00003cd0	1aa0	adr r0,[0x3d3c]
00003c60	FUN_00003c60	00003cd2	fcf792fb	bl 0x000003fa
00003c60	FUN_00003c60	00003cd6	00bf	nop
00003c60	FUN_00003c60	00003cd8	606d	ldr r0,[r4,#0x54]
00003c60	FUN_00003c60	00003cda	2843	orrs r0,r5
00003c60	FUN_00003c60	00003cdc	6065	str r0,[r4,#0x54]
00003c60	FUN_00003c60	00003cde	012e	cmp r6,#0x1
00003c60	FUN_00003c60	00003ce0	07d1	bne 0x00003cf2
00003c60	FUN_00003c60	00003ce2	a06d	ldr r0,[r4,#0x58]
00003c60	FUN_00003c60	00003ce4	a843	bics r0,r5
00003c60	FUN_00003c60	00003ce6	a065	str r0,[r4,#0x58]
00003c60	FUN_00003c60	00003ce8	e06d	ldr r0,[r4,#0x5c]
00003c60	FUN_00003c60	00003cea	40f00100	orr r0,r0,#0x1
00003c60	FUN_00003c60	00003cee	e065	str r0,[r4,#0x5c]
00003c60	FUN_00003c60	00003cf0	1de0	b 0x00003d2e
00003c60	FUN_00003c60	00003cf2	a06d	ldr r0,[r4,#0x58]
00003c60	FUN_00003c60	00003cf4	2843	orrs r0,r5
00003c60	FUN_00003c60	00003cf6	a065	str r0,[r4,#0x58]
00003c60	FUN_00003c60	00003cf8	e06d	ldr r0,[r4,#0x5c]
00003c60	FUN_00003c60	00003cfa	40f00200	orr r0,r0,#0x2
00003c60	FUN_00003c60	00003cfe	e065	str r0,[r4,#0x5c]
00003c60	FUN_00003c60	00003d00	15e0	b 0x00003d2e
00003c60	FUN_00003c60	00003d02	606d	ldr r0,[r4,#0x54]
00003c60	FUN_00003c60	00003d04	a843	bics r0,r5
00003c60	FUN_00003c60	00003d06	6065	str r0,[r4,#0x54]
00003c60	FUN_00003c60	00003d08	d4f85880	ldr.w r8,[r4,#0x58]
00003c60	FUN_00003c60	00003d0c	606d	ldr r0,[r4,#0x54]
00003c60	FUN_00003c60	00003d0e	40ea0800	orr.w r0,r0,r8
00003c60	FUN_00003c60	00003d12	4045	cmp r0,r8
00003c60	FUN_00003c60	00003d14	03d1	bne 0x00003d1e
00003c60	FUN_00003c60	00003d16	e06d	ldr r0,[r4,#0x5c]
00003c60	FUN_00003c60	00003d18	20f00100	bic r0,r0,#0x1
00003c60	FUN_00003c60	00003d1c	e065	str r0,[r4,#0x5c]
00003c60	FUN_00003c60	00003d1e	606d	ldr r0,[r4,#0x54]
00003c60	FUN_00003c60	00003d20	00ea0800	and.w r0,r0,r8
00003c60	FUN_00003c60	00003d24	18b9	cbnz r0,0x00003d2e
00003c60	FUN_00003c60	00003d26	e06d	ldr r0,[r4,#0x5c]
00003c60	FUN_00003c60	00003d28	20f00200	bic r0,r0,#0x2
00003c60	FUN_00003c60	00003d2c	e065	str r0,[r4,#0x5c]
00003c60	FUN_00003c60	00003d2e	bde8f081	pop.w {r4,r5,r6,r7,r8,pc}
00003d5c	FUN_00003d5c	00003d5c	2de9f041	push {r4,r5,r6,r7,r8,lr}
00003d5c	FUN_00003d5c	00003d60	0646	mov r6,r0
00003d5c	FUN_00003d5c	00003d62	0c46	mov r4,r1
00003d5c	FUN_00003d5c	00003d64	2568	ldr r5,[r4,#0x0]
00003d5c	FUN_00003d5c	00003d66	d4e90a01	ldrd r0,r1,[r4,#0x28]
00003d5c	FUN_00003d5c	00003d6a	00eb0108	add.w r8,r0,r1
00003d5c	FUN_00003d5c	00003d6e	00bf	nop
00003d5c	FUN_00003d5c	00003d70	05f00300	and r0,r5,#0x3
00003d5c	FUN_00003d5c	00003d74	18b9	cbnz r0,0x00003d7e
00003d5c	FUN_00003d5c	00003d76	b5f5006f	cmp.w r5,#0x800
00003d5c	FUN_00003d5c	00003d7a	00d2	bcs 0x00003d7e
00003d5c	FUN_00003d5c	00003d7c	04e0	b 0x00003d88
00003d5c	FUN_00003d5c	00003d7e	4ff4d871	mov.w r1,#0x1b0
00003d5c	FUN_00003d5c	00003d82	89a0	adr r0,[0x3fa8]
00003d5c	FUN_00003d5c	00003d84	fcf739fb	bl 0x000003fa
00003d5c	FUN_00003d5c	00003d88	00bf	nop
00003d5c	FUN_00003d5c	00003d8a	00bf	nop
00003d5c	FUN_00003d5c	00003d8c	6068	ldr r0,[r4,#0x4]
00003d5c	FUN_00003d5c	00003d8e	8028	cmp r0,#0x80
00003d5c	FUN_00003d5c	00003d90	00d8	bhi 0x00003d94
00003d5c	FUN_00003d5c	00003d92	04e0	b 0x00003d9e
00003d5c	FUN_00003d5c	00003d94	40f2b111	movw r1,#0x1b1
00003d5c	FUN_00003d5c	00003d98	83a0	adr r0,[0x3fa8]
00003d5c	FUN_00003d5c	00003d9a	fcf72efb	bl 0x000003fa
00003d5c	FUN_00003d5c	00003d9e	00bf	nop
00003d5c	FUN_00003d5c	00003da0	00bf	nop
00003d5c	FUN_00003d5c	00003da2	a068	ldr r0,[r4,#0x8]
00003d5c	FUN_00003d5c	00003da4	4028	cmp r0,#0x40
00003d5c	FUN_00003d5c	00003da6	00d8	bhi 0x00003daa
00003d5c	FUN_00003d5c	00003da8	04e0	b 0x00003db4
00003d5c	FUN_00003d5c	00003daa	4ff4d971	mov.w r1,#0x1b2
00003d5c	FUN_00003d5c	00003dae	7ea0	adr r0,[0x3fa8]
00003d5c	FUN_00003d5c	00003db0	fcf723fb	bl 0x000003fa
00003d5c	FUN_00003d5c	00003db4	00bf	nop
00003d5c	FUN_00003d5c	00003db6	00bf	nop
00003d5c	FUN_00003d5c	00003db8	e068	ldr r0,[r4,#0xc]
00003d5c	FUN_00003d5c	00003dba	4028	cmp r0,#0x40
00003d5c	FUN_00003d5c	00003dbc	00d8	bhi 0x00003dc0
00003d5c	FUN_00003d5c	00003dbe	04e0	b 0x00003dca
00003d5c	FUN_00003d5c	00003dc0	40f2b311	movw r1,#0x1b3
00003d5c	FUN_00003d5c	00003dc4	78a0	adr r0,[0x3fa8]
00003d5c	FUN_00003d5c	00003dc6	fcf718fb	bl 0x000003fa
00003d5c	FUN_00003d5c	00003dca	00bf	nop
00003d5c	FUN_00003d5c	00003dcc	00bf	nop
00003d5c	FUN_00003d5c	00003dce	6069	ldr r0,[r4,#0x14]
00003d5c	FUN_00003d5c	00003dd0	4028	cmp r0,#0x40
00003d5c	FUN_00003d5c	00003dd2	00d8	bhi 0x00003dd6
00003d5c	FUN_00003d5c	00003dd4	04e0	b 0x00003de0
00003d5c	FUN_00003d5c	00003dd6	4ff4da71	mov.w r1,#0x1b4
00003d5c	FUN_00003d5c	00003dda	73a0	adr r0,[0x3fa8]
00003d5c	FUN_00003d5c	00003ddc	fcf70dfb	bl 0x000003fa
00003d5c	FUN_00003d5c	00003de0	00bf	nop
00003d5c	FUN_00003d5c	00003de2	00bf	nop
00003d5c	FUN_00003d5c	00003de4	e069	ldr r0,[r4,#0x1c]
00003d5c	FUN_00003d5c	00003de6	4028	cmp r0,#0x40
00003d5c	FUN_00003d5c	00003de8	00d8	bhi 0x00003dec
00003d5c	FUN_00003d5c	00003dea	04e0	b 0x00003df6
00003d5c	FUN_00003d5c	00003dec	40f2b511	movw r1,#0x1b5
00003d5c	FUN_00003d5c	00003df0	6da0	adr r0,[0x3fa8]
00003d5c	FUN_00003d5c	00003df2	fcf702fb	bl 0x000003fa
00003d5c	FUN_00003d5c	00003df6	00bf	nop
00003d5c	FUN_00003d5c	00003df8	00bf	nop
00003d5c	FUN_00003d5c	00003dfa	606a	ldr r0,[r4,#0x24]
00003d5c	FUN_00003d5c	00003dfc	2028	cmp r0,#0x20
00003d5c	FUN_00003d5c	00003dfe	00d8	bhi 0x00003e02
00003d5c	FUN_00003d5c	00003e00	04e0	b 0x00003e0c
00003d5c	FUN_00003d5c	00003e02	4ff4db71	mov.w r1,#0x1b6
00003d5c	FUN_00003d5c	00003e06	68a0	adr r0,[0x3fa8]
00003d5c	FUN_00003d5c	00003e08	fcf7f7fa	bl 0x000003fa
00003d5c	FUN_00003d5c	00003e0c	00bf	nop
00003d5c	FUN_00003d5c	00003e0e	00bf	nop
00003d5c	FUN_00003d5c	00003e10	b8f1200f	cmp.w r8,#0x20
00003d5c	FUN_00003d5c	00003e14	00d8	bhi 0x00003e18
00003d5c	FUN_00003d5c	00003e16	04e0	b 0x00003e22
00003d5c	FUN_00003d5c	00003e18	40f2b711	movw r1,#0x1b7
00003d5c	FUN_00003d5c	00003e1c	62a0	adr r0,[0x3fa8]
00003d5c	FUN_00003d5c	00003e1e	fcf7ecfa	bl 0x000003fa
00003d5c	FUN_00003d5c	00003e22	00bf	nop
00003d5c	FUN_00003d5c	00003e24	46f8845f	str.w r5,[r6,#0x84]!
00003d5c	FUN_00003d5c	00003e28	3068	ldr r0,[r6,#0x0]
00003d5c	FUN_00003d5c	00003e2a	a188	ldrh r1,[r4,#0x4]
00003d5c	FUN_00003d5c	00003e2c	40ea0140	orr.w r0,r0,r1, lsl #0x10
00003d5c	FUN_00003d5c	00003e30	3060	str r0,[r6,#0x0]
00003d5c	FUN_00003d5c	00003e32	6068	ldr r0,[r4,#0x4]
00003d5c	FUN_00003d5c	00003e34	05eb8005	add.w r5,r5,r0, lsl #0x2
00003d5c	FUN_00003d5c	00003e38	2089	ldrh r0,[r4,#0x8]
00003d5c	FUN_00003d5c	00003e3a	45ea0040	orr.w r0,r5,r0, lsl #0x10
00003d5c	FUN_00003d5c	00003e3e	7060	str r0,[r6,#0x4]
00003d5c	FUN_00003d5c	00003e40	a068	ldr r0,[r4,#0x8]
00003d5c	FUN_00003d5c	00003e42	05ebc005	add.w r5,r5,r0, lsl #0x3
00003d5c	FUN_00003d5c	00003e46	a089	ldrh r0,[r4,#0xc]
00003d5c	FUN_00003d5c	00003e48	45ea0040	orr.w r0,r5,r0, lsl #0x10
00003d5c	FUN_00003d5c	00003e4c	f061	str r0,[r6,#0x1c]
00003d5c	FUN_00003d5c	00003e4e	5e4a	ldr r2,[0x00003fc8]
00003d5c	FUN_00003d5c	00003e50	d4e90301	ldrd r0,r1,[r4,#0xc]
00003d5c	FUN_00003d5c	00003e54	515c	ldrb r1,[r2,r1]
00003d5c	FUN_00003d5c	00003e56	00fb0155	mla r5,r0,r1,r5
00003d5c	FUN_00003d5c	00003e5a	a08a	ldrh r0,[r4,#0x14]
00003d5c	FUN_00003d5c	00003e5c	45ea0040	orr.w r0,r5,r0, lsl #0x10
00003d5c	FUN_00003d5c	00003e60	f062	str r0,[r6,#0x2c]
00003d5c	FUN_00003d5c	00003e62	d4e90501	ldrd r0,r1,[r4,#0x14]
00003d5c	FUN_00003d5c	00003e66	515c	ldrb r1,[r2,r1]
00003d5c	FUN_00003d5c	00003e68	00fb0155	mla r5,r0,r1,r5
00003d5c	FUN_00003d5c	00003e6c	b562	str r5,[r6,#0x28]
00003d5c	FUN_00003d5c	00003e6e	d4e90701	ldrd r0,r1,[r4,#0x1c]
00003d5c	FUN_00003d5c	00003e72	515c	ldrb r1,[r2,r1]
00003d5c	FUN_00003d5c	00003e74	00fb0155	mla r5,r0,r1,r5
00003d5c	FUN_00003d5c	00003e78	a08c	ldrh r0,[r4,#0x24]
00003d5c	FUN_00003d5c	00003e7a	45ea0040	orr.w r0,r5,r0, lsl #0x10
00003d5c	FUN_00003d5c	00003e7e	f066	str r0,[r6,#0x6c]
00003d5c	FUN_00003d5c	00003e80	606a	ldr r0,[r4,#0x24]
00003d5c	FUN_00003d5c	00003e82	05ebc005	add.w r5,r5,r0, lsl #0x3
00003d5c	FUN_00003d5c	00003e86	94f82c00	ldrb.w r0,[r4,#0x2c]
00003d5c	FUN_00003d5c	00003e8a	0006	lsls r0,r0,#0x18
00003d5c	FUN_00003d5c	00003e8c	218d	ldrh r1,[r4,#0x28]
00003d5c	FUN_00003d5c	00003e8e	40ea0140	orr.w r0,r0,r1, lsl #0x10
00003d5c	FUN_00003d5c	00003e92	2843	orrs r0,r5
00003d5c	FUN_00003d5c	00003e94	f063	str r0,[r6,#0x3c]
00003d5c	FUN_00003d5c	00003e96	843e	subs r6,#0x84
00003d5c	FUN_00003d5c	00003e98	1146	mov r1,r2
00003d5c	FUN_00003d5c	00003e9a	606b	ldr r0,[r4,#0x34]
00003d5c	FUN_00003d5c	00003e9c	085c	ldrb r0,[r1,r0]
00003d5c	FUN_00003d5c	00003e9e	08fb0055	mla r5,r8,r0,r5
00003d5c	FUN_00003d5c	00003ea2	2068	ldr r0,[r4,#0x0]
00003d5c	FUN_00003d5c	00003ea4	281a	subs r0,r5,r0
00003d5c	FUN_00003d5c	00003ea6	a063	str r0,[r4,#0x38]
00003d5c	FUN_00003d5c	00003ea8	4848	ldr r0,[0x00003fcc]
00003d5c	FUN_00003d5c	00003eaa	2f18	adds r7,r5,r0
00003d5c	FUN_00003d5c	00003eac	00bf	nop
00003d5c	FUN_00003d5c	00003eae	4848	ldr r0,[0x00003fd0]
00003d5c	FUN_00003d5c	00003eb0	8742	cmp r7,r0
00003d5c	FUN_00003d5c	00003eb2	00d8	bhi 0x00003eb6
00003d5c	FUN_00003d5c	00003eb4	04e0	b 0x00003ec0
00003d5c	FUN_00003d5c	00003eb6	40f2dd11	movw r1,#0x1dd
00003d5c	FUN_00003d5c	00003eba	3ba0	adr r0,[0x3fa8]
00003d5c	FUN_00003d5c	00003ebc	fcf79dfa	bl 0x000003fa
00003d5c	FUN_00003d5c	00003ec0	00bf	nop
00003d5c	FUN_00003d5c	00003ec2	e068	ldr r0,[r4,#0xc]
00003d5c	FUN_00003d5c	00003ec4	88b1	cbz r0,0x00003eea
00003d5c	FUN_00003d5c	00003ec6	00bf	nop
00003d5c	FUN_00003d5c	00003ec8	2069	ldr r0,[r4,#0x10]
00003d5c	FUN_00003d5c	00003eca	0728	cmp r0,#0x7
00003d5c	FUN_00003d5c	00003ecc	00d8	bhi 0x00003ed0
00003d5c	FUN_00003d5c	00003ece	04e0	b 0x00003eda
00003d5c	FUN_00003d5c	00003ed0	40f2e111	movw r1,#0x1e1
00003d5c	FUN_00003d5c	00003ed4	34a0	adr r0,[0x3fa8]
00003d5c	FUN_00003d5c	00003ed6	fcf790fa	bl 0x000003fa
00003d5c	FUN_00003d5c	00003eda	00bf	nop
00003d5c	FUN_00003d5c	00003edc	217c	ldrb r1,[r4,#0x10]
00003d5c	FUN_00003d5c	00003ede	d6f8bc00	ldr.w r0,[r6,#0xbc]
00003d5c	FUN_00003d5c	00003ee2	61f30200	bfi r0,r1,#0x0,#0x3
00003d5c	FUN_00003d5c	00003ee6	c6f8bc00	str.w r0,[r6,#0xbc]
00003d5c	FUN_00003d5c	00003eea	6069	ldr r0,[r4,#0x14]
00003d5c	FUN_00003d5c	00003eec	88b1	cbz r0,0x00003f12
00003d5c	FUN_00003d5c	00003eee	00bf	nop
00003d5c	FUN_00003d5c	00003ef0	a069	ldr r0,[r4,#0x18]
00003d5c	FUN_00003d5c	00003ef2	0728	cmp r0,#0x7
00003d5c	FUN_00003d5c	00003ef4	00d8	bhi 0x00003ef8
00003d5c	FUN_00003d5c	00003ef6	04e0	b 0x00003f02
00003d5c	FUN_00003d5c	00003ef8	40f2e511	movw r1,#0x1e5
00003d5c	FUN_00003d5c	00003efc	2aa0	adr r0,[0x3fa8]
00003d5c	FUN_00003d5c	00003efe	fcf77cfa	bl 0x000003fa
00003d5c	FUN_00003d5c	00003f02	00bf	nop
00003d5c	FUN_00003d5c	00003f04	217e	ldrb r1,[r4,#0x18]
00003d5c	FUN_00003d5c	00003f06	d6f8bc00	ldr.w r0,[r6,#0xbc]
00003d5c	FUN_00003d5c	00003f0a	61f30610	bfi r0,r1,#0x4,#0x3
00003d5c	FUN_00003d5c	00003f0e	c6f8bc00	str.w r0,[r6,#0xbc]
00003d5c	FUN_00003d5c	00003f12	e069	ldr r0,[r4,#0x1c]
00003d5c	FUN_00003d5c	00003f14	90b1	cbz r0,0x00003f3c
00003d5c	FUN_00003d5c	00003f16	00bf	nop
00003d5c	FUN_00003d5c	00003f18	206a	ldr r0,[r4,#0x20]
00003d5c	FUN_00003d5c	00003f1a	0728	cmp r0,#0x7
00003d5c	FUN_00003d5c	00003f1c	00d8	bhi 0x00003f20
00003d5c	FUN_00003d5c	00003f1e	04e0	b 0x00003f2a
00003d5c	FUN_00003d5c	00003f20	40f2e911	movw r1,#0x1e9
00003d5c	FUN_00003d5c	00003f24	20a0	adr r0,[0x3fa8]
00003d5c	FUN_00003d5c	00003f26	fcf768fa	bl 0x000003fa
00003d5c	FUN_00003d5c	00003f2a	00bf	nop
00003d5c	FUN_00003d5c	00003f2c	94f82010	ldrb.w r1,[r4,#0x20]
00003d5c	FUN_00003d5c	00003f30	d6f8bc00	ldr.w r0,[r6,#0xbc]
00003d5c	FUN_00003d5c	00003f34	61f30a20	bfi r0,r1,#0x8,#0x3
00003d5c	FUN_00003d5c	00003f38	c6f8bc00	str.w r0,[r6,#0xbc]
00003d5c	FUN_00003d5c	00003f3c	b8f1000f	cmp.w r8,#0x0
00003d5c	FUN_00003d5c	00003f40	27d0	beq 0x00003f92
00003d5c	FUN_00003d5c	00003f42	00bf	nop
00003d5c	FUN_00003d5c	00003f44	606b	ldr r0,[r4,#0x34]
00003d5c	FUN_00003d5c	00003f46	0728	cmp r0,#0x7
00003d5c	FUN_00003d5c	00003f48	00d8	bhi 0x00003f4c
00003d5c	FUN_00003d5c	00003f4a	04e0	b 0x00003f56
00003d5c	FUN_00003d5c	00003f4c	40f2ef11	movw r1,#0x1ef
00003d5c	FUN_00003d5c	00003f50	15a0	adr r0,[0x3fa8]
00003d5c	FUN_00003d5c	00003f52	fcf752fa	bl 0x000003fa
00003d5c	FUN_00003d5c	00003f56	00bf	nop
00003d5c	FUN_00003d5c	00003f58	606b	ldr r0,[r4,#0x34]
00003d5c	FUN_00003d5c	00003f5a	c6f8c800	str.w r0,[r6,#0xc8]
00003d5c	FUN_00003d5c	00003f5e	e06a	ldr r0,[r4,#0x2c]
00003d5c	FUN_00003d5c	00003f60	b8b1	cbz r0,0x00003f92
00003d5c	FUN_00003d5c	00003f62	00bf	nop
00003d5c	FUN_00003d5c	00003f64	206b	ldr r0,[r4,#0x30]
00003d5c	FUN_00003d5c	00003f66	18b1	cbz r0,0x00003f70
00003d5c	FUN_00003d5c	00003f68	206b	ldr r0,[r4,#0x30]
00003d5c	FUN_00003d5c	00003f6a	b0f1804f	cmp.w r0,#0x40000000
00003d5c	FUN_00003d5c	00003f6e	00d1	bne 0x00003f72
00003d5c	FUN_00003d5c	00003f70	04e0	b 0x00003f7c
00003d5c	FUN_00003d5c	00003f72	40f2f311	movw r1,#0x1f3
00003d5c	FUN_00003d5c	00003f76	0ca0	adr r0,[0x3fa8]
00003d5c	FUN_00003d5c	00003f78	fcf73ffa	bl 0x000003fa
00003d5c	FUN_00003d5c	00003f7c	00bf	nop
00003d5c	FUN_00003d5c	00003f7e	d6f8c000	ldr.w r0,[r6,#0xc0]
00003d5c	FUN_00003d5c	00003f82	20f08040	bic r0,r0,#0x40000000
00003d5c	FUN_00003d5c	00003f86	216b	ldr r1,[r4,#0x30]
00003d5c	FUN_00003d5c	00003f88	01f08041	and r1,r1,#0x40000000
00003d5c	FUN_00003d5c	00003f8c	0843	orrs r0,r1
00003d5c	FUN_00003d5c	00003f8e	c6f8c000	str.w r0,[r6,#0xc0]
00003d5c	FUN_00003d5c	00003f92	0e49	ldr r1,[0x00003fcc]
00003d5c	FUN_00003d5c	00003f94	2068	ldr r0,[r4,#0x0]
00003d5c	FUN_00003d5c	00003f96	4518	adds r5,r0,r1
00003d5c	FUN_00003d5c	00003f98	02e0	b 0x00003fa0
00003d5c	FUN_00003d5c	00003f9a	0020	movs r0,#0x0
00003d5c	FUN_00003d5c	00003f9c	2860	str r0,[r5,#0x0]
00003d5c	FUN_00003d5c	00003f9e	2d1d	adds r5,r5,#0x4
00003d5c	FUN_00003d5c	00003fa0	bd42	cmp r5,r7
00003d5c	FUN_00003d5c	00003fa2	fad3	bcc 0x00003f9a
00003d5c	FUN_00003d5c	00003fa4	bde8f081	pop.w {r4,r5,r6,r7,r8,pc}
00003fd4	FUN_00003fd4	00003fd4	8269	ldr r2,[r0,#0x18]
00003fd4	FUN_00003fd4	00003fd6	22f0a402	bic r2,r2,#0xa4
00003fd4	FUN_00003fd4	00003fda	8261	str r2,[r0,#0x18]
00003fd4	FUN_00003fd4	00003fdc	0269	ldr r2,[r0,#0x10]
00003fd4	FUN_00003fd4	00003fde	22f01002	bic r2,r2,#0x10
00003fd4	FUN_00003fd4	00003fe2	0261	str r2,[r0,#0x10]
00003fd4	FUN_00003fd4	00003fe4	0129	cmp r1,#0x1
00003fd4	FUN_00003fd4	00003fe6	06d0	beq 0x00003ff6
00003fd4	FUN_00003fd4	00003fe8	0229	cmp r1,#0x2
00003fd4	FUN_00003fd4	00003fea	09d0	beq 0x00004000
00003fd4	FUN_00003fd4	00003fec	0329	cmp r1,#0x3
00003fd4	FUN_00003fd4	00003fee	0cd0	beq 0x0000400a
00003fd4	FUN_00003fd4	00003ff0	0429	cmp r1,#0x4
00003fd4	FUN_00003fd4	00003ff2	1cd1	bne 0x0000402e
00003fd4	FUN_00003fd4	00003ff4	12e0	b 0x0000401c
00003fd4	FUN_00003fd4	00003ff6	8269	ldr r2,[r0,#0x18]
00003fd4	FUN_00003fd4	00003ff8	42f00402	orr r2,r2,#0x4
00003fd4	FUN_00003fd4	00003ffc	8261	str r2,[r0,#0x18]
00003fd4	FUN_00003fd4	00003ffe	17e0	b 0x00004030
00003fd4	FUN_00003fd4	00004000	8269	ldr r2,[r0,#0x18]
00003fd4	FUN_00003fd4	00004002	42f02002	orr r2,r2,#0x20
00003fd4	FUN_00003fd4	00004006	8261	str r2,[r0,#0x18]
00003fd4	FUN_00003fd4	00004008	12e0	b 0x00004030
00003fd4	FUN_00003fd4	0000400a	8269	ldr r2,[r0,#0x18]
00003fd4	FUN_00003fd4	0000400c	42f0a002	orr r2,r2,#0xa0
00003fd4	FUN_00003fd4	00004010	8261	str r2,[r0,#0x18]
00003fd4	FUN_00003fd4	00004012	0269	ldr r2,[r0,#0x10]
00003fd4	FUN_00003fd4	00004014	42f01002	orr r2,r2,#0x10
00003fd4	FUN_00003fd4	00004018	0261	str r2,[r0,#0x10]
00003fd4	FUN_00003fd4	0000401a	09e0	b 0x00004030
00003fd4	FUN_00003fd4	0000401c	8269	ldr r2,[r0,#0x18]
00003fd4	FUN_00003fd4	0000401e	42f08002	orr r2,r2,#0x80
00003fd4	FUN_00003fd4	00004022	8261	str r2,[r0,#0x18]
00003fd4	FUN_00003fd4	00004024	0269	ldr r2,[r0,#0x10]
00003fd4	FUN_00003fd4	00004026	42f01002	orr r2,r2,#0x10
00003fd4	FUN_00003fd4	0000402a	0261	str r2,[r0,#0x10]
00003fd4	FUN_00003fd4	0000402c	00e0	b 0x00004030
00003fd4	FUN_00003fd4	0000402e	00bf	nop
00003fd4	FUN_00003fd4	00004030	00bf	nop
00003fd4	FUN_00003fd4	00004032	7047	bx lr
00004034	FUN_00004034	00004034	10b5	push {r4,lr}
00004034	FUN_00004034	00004036	0446	mov r4,r0
00004034	FUN_00004034	00004038	00bf	nop
00004034	FUN_00004034	0000403a	0948	ldr r0,[0x00004060]
00004034	FUN_00004034	0000403c	8442	cmp r4,r0
00004034	FUN_00004034	0000403e	02d0	beq 0x00004046
00004034	FUN_00004034	00004040	0848	ldr r0,[0x00004064]
00004034	FUN_00004034	00004042	8442	cmp r4,r0
00004034	FUN_00004034	00004044	00d1	bne 0x00004048
00004034	FUN_00004034	00004046	04e0	b 0x00004052
00004034	FUN_00004034	00004048	40f28331	movw r1,#0x383
00004034	FUN_00004034	0000404c	06a0	adr r0,[0x4068]
00004034	FUN_00004034	0000404e	fcf7d4f9	bl 0x000003fa
00004034	FUN_00004034	00004052	00bf	nop
00004034	FUN_00004034	00004054	a069	ldr r0,[r4,#0x18]
00004034	FUN_00004034	00004056	20f00100	bic r0,r0,#0x1
00004034	FUN_00004034	0000405a	a061	str r0,[r4,#0x18]
00004034	FUN_00004034	0000405c	10bd	pop {r4,pc}
00004088	FUN_00004088	00004088	0146	mov r1,r0
00004088	FUN_00004088	0000408a	6ff00200	mvn r0,#0x2
00004088	FUN_00004088	0000408e	0029	cmp r1,#0x0
00004088	FUN_00004088	00004090	33d0	beq 0x000040fa
00004088	FUN_00004088	00004092	0022	movs r2,#0x0
00004088	FUN_00004088	00004094	0a60	str r2,[r1,#0x0]
00004088	FUN_00004088	00004096	4ff44072	mov.w r2,#0x300
00004088	FUN_00004088	0000409a	4a60	str r2,[r1,#0x4]
00004088	FUN_00004088	0000409c	0022	movs r2,#0x0
00004088	FUN_00004088	0000409e	8a60	str r2,[r1,#0x8]
00004088	FUN_00004088	000040a0	ca60	str r2,[r1,#0xc]
00004088	FUN_00004088	000040a2	0a61	str r2,[r1,#0x10]
00004088	FUN_00004088	000040a4	0122	movs r2,#0x1
00004088	FUN_00004088	000040a6	4a61	str r2,[r1,#0x14]
00004088	FUN_00004088	000040a8	4023	movs r3,#0x40
00004088	FUN_00004088	000040aa	8b61	str r3,[r1,#0x18]
00004088	FUN_00004088	000040ac	1023	movs r3,#0x10
00004088	FUN_00004088	000040ae	cb61	str r3,[r1,#0x1c]
00004088	FUN_00004088	000040b0	0b62	str r3,[r1,#0x20]
00004088	FUN_00004088	000040b2	0022	movs r2,#0x0
00004088	FUN_00004088	000040b4	4a62	str r2,[r1,#0x24]
00004088	FUN_00004088	000040b6	0123	movs r3,#0x1
00004088	FUN_00004088	000040b8	8b62	str r3,[r1,#0x28]
00004088	FUN_00004088	000040ba	0823	movs r3,#0x8
00004088	FUN_00004088	000040bc	cb62	str r3,[r1,#0x2c]
00004088	FUN_00004088	000040be	0223	movs r3,#0x2
00004088	FUN_00004088	000040c0	0b63	str r3,[r1,#0x30]
00004088	FUN_00004088	000040c2	4b63	str r3,[r1,#0x34]
00004088	FUN_00004088	000040c4	0023	movs r3,#0x0
00004088	FUN_00004088	000040c6	8b63	str r3,[r1,#0x38]
00004088	FUN_00004088	000040c8	cb63	str r3,[r1,#0x3c]
00004088	FUN_00004088	000040ca	0b64	str r3,[r1,#0x40]
00004088	FUN_00004088	000040cc	4a64	str r2,[r1,#0x44]
00004088	FUN_00004088	000040ce	8b64	str r3,[r1,#0x48]
00004088	FUN_00004088	000040d0	cb64	str r3,[r1,#0x4c]
00004088	FUN_00004088	000040d2	0b65	str r3,[r1,#0x50]
00004088	FUN_00004088	000040d4	4b65	str r3,[r1,#0x54]
00004088	FUN_00004088	000040d6	8b65	str r3,[r1,#0x58]
00004088	FUN_00004088	000040d8	cb65	str r3,[r1,#0x5c]
00004088	FUN_00004088	000040da	0b66	str r3,[r1,#0x60]
00004088	FUN_00004088	000040dc	4b66	str r3,[r1,#0x64]
00004088	FUN_00004088	000040de	8b66	str r3,[r1,#0x68]
00004088	FUN_00004088	000040e0	cb66	str r3,[r1,#0x6c]
00004088	FUN_00004088	000040e2	0b67	str r3,[r1,#0x70]
00004088	FUN_00004088	000040e4	4b67	str r3,[r1,#0x74]
00004088	FUN_00004088	000040e6	8b67	str r3,[r1,#0x78]
00004088	FUN_00004088	000040e8	c1f88020	str.w r2,[r1,#0x80]
00004088	FUN_00004088	000040ec	8422	movs r2,#0x84
00004088	FUN_00004088	000040ee	5350	str r3,[r2,r1]
00004088	FUN_00004088	000040f0	8822	movs r2,#0x88
00004088	FUN_00004088	000040f2	5350	str r3,[r2,r1]
00004088	FUN_00004088	000040f4	8c22	movs r2,#0x8c
00004088	FUN_00004088	000040f6	5350	str r3,[r2,r1]
00004088	FUN_00004088	000040f8	0020	movs r0,#0x0
00004088	FUN_00004088	000040fa	7047	bx lr
000040fc	FUN_000040fc	000040fc	2de9f041	push {r4,r5,r6,r7,r8,lr}
000040fc	FUN_000040fc	00004100	0446	mov r4,r0
000040fc	FUN_000040fc	00004102	0d46	mov r5,r1
000040fc	FUN_000040fc	00004104	1646	mov r6,r2
000040fc	FUN_000040fc	00004106	1f46	mov r7,r3
000040fc	FUN_000040fc	00004108	00bf	nop
000040fc	FUN_000040fc	0000410a	3648	ldr r0,[0x000041e4]
000040fc	FUN_000040fc	0000410c	8442	cmp r4,r0
000040fc	FUN_000040fc	0000410e	02d0	beq 0x00004116
000040fc	FUN_000040fc	00004110	3548	ldr r0,[0x000041e8]
000040fc	FUN_000040fc	00004112	8442	cmp r4,r0
000040fc	FUN_000040fc	00004114	00d1	bne 0x00004118
000040fc	FUN_000040fc	00004116	04e0	b 0x00004122
000040fc	FUN_000040fc	00004118	40f68b21	movw r1,#0xa8b
000040fc	FUN_000040fc	0000411c	33a0	adr r0,[0x41ec]
000040fc	FUN_000040fc	0000411e	fcf76cf9	bl 0x000003fa
000040fc	FUN_000040fc	00004122	00bf	nop
000040fc	FUN_000040fc	00004124	d4f8c000	ldr.w r0,[r4,#0xc0]
000040fc	FUN_000040fc	00004128	c0f30548	ubfx r8,r0,#0x10,#0x6
000040fc	FUN_000040fc	0000412c	d4f8c000	ldr.w r0,[r4,#0xc0]
000040fc	FUN_000040fc	00004130	c0f30560	ubfx r0,r0,#0x18,#0x6
000040fc	FUN_000040fc	00004134	8044	add r8,r0
000040fc	FUN_000040fc	00004136	b8f1200f	cmp.w r8,#0x20
000040fc	FUN_000040fc	0000413a	14d2	bcs 0x00004166
000040fc	FUN_000040fc	0000413c	00bf	nop
000040fc	FUN_000040fc	0000413e	65b1	cbz r5,0x0000415a
000040fc	FUN_000040fc	00004140	0120	movs r0,#0x1
000040fc	FUN_000040fc	00004142	00fa08f0	lsl.w r0,r0,r8
000040fc	FUN_000040fc	00004146	401e	subs r0,r0,#0x1
000040fc	FUN_000040fc	00004148	40ea0501	orr.w r1,r0,r5
000040fc	FUN_000040fc	0000414c	0120	movs r0,#0x1
000040fc	FUN_000040fc	0000414e	00fa08f0	lsl.w r0,r0,r8
000040fc	FUN_000040fc	00004152	401e	subs r0,r0,#0x1
000040fc	FUN_000040fc	00004154	8142	cmp r1,r0
000040fc	FUN_000040fc	00004156	00d1	bne 0x0000415a
000040fc	FUN_000040fc	00004158	04e0	b 0x00004164
000040fc	FUN_000040fc	0000415a	4ff42961	mov.w r1,#0xa90
000040fc	FUN_000040fc	0000415e	23a0	adr r0,[0x41ec]
000040fc	FUN_000040fc	00004160	fcf74bf9	bl 0x000003fa
000040fc	FUN_000040fc	00004164	00bf	nop
000040fc	FUN_000040fc	00004166	00bf	nop
000040fc	FUN_000040fc	00004168	2eb1	cbz r6,0x00004176
000040fc	FUN_000040fc	0000416a	46f4c060	orr r0,r6,#0x600
000040fc	FUN_000040fc	0000416e	b0f5c06f	cmp.w r0,#0x600
000040fc	FUN_000040fc	00004172	00d1	bne 0x00004176
000040fc	FUN_000040fc	00004174	04e0	b 0x00004180
000040fc	FUN_000040fc	00004176	40f69321	movw r1,#0xa93
000040fc	FUN_000040fc	0000417a	1ca0	adr r0,[0x41ec]
000040fc	FUN_000040fc	0000417c	fcf73df9	bl 0x000003fa
000040fc	FUN_000040fc	00004180	00bf	nop
000040fc	FUN_000040fc	00004182	00bf	nop
000040fc	FUN_000040fc	00004184	0fb1	cbz r7,0x0000418a
000040fc	FUN_000040fc	00004186	012f	cmp r7,#0x1
000040fc	FUN_000040fc	00004188	00d1	bne 0x0000418c
000040fc	FUN_000040fc	0000418a	04e0	b 0x00004196
000040fc	FUN_000040fc	0000418c	40f69421	movw r1,#0xa94
000040fc	FUN_000040fc	00004190	16a0	adr r0,[0x41ec]
000040fc	FUN_000040fc	00004192	fcf732f9	bl 0x000003fa
000040fc	FUN_000040fc	00004196	00bf	nop
000040fc	FUN_000040fc	00004198	012f	cmp r7,#0x1
000040fc	FUN_000040fc	0000419a	10d1	bne 0x000041be
000040fc	FUN_000040fc	0000419c	06f40070	and r0,r6,#0x200
000040fc	FUN_000040fc	000041a0	20b1	cbz r0,0x000041ac
000040fc	FUN_000040fc	000041a2	d4f8e000	ldr.w r0,[r4,#0xe0]
000040fc	FUN_000040fc	000041a6	2843	orrs r0,r5
000040fc	FUN_000040fc	000041a8	c4f8e000	str.w r0,[r4,#0xe0]
000040fc	FUN_000040fc	000041ac	06f48060	and r0,r6,#0x400
000040fc	FUN_000040fc	000041b0	a8b1	cbz r0,0x000041de
000040fc	FUN_000040fc	000041b2	d4f8e400	ldr.w r0,[r4,#0xe4]
000040fc	FUN_000040fc	000041b6	2843	orrs r0,r5
000040fc	FUN_000040fc	000041b8	c4f8e400	str.w r0,[r4,#0xe4]
000040fc	FUN_000040fc	000041bc	0fe0	b 0x000041de
000040fc	FUN_000040fc	000041be	06f40070	and r0,r6,#0x200
000040fc	FUN_000040fc	000041c2	20b1	cbz r0,0x000041ce
000040fc	FUN_000040fc	000041c4	d4f8e000	ldr.w r0,[r4,#0xe0]
000040fc	FUN_000040fc	000041c8	a843	bics r0,r5
000040fc	FUN_000040fc	000041ca	c4f8e000	str.w r0,[r4,#0xe0]
000040fc	FUN_000040fc	000041ce	06f48060	and r0,r6,#0x400
000040fc	FUN_000040fc	000041d2	20b1	cbz r0,0x000041de
000040fc	FUN_000040fc	000041d4	d4f8e400	ldr.w r0,[r4,#0xe4]
000040fc	FUN_000040fc	000041d8	a843	bics r0,r5
000040fc	FUN_000040fc	000041da	c4f8e400	str.w r0,[r4,#0xe4]
000040fc	FUN_000040fc	000041de	bde8f081	pop.w {r4,r5,r6,r7,r8,pc}
0000420c	FUN_0000420c	0000420c	2de9f041	push {r4,r5,r6,r7,r8,lr}
0000420c	FUN_0000420c	00004210	0546	mov r5,r0
0000420c	FUN_0000420c	00004212	0024	movs r4,#0x0
0000420c	FUN_0000420c	00004214	60e0	b 0x000042d8
0000420c	FUN_0000420c	00004216	15f82480	ldrb.w r8,[r5,r4,lsl #0x2]
0000420c	FUN_0000420c	0000421a	15f82400	ldrb.w r0,[r5,r4,lsl #0x2]
0000420c	FUN_0000420c	0000421e	05eb8401	add.w r1,r5,r4, lsl #0x2
0000420c	FUN_0000420c	00004222	4978	ldrb r1,[r1,#0x1]
0000420c	FUN_0000420c	00004224	4840	eors r0,r1
0000420c	FUN_0000420c	00004226	05eb8401	add.w r1,r5,r4, lsl #0x2
0000420c	FUN_0000420c	0000422a	8978	ldrb r1,[r1,#0x2]
0000420c	FUN_0000420c	0000422c	4840	eors r0,r1
0000420c	FUN_0000420c	0000422e	05eb8401	add.w r1,r5,r4, lsl #0x2
0000420c	FUN_0000420c	00004232	c978	ldrb r1,[r1,#0x3]
0000420c	FUN_0000420c	00004234	80ea0106	eor.w r6,r0,r1
0000420c	FUN_0000420c	00004238	15f82400	ldrb.w r0,[r5,r4,lsl #0x2]
0000420c	FUN_0000420c	0000423c	05eb8401	add.w r1,r5,r4, lsl #0x2
0000420c	FUN_0000420c	00004240	4978	ldrb r1,[r1,#0x1]
0000420c	FUN_0000420c	00004242	80ea0107	eor.w r7,r0,r1
0000420c	FUN_0000420c	00004246	3846	mov r0,r7
0000420c	FUN_0000420c	00004248	02f0c2ff	bl 0x000071d0
0000420c	FUN_0000420c	0000424c	0746	mov r7,r0
0000420c	FUN_0000420c	0000424e	15f82400	ldrb.w r0,[r5,r4,lsl #0x2]
0000420c	FUN_0000420c	00004252	87ea0601	eor.w r1,r7,r6
0000420c	FUN_0000420c	00004256	4840	eors r0,r1
0000420c	FUN_0000420c	00004258	05f82400	strb.w r0,[r5,r4,lsl #0x2]
0000420c	FUN_0000420c	0000425c	05eb8400	add.w r0,r5,r4, lsl #0x2
0000420c	FUN_0000420c	00004260	4078	ldrb r0,[r0,#0x1]
0000420c	FUN_0000420c	00004262	05eb8401	add.w r1,r5,r4, lsl #0x2
0000420c	FUN_0000420c	00004266	8978	ldrb r1,[r1,#0x2]
0000420c	FUN_0000420c	00004268	80ea0107	eor.w r7,r0,r1
0000420c	FUN_0000420c	0000426c	3846	mov r0,r7
0000420c	FUN_0000420c	0000426e	02f0afff	bl 0x000071d0
0000420c	FUN_0000420c	00004272	0746	mov r7,r0
0000420c	FUN_0000420c	00004274	05eb8400	add.w r0,r5,r4, lsl #0x2
0000420c	FUN_0000420c	00004278	4078	ldrb r0,[r0,#0x1]
0000420c	FUN_0000420c	0000427a	87ea0601	eor.w r1,r7,r6
0000420c	FUN_0000420c	0000427e	4840	eors r0,r1
0000420c	FUN_0000420c	00004280	05eb8401	add.w r1,r5,r4, lsl #0x2
0000420c	FUN_0000420c	00004284	4870	strb r0,[r1,#0x1]
0000420c	FUN_0000420c	00004286	05eb8400	add.w r0,r5,r4, lsl #0x2
0000420c	FUN_0000420c	0000428a	8078	ldrb r0,[r0,#0x2]
0000420c	FUN_0000420c	0000428c	05eb8401	add.w r1,r5,r4, lsl #0x2
0000420c	FUN_0000420c	00004290	c978	ldrb r1,[r1,#0x3]
0000420c	FUN_0000420c	00004292	80ea0107	eor.w r7,r0,r1
0000420c	FUN_0000420c	00004296	3846	mov r0,r7
0000420c	FUN_0000420c	00004298	02f09aff	bl 0x000071d0
0000420c	FUN_0000420c	0000429c	0746	mov r7,r0
0000420c	FUN_0000420c	0000429e	05eb8400	add.w r0,r5,r4, lsl #0x2
0000420c	FUN_0000420c	000042a2	8078	ldrb r0,[r0,#0x2]
0000420c	FUN_0000420c	000042a4	87ea0601	eor.w r1,r7,r6
0000420c	FUN_0000420c	000042a8	4840	eors r0,r1
0000420c	FUN_0000420c	000042aa	05eb8401	add.w r1,r5,r4, lsl #0x2
0000420c	FUN_0000420c	000042ae	8870	strb r0,[r1,#0x2]
0000420c	FUN_0000420c	000042b0	05eb8400	add.w r0,r5,r4, lsl #0x2
0000420c	FUN_0000420c	000042b4	c078	ldrb r0,[r0,#0x3]
0000420c	FUN_0000420c	000042b6	80ea0807	eor.w r7,r0,r8
0000420c	FUN_0000420c	000042ba	3846	mov r0,r7
0000420c	FUN_0000420c	000042bc	02f088ff	bl 0x000071d0
0000420c	FUN_0000420c	000042c0	0746	mov r7,r0
0000420c	FUN_0000420c	000042c2	05eb8400	add.w r0,r5,r4, lsl #0x2
0000420c	FUN_0000420c	000042c6	c078	ldrb r0,[r0,#0x3]
0000420c	FUN_0000420c	000042c8	87ea0601	eor.w r1,r7,r6
0000420c	FUN_0000420c	000042cc	4840	eors r0,r1
0000420c	FUN_0000420c	000042ce	05eb8401	add.w r1,r5,r4, lsl #0x2
0000420c	FUN_0000420c	000042d2	c870	strb r0,[r1,#0x3]
0000420c	FUN_0000420c	000042d4	601c	adds r0,r4,#0x1
0000420c	FUN_0000420c	000042d6	c4b2	uxtb r4,r0
0000420c	FUN_0000420c	000042d8	042c	cmp r4,#0x4
0000420c	FUN_0000420c	000042da	9cdb	blt 0x00004216
0000420c	FUN_0000420c	000042dc	bde8f081	pop.w {r4,r5,r6,r7,r8,pc}
000042e0	FUN_000042e0	000042e0	0449	ldr r1,[0x000042f4]
000042e0	FUN_000042e0	000042e2	0988	ldrh r1,[r1,#0x0]
000042e0	FUN_000042e0	000042e4	8143	bics r1,r0
000042e0	FUN_000042e0	000042e6	41f42541	orr r1,r1,#0xa500
000042e0	FUN_000042e0	000042ea	034a	ldr r2,[0x000042f8]
000042e0	FUN_000042e0	000042ec	a2f8fe13	strh.w r1,[r2,#0x3fe]
000042e0	FUN_000042e0	000042f0	7047	bx lr
000042fc	FUN_000042fc	000042fc	0349	ldr r1,[0x0000430c]
000042fc	FUN_000042fc	000042fe	0988	ldrh r1,[r1,#0x0]
000042fc	FUN_000042fc	00004300	0143	orrs r1,r0
000042fc	FUN_000042fc	00004302	034a	ldr r2,[0x00004310]
000042fc	FUN_000042fc	00004304	a2f8fe13	strh.w r1,[r2,#0x3fe]
000042fc	FUN_000042fc	00004308	7047	bx lr
00004314	FUN_00004314	00004314	2de9ff41	push {r0,r1,r2,r3,r4,r5,r6,r7,r8,lr}
00004314	FUN_00004314	00004318	0546	mov r5,r0
00004314	FUN_00004314	0000431a	0c46	mov r4,r1
00004314	FUN_00004314	0000431c	0026	movs r6,#0x0
00004314	FUN_00004314	0000431e	ca48	ldr r0,[0x00004648]
00004314	FUN_00004314	00004320	0068	ldr r0,[r0,#0x0]
00004314	FUN_00004314	00004322	0390	str r0,[sp,#0xc]
00004314	FUN_00004314	00004324	c848	ldr r0,[0x00004648]
00004314	FUN_00004314	00004326	4068	ldr r0,[r0,#0x4]
00004314	FUN_00004314	00004328	0290	str r0,[sp,#0x8]
00004314	FUN_00004314	0000432a	c748	ldr r0,[0x00004648]
00004314	FUN_00004314	0000432c	8068	ldr r0,[r0,#0x8]
00004314	FUN_00004314	0000432e	0190	str r0,[sp,#0x4]
00004314	FUN_00004314	00004330	c548	ldr r0,[0x00004648]
00004314	FUN_00004314	00004332	c068	ldr r0,[r0,#0xc]
00004314	FUN_00004314	00004334	0090	str r0,[sp,#0x0]
00004314	FUN_00004314	00004336	00bf	nop
00004314	FUN_00004314	00004338	04f0e060	and r0,r4,#0x7000000
00004314	FUN_00004314	0000433c	e8b1	cbz r0,0x0000437a
00004314	FUN_00004314	0000433e	04f0e060	and r0,r4,#0x7000000
00004314	FUN_00004314	00004342	b0f1807f	cmp.w r0,#0x1000000
00004314	FUN_00004314	00004346	18d0	beq 0x0000437a
00004314	FUN_00004314	00004348	04f0e060	and r0,r4,#0x7000000
00004314	FUN_00004314	0000434c	b0f1007f	cmp.w r0,#0x2000000
00004314	FUN_00004314	00004350	13d0	beq 0x0000437a
00004314	FUN_00004314	00004352	04f0e060	and r0,r4,#0x7000000
00004314	FUN_00004314	00004356	b0f1407f	cmp.w r0,#0x3000000
00004314	FUN_00004314	0000435a	0ed0	beq 0x0000437a
00004314	FUN_00004314	0000435c	04f0e060	and r0,r4,#0x7000000
00004314	FUN_00004314	00004360	b0f1806f	cmp.w r0,#0x4000000
00004314	FUN_00004314	00004364	09d0	beq 0x0000437a
00004314	FUN_00004314	00004366	04f0e060	and r0,r4,#0x7000000
00004314	FUN_00004314	0000436a	b0f1a06f	cmp.w r0,#0x5000000
00004314	FUN_00004314	0000436e	04d0	beq 0x0000437a
00004314	FUN_00004314	00004370	04f0e060	and r0,r4,#0x7000000
00004314	FUN_00004314	00004374	b0f1c06f	cmp.w r0,#0x6000000
00004314	FUN_00004314	00004378	00d1	bne 0x0000437c
00004314	FUN_00004314	0000437a	04e0	b 0x00004386
00004314	FUN_00004314	0000437c	40f24b21	movw r1,#0x24b
00004314	FUN_00004314	00004380	b2a0	adr r0,[0x464c]
00004314	FUN_00004314	00004382	fcf73af8	bl 0x000003fa
00004314	FUN_00004314	00004386	00bf	nop
00004314	FUN_00004314	00004388	00bf	nop
00004314	FUN_00004314	0000438a	04f07000	and r0,r4,#0x70
00004314	FUN_00004314	0000438e	b8b1	cbz r0,0x000043c0
00004314	FUN_00004314	00004390	04f07000	and r0,r4,#0x70
00004314	FUN_00004314	00004394	1028	cmp r0,#0x10
00004314	FUN_00004314	00004396	13d0	beq 0x000043c0
00004314	FUN_00004314	00004398	04f07000	and r0,r4,#0x70
00004314	FUN_00004314	0000439c	2028	cmp r0,#0x20
00004314	FUN_00004314	0000439e	0fd0	beq 0x000043c0
00004314	FUN_00004314	000043a0	04f07000	and r0,r4,#0x70
00004314	FUN_00004314	000043a4	3028	cmp r0,#0x30
00004314	FUN_00004314	000043a6	0bd0	beq 0x000043c0
00004314	FUN_00004314	000043a8	04f07000	and r0,r4,#0x70
00004314	FUN_00004314	000043ac	4028	cmp r0,#0x40
00004314	FUN_00004314	000043ae	07d0	beq 0x000043c0
00004314	FUN_00004314	000043b0	04f07000	and r0,r4,#0x70
00004314	FUN_00004314	000043b4	5028	cmp r0,#0x50
00004314	FUN_00004314	000043b6	03d0	beq 0x000043c0
00004314	FUN_00004314	000043b8	04f07000	and r0,r4,#0x70
00004314	FUN_00004314	000043bc	6028	cmp r0,#0x60
00004314	FUN_00004314	000043be	00d1	bne 0x000043c2
00004314	FUN_00004314	000043c0	04e0	b 0x000043cc
00004314	FUN_00004314	000043c2	4ff41371	mov.w r1,#0x24c
00004314	FUN_00004314	000043c6	a1a0	adr r0,[0x464c]
00004314	FUN_00004314	000043c8	fcf717f8	bl 0x000003fa
00004314	FUN_00004314	000043cc	00bf	nop
00004314	FUN_00004314	000043ce	00bf	nop
00004314	FUN_00004314	000043d0	04f4e020	and r0,r4,#0x70000
00004314	FUN_00004314	000043d4	e8b1	cbz r0,0x00004412
00004314	FUN_00004314	000043d6	04f4e020	and r0,r4,#0x70000
00004314	FUN_00004314	000043da	b0f5803f	cmp.w r0,#0x10000
00004314	FUN_00004314	000043de	18d0	beq 0x00004412
00004314	FUN_00004314	000043e0	04f4e020	and r0,r4,#0x70000
00004314	FUN_00004314	000043e4	b0f5003f	cmp.w r0,#0x20000
00004314	FUN_00004314	000043e8	13d0	beq 0x00004412
00004314	FUN_00004314	000043ea	04f4e020	and r0,r4,#0x70000
00004314	FUN_00004314	000043ee	b0f5403f	cmp.w r0,#0x30000
00004314	FUN_00004314	000043f2	0ed0	beq 0x00004412
00004314	FUN_00004314	000043f4	04f4e020	and r0,r4,#0x70000
00004314	FUN_00004314	000043f8	b0f5802f	cmp.w r0,#0x40000
00004314	FUN_00004314	000043fc	09d0	beq 0x00004412
00004314	FUN_00004314	000043fe	04f4e020	and r0,r4,#0x70000
00004314	FUN_00004314	00004402	b0f5a02f	cmp.w r0,#0x50000
00004314	FUN_00004314	00004406	04d0	beq 0x00004412
00004314	FUN_00004314	00004408	04f4e020	and r0,r4,#0x70000
00004314	FUN_00004314	0000440c	b0f5c02f	cmp.w r0,#0x60000
00004314	FUN_00004314	00004410	00d1	bne 0x00004414
00004314	FUN_00004314	00004412	04e0	b 0x0000441e
00004314	FUN_00004314	00004414	40f24d21	movw r1,#0x24d
00004314	FUN_00004314	00004418	8ca0	adr r0,[0x464c]
00004314	FUN_00004314	0000441a	fbf7eeff	bl 0x000003fa
00004314	FUN_00004314	0000441e	00bf	nop
00004314	FUN_00004314	00004420	00bf	nop
00004314	FUN_00004314	00004422	04f4e000	and r0,r4,#0x700000
00004314	FUN_00004314	00004426	e8b1	cbz r0,0x00004464
00004314	FUN_00004314	00004428	04f4e000	and r0,r4,#0x700000
00004314	FUN_00004314	0000442c	b0f5801f	cmp.w r0,#0x100000
00004314	FUN_00004314	00004430	18d0	beq 0x00004464
00004314	FUN_00004314	00004432	04f4e000	and r0,r4,#0x700000
00004314	FUN_00004314	00004436	b0f5001f	cmp.w r0,#0x200000
00004314	FUN_00004314	0000443a	13d0	beq 0x00004464
00004314	FUN_00004314	0000443c	04f4e000	and r0,r4,#0x700000
00004314	FUN_00004314	00004440	b0f5401f	cmp.w r0,#0x300000
00004314	FUN_00004314	00004444	0ed0	beq 0x00004464
00004314	FUN_00004314	00004446	04f4e000	and r0,r4,#0x700000
00004314	FUN_00004314	0000444a	b0f5800f	cmp.w r0,#0x400000
00004314	FUN_00004314	0000444e	09d0	beq 0x00004464
00004314	FUN_00004314	00004450	04f4e000	and r0,r4,#0x700000
00004314	FUN_00004314	00004454	b0f5a00f	cmp.w r0,#0x500000
00004314	FUN_00004314	00004458	04d0	beq 0x00004464
00004314	FUN_00004314	0000445a	04f4e000	and r0,r4,#0x700000
00004314	FUN_00004314	0000445e	b0f5c00f	cmp.w r0,#0x600000
00004314	FUN_00004314	00004462	00d1	bne 0x00004466
00004314	FUN_00004314	00004464	04e0	b 0x00004470
00004314	FUN_00004314	00004466	40f24e21	movw r1,#0x24e
00004314	FUN_00004314	0000446a	78a0	adr r0,[0x464c]
00004314	FUN_00004314	0000446c	fbf7c5ff	bl 0x000003fa
00004314	FUN_00004314	00004470	00bf	nop
00004314	FUN_00004314	00004472	00bf	nop
00004314	FUN_00004314	00004474	04f00700	and r0,r4,#0x7
00004314	FUN_00004314	00004478	b8b1	cbz r0,0x000044aa
00004314	FUN_00004314	0000447a	04f00700	and r0,r4,#0x7
00004314	FUN_00004314	0000447e	0128	cmp r0,#0x1
00004314	FUN_00004314	00004480	13d0	beq 0x000044aa
00004314	FUN_00004314	00004482	04f00700	and r0,r4,#0x7
00004314	FUN_00004314	00004486	0228	cmp r0,#0x2
00004314	FUN_00004314	00004488	0fd0	beq 0x000044aa
00004314	FUN_00004314	0000448a	04f00700	and r0,r4,#0x7
00004314	FUN_00004314	0000448e	0328	cmp r0,#0x3
00004314	FUN_00004314	00004490	0bd0	beq 0x000044aa
00004314	FUN_00004314	00004492	04f00700	and r0,r4,#0x7
00004314	FUN_00004314	00004496	0428	cmp r0,#0x4
00004314	FUN_00004314	00004498	07d0	beq 0x000044aa
00004314	FUN_00004314	0000449a	04f00700	and r0,r4,#0x7
00004314	FUN_00004314	0000449e	0528	cmp r0,#0x5
00004314	FUN_00004314	000044a0	03d0	beq 0x000044aa
00004314	FUN_00004314	000044a2	04f00700	and r0,r4,#0x7
00004314	FUN_00004314	000044a6	0628	cmp r0,#0x6
00004314	FUN_00004314	000044a8	00d1	bne 0x000044ac
00004314	FUN_00004314	000044aa	04e0	b 0x000044b6
00004314	FUN_00004314	000044ac	40f24f21	movw r1,#0x24f
00004314	FUN_00004314	000044b0	66a0	adr r0,[0x464c]
00004314	FUN_00004314	000044b2	fbf7a2ff	bl 0x000003fa
00004314	FUN_00004314	000044b6	00bf	nop
00004314	FUN_00004314	000044b8	00bf	nop
00004314	FUN_00004314	000044ba	04f4e060	and r0,r4,#0x700
00004314	FUN_00004314	000044be	e8b1	cbz r0,0x000044fc
00004314	FUN_00004314	000044c0	04f4e060	and r0,r4,#0x700
00004314	FUN_00004314	000044c4	b0f5807f	cmp.w r0,#0x100
00004314	FUN_00004314	000044c8	18d0	beq 0x000044fc
00004314	FUN_00004314	000044ca	04f4e060	and r0,r4,#0x700
00004314	FUN_00004314	000044ce	b0f5007f	cmp.w r0,#0x200
00004314	FUN_00004314	000044d2	13d0	beq 0x000044fc
00004314	FUN_00004314	000044d4	04f4e060	and r0,r4,#0x700
00004314	FUN_00004314	000044d8	b0f5407f	cmp.w r0,#0x300
00004314	FUN_00004314	000044dc	0ed0	beq 0x000044fc
00004314	FUN_00004314	000044de	04f4e060	and r0,r4,#0x700
00004314	FUN_00004314	000044e2	b0f5806f	cmp.w r0,#0x400
00004314	FUN_00004314	000044e6	09d0	beq 0x000044fc
00004314	FUN_00004314	000044e8	04f4e060	and r0,r4,#0x700
00004314	FUN_00004314	000044ec	b0f5a06f	cmp.w r0,#0x500
00004314	FUN_00004314	000044f0	04d0	beq 0x000044fc
00004314	FUN_00004314	000044f2	04f4e060	and r0,r4,#0x700
00004314	FUN_00004314	000044f6	b0f5c06f	cmp.w r0,#0x600
00004314	FUN_00004314	000044fa	00d1	bne 0x000044fe
00004314	FUN_00004314	000044fc	04e0	b 0x00004508
00004314	FUN_00004314	000044fe	4ff41471	mov.w r1,#0x250
00004314	FUN_00004314	00004502	52a0	adr r0,[0x464c]
00004314	FUN_00004314	00004504	fbf779ff	bl 0x000003fa
00004314	FUN_00004314	00004508	00bf	nop
00004314	FUN_00004314	0000450a	00bf	nop
00004314	FUN_00004314	0000450c	04f4e040	and r0,r4,#0x7000
00004314	FUN_00004314	00004510	e8b1	cbz r0,0x0000454e
00004314	FUN_00004314	00004512	04f4e040	and r0,r4,#0x7000
00004314	FUN_00004314	00004516	b0f5805f	cmp.w r0,#0x1000
00004314	FUN_00004314	0000451a	18d0	beq 0x0000454e
00004314	FUN_00004314	0000451c	04f4e040	and r0,r4,#0x7000
00004314	FUN_00004314	00004520	b0f5005f	cmp.w r0,#0x2000
00004314	FUN_00004314	00004524	13d0	beq 0x0000454e
00004314	FUN_00004314	00004526	04f4e040	and r0,r4,#0x7000
00004314	FUN_00004314	0000452a	b0f5405f	cmp.w r0,#0x3000
00004314	FUN_00004314	0000452e	0ed0	beq 0x0000454e
00004314	FUN_00004314	00004530	04f4e040	and r0,r4,#0x7000
00004314	FUN_00004314	00004534	b0f5804f	cmp.w r0,#0x4000
00004314	FUN_00004314	00004538	09d0	beq 0x0000454e
00004314	FUN_00004314	0000453a	04f4e040	and r0,r4,#0x7000
00004314	FUN_00004314	0000453e	b0f5a04f	cmp.w r0,#0x5000
00004314	FUN_00004314	00004542	04d0	beq 0x0000454e
00004314	FUN_00004314	00004544	04f4e040	and r0,r4,#0x7000
00004314	FUN_00004314	00004548	b0f5c04f	cmp.w r0,#0x6000
00004314	FUN_00004314	0000454c	00d1	bne 0x00004550
00004314	FUN_00004314	0000454e	04e0	b 0x0000455a
00004314	FUN_00004314	00004550	40f25121	movw r1,#0x251
00004314	FUN_00004314	00004554	3da0	adr r0,[0x464c]
00004314	FUN_00004314	00004556	fbf750ff	bl 0x000003fa
00004314	FUN_00004314	0000455a	00bf	nop
00004314	FUN_00004314	0000455c	00bf	nop
00004314	FUN_00004314	0000455e	4248	ldr r0,[0x00004668]
00004314	FUN_00004314	00004560	2840	ands r0,r5
00004314	FUN_00004314	00004562	00b1	cbz r0,0x00004566
00004314	FUN_00004314	00004564	04e0	b 0x00004570
00004314	FUN_00004314	00004566	40f25221	movw r1,#0x252
00004314	FUN_00004314	0000456a	38a0	adr r0,[0x464c]
00004314	FUN_00004314	0000456c	fbf745ff	bl 0x000003fa
00004314	FUN_00004314	00004570	00bf	nop
00004314	FUN_00004314	00004572	00bf	nop
00004314	FUN_00004314	00004574	3d48	ldr r0,[0x0000466c]
00004314	FUN_00004314	00004576	0088	ldrh r0,[r0,#0x0]
00004314	FUN_00004314	00004578	00f00100	and r0,r0,#0x1
00004314	FUN_00004314	0000457c	00b1	cbz r0,0x00004580
00004314	FUN_00004314	0000457e	04e0	b 0x0000458a
00004314	FUN_00004314	00004580	40f25321	movw r1,#0x253
00004314	FUN_00004314	00004584	31a0	adr r0,[0x464c]
00004314	FUN_00004314	00004586	fbf738ff	bl 0x000003fa
00004314	FUN_00004314	0000458a	00bf	nop
00004314	FUN_00004314	0000458c	3848	ldr r0,[0x00004670]
00004314	FUN_00004314	0000458e	0078	ldrb r0,[r0,#0x0]
00004314	FUN_00004314	00004590	00f00700	and r0,r0,#0x7
00004314	FUN_00004314	00004594	0528	cmp r0,#0x5
00004314	FUN_00004314	00004596	23d1	bne 0x000045e0
00004314	FUN_00004314	00004598	0126	movs r6,#0x1
00004314	FUN_00004314	0000459a	00bf	nop
00004314	FUN_00004314	0000459c	2a48	ldr r0,[0x00004648]
00004314	FUN_00004314	0000459e	0069	ldr r0,[r0,#0x10]
00004314	FUN_00004314	000045a0	00f00100	and r0,r0,#0x1
00004314	FUN_00004314	000045a4	00b1	cbz r0,0x000045a8
00004314	FUN_00004314	000045a6	04e0	b 0x000045b2
00004314	FUN_00004314	000045a8	40f25a21	movw r1,#0x25a
00004314	FUN_00004314	000045ac	27a0	adr r0,[0x464c]
00004314	FUN_00004314	000045ae	fbf724ff	bl 0x000003fa
00004314	FUN_00004314	000045b2	00bf	nop
00004314	FUN_00004314	000045b4	2f48	ldr r0,[0x00004674]
00004314	FUN_00004314	000045b6	2449	ldr r1,[0x00004648]
00004314	FUN_00004314	000045b8	0860	str r0,[r1,#0x0]
00004314	FUN_00004314	000045ba	c012	asrs r0,r0,#0xb
00004314	FUN_00004314	000045bc	4860	str r0,[r1,#0x4]
00004314	FUN_00004314	000045be	8860	str r0,[r1,#0x8]
00004314	FUN_00004314	000045c0	c860	str r0,[r1,#0xc]
00004314	FUN_00004314	000045c2	2b48	ldr r0,[0x00004670]
00004314	FUN_00004314	000045c4	2638	subs r0,#0x26
00004314	FUN_00004314	000045c6	006a	ldr r0,[r0,#0x20]
00004314	FUN_00004314	000045c8	c0f30261	ubfx r1,r0,#0x18,#0x3
00004314	FUN_00004314	000045cc	2a48	ldr r0,[0x00004678]
00004314	FUN_00004314	000045ce	0068	ldr r0,[r0,#0x0]
00004314	FUN_00004314	000045d0	c840	lsrs r0,r1
00004314	FUN_00004314	000045d2	4cf25031	movw r1,#0xc350
00004314	FUN_00004314	000045d6	b0fbf1f7	udiv r7,r0,r1
00004314	FUN_00004314	000045da	3846	mov r0,r7
00004314	FUN_00004314	000045dc	fcf706fc	bl 0x00000dec
00004314	FUN_00004314	000045e0	2348	ldr r0,[0x00004670]
00004314	FUN_00004314	000045e2	2638	subs r0,#0x26
00004314	FUN_00004314	000045e4	006a	ldr r0,[r0,#0x20]
00004314	FUN_00004314	000045e6	a843	bics r0,r5
00004314	FUN_00004314	000045e8	04ea0501	and.w r1,r4,r5
00004314	FUN_00004314	000045ec	0843	orrs r0,r1
00004314	FUN_00004314	000045ee	2049	ldr r1,[0x00004670]
00004314	FUN_00004314	000045f0	2639	subs r1,#0x26
00004314	FUN_00004314	000045f2	0862	str r0,[r1,#0x20]
00004314	FUN_00004314	000045f4	0846	mov r0,r1
00004314	FUN_00004314	000045f6	006a	ldr r0,[r0,#0x20]
00004314	FUN_00004314	000045f8	c0f30261	ubfx r1,r0,#0x18,#0x3
00004314	FUN_00004314	000045fc	1e48	ldr r0,[0x00004678]
00004314	FUN_00004314	000045fe	0068	ldr r0,[r0,#0x0]
00004314	FUN_00004314	00004600	c840	lsrs r0,r1
00004314	FUN_00004314	00004602	4cf25031	movw r1,#0xc350
00004314	FUN_00004314	00004606	b0fbf1f7	udiv r7,r0,r1
00004314	FUN_00004314	0000460a	3846	mov r0,r7
00004314	FUN_00004314	0000460c	fcf7eefb	bl 0x00000dec
00004314	FUN_00004314	00004610	012e	cmp r6,#0x1
00004314	FUN_00004314	00004612	17d1	bne 0x00004644
00004314	FUN_00004314	00004614	0c49	ldr r1,[0x00004648]
00004314	FUN_00004314	00004616	0398	ldr r0,[sp,#0xc]
00004314	FUN_00004314	00004618	0860	str r0,[r1,#0x0]
00004314	FUN_00004314	0000461a	0298	ldr r0,[sp,#0x8]
00004314	FUN_00004314	0000461c	4860	str r0,[r1,#0x4]
00004314	FUN_00004314	0000461e	0198	ldr r0,[sp,#0x4]
00004314	FUN_00004314	00004620	8860	str r0,[r1,#0x8]
00004314	FUN_00004314	00004622	0098	ldr r0,[sp,#0x0]
00004314	FUN_00004314	00004624	c860	str r0,[r1,#0xc]
00004314	FUN_00004314	00004626	1248	ldr r0,[0x00004670]
00004314	FUN_00004314	00004628	2638	subs r0,#0x26
00004314	FUN_00004314	0000462a	006a	ldr r0,[r0,#0x20]
00004314	FUN_00004314	0000462c	c0f30261	ubfx r1,r0,#0x18,#0x3
00004314	FUN_00004314	00004630	1148	ldr r0,[0x00004678]
00004314	FUN_00004314	00004632	0068	ldr r0,[r0,#0x0]
00004314	FUN_00004314	00004634	c840	lsrs r0,r1
00004314	FUN_00004314	00004636	4cf25031	movw r1,#0xc350
00004314	FUN_00004314	0000463a	b0fbf1f7	udiv r7,r0,r1
00004314	FUN_00004314	0000463e	3846	mov r0,r7
00004314	FUN_00004314	00004640	fcf7d4fb	bl 0x00000dec
00004314	FUN_00004314	00004644	bde8ff81	pop.w {r0,r1,r2,r3,r4,r5,r6,r7,r8,pc}
0000467c	FUN_0000467c	0000467c	7fb5	push {r0,r1,r2,r3,r4,r5,r6,lr}
0000467c	FUN_0000467c	0000467e	0446	mov r4,r0
0000467c	FUN_0000467c	00004680	0025	movs r5,#0x0
0000467c	FUN_0000467c	00004682	4248	ldr r0,[0x0000478c]
0000467c	FUN_0000467c	00004684	0068	ldr r0,[r0,#0x0]
0000467c	FUN_0000467c	00004686	0390	str r0,[sp,#0xc]
0000467c	FUN_0000467c	00004688	4048	ldr r0,[0x0000478c]
0000467c	FUN_0000467c	0000468a	4068	ldr r0,[r0,#0x4]
0000467c	FUN_0000467c	0000468c	0290	str r0,[sp,#0x8]
0000467c	FUN_0000467c	0000468e	3f48	ldr r0,[0x0000478c]
0000467c	FUN_0000467c	00004690	8068	ldr r0,[r0,#0x8]
0000467c	FUN_0000467c	00004692	0190	str r0,[sp,#0x4]
0000467c	FUN_0000467c	00004694	3d48	ldr r0,[0x0000478c]
0000467c	FUN_0000467c	00004696	c068	ldr r0,[r0,#0xc]
0000467c	FUN_0000467c	00004698	0090	str r0,[sp,#0x0]
0000467c	FUN_0000467c	0000469a	00bf	nop
0000467c	FUN_0000467c	0000469c	4cb1	cbz r4,0x000046b2
0000467c	FUN_0000467c	0000469e	012c	cmp r4,#0x1
0000467c	FUN_0000467c	000046a0	07d0	beq 0x000046b2
0000467c	FUN_0000467c	000046a2	022c	cmp r4,#0x2
0000467c	FUN_0000467c	000046a4	05d0	beq 0x000046b2
0000467c	FUN_0000467c	000046a6	032c	cmp r4,#0x3
0000467c	FUN_0000467c	000046a8	03d0	beq 0x000046b2
0000467c	FUN_0000467c	000046aa	042c	cmp r4,#0x4
0000467c	FUN_0000467c	000046ac	01d0	beq 0x000046b2
0000467c	FUN_0000467c	000046ae	052c	cmp r4,#0x5
0000467c	FUN_0000467c	000046b0	00d1	bne 0x000046b4
0000467c	FUN_0000467c	000046b2	04e0	b 0x000046be
0000467c	FUN_0000467c	000046b4	40f2e111	movw r1,#0x1e1
0000467c	FUN_0000467c	000046b8	35a0	adr r0,[0x4790]
0000467c	FUN_0000467c	000046ba	fbf79efe	bl 0x000003fa
0000467c	FUN_0000467c	000046be	00bf	nop
0000467c	FUN_0000467c	000046c0	00bf	nop
0000467c	FUN_0000467c	000046c2	3a48	ldr r0,[0x000047ac]
0000467c	FUN_0000467c	000046c4	0088	ldrh r0,[r0,#0x0]
0000467c	FUN_0000467c	000046c6	00f00100	and r0,r0,#0x1
0000467c	FUN_0000467c	000046ca	00b1	cbz r0,0x000046ce
0000467c	FUN_0000467c	000046cc	04e0	b 0x000046d8
0000467c	FUN_0000467c	000046ce	4ff4f171	mov.w r1,#0x1e2
0000467c	FUN_0000467c	000046d2	2fa0	adr r0,[0x4790]
0000467c	FUN_0000467c	000046d4	fbf791fe	bl 0x000003fa
0000467c	FUN_0000467c	000046d8	00bf	nop
0000467c	FUN_0000467c	000046da	3548	ldr r0,[0x000047b0]
0000467c	FUN_0000467c	000046dc	0078	ldrb r0,[r0,#0x0]
0000467c	FUN_0000467c	000046de	00f00700	and r0,r0,#0x7
0000467c	FUN_0000467c	000046e2	0528	cmp r0,#0x5
0000467c	FUN_0000467c	000046e4	01d0	beq 0x000046ea
0000467c	FUN_0000467c	000046e6	052c	cmp r4,#0x5
0000467c	FUN_0000467c	000046e8	23d1	bne 0x00004732
0000467c	FUN_0000467c	000046ea	0125	movs r5,#0x1
0000467c	FUN_0000467c	000046ec	00bf	nop
0000467c	FUN_0000467c	000046ee	2748	ldr r0,[0x0000478c]
0000467c	FUN_0000467c	000046f0	0069	ldr r0,[r0,#0x10]
0000467c	FUN_0000467c	000046f2	00f00100	and r0,r0,#0x1
0000467c	FUN_0000467c	000046f6	00b1	cbz r0,0x000046fa
0000467c	FUN_0000467c	000046f8	04e0	b 0x00004704
0000467c	FUN_0000467c	000046fa	4ff4f571	mov.w r1,#0x1ea
0000467c	FUN_0000467c	000046fe	24a0	adr r0,[0x4790]
0000467c	FUN_0000467c	00004700	fbf77bfe	bl 0x000003fa
0000467c	FUN_0000467c	00004704	00bf	nop
0000467c	FUN_0000467c	00004706	2b48	ldr r0,[0x000047b4]
0000467c	FUN_0000467c	00004708	2049	ldr r1,[0x0000478c]
0000467c	FUN_0000467c	0000470a	0860	str r0,[r1,#0x0]
0000467c	FUN_0000467c	0000470c	c012	asrs r0,r0,#0xb
0000467c	FUN_0000467c	0000470e	4860	str r0,[r1,#0x4]
0000467c	FUN_0000467c	00004710	8860	str r0,[r1,#0x8]
0000467c	FUN_0000467c	00004712	c860	str r0,[r1,#0xc]
0000467c	FUN_0000467c	00004714	2648	ldr r0,[0x000047b0]
0000467c	FUN_0000467c	00004716	2638	subs r0,#0x26
0000467c	FUN_0000467c	00004718	006a	ldr r0,[r0,#0x20]
0000467c	FUN_0000467c	0000471a	c0f30261	ubfx r1,r0,#0x18,#0x3
0000467c	FUN_0000467c	0000471e	2648	ldr r0,[0x000047b8]
0000467c	FUN_0000467c	00004720	0068	ldr r0,[r0,#0x0]
0000467c	FUN_0000467c	00004722	c840	lsrs r0,r1
0000467c	FUN_0000467c	00004724	4cf25031	movw r1,#0xc350
0000467c	FUN_0000467c	00004728	b0fbf1f6	udiv r6,r0,r1
0000467c	FUN_0000467c	0000472c	3046	mov r0,r6
0000467c	FUN_0000467c	0000472e	fcf75dfb	bl 0x00000dec
0000467c	FUN_0000467c	00004732	1f48	ldr r0,[0x000047b0]
0000467c	FUN_0000467c	00004734	0470	strb r4,[r0,#0x0]
0000467c	FUN_0000467c	00004736	1e48	ldr r0,[0x000047b0]
0000467c	FUN_0000467c	00004738	2638	subs r0,#0x26
0000467c	FUN_0000467c	0000473a	006a	ldr r0,[r0,#0x20]
0000467c	FUN_0000467c	0000473c	c0f30261	ubfx r1,r0,#0x18,#0x3
0000467c	FUN_0000467c	00004740	1d48	ldr r0,[0x000047b8]
0000467c	FUN_0000467c	00004742	0068	ldr r0,[r0,#0x0]
0000467c	FUN_0000467c	00004744	c840	lsrs r0,r1
0000467c	FUN_0000467c	00004746	4cf25031	movw r1,#0xc350
0000467c	FUN_0000467c	0000474a	b0fbf1f6	udiv r6,r0,r1
0000467c	FUN_0000467c	0000474e	3046	mov r0,r6
0000467c	FUN_0000467c	00004750	fcf74cfb	bl 0x00000dec
0000467c	FUN_0000467c	00004754	012d	cmp r5,#0x1
0000467c	FUN_0000467c	00004756	17d1	bne 0x00004788
0000467c	FUN_0000467c	00004758	0c49	ldr r1,[0x0000478c]
0000467c	FUN_0000467c	0000475a	0398	ldr r0,[sp,#0xc]
0000467c	FUN_0000467c	0000475c	0860	str r0,[r1,#0x0]
0000467c	FUN_0000467c	0000475e	0298	ldr r0,[sp,#0x8]
0000467c	FUN_0000467c	00004760	4860	str r0,[r1,#0x4]
0000467c	FUN_0000467c	00004762	0198	ldr r0,[sp,#0x4]
0000467c	FUN_0000467c	00004764	8860	str r0,[r1,#0x8]
0000467c	FUN_0000467c	00004766	0098	ldr r0,[sp,#0x0]
0000467c	FUN_0000467c	00004768	c860	str r0,[r1,#0xc]
0000467c	FUN_0000467c	0000476a	1148	ldr r0,[0x000047b0]
0000467c	FUN_0000467c	0000476c	2638	subs r0,#0x26
0000467c	FUN_0000467c	0000476e	006a	ldr r0,[r0,#0x20]
0000467c	FUN_0000467c	00004770	c0f30261	ubfx r1,r0,#0x18,#0x3
0000467c	FUN_0000467c	00004774	1048	ldr r0,[0x000047b8]
0000467c	FUN_0000467c	00004776	0068	ldr r0,[r0,#0x0]
0000467c	FUN_0000467c	00004778	c840	lsrs r0,r1
0000467c	FUN_0000467c	0000477a	4cf25031	movw r1,#0xc350
0000467c	FUN_0000467c	0000477e	b0fbf1f6	udiv r6,r0,r1
0000467c	FUN_0000467c	00004782	3046	mov r0,r6
0000467c	FUN_0000467c	00004784	fcf732fb	bl 0x00000dec
0000467c	FUN_0000467c	00004788	7fbd	pop {r0,r1,r2,r3,r4,r5,r6,pc}
000047bc	configure_swd_access	000047bc	70b5	push {r4,r5,r6,lr}
000047bc	configure_swd_access	000047be	0446	mov r4,r0
000047bc	configure_swd_access	000047c0	02f038f8	bl 0x00006834
000047bc	configure_swd_access	000047c4	0b48	ldr r0,[0x000047f4]
000047bc	configure_swd_access	000047c6	0069	ldr r0,[r0,#0x10]
000047bc	configure_swd_access	000047c8	a042	cmp r0,r4
000047bc	configure_swd_access	000047ca	0dd0	beq 0x000047e8
000047bc	configure_swd_access	000047cc	0948	ldr r0,[0x000047f4]
000047bc	configure_swd_access	000047ce	0461	str r4,[r0,#0x10]
000047bc	configure_swd_access	000047d0	0120	movs r0,#0x1
000047bc	configure_swd_access	000047d2	0849	ldr r1,[0x000047f4]
000047bc	configure_swd_access	000047d4	0860	str r0,[r1,#0x0]
000047bc	configure_swd_access	000047d6	0020	movs r0,#0x0
000047bc	configure_swd_access	000047d8	4860	str r0,[r1,#0x4]
000047bc	configure_swd_access	000047da	4ff4f035	mov.w r5,#0x1e000
000047bc	configure_swd_access	000047de	1422	movs r2,#0x14
000047bc	configure_swd_access	000047e0	2846	mov r0,r5
000047bc	configure_swd_access	000047e2	fbf705fe	bl 0x000003f0
000047bc	configure_swd_access	000047e6	00bf	nop
000047bc	configure_swd_access	000047e8	1921	movs r1,#0x19
000047bc	configure_swd_access	000047ea	03a0	adr r0,[0x47f8]
000047bc	configure_swd_access	000047ec	01f0e4f9	bl 0x00005bb8
000047bc	configure_swd_access	000047f0	70bd	pop {r4,r5,r6,pc}
00004814	FUN_00004814	00004814	4178	ldrb r1,[r0,#0x1]
00004814	FUN_00004814	00004816	4279	ldrb r2,[r0,#0x5]
00004814	FUN_00004814	00004818	4270	strb r2,[r0,#0x1]
00004814	FUN_00004814	0000481a	437a	ldrb r3,[r0,#0x9]
00004814	FUN_00004814	0000481c	4371	strb r3,[r0,#0x5]
00004814	FUN_00004814	0000481e	437b	ldrb r3,[r0,#0xd]
00004814	FUN_00004814	00004820	4372	strb r3,[r0,#0x9]
00004814	FUN_00004814	00004822	4173	strb r1,[r0,#0xd]
00004814	FUN_00004814	00004824	8178	ldrb r1,[r0,#0x2]
00004814	FUN_00004814	00004826	827a	ldrb r2,[r0,#0xa]
00004814	FUN_00004814	00004828	8270	strb r2,[r0,#0x2]
00004814	FUN_00004814	0000482a	8172	strb r1,[r0,#0xa]
00004814	FUN_00004814	0000482c	8179	ldrb r1,[r0,#0x6]
00004814	FUN_00004814	0000482e	837b	ldrb r3,[r0,#0xe]
00004814	FUN_00004814	00004830	8371	strb r3,[r0,#0x6]
00004814	FUN_00004814	00004832	8173	strb r1,[r0,#0xe]
00004814	FUN_00004814	00004834	c178	ldrb r1,[r0,#0x3]
00004814	FUN_00004814	00004836	c27b	ldrb r2,[r0,#0xf]
00004814	FUN_00004814	00004838	c270	strb r2,[r0,#0x3]
00004814	FUN_00004814	0000483a	c37a	ldrb r3,[r0,#0xb]
00004814	FUN_00004814	0000483c	c373	strb r3,[r0,#0xf]
00004814	FUN_00004814	0000483e	c379	ldrb r3,[r0,#0x7]
00004814	FUN_00004814	00004840	c372	strb r3,[r0,#0xb]
00004814	FUN_00004814	00004842	c171	strb r1,[r0,#0x7]
00004814	FUN_00004814	00004844	7047	bx lr
00004848	FUN_00004848	00004848	2de9fc47	push {r2,r3,r4,r5,r6,r7,r8,r9,r10,lr}
00004848	FUN_00004848	0000484c	0446	mov r4,r0
00004848	FUN_00004848	0000484e	0f46	mov r7,r1
00004848	FUN_00004848	00004850	9046	mov r8,r2
00004848	FUN_00004848	00004852	9946	mov r9,r3
00004848	FUN_00004848	00004854	dde90aa5	ldrd r10,r5,[sp,#0x28]
00004848	FUN_00004848	00004858	4ff0ff36	mov.w r6,#0xffffffff
00004848	FUN_00004848	0000485c	1348	ldr r0,[0x000048ac]
00004848	FUN_00004848	0000485e	8442	cmp r4,r0
00004848	FUN_00004848	00004860	0ed0	beq 0x00004880
00004848	FUN_00004848	00004862	1348	ldr r0,[0x000048b0]
00004848	FUN_00004848	00004864	8442	cmp r4,r0
00004848	FUN_00004848	00004866	0bd0	beq 0x00004880
00004848	FUN_00004848	00004868	1248	ldr r0,[0x000048b4]
00004848	FUN_00004848	0000486a	8442	cmp r4,r0
00004848	FUN_00004848	0000486c	08d0	beq 0x00004880
00004848	FUN_00004848	0000486e	1248	ldr r0,[0x000048b8]
00004848	FUN_00004848	00004870	8442	cmp r4,r0
00004848	FUN_00004848	00004872	05d0	beq 0x00004880
00004848	FUN_00004848	00004874	1148	ldr r0,[0x000048bc]
00004848	FUN_00004848	00004876	8442	cmp r4,r0
00004848	FUN_00004848	00004878	02d0	beq 0x00004880
00004848	FUN_00004848	0000487a	1148	ldr r0,[0x000048c0]
00004848	FUN_00004848	0000487c	8442	cmp r4,r0
00004848	FUN_00004848	0000487e	08d1	bne 0x00004892
00004848	FUN_00004848	00004880	4b46	mov r3,r9
00004848	FUN_00004848	00004882	4246	mov r2,r8
00004848	FUN_00004848	00004884	3946	mov r1,r7
00004848	FUN_00004848	00004886	2046	mov r0,r4
00004848	FUN_00004848	00004888	cde900a5	strd r10,r5,[sp,#0x0]
00004848	FUN_00004848	0000488c	00f01af8	bl 0x000048c4
00004848	FUN_00004848	00004890	0646	mov r6,r0
00004848	FUN_00004848	00004892	3eb1	cbz r6,0x000048a4
00004848	FUN_00004848	00004894	4b46	mov r3,r9
00004848	FUN_00004848	00004896	4246	mov r2,r8
00004848	FUN_00004848	00004898	3946	mov r1,r7
00004848	FUN_00004848	0000489a	2046	mov r0,r4
00004848	FUN_00004848	0000489c	0095	str r5,[sp,#0x0]
00004848	FUN_00004848	0000489e	00f001f9	bl 0x00004aa4
00004848	FUN_00004848	000048a2	0646	mov r6,r0
00004848	FUN_00004848	000048a4	3046	mov r0,r6
00004848	FUN_00004848	000048a6	bde8fc87	pop.w {r2,r3,r4,r5,r6,r7,r8,r9,r10,pc}
000048c4	FUN_000048c4	000048c4	2de9ff4f	push {r0,r1,r2,r3,r4,r5,r6,r7,r8,r9,r10,r11,lr}
000048c4	FUN_000048c4	000048c8	2ded088b	vpush {d8,d9,d10,d11}
000048c4	FUN_000048c4	000048cc	8bb0	sub sp,#0x2c
000048c4	FUN_000048c4	000048ce	0646	mov r6,r0
000048c4	FUN_000048c4	000048d0	654b	ldr r3,[0x00004a68]
000048c4	FUN_000048c4	000048d2	0fcb	ldmia r3,{r0,r1,r2,r3}
000048c4	FUN_000048c4	000048d4	04ac	add r4,sp,#0x10
000048c4	FUN_000048c4	000048d6	0fc4	stmia r4!,{r0,r1,r2,r3}
000048c4	FUN_000048c4	000048d8	6ff00200	mvn r0,#0x2
000048c4	FUN_000048c4	000048dc	0390	str r0,[sp,#0xc]
000048c4	FUN_000048c4	000048de	00bf	nop
000048c4	FUN_000048c4	000048e0	6248	ldr r0,[0x00004a6c]
000048c4	FUN_000048c4	000048e2	8642	cmp r6,r0
000048c4	FUN_000048c4	000048e4	0ed0	beq 0x00004904
000048c4	FUN_000048c4	000048e6	6248	ldr r0,[0x00004a70]
000048c4	FUN_000048c4	000048e8	8642	cmp r6,r0
000048c4	FUN_000048c4	000048ea	0bd0	beq 0x00004904
000048c4	FUN_000048c4	000048ec	6148	ldr r0,[0x00004a74]
000048c4	FUN_000048c4	000048ee	8642	cmp r6,r0
000048c4	FUN_000048c4	000048f0	08d0	beq 0x00004904
000048c4	FUN_000048c4	000048f2	6148	ldr r0,[0x00004a78]
000048c4	FUN_000048c4	000048f4	8642	cmp r6,r0
000048c4	FUN_000048c4	000048f6	05d0	beq 0x00004904
000048c4	FUN_000048c4	000048f8	6048	ldr r0,[0x00004a7c]
000048c4	FUN_000048c4	000048fa	8642	cmp r6,r0
000048c4	FUN_000048c4	000048fc	02d0	beq 0x00004904
000048c4	FUN_000048c4	000048fe	6048	ldr r0,[0x00004a80]
000048c4	FUN_000048c4	00004900	8642	cmp r6,r0
000048c4	FUN_000048c4	00004902	00d1	bne 0x00004906
000048c4	FUN_000048c4	00004904	04e0	b 0x00004910
000048c4	FUN_000048c4	00004906	4ff43571	mov.w r1,#0x2d4
000048c4	FUN_000048c4	0000490a	5ea0	adr r0,[0x4a84]
000048c4	FUN_000048c4	0000490c	fbf775fd	bl 0x000003fa
000048c4	FUN_000048c4	00004910	00bf	nop
000048c4	FUN_000048c4	00004912	149c	ldr r4,[sp,#0x50]
000048c4	FUN_000048c4	00004914	ddf85480	ldr.w r8,[sp,#0x54]
000048c4	FUN_000048c4	00004918	1698	ldr r0,[sp,#0x58]
000048c4	FUN_000048c4	0000491a	0028	cmp r0,#0x0
000048c4	FUN_000048c4	0000491c	7ed0	beq 0x00004a1c
000048c4	FUN_000048c4	0000491e	2098	ldr r0,[sp,#0x80]
000048c4	FUN_000048c4	00004920	0028	cmp r0,#0x0
000048c4	FUN_000048c4	00004922	fbd0	beq 0x0000491c
000048c4	FUN_000048c4	00004924	002c	cmp r4,#0x0
000048c4	FUN_000048c4	00004926	f9d0	beq 0x0000491c
000048c4	FUN_000048c4	00004928	b8f1000f	cmp.w r8,#0x0
000048c4	FUN_000048c4	0000492c	f6d0	beq 0x0000491c
000048c4	FUN_000048c4	0000492e	7069	ldr r0,[r6,#0x14]
000048c4	FUN_000048c4	00004930	00f46005	and r5,r0,#0xe00000
000048c4	FUN_000048c4	00004934	00bf	nop
000048c4	FUN_000048c4	00004936	5db1	cbz r5,0x00004950
000048c4	FUN_000048c4	00004938	b5f5001f	cmp.w r5,#0x200000
000048c4	FUN_000048c4	0000493c	08d0	beq 0x00004950
000048c4	FUN_000048c4	0000493e	b5f5c00f	cmp.w r5,#0x600000
000048c4	FUN_000048c4	00004942	05d0	beq 0x00004950
000048c4	FUN_000048c4	00004944	b5f5200f	cmp.w r5,#0xa00000
000048c4	FUN_000048c4	00004948	02d0	beq 0x00004950
000048c4	FUN_000048c4	0000494a	b5f5400f	cmp.w r5,#0xc00000
000048c4	FUN_000048c4	0000494e	00d1	bne 0x00004952
000048c4	FUN_000048c4	00004950	04e0	b 0x0000495c
000048c4	FUN_000048c4	00004952	40f2db21	movw r1,#0x2db
000048c4	FUN_000048c4	00004956	4ba0	adr r0,[0x4a84]
000048c4	FUN_000048c4	00004958	fbf74ffd	bl 0x000003fa
000048c4	FUN_000048c4	0000495c	00bf	nop
000048c4	FUN_000048c4	0000495e	680d	lsrs r0,r5,#0x15
000048c4	FUN_000048c4	00004960	04a9	add r1,sp,#0x10
000048c4	FUN_000048c4	00004962	31f81050	ldrh.w r5,[r1,r0,lsl #0x1]
000048c4	FUN_000048c4	00004966	08fb05f0	mul r0,r8,r5
000048c4	FUN_000048c4	0000496a	4000	lsls r0,r0,#0x1
000048c4	FUN_000048c4	0000496c	b4fbf0f0	udiv r0,r4,r0
000048c4	FUN_000048c4	00004970	a0f10109	sub.w r9,r0,#0x1
000048c4	FUN_000048c4	00004974	b9f1ff0f	cmp.w r9,#0xff
000048c4	FUN_000048c4	00004978	6ed8	bhi 0x00004a58
000048c4	FUN_000048c4	0000497a	0220	movs r0,#0x2
000048c4	FUN_000048c4	0000497c	a0fb0512	umull r1,r2,r0,r5
000048c4	FUN_000048c4	00004980	0020	movs r0,#0x0
000048c4	FUN_000048c4	00004982	4ff0010c	mov.w r12,#0x1
000048c4	FUN_000048c4	00004986	19eb0c0c	adds.w r12,r9,r12
000048c4	FUN_000048c4	0000498a	40eb0003	adc.w r3,r0,r0
000048c4	FUN_000048c4	0000498e	a1fb0c0e	umull r0,lr,r1,r12
000048c4	FUN_000048c4	00004992	02fb0ce2	mla r2,r2,r12,lr
000048c4	FUN_000048c4	00004996	01fb0322	mla r2,r1,r3,r2
000048c4	FUN_000048c4	0000499a	0021	movs r1,#0x0
000048c4	FUN_000048c4	0000499c	a0fb08a3	umull r10,r3,r0,r8
000048c4	FUN_000048c4	000049a0	02fb0832	mla r2,r2,r8,r3
000048c4	FUN_000048c4	000049a4	00fb012b	mla r11,r0,r1,r2
000048c4	FUN_000048c4	000049a8	4ff48071	mov.w r1,#0x100
000048c4	FUN_000048c4	000049ac	0022	movs r2,#0x0
000048c4	FUN_000048c4	000049ae	aafb01c3	umull r12,r3,r10,r1
000048c4	FUN_000048c4	000049b2	0bfb0131	mla r1,r11,r1,r3
000048c4	FUN_000048c4	000049b6	0afb0210	mla r0,r10,r2,r1
000048c4	FUN_000048c4	000049ba	5208	lsrs r2,r2,#0x1
000048c4	FUN_000048c4	000049bc	4fea3403	rrx r3,r4
000048c4	FUN_000048c4	000049c0	1ceb0301	adds.w r1,r12,r3
000048c4	FUN_000048c4	000049c4	5041	adcs r0,r2
000048c4	FUN_000048c4	000049c6	2246	mov r2,r4
000048c4	FUN_000048c4	000049c8	0023	movs r3,#0x0
000048c4	FUN_000048c4	000049ca	cde90010	strd r1,r0,[sp,#0x0]
000048c4	FUN_000048c4	000049ce	0846	mov r0,r1
000048c4	FUN_000048c4	000049d0	0199	ldr r1,[sp,#0x4]
000048c4	FUN_000048c4	000049d2	fbf763fc	bl 0x0000029c
000048c4	FUN_000048c4	000049d6	8021	movs r1,#0x80
000048c4	FUN_000048c4	000049d8	471a	subs r7,r0,r1
000048c4	FUN_000048c4	000049da	7f2f	cmp r7,#0x7f
000048c4	FUN_000048c4	000049dc	3cd8	bhi 0x00004a58
000048c4	FUN_000048c4	000049de	1698	ldr r0,[sp,#0x58]
000048c4	FUN_000048c4	000049e0	c0f80090	str.w r9,[r0,#0x0]
000048c4	FUN_000048c4	000049e4	2098	ldr r0,[sp,#0x80]
000048c4	FUN_000048c4	000049e6	0760	str r7,[r0,#0x0]
000048c4	FUN_000048c4	000049e8	2198	ldr r0,[sp,#0x84]
000048c4	FUN_000048c4	000049ea	98b3	cbz r0,0x00004a54
000048c4	FUN_000048c4	000049ec	4a00	lsls r2,r1,#0x1
000048c4	FUN_000048c4	000049ee	4ff0000c	mov.w r12,#0x0
000048c4	FUN_000048c4	000049f2	5146	mov r1,r10
000048c4	FUN_000048c4	000049f4	a1fb020e	umull r0,lr,r1,r2
000048c4	FUN_000048c4	000049f8	0bfb02e2	mla r2,r11,r2,lr
000048c4	FUN_000048c4	000049fc	0afb0c2b	mla r11,r10,r12,r2
000048c4	FUN_000048c4	00004a00	8246	mov r10,r0
000048c4	FUN_000048c4	00004a02	0020	movs r0,#0x0
000048c4	FUN_000048c4	00004a04	8022	movs r2,#0x80
000048c4	FUN_000048c4	00004a06	ba18	adds r2,r7,r2
000048c4	FUN_000048c4	00004a08	40eb0003	adc.w r3,r0,r0
000048c4	FUN_000048c4	00004a0c	0021	movs r1,#0x0
000048c4	FUN_000048c4	00004a0e	a2fb040c	umull r0,r12,r2,r4
000048c4	FUN_000048c4	00004a12	03fb04c3	mla r3,r3,r4,r12
000048c4	FUN_000048c4	00004a16	02fb0131	mla r1,r2,r1,r3
000048c4	FUN_000048c4	00004a1a	00e0	b 0x00004a1e
000048c4	FUN_000048c4	00004a1c	1ce0	b 0x00004a58
000048c4	FUN_000048c4	00004a1e	cde90801	strd r0,r1,[sp,#0x20]
000048c4	FUN_000048c4	00004a22	5046	mov r0,r10
000048c4	FUN_000048c4	00004a24	5946	mov r1,r11
000048c4	FUN_000048c4	00004a26	fbf798fc	bl 0x0000035a
000048c4	FUN_000048c4	00004a2a	41ec1a0b	vmov d10,r0,r1
000048c4	FUN_000048c4	00004a2e	dde90801	ldrd r0,r1,[sp,#0x20]
000048c4	FUN_000048c4	00004a32	fbf792fc	bl 0x0000035a
000048c4	FUN_000048c4	00004a36	53ec1a2b	vmov r2,r3,d10
000048c4	FUN_000048c4	00004a3a	fbf719fd	bl 0x00000470
000048c4	FUN_000048c4	00004a3e	fbf798fc	bl 0x00000372
000048c4	FUN_000048c4	00004a42	00ee100a	vmov s0,r0
000048c4	FUN_000048c4	00004a46	f7ee000a	vmov.f32 s1,0x3f800000
000048c4	FUN_000048c4	00004a4a	30ee608a	vsub.f32 s16,s0,s1
000048c4	FUN_000048c4	00004a4e	2198	ldr r0,[sp,#0x84]
000048c4	FUN_000048c4	00004a50	80ed008a	vstr.32 s16,[r0]
000048c4	FUN_000048c4	00004a54	0020	movs r0,#0x0
000048c4	FUN_000048c4	00004a56	0390	str r0,[sp,#0xc]
000048c4	FUN_000048c4	00004a58	0398	ldr r0,[sp,#0xc]
000048c4	FUN_000048c4	00004a5a	0bb0	add sp,#0x2c
000048c4	FUN_000048c4	00004a5c	bdec088b	vpop {d8,d9,d10,d11}
000048c4	FUN_000048c4	00004a60	04b0	add sp,#0x10
000048c4	FUN_000048c4	00004a62	bde8f08f	pop.w {r4,r5,r6,r7,r8,r9,r10,r11,pc}
00004aa4	FUN_00004aa4	00004aa4	2de9ff4f	push {r0,r1,r2,r3,r4,r5,r6,r7,r8,r9,r10,r11,lr}
00004aa4	FUN_00004aa4	00004aa8	2ded088b	vpush {d8,d9,d10,d11}
00004aa4	FUN_00004aa4	00004aac	85b0	sub sp,#0x14
00004aa4	FUN_00004aa4	00004aae	0546	mov r5,r0
00004aa4	FUN_00004aa4	00004ab0	9b46	mov r11,r3
00004aa4	FUN_00004aa4	00004ab2	474b	ldr r3,[0x00004bd0]
00004aa4	FUN_00004aa4	00004ab4	0fcb	ldmia r3,{r0,r1,r2,r3}
00004aa4	FUN_00004aa4	00004ab6	01ac	add r4,sp,#0x4
00004aa4	FUN_00004aa4	00004ab8	0fc4	stmia r4!,{r0,r1,r2,r3}
00004aa4	FUN_00004aa4	00004aba	6ff00200	mvn r0,#0x2
00004aa4	FUN_00004aa4	00004abe	0090	str r0,[sp,#0x0]
00004aa4	FUN_00004aa4	00004ac0	00bf	nop
00004aa4	FUN_00004aa4	00004ac2	4448	ldr r0,[0x00004bd4]
00004aa4	FUN_00004aa4	00004ac4	8542	cmp r5,r0
00004aa4	FUN_00004aa4	00004ac6	08d0	beq 0x00004ada
00004aa4	FUN_00004aa4	00004ac8	4348	ldr r0,[0x00004bd8]
00004aa4	FUN_00004aa4	00004aca	8542	cmp r5,r0
00004aa4	FUN_00004aa4	00004acc	05d0	beq 0x00004ada
00004aa4	FUN_00004aa4	00004ace	4348	ldr r0,[0x00004bdc]
00004aa4	FUN_00004aa4	00004ad0	8542	cmp r5,r0
00004aa4	FUN_00004aa4	00004ad2	02d0	beq 0x00004ada
00004aa4	FUN_00004aa4	00004ad4	4248	ldr r0,[0x00004be0]
00004aa4	FUN_00004aa4	00004ad6	8542	cmp r5,r0
00004aa4	FUN_00004aa4	00004ad8	00d1	bne 0x00004adc
00004aa4	FUN_00004aa4	00004ada	04e0	b 0x00004ae6
00004aa4	FUN_00004aa4	00004adc	40f2fb11	movw r1,#0x1fb
00004aa4	FUN_00004aa4	00004ae0	40a0	adr r0,[0x4be4]
00004aa4	FUN_00004aa4	00004ae2	fbf78afc	bl 0x000003fa
00004aa4	FUN_00004aa4	00004ae6	00bf	nop
00004aa4	FUN_00004aa4	00004ae8	ddf83880	ldr.w r8,[sp,#0x38]
00004aa4	FUN_00004aa4	00004aec	0f9e	ldr r6,[sp,#0x3c]
00004aa4	FUN_00004aa4	00004aee	bbf1000f	cmp.w r11,#0x0
00004aa4	FUN_00004aa4	00004af2	65d0	beq 0x00004bc0
00004aa4	FUN_00004aa4	00004af4	b8f1000f	cmp.w r8,#0x0
00004aa4	FUN_00004aa4	00004af8	62d0	beq 0x00004bc0
00004aa4	FUN_00004aa4	00004afa	002e	cmp r6,#0x0
00004aa4	FUN_00004aa4	00004afc	60d0	beq 0x00004bc0
00004aa4	FUN_00004aa4	00004afe	6869	ldr r0,[r5,#0x14]
00004aa4	FUN_00004aa4	00004b00	00f46004	and r4,r0,#0xe00000
00004aa4	FUN_00004aa4	00004b04	00bf	nop
00004aa4	FUN_00004aa4	00004b06	5cb1	cbz r4,0x00004b20
00004aa4	FUN_00004aa4	00004b08	b4f5001f	cmp.w r4,#0x200000
00004aa4	FUN_00004aa4	00004b0c	08d0	beq 0x00004b20
00004aa4	FUN_00004aa4	00004b0e	b4f5c00f	cmp.w r4,#0x600000
00004aa4	FUN_00004aa4	00004b12	05d0	beq 0x00004b20
00004aa4	FUN_00004aa4	00004b14	b4f5200f	cmp.w r4,#0xa00000
00004aa4	FUN_00004aa4	00004b18	02d0	beq 0x00004b20
00004aa4	FUN_00004aa4	00004b1a	b4f5400f	cmp.w r4,#0xc00000
00004aa4	FUN_00004aa4	00004b1e	00d1	bne 0x00004b22
00004aa4	FUN_00004aa4	00004b20	04e0	b 0x00004b2c
00004aa4	FUN_00004aa4	00004b22	40f20621	movw r1,#0x206
00004aa4	FUN_00004aa4	00004b26	2fa0	adr r0,[0x4be4]
00004aa4	FUN_00004aa4	00004b28	fbf767fc	bl 0x000003fa
00004aa4	FUN_00004aa4	00004b2c	00bf	nop
00004aa4	FUN_00004aa4	00004b2e	600d	lsrs r0,r4,#0x15
00004aa4	FUN_00004aa4	00004b30	01a9	add r1,sp,#0x4
00004aa4	FUN_00004aa4	00004b32	31f81040	ldrh.w r4,[r1,r0,lsl #0x1]
00004aa4	FUN_00004aa4	00004b36	08eb8800	add.w r0,r8,r8, lsl #0x2
00004aa4	FUN_00004aa4	00004b3a	4100	lsls r1,r0,#0x1
00004aa4	FUN_00004aa4	00004b3c	06fb04f0	mul r0,r6,r4
00004aa4	FUN_00004aa4	00004b40	4000	lsls r0,r0,#0x1
00004aa4	FUN_00004aa4	00004b42	b1fbf0f0	udiv r0,r1,r0
00004aa4	FUN_00004aa4	00004b46	401d	adds r0,r0,#0x5
00004aa4	FUN_00004aa4	00004b48	0a21	movs r1,#0xa
00004aa4	FUN_00004aa4	00004b4a	b0fbf1f0	udiv r0,r0,r1
00004aa4	FUN_00004aa4	00004b4e	471e	subs r7,r0,#0x1
00004aa4	FUN_00004aa4	00004b50	ff2f	cmp r7,#0xff
00004aa4	FUN_00004aa4	00004b52	35d8	bhi 0x00004bc0
00004aa4	FUN_00004aa4	00004b54	cbf80070	str.w r7,[r11,#0x0]
00004aa4	FUN_00004aa4	00004b58	1a98	ldr r0,[sp,#0x68]
00004aa4	FUN_00004aa4	00004b5a	78b3	cbz r0,0x00004bbc
00004aa4	FUN_00004aa4	00004b5c	0220	movs r0,#0x2
00004aa4	FUN_00004aa4	00004b5e	a0fb0412	umull r1,r2,r0,r4
00004aa4	FUN_00004aa4	00004b62	0020	movs r0,#0x0
00004aa4	FUN_00004aa4	00004b64	4ff0010c	mov.w r12,#0x1
00004aa4	FUN_00004aa4	00004b68	17eb0c0c	adds.w r12,r7,r12
00004aa4	FUN_00004aa4	00004b6c	40eb0003	adc.w r3,r0,r0
00004aa4	FUN_00004aa4	00004b70	a1fb0c0e	umull r0,lr,r1,r12
00004aa4	FUN_00004aa4	00004b74	02fb0ce2	mla r2,r2,r12,lr
00004aa4	FUN_00004aa4	00004b78	01fb0322	mla r2,r1,r3,r2
00004aa4	FUN_00004aa4	00004b7c	0021	movs r1,#0x0
00004aa4	FUN_00004aa4	00004b7e	0346	mov r3,r0
00004aa4	FUN_00004aa4	00004b80	a3fb069c	umull r9,r12,r3,r6
00004aa4	FUN_00004aa4	00004b84	02fb06c2	mla r2,r2,r6,r12
00004aa4	FUN_00004aa4	00004b88	00fb012a	mla r10,r0,r1,r2
00004aa4	FUN_00004aa4	00004b8c	4846	mov r0,r9
00004aa4	FUN_00004aa4	00004b8e	5146	mov r1,r10
00004aa4	FUN_00004aa4	00004b90	fbf7e3fb	bl 0x0000035a
00004aa4	FUN_00004aa4	00004b94	41ec1a0b	vmov d10,r0,r1
00004aa4	FUN_00004aa4	00004b98	4046	mov r0,r8
00004aa4	FUN_00004aa4	00004b9a	fbf7d1fb	bl 0x00000340
00004aa4	FUN_00004aa4	00004b9e	53ec1a2b	vmov r2,r3,d10
00004aa4	FUN_00004aa4	00004ba2	fbf765fc	bl 0x00000470
00004aa4	FUN_00004aa4	00004ba6	fbf7e4fb	bl 0x00000372
00004aa4	FUN_00004aa4	00004baa	00ee100a	vmov s0,r0
00004aa4	FUN_00004aa4	00004bae	f7ee000a	vmov.f32 s1,0x3f800000
00004aa4	FUN_00004aa4	00004bb2	30ee608a	vsub.f32 s16,s0,s1
00004aa4	FUN_00004aa4	00004bb6	1a98	ldr r0,[sp,#0x68]
00004aa4	FUN_00004aa4	00004bb8	80ed008a	vstr.32 s16,[r0]
00004aa4	FUN_00004aa4	00004bbc	0020	movs r0,#0x0
00004aa4	FUN_00004aa4	00004bbe	0090	str r0,[sp,#0x0]
00004aa4	FUN_00004aa4	00004bc0	0098	ldr r0,[sp,#0x0]
00004aa4	FUN_00004aa4	00004bc2	05b0	add sp,#0x14
00004aa4	FUN_00004aa4	00004bc4	bdec088b	vpop {d8,d9,d10,d11}
00004aa4	FUN_00004aa4	00004bc8	04b0	add sp,#0x10
00004aa4	FUN_00004aa4	00004bca	bde8f08f	pop.w {r4,r5,r6,r7,r8,r9,r10,r11,pc}
00004c04	FUN_00004c04	00004c04	10b5	push {r4,lr}
00004c04	FUN_00004c04	00004c06	0246	mov r2,r0
00004c04	FUN_00004c04	00004c08	0020	movs r0,#0x0
00004c04	FUN_00004c04	00004c0a	0fe0	b 0x00004c2c
00004c04	FUN_00004c04	00004c0c	0021	movs r1,#0x0
00004c04	FUN_00004c04	00004c0e	09e0	b 0x00004c24
00004c04	FUN_00004c04	00004c10	02eb8103	add.w r3,r2,r1, lsl #0x2
00004c04	FUN_00004c04	00004c14	1b5c	ldrb r3,[r3,r0]
00004c04	FUN_00004c04	00004c16	074c	ldr r4,[0x00004c34]
00004c04	FUN_00004c04	00004c18	e35c	ldrb r3,[r4,r3]
00004c04	FUN_00004c04	00004c1a	02eb8104	add.w r4,r2,r1, lsl #0x2
00004c04	FUN_00004c04	00004c1e	2354	strb r3,[r4,r0]
00004c04	FUN_00004c04	00004c20	4b1c	adds r3,r1,#0x1
00004c04	FUN_00004c04	00004c22	d9b2	uxtb r1,r3
00004c04	FUN_00004c04	00004c24	0429	cmp r1,#0x4
00004c04	FUN_00004c04	00004c26	f3db	blt 0x00004c10
00004c04	FUN_00004c04	00004c28	431c	adds r3,r0,#0x1
00004c04	FUN_00004c04	00004c2a	d8b2	uxtb r0,r3
00004c04	FUN_00004c04	00004c2c	0428	cmp r0,#0x4
00004c04	FUN_00004c04	00004c2e	eddb	blt 0x00004c0c
00004c04	FUN_00004c04	00004c30	10bd	pop {r4,pc}
00004c38	FUN_00004c38	00004c38	0148	ldr r0,[0x00004c40]
00004c38	FUN_00004c38	00004c3a	0068	ldr r0,[r0,#0x0]
00004c38	FUN_00004c38	00004c3c	7047	bx lr
00004c44	FUN_00004c44	00004c44	4ff0e020	mov.w r0,#0xe000e000
00004c44	FUN_00004c44	00004c48	0069	ldr r0,[r0,#0x10]
00004c44	FUN_00004c44	00004c4a	20f00200	bic r0,r0,#0x2
00004c44	FUN_00004c44	00004c4e	4ff0e021	mov.w r1,#0xe000e000
00004c44	FUN_00004c44	00004c52	0861	str r0,[r1,#0x10]
00004c44	FUN_00004c44	00004c54	7047	bx lr
00004c58	FUN_00004c58	00004c58	70b5	push {r4,r5,r6,lr}
00004c58	FUN_00004c58	00004c5a	294d	ldr r5,[0x00004d00]
00004c58	FUN_00004c58	00004c5c	2d68	ldr r5,[r5,#0x0]
00004c58	FUN_00004c58	00004c5e	05f00105	and r5,r5,#0x1
00004c58	FUN_00004c58	00004c62	1db1	cbz r5,0x00004c6c
00004c58	FUN_00004c58	00004c64	274d	ldr r5,[0x00004d04]
00004c58	FUN_00004c58	00004c66	284e	ldr r6,[0x00004d08]
00004c58	FUN_00004c58	00004c68	3560	str r5,[r6,#0x0]
00004c58	FUN_00004c58	00004c6a	02e0	b 0x00004c72
00004c58	FUN_00004c58	00004c6c	274d	ldr r5,[0x00004d0c]
00004c58	FUN_00004c58	00004c6e	264e	ldr r6,[0x00004d08]
00004c58	FUN_00004c58	00004c70	3560	str r5,[r6,#0x0]
00004c58	FUN_00004c58	00004c72	274d	ldr r5,[0x00004d10]
00004c58	FUN_00004c58	00004c74	2d78	ldrb r5,[r5,#0x0]
00004c58	FUN_00004c58	00004c76	05f00700	and r0,r5,#0x7
00004c58	FUN_00004c58	00004c7a	0628	cmp r0,#0x6
00004c58	FUN_00004c58	00004c7c	3cd2	bcs 0x00004cf8
00004c58	FUN_00004c58	00004c7e	dfe800f0	tbb [pc,r0]
00004c58	FUN_00004c58	00004c88	1f4d	ldr r5,[0x00004d08]
00004c58	FUN_00004c58	00004c8a	2d68	ldr r5,[r5,#0x0]
00004c58	FUN_00004c58	00004c8c	214e	ldr r6,[0x00004d14]
00004c58	FUN_00004c58	00004c8e	3560	str r5,[r6,#0x0]
00004c58	FUN_00004c58	00004c90	33e0	b 0x00004cfa
00004c58	FUN_00004c58	00004c92	214d	ldr r5,[0x00004d18]
00004c58	FUN_00004c58	00004c94	1f4e	ldr r6,[0x00004d14]
00004c58	FUN_00004c58	00004c96	3560	str r5,[r6,#0x0]
00004c58	FUN_00004c58	00004c98	2fe0	b 0x00004cfa
00004c58	FUN_00004c58	00004c9a	4ff40045	mov.w r5,#0x8000
00004c58	FUN_00004c58	00004c9e	1d4e	ldr r6,[0x00004d14]
00004c58	FUN_00004c58	00004ca0	3560	str r5,[r6,#0x0]
00004c58	FUN_00004c58	00004ca2	2ae0	b 0x00004cfa
00004c58	FUN_00004c58	00004ca4	1c4d	ldr r5,[0x00004d18]
00004c58	FUN_00004c58	00004ca6	1b4e	ldr r6,[0x00004d14]
00004c58	FUN_00004c58	00004ca8	3560	str r5,[r6,#0x0]
00004c58	FUN_00004c58	00004caa	26e0	b 0x00004cfa
00004c58	FUN_00004c58	00004cac	4ff40045	mov.w r5,#0x8000
00004c58	FUN_00004c58	00004cb0	184e	ldr r6,[0x00004d14]
00004c58	FUN_00004c58	00004cb2	3560	str r5,[r6,#0x0]
00004c58	FUN_00004c58	00004cb4	21e0	b 0x00004cfa
00004c58	FUN_00004c58	00004cb6	164d	ldr r5,[0x00004d10]
00004c58	FUN_00004c58	00004cb8	da35	adds r5,#0xda
00004c58	FUN_00004c58	00004cba	2d68	ldr r5,[r5,#0x0]
00004c58	FUN_00004c58	00004cbc	c5f30722	ubfx r2,r5,#0x8,#0x8
00004c58	FUN_00004c58	00004cc0	134d	ldr r5,[0x00004d10]
00004c58	FUN_00004c58	00004cc2	263d	subs r5,#0x26
00004c58	FUN_00004c58	00004cc4	d5f80051	ldr.w r5,[r5,#0x100]
00004c58	FUN_00004c58	00004cc8	2b0f	lsrs r3,r5,#0x1c
00004c58	FUN_00004c58	00004cca	114d	ldr r5,[0x00004d10]
00004c58	FUN_00004c58	00004ccc	da35	adds r5,#0xda
00004c58	FUN_00004c58	00004cce	2d68	ldr r5,[r5,#0x0]
00004c58	FUN_00004c58	00004cd0	05f00304	and r4,r5,#0x3
00004c58	FUN_00004c58	00004cd4	114d	ldr r5,[0x00004d1c]
00004c58	FUN_00004c58	00004cd6	ed69	ldr r5,[r5,#0x1c]
00004c58	FUN_00004c58	00004cd8	0db9	cbnz r5,0x00004cde
00004c58	FUN_00004c58	00004cda	0f49	ldr r1,[0x00004d18]
00004c58	FUN_00004c58	00004cdc	01e0	b 0x00004ce2
00004c58	FUN_00004c58	00004cde	0a4d	ldr r5,[0x00004d08]
00004c58	FUN_00004c58	00004ce0	2968	ldr r1,[r5,#0x0]
00004c58	FUN_00004c58	00004ce2	651c	adds r5,r4,#0x1
00004c58	FUN_00004c58	00004ce4	b1fbf5f5	udiv r5,r1,r5
00004c58	FUN_00004c58	00004ce8	561c	adds r6,r2,#0x1
00004c58	FUN_00004c58	00004cea	7543	muls r5,r6
00004c58	FUN_00004c58	00004cec	5e1c	adds r6,r3,#0x1
00004c58	FUN_00004c58	00004cee	b5fbf6f5	udiv r5,r5,r6
00004c58	FUN_00004c58	00004cf2	084e	ldr r6,[0x00004d14]
00004c58	FUN_00004c58	00004cf4	3560	str r5,[r6,#0x0]
00004c58	FUN_00004c58	00004cf6	00e0	b 0x00004cfa
00004c58	FUN_00004c58	00004cf8	00bf	nop
00004c58	FUN_00004c58	00004cfa	00bf	nop
00004c58	FUN_00004c58	00004cfc	70bd	pop {r4,r5,r6,pc}
00004d20	SystemInit	00004d20	00b5	push {lr}
00004d20	SystemInit	00004d22	0648	ldr r0,[0x00004d3c]
00004d20	SystemInit	00004d24	0068	ldr r0,[r0,#0x0]
00004d20	SystemInit	00004d26	40f47000	orr r0,r0,#0xf00000
00004d20	SystemInit	00004d2a	0449	ldr r1,[0x00004d3c]
00004d20	SystemInit	00004d2c	0860	str r0,[r1,#0x0]
00004d20	SystemInit	00004d2e	fff793ff	bl 0x00004c58
00004d20	SystemInit	00004d32	0020	movs r0,#0x0
00004d20	SystemInit	00004d34	0149	ldr r1,[0x00004d3c]
00004d20	SystemInit	00004d36	8039	subs r1,#0x80
00004d20	SystemInit	00004d38	0860	str r0,[r1,#0x0]
00004d20	SystemInit	00004d3a	00bd	pop {pc}
00004d40	FUN_00004d40	00004d40	2de9ff41	push {r0,r1,r2,r3,r4,r5,r6,r7,r8,lr}
00004d40	FUN_00004d40	00004d44	0646	mov r6,r0
00004d40	FUN_00004d40	00004d46	0121	movs r1,#0x1
00004d40	FUN_00004d40	00004d48	0803	lsls r0,r1,#0xc
00004d40	FUN_00004d40	00004d4a	fdf761fa	bl 0x00002210
00004d40	FUN_00004d40	00004d4e	4ff4a060	mov.w r0,#0x500
00004d40	FUN_00004d40	00004d52	0090	str r0,[sp,#0x0]
00004d40	FUN_00004d40	00004d54	3020	movs r0,#0x30
00004d40	FUN_00004d40	00004d56	0190	str r0,[sp,#0x4]
00004d40	FUN_00004d40	00004d58	0020	movs r0,#0x0
00004d40	FUN_00004d40	00004d5a	0290	str r0,[sp,#0x8]
00004d40	FUN_00004d40	00004d5c	0198	ldr r0,[sp,#0x4]
00004d40	FUN_00004d40	00004d5e	08b9	cbnz r0,0x00004d64
00004d40	FUN_00004d40	00004d60	0724	movs r4,#0x7
00004d40	FUN_00004d40	00004d62	10e0	b 0x00004d86
00004d40	FUN_00004d40	00004d64	0198	ldr r0,[sp,#0x4]
00004d40	FUN_00004d40	00004d66	1028	cmp r0,#0x10
00004d40	FUN_00004d40	00004d68	01d1	bne 0x00004d6e
00004d40	FUN_00004d40	00004d6a	0524	movs r4,#0x5
00004d40	FUN_00004d40	00004d6c	0be0	b 0x00004d86
00004d40	FUN_00004d40	00004d6e	0198	ldr r0,[sp,#0x4]
00004d40	FUN_00004d40	00004d70	2028	cmp r0,#0x20
00004d40	FUN_00004d40	00004d72	05d0	beq 0x00004d80
00004d40	FUN_00004d40	00004d74	0198	ldr r0,[sp,#0x4]
00004d40	FUN_00004d40	00004d76	3028	cmp r0,#0x30
00004d40	FUN_00004d40	00004d78	02d0	beq 0x00004d80
00004d40	FUN_00004d40	00004d7a	0198	ldr r0,[sp,#0x4]
00004d40	FUN_00004d40	00004d7c	4028	cmp r0,#0x40
00004d40	FUN_00004d40	00004d7e	01d1	bne 0x00004d84
00004d40	FUN_00004d40	00004d80	0324	movs r4,#0x3
00004d40	FUN_00004d40	00004d82	00e0	b 0x00004d86
00004d40	FUN_00004d40	00004d84	0224	movs r4,#0x2
00004d40	FUN_00004d40	00004d86	0198	ldr r0,[sp,#0x4]
00004d40	FUN_00004d40	00004d88	0109	lsrs r1,r0,#0x4
00004d40	FUN_00004d40	00004d8a	0120	movs r0,#0x1
00004d40	FUN_00004d40	00004d8c	8840	lsls r0,r1
00004d40	FUN_00004d40	00004d8e	85b2	uxth r5,r0
00004d40	FUN_00004d40	00004d90	7019	adds r0,r6,r5
00004d40	FUN_00004d40	00004d92	401e	subs r0,r0,#0x1
00004d40	FUN_00004d40	00004d94	b0fbf5f0	udiv r0,r0,r5
00004d40	FUN_00004d40	00004d98	001b	subs r0,r0,r4
00004d40	FUN_00004d40	00004d9a	87b2	uxth r7,r0
00004d40	FUN_00004d40	00004d9c	adf80c70	strh.w r7,[sp,#0xc]
00004d40	FUN_00004d40	00004da0	6a46	mov r2,sp
00004d40	FUN_00004d40	00004da2	0021	movs r1,#0x0
00004d40	FUN_00004d40	00004da4	0748	ldr r0,[0x00004dc4]
00004d40	FUN_00004d40	00004da6	00f0abf8	bl 0x00004f00
00004d40	FUN_00004d40	00004daa	0122	movs r2,#0x1
00004d40	FUN_00004d40	00004dac	0021	movs r1,#0x0
00004d40	FUN_00004d40	00004dae	0548	ldr r0,[0x00004dc4]
00004d40	FUN_00004d40	00004db0	00f058f8	bl 0x00004e64
00004d40	FUN_00004d40	00004db4	0122	movs r2,#0x1
00004d40	FUN_00004d40	00004db6	0021	movs r1,#0x0
00004d40	FUN_00004d40	00004db8	0248	ldr r0,[0x00004dc4]
00004d40	FUN_00004d40	00004dba	00f005f8	bl 0x00004dc8
00004d40	FUN_00004d40	00004dbe	bde8ff81	pop.w {r0,r1,r2,r3,r4,r5,r6,r7,r8,pc}
00004dc8	FUN_00004dc8	00004dc8	70b5	push {r4,r5,r6,lr}
00004dc8	FUN_00004dc8	00004dca	0446	mov r4,r0
00004dc8	FUN_00004dc8	00004dcc	0d46	mov r5,r1
00004dc8	FUN_00004dc8	00004dce	1646	mov r6,r2
00004dc8	FUN_00004dc8	00004dd0	00bf	nop
00004dc8	FUN_00004dc8	00004dd2	1a48	ldr r0,[0x00004e3c]
00004dc8	FUN_00004dc8	00004dd4	8442	cmp r4,r0
00004dc8	FUN_00004dc8	00004dd6	02d0	beq 0x00004dde
00004dc8	FUN_00004dc8	00004dd8	1948	ldr r0,[0x00004e40]
00004dc8	FUN_00004dc8	00004dda	8442	cmp r4,r0
00004dc8	FUN_00004dc8	00004ddc	00d1	bne 0x00004de0
00004dc8	FUN_00004dc8	00004dde	04e0	b 0x00004dea
00004dc8	FUN_00004dc8	00004de0	4ff40471	mov.w r1,#0x210
00004dc8	FUN_00004dc8	00004de4	17a0	adr r0,[0x4e44]
00004dc8	FUN_00004dc8	00004de6	fbf708fb	bl 0x000003fa
00004dc8	FUN_00004dc8	00004dea	00bf	nop
00004dc8	FUN_00004dc8	00004dec	00bf	nop
00004dc8	FUN_00004dc8	00004dee	0db1	cbz r5,0x00004df4
00004dc8	FUN_00004dc8	00004df0	012d	cmp r5,#0x1
00004dc8	FUN_00004dc8	00004df2	00d1	bne 0x00004df6
00004dc8	FUN_00004dc8	00004df4	04e0	b 0x00004e00
00004dc8	FUN_00004dc8	00004df6	40f21121	movw r1,#0x211
00004dc8	FUN_00004dc8	00004dfa	12a0	adr r0,[0x4e44]
00004dc8	FUN_00004dc8	00004dfc	fbf7fdfa	bl 0x000003fa
00004dc8	FUN_00004dc8	00004e00	00bf	nop
00004dc8	FUN_00004dc8	00004e02	00bf	nop
00004dc8	FUN_00004dc8	00004e04	0eb1	cbz r6,0x00004e0a
00004dc8	FUN_00004dc8	00004e06	012e	cmp r6,#0x1
00004dc8	FUN_00004dc8	00004e08	00d1	bne 0x00004e0c
00004dc8	FUN_00004dc8	00004e0a	04e0	b 0x00004e16
00004dc8	FUN_00004dc8	00004e0c	40f21221	movw r1,#0x212
00004dc8	FUN_00004dc8	00004e10	0ca0	adr r0,[0x4e44]
00004dc8	FUN_00004dc8	00004e12	fbf7f2fa	bl 0x000003fa
00004dc8	FUN_00004dc8	00004e16	00bf	nop
00004dc8	FUN_00004dc8	00004e18	012e	cmp r6,#0x1
00004dc8	FUN_00004dc8	00004e1a	06d1	bne 0x00004e2a
00004dc8	FUN_00004dc8	00004e1c	2069	ldr r0,[r4,#0x10]
00004dc8	FUN_00004dc8	00004e1e	2a01	lsls r2,r5,#0x4
00004dc8	FUN_00004dc8	00004e20	b103	lsls r1,r6,#0xe
00004dc8	FUN_00004dc8	00004e22	9140	lsls r1,r2
00004dc8	FUN_00004dc8	00004e24	0843	orrs r0,r1
00004dc8	FUN_00004dc8	00004e26	2061	str r0,[r4,#0x10]
00004dc8	FUN_00004dc8	00004e28	06e0	b 0x00004e38
00004dc8	FUN_00004dc8	00004e2a	2069	ldr r0,[r4,#0x10]
00004dc8	FUN_00004dc8	00004e2c	2a01	lsls r2,r5,#0x4
00004dc8	FUN_00004dc8	00004e2e	4ff48041	mov.w r1,#0x4000
00004dc8	FUN_00004dc8	00004e32	9140	lsls r1,r2
00004dc8	FUN_00004dc8	00004e34	8843	bics r0,r1
00004dc8	FUN_00004dc8	00004e36	2061	str r0,[r4,#0x10]
00004dc8	FUN_00004dc8	00004e38	70bd	pop {r4,r5,r6,pc}
00004e64	FUN_00004e64	00004e64	70b5	push {r4,r5,r6,lr}
00004e64	FUN_00004e64	00004e66	0446	mov r4,r0
00004e64	FUN_00004e64	00004e68	0d46	mov r5,r1
00004e64	FUN_00004e64	00004e6a	1646	mov r6,r2
00004e64	FUN_00004e64	00004e6c	00bf	nop
00004e64	FUN_00004e64	00004e6e	1a48	ldr r0,[0x00004ed8]
00004e64	FUN_00004e64	00004e70	8442	cmp r4,r0
00004e64	FUN_00004e64	00004e72	02d0	beq 0x00004e7a
00004e64	FUN_00004e64	00004e74	1948	ldr r0,[0x00004edc]
00004e64	FUN_00004e64	00004e76	8442	cmp r4,r0
00004e64	FUN_00004e64	00004e78	00d1	bne 0x00004e7c
00004e64	FUN_00004e64	00004e7a	04e0	b 0x00004e86
00004e64	FUN_00004e64	00004e7c	4ff4ef71	mov.w r1,#0x1de
00004e64	FUN_00004e64	00004e80	17a0	adr r0,[0x4ee0]
00004e64	FUN_00004e64	00004e82	fbf7bafa	bl 0x000003fa
00004e64	FUN_00004e64	00004e86	00bf	nop
00004e64	FUN_00004e64	00004e88	00bf	nop
00004e64	FUN_00004e64	00004e8a	0db1	cbz r5,0x00004e90
00004e64	FUN_00004e64	00004e8c	012d	cmp r5,#0x1
00004e64	FUN_00004e64	00004e8e	00d1	bne 0x00004e92
00004e64	FUN_00004e64	00004e90	04e0	b 0x00004e9c
00004e64	FUN_00004e64	00004e92	40f2df11	movw r1,#0x1df
00004e64	FUN_00004e64	00004e96	12a0	adr r0,[0x4ee0]
00004e64	FUN_00004e64	00004e98	fbf7affa	bl 0x000003fa
00004e64	FUN_00004e64	00004e9c	00bf	nop
00004e64	FUN_00004e64	00004e9e	00bf	nop
00004e64	FUN_00004e64	00004ea0	0eb1	cbz r6,0x00004ea6
00004e64	FUN_00004e64	00004ea2	012e	cmp r6,#0x1
00004e64	FUN_00004e64	00004ea4	00d1	bne 0x00004ea8
00004e64	FUN_00004e64	00004ea6	04e0	b 0x00004eb2
00004e64	FUN_00004e64	00004ea8	4ff4f071	mov.w r1,#0x1e0
00004e64	FUN_00004e64	00004eac	0ca0	adr r0,[0x4ee0]
00004e64	FUN_00004e64	00004eae	fbf7a4fa	bl 0x000003fa
00004e64	FUN_00004e64	00004eb2	00bf	nop
00004e64	FUN_00004e64	00004eb4	012e	cmp r6,#0x1
00004e64	FUN_00004e64	00004eb6	06d1	bne 0x00004ec6
00004e64	FUN_00004e64	00004eb8	2069	ldr r0,[r4,#0x10]
00004e64	FUN_00004e64	00004eba	2a01	lsls r2,r5,#0x4
00004e64	FUN_00004e64	00004ebc	3103	lsls r1,r6,#0xc
00004e64	FUN_00004e64	00004ebe	9140	lsls r1,r2
00004e64	FUN_00004e64	00004ec0	0843	orrs r0,r1
00004e64	FUN_00004e64	00004ec2	2061	str r0,[r4,#0x10]
00004e64	FUN_00004e64	00004ec4	06e0	b 0x00004ed4
00004e64	FUN_00004e64	00004ec6	2069	ldr r0,[r4,#0x10]
00004e64	FUN_00004e64	00004ec8	2a01	lsls r2,r5,#0x4
00004e64	FUN_00004e64	00004eca	4ff48051	mov.w r1,#0x1000
00004e64	FUN_00004e64	00004ece	9140	lsls r1,r2
00004e64	FUN_00004e64	00004ed0	8843	bics r0,r1
00004e64	FUN_00004e64	00004ed2	2061	str r0,[r4,#0x10]
00004e64	FUN_00004e64	00004ed4	70bd	pop {r4,r5,r6,pc}
00004f00	FUN_00004f00	00004f00	2de9f047	push {r4,r5,r6,r7,r8,r9,r10,lr}
00004f00	FUN_00004f00	00004f04	0646	mov r6,r0
00004f00	FUN_00004f00	00004f06	0d46	mov r5,r1
00004f00	FUN_00004f00	00004f08	1446	mov r4,r2
00004f00	FUN_00004f00	00004f0a	4ff00009	mov.w r9,#0x0
00004f00	FUN_00004f00	00004f0e	14b9	cbnz r4,0x00004f16
00004f00	FUN_00004f00	00004f10	6ff00209	mvn r9,#0x2
00004f00	FUN_00004f00	00004f14	7fe0	b 0x00005016
00004f00	FUN_00004f00	00004f16	00bf	nop
00004f00	FUN_00004f00	00004f18	4048	ldr r0,[0x0000501c]
00004f00	FUN_00004f00	00004f1a	8642	cmp r6,r0
00004f00	FUN_00004f00	00004f1c	02d0	beq 0x00004f24
00004f00	FUN_00004f00	00004f1e	4048	ldr r0,[0x00005020]
00004f00	FUN_00004f00	00004f20	8642	cmp r6,r0
00004f00	FUN_00004f00	00004f22	00d1	bne 0x00004f26
00004f00	FUN_00004f00	00004f24	03e0	b 0x00004f2e
00004f00	FUN_00004f00	00004f26	bd21	movs r1,#0xbd
00004f00	FUN_00004f00	00004f28	3ea0	adr r0,[0x5024]
00004f00	FUN_00004f00	00004f2a	fbf766fa	bl 0x000003fa
00004f00	FUN_00004f00	00004f2e	00bf	nop
00004f00	FUN_00004f00	00004f30	00bf	nop
00004f00	FUN_00004f00	00004f32	0db1	cbz r5,0x00004f38
00004f00	FUN_00004f00	00004f34	012d	cmp r5,#0x1
00004f00	FUN_00004f00	00004f36	00d1	bne 0x00004f3a
00004f00	FUN_00004f00	00004f38	03e0	b 0x00004f42
00004f00	FUN_00004f00	00004f3a	be21	movs r1,#0xbe
00004f00	FUN_00004f00	00004f3c	39a0	adr r0,[0x5024]
00004f00	FUN_00004f00	00004f3e	fbf75cfa	bl 0x000003fa
00004f00	FUN_00004f00	00004f42	00bf	nop
00004f00	FUN_00004f00	00004f44	00bf	nop
00004f00	FUN_00004f00	00004f46	2068	ldr r0,[r4,#0x0]
00004f00	FUN_00004f00	00004f48	58b1	cbz r0,0x00004f62
00004f00	FUN_00004f00	00004f4a	2068	ldr r0,[r4,#0x0]
00004f00	FUN_00004f00	00004f4c	b0f5007f	cmp.w r0,#0x200
00004f00	FUN_00004f00	00004f50	07d0	beq 0x00004f62
00004f00	FUN_00004f00	00004f52	2068	ldr r0,[r4,#0x0]
00004f00	FUN_00004f00	00004f54	b0f5807f	cmp.w r0,#0x100
00004f00	FUN_00004f00	00004f58	03d0	beq 0x00004f62
00004f00	FUN_00004f00	00004f5a	2068	ldr r0,[r4,#0x0]
00004f00	FUN_00004f00	00004f5c	b0f5a06f	cmp.w r0,#0x500
00004f00	FUN_00004f00	00004f60	00d1	bne 0x00004f64
00004f00	FUN_00004f00	00004f62	03e0	b 0x00004f6c
00004f00	FUN_00004f00	00004f64	bf21	movs r1,#0xbf
00004f00	FUN_00004f00	00004f66	2fa0	adr r0,[0x5024]
00004f00	FUN_00004f00	00004f68	fbf747fa	bl 0x000003fa
00004f00	FUN_00004f00	00004f6c	00bf	nop
00004f00	FUN_00004f00	00004f6e	00bf	nop
00004f00	FUN_00004f00	00004f70	6068	ldr r0,[r4,#0x4]
00004f00	FUN_00004f00	00004f72	e8b1	cbz r0,0x00004fb0
00004f00	FUN_00004f00	00004f74	6068	ldr r0,[r4,#0x4]
00004f00	FUN_00004f00	00004f76	1028	cmp r0,#0x10
00004f00	FUN_00004f00	00004f78	1ad0	beq 0x00004fb0
00004f00	FUN_00004f00	00004f7a	6068	ldr r0,[r4,#0x4]
00004f00	FUN_00004f00	00004f7c	2028	cmp r0,#0x20
00004f00	FUN_00004f00	00004f7e	17d0	beq 0x00004fb0
00004f00	FUN_00004f00	00004f80	6068	ldr r0,[r4,#0x4]
00004f00	FUN_00004f00	00004f82	3028	cmp r0,#0x30
00004f00	FUN_00004f00	00004f84	14d0	beq 0x00004fb0
00004f00	FUN_00004f00	00004f86	6068	ldr r0,[r4,#0x4]
00004f00	FUN_00004f00	00004f88	4028	cmp r0,#0x40
00004f00	FUN_00004f00	00004f8a	11d0	beq 0x00004fb0
00004f00	FUN_00004f00	00004f8c	6068	ldr r0,[r4,#0x4]
00004f00	FUN_00004f00	00004f8e	5028	cmp r0,#0x50
00004f00	FUN_00004f00	00004f90	0ed0	beq 0x00004fb0
00004f00	FUN_00004f00	00004f92	6068	ldr r0,[r4,#0x4]
00004f00	FUN_00004f00	00004f94	6028	cmp r0,#0x60
00004f00	FUN_00004f00	00004f96	0bd0	beq 0x00004fb0
00004f00	FUN_00004f00	00004f98	6068	ldr r0,[r4,#0x4]
00004f00	FUN_00004f00	00004f9a	7028	cmp r0,#0x70
00004f00	FUN_00004f00	00004f9c	08d0	beq 0x00004fb0
00004f00	FUN_00004f00	00004f9e	6068	ldr r0,[r4,#0x4]
00004f00	FUN_00004f00	00004fa0	8028	cmp r0,#0x80
00004f00	FUN_00004f00	00004fa2	05d0	beq 0x00004fb0
00004f00	FUN_00004f00	00004fa4	6068	ldr r0,[r4,#0x4]
00004f00	FUN_00004f00	00004fa6	9028	cmp r0,#0x90
00004f00	FUN_00004f00	00004fa8	02d0	beq 0x00004fb0
00004f00	FUN_00004f00	00004faa	6068	ldr r0,[r4,#0x4]
00004f00	FUN_00004f00	00004fac	a028	cmp r0,#0xa0
00004f00	FUN_00004f00	00004fae	00d1	bne 0x00004fb2
00004f00	FUN_00004f00	00004fb0	03e0	b 0x00004fba
00004f00	FUN_00004f00	00004fb2	c021	movs r1,#0xc0
00004f00	FUN_00004f00	00004fb4	1ba0	adr r0,[0x5024]
00004f00	FUN_00004f00	00004fb6	fbf720fa	bl 0x000003fa
00004f00	FUN_00004f00	00004fba	00bf	nop
00004f00	FUN_00004f00	00004fbc	00bf	nop
00004f00	FUN_00004f00	00004fbe	a068	ldr r0,[r4,#0x8]
00004f00	FUN_00004f00	00004fc0	20b1	cbz r0,0x00004fcc
00004f00	FUN_00004f00	00004fc2	48f20201	movw r1,#0x8002
00004f00	FUN_00004f00	00004fc6	a068	ldr r0,[r4,#0x8]
00004f00	FUN_00004f00	00004fc8	8842	cmp r0,r1
00004f00	FUN_00004f00	00004fca	00d1	bne 0x00004fce
00004f00	FUN_00004f00	00004fcc	03e0	b 0x00004fd6
00004f00	FUN_00004f00	00004fce	c121	movs r1,#0xc1
00004f00	FUN_00004f00	00004fd0	14a0	adr r0,[0x5024]
00004f00	FUN_00004f00	00004fd2	fbf712fa	bl 0x000003fa
00004f00	FUN_00004f00	00004fd6	00bf	nop
00004f00	FUN_00004f00	00004fd8	06eb8507	add.w r7,r6,r5, lsl #0x2
00004f00	FUN_00004f00	00004fdc	0020	movs r0,#0x0
00004f00	FUN_00004f00	00004fde	3860	str r0,[r7,#0x0]
00004f00	FUN_00004f00	00004fe0	06f10800	add.w r0,r6,#0x8
00004f00	FUN_00004f00	00004fe4	00eb8508	add.w r8,r0,r5, lsl #0x2
00004f00	FUN_00004f00	00004fe8	a089	ldrh r0,[r4,#0xc]
00004f00	FUN_00004f00	00004fea	c8f80000	str.w r0,[r8,#0x0]
00004f00	FUN_00004f00	00004fee	3069	ldr r0,[r6,#0x10]
00004f00	FUN_00004f00	00004ff0	2a01	lsls r2,r5,#0x4
00004f00	FUN_00004f00	00004ff2	48f2f271	movw r1,#0x87f2
00004f00	FUN_00004f00	00004ff6	9140	lsls r1,r2
00004f00	FUN_00004f00	00004ff8	8843	bics r0,r1
00004f00	FUN_00004f00	00004ffa	d4e90012	ldrd r1,r2,[r4,#0x0]
00004f00	FUN_00004f00	00004ffe	1143	orrs r1,r2
00004f00	FUN_00004f00	00005000	a268	ldr r2,[r4,#0x8]
00004f00	FUN_00004f00	00005002	1143	orrs r1,r2
00004f00	FUN_00004f00	00005004	2a01	lsls r2,r5,#0x4
00004f00	FUN_00004f00	00005006	9140	lsls r1,r2
00004f00	FUN_00004f00	00005008	2b01	lsls r3,r5,#0x4
00004f00	FUN_00004f00	0000500a	48f2f272	movw r2,#0x87f2
00004f00	FUN_00004f00	0000500e	9a40	lsls r2,r3
00004f00	FUN_00004f00	00005010	1140	ands r1,r2
00004f00	FUN_00004f00	00005012	0843	orrs r0,r1
00004f00	FUN_00004f00	00005014	3061	str r0,[r6,#0x10]
00004f00	FUN_00004f00	00005016	4846	mov r0,r9
00004f00	FUN_00004f00	00005018	bde8f087	pop.w {r4,r5,r6,r7,r8,r9,r10,pc}
00005044	FUN_00005044	00005044	2de9fc47	push {r2,r3,r4,r5,r6,r7,r8,r9,r10,lr}
00005044	FUN_00005044	00005048	0446	mov r4,r0
00005044	FUN_00005044	0000504a	0f46	mov r7,r1
00005044	FUN_00005044	0000504c	9046	mov r8,r2
00005044	FUN_00005044	0000504e	9946	mov r9,r3
00005044	FUN_00005044	00005050	dde90aa5	ldrd r10,r5,[sp,#0x28]
00005044	FUN_00005044	00005054	4ff0ff36	mov.w r6,#0xffffffff
00005044	FUN_00005044	00005058	1348	ldr r0,[0x000050a8]
00005044	FUN_00005044	0000505a	8442	cmp r4,r0
00005044	FUN_00005044	0000505c	0ed0	beq 0x0000507c
00005044	FUN_00005044	0000505e	1348	ldr r0,[0x000050ac]
00005044	FUN_00005044	00005060	8442	cmp r4,r0
00005044	FUN_00005044	00005062	0bd0	beq 0x0000507c
00005044	FUN_00005044	00005064	1248	ldr r0,[0x000050b0]
00005044	FUN_00005044	00005066	8442	cmp r4,r0
00005044	FUN_00005044	00005068	08d0	beq 0x0000507c
00005044	FUN_00005044	0000506a	1248	ldr r0,[0x000050b4]
00005044	FUN_00005044	0000506c	8442	cmp r4,r0
00005044	FUN_00005044	0000506e	05d0	beq 0x0000507c
00005044	FUN_00005044	00005070	1148	ldr r0,[0x000050b8]
00005044	FUN_00005044	00005072	8442	cmp r4,r0
00005044	FUN_00005044	00005074	02d0	beq 0x0000507c
00005044	FUN_00005044	00005076	1148	ldr r0,[0x000050bc]
00005044	FUN_00005044	00005078	8442	cmp r4,r0
00005044	FUN_00005044	0000507a	08d1	bne 0x0000508e
00005044	FUN_00005044	0000507c	4b46	mov r3,r9
00005044	FUN_00005044	0000507e	4246	mov r2,r8
00005044	FUN_00005044	00005080	3946	mov r1,r7
00005044	FUN_00005044	00005082	2046	mov r0,r4
00005044	FUN_00005044	00005084	cde900a5	strd r10,r5,[sp,#0x0]
00005044	FUN_00005044	00005088	00f01af8	bl 0x000050c0
00005044	FUN_00005044	0000508c	0646	mov r6,r0
00005044	FUN_00005044	0000508e	3eb1	cbz r6,0x000050a0
00005044	FUN_00005044	00005090	4b46	mov r3,r9
00005044	FUN_00005044	00005092	4246	mov r2,r8
00005044	FUN_00005044	00005094	3946	mov r1,r7
00005044	FUN_00005044	00005096	2046	mov r0,r4
00005044	FUN_00005044	00005098	0095	str r5,[sp,#0x0]
00005044	FUN_00005044	0000509a	00f0f3f8	bl 0x00005284
00005044	FUN_00005044	0000509e	0646	mov r6,r0
00005044	FUN_00005044	000050a0	3046	mov r0,r6
00005044	FUN_00005044	000050a2	bde8fc87	pop.w {r2,r3,r4,r5,r6,r7,r8,r9,r10,pc}
000050c0	FUN_000050c0	000050c0	2de9ff4f	push {r0,r1,r2,r3,r4,r5,r6,r7,r8,r9,r10,r11,lr}
000050c0	FUN_000050c0	000050c4	2ded088b	vpush {d8,d9,d10,d11}
000050c0	FUN_000050c0	000050c8	85b0	sub sp,#0x14
000050c0	FUN_000050c0	000050ca	0746	mov r7,r0
000050c0	FUN_000050c0	000050cc	6ff00200	mvn r0,#0x2
000050c0	FUN_000050c0	000050d0	0090	str r0,[sp,#0x0]
000050c0	FUN_000050c0	000050d2	00bf	nop
000050c0	FUN_000050c0	000050d4	5d48	ldr r0,[0x0000524c]
000050c0	FUN_000050c0	000050d6	8742	cmp r7,r0
000050c0	FUN_000050c0	000050d8	0ed0	beq 0x000050f8
000050c0	FUN_000050c0	000050da	5d48	ldr r0,[0x00005250]
000050c0	FUN_000050c0	000050dc	8742	cmp r7,r0
000050c0	FUN_000050c0	000050de	0bd0	beq 0x000050f8
000050c0	FUN_000050c0	000050e0	5c48	ldr r0,[0x00005254]
000050c0	FUN_000050c0	000050e2	8742	cmp r7,r0
000050c0	FUN_000050c0	000050e4	08d0	beq 0x000050f8
000050c0	FUN_000050c0	000050e6	5c48	ldr r0,[0x00005258]
000050c0	FUN_000050c0	000050e8	8742	cmp r7,r0
000050c0	FUN_000050c0	000050ea	05d0	beq 0x000050f8
000050c0	FUN_000050c0	000050ec	5b48	ldr r0,[0x0000525c]
000050c0	FUN_000050c0	000050ee	8742	cmp r7,r0
000050c0	FUN_000050c0	000050f0	02d0	beq 0x000050f8
000050c0	FUN_000050c0	000050f2	5b48	ldr r0,[0x00005260]
000050c0	FUN_000050c0	000050f4	8742	cmp r7,r0
000050c0	FUN_000050c0	000050f6	00d1	bne 0x000050fa
000050c0	FUN_000050c0	000050f8	04e0	b 0x00005104
000050c0	FUN_000050c0	000050fa	40f23d21	movw r1,#0x23d
000050c0	FUN_000050c0	000050fe	59a0	adr r0,[0x5264]
000050c0	FUN_000050c0	00005100	fbf77bf9	bl 0x000003fa
000050c0	FUN_000050c0	00005104	00bf	nop
000050c0	FUN_000050c0	00005106	0e9c	ldr r4,[sp,#0x38]
000050c0	FUN_000050c0	00005108	ddf83c90	ldr.w r9,[sp,#0x3c]
000050c0	FUN_000050c0	0000510c	1098	ldr r0,[sp,#0x40]
000050c0	FUN_000050c0	0000510e	0028	cmp r0,#0x0
000050c0	FUN_000050c0	00005110	7dd0	beq 0x0000520e
000050c0	FUN_000050c0	00005112	1a98	ldr r0,[sp,#0x68]
000050c0	FUN_000050c0	00005114	0028	cmp r0,#0x0
000050c0	FUN_000050c0	00005116	fbd0	beq 0x00005110
000050c0	FUN_000050c0	00005118	002c	cmp r4,#0x0
000050c0	FUN_000050c0	0000511a	f9d0	beq 0x00005110
000050c0	FUN_000050c0	0000511c	b9f1000f	cmp.w r9,#0x0
000050c0	FUN_000050c0	00005120	f6d0	beq 0x00005110
000050c0	FUN_000050c0	00005122	f868	ldr r0,[r7,#0xc]
000050c0	FUN_000050c0	00005124	00f40040	and r0,r0,#0x8000
000050c0	FUN_000050c0	00005128	08b1	cbz r0,0x0000512e
000050c0	FUN_000050c0	0000512a	0120	movs r0,#0x1
000050c0	FUN_000050c0	0000512c	00e0	b 0x00005130
000050c0	FUN_000050c0	0000512e	0020	movs r0,#0x0
000050c0	FUN_000050c0	00005130	0490	str r0,[sp,#0x10]
000050c0	FUN_000050c0	00005132	4feac901	lsl.w r1,r9,#0x3
000050c0	FUN_000050c0	00005136	0498	ldr r0,[sp,#0x10]
000050c0	FUN_000050c0	00005138	c0f10200	rsb.w r0,r0,#0x2
000050c0	FUN_000050c0	0000513c	4143	muls r1,r0
000050c0	FUN_000050c0	0000513e	b4fbf1f0	udiv r0,r4,r1
000050c0	FUN_000050c0	00005142	401e	subs r0,r0,#0x1
000050c0	FUN_000050c0	00005144	0190	str r0,[sp,#0x4]
000050c0	FUN_000050c0	00005146	0198	ldr r0,[sp,#0x4]
000050c0	FUN_000050c0	00005148	ff28	cmp r0,#0xff
000050c0	FUN_000050c0	0000514a	78d8	bhi 0x0000523e
000050c0	FUN_000050c0	0000514c	0023	movs r3,#0x0
000050c0	FUN_000050c0	0000514e	0498	ldr r0,[sp,#0x10]
000050c0	FUN_000050c0	00005150	d0f10200	rsbs.w r0,r0,#0x2
000050c0	FUN_000050c0	00005154	63eb0301	sbc.w r1,r3,r3
000050c0	FUN_000050c0	00005158	4ff0080c	mov.w r12,#0x8
000050c0	FUN_000050c0	0000515c	a0fb0c2e	umull r2,lr,r0,r12
000050c0	FUN_000050c0	00005160	01fb0ce1	mla r1,r1,r12,lr
000050c0	FUN_000050c0	00005164	00fb0313	mla r3,r0,r3,r1
000050c0	FUN_000050c0	00005168	0021	movs r1,#0x0
000050c0	FUN_000050c0	0000516a	0198	ldr r0,[sp,#0x4]
000050c0	FUN_000050c0	0000516c	10f1010c	adds.w r12,r0,#0x1
000050c0	FUN_000050c0	00005170	4941	adcs r1,r1
000050c0	FUN_000050c0	00005172	a2fb0c0e	umull r0,lr,r2,r12
000050c0	FUN_000050c0	00005176	03fb0ce3	mla r3,r3,r12,lr
000050c0	FUN_000050c0	0000517a	02fb0132	mla r2,r2,r1,r3
000050c0	FUN_000050c0	0000517e	0021	movs r1,#0x0
000050c0	FUN_000050c0	00005180	a0fb09ac	umull r10,r12,r0,r9
000050c0	FUN_000050c0	00005184	02fb09c2	mla r2,r2,r9,r12
000050c0	FUN_000050c0	00005188	00fb012b	mla r11,r0,r1,r2
000050c0	FUN_000050c0	0000518c	4fea0b20	lsl.w r0,r11,#0x8
000050c0	FUN_000050c0	00005190	40ea1a6b	orr.w r11,r0,r10, lsr #0x18
000050c0	FUN_000050c0	00005194	4fea0a2a	lsl.w r10,r10,#0x8
000050c0	FUN_000050c0	00005198	0020	movs r0,#0x0
000050c0	FUN_000050c0	0000519a	4008	lsrs r0,r0,#0x1
000050c0	FUN_000050c0	0000519c	4fea3401	rrx r1,r4
000050c0	FUN_000050c0	000051a0	11eb0a05	adds.w r5,r1,r10
000050c0	FUN_000050c0	000051a4	40eb0b06	adc.w r6,r0,r11
000050c0	FUN_000050c0	000051a8	0020	movs r0,#0x0
000050c0	FUN_000050c0	000051aa	d5f1ff31	rsbs.w r1,r5,#0xffffffff
000050c0	FUN_000050c0	000051ae	b041	sbcs r0,r6
000050c0	FUN_000050c0	000051b0	08d2	bcs 0x000051c4
000050c0	FUN_000050c0	000051b2	2246	mov r2,r4
000050c0	FUN_000050c0	000051b4	0023	movs r3,#0x0
000050c0	FUN_000050c0	000051b6	2846	mov r0,r5
000050c0	FUN_000050c0	000051b8	3146	mov r1,r6
000050c0	FUN_000050c0	000051ba	fbf76ff8	bl 0x0000029c
000050c0	FUN_000050c0	000051be	a0f18008	sub.w r8,r0,#0x80
000050c0	FUN_000050c0	000051c2	03e0	b 0x000051cc
000050c0	FUN_000050c0	000051c4	b5fbf4f0	udiv r0,r5,r4
000050c0	FUN_000050c0	000051c8	a0f18008	sub.w r8,r0,#0x80
000050c0	FUN_000050c0	000051cc	b8f17f0f	cmp.w r8,#0x7f
000050c0	FUN_000050c0	000051d0	35d8	bhi 0x0000523e
000050c0	FUN_000050c0	000051d2	1099	ldr r1,[sp,#0x40]
000050c0	FUN_000050c0	000051d4	0198	ldr r0,[sp,#0x4]
000050c0	FUN_000050c0	000051d6	0860	str r0,[r1,#0x0]
000050c0	FUN_000050c0	000051d8	1a98	ldr r0,[sp,#0x68]
000050c0	FUN_000050c0	000051da	c0f80080	str.w r8,[r0,#0x0]
000050c0	FUN_000050c0	000051de	1b98	ldr r0,[sp,#0x6c]
000050c0	FUN_000050c0	000051e0	58b3	cbz r0,0x0000523a
000050c0	FUN_000050c0	000051e2	5546	mov r5,r10
000050c0	FUN_000050c0	000051e4	5e46	mov r6,r11
000050c0	FUN_000050c0	000051e6	0020	movs r0,#0x0
000050c0	FUN_000050c0	000051e8	8022	movs r2,#0x80
000050c0	FUN_000050c0	000051ea	18eb0202	adds.w r2,r8,r2
000050c0	FUN_000050c0	000051ee	40eb0003	adc.w r3,r0,r0
000050c0	FUN_000050c0	000051f2	0021	movs r1,#0x0
000050c0	FUN_000050c0	000051f4	a2fb040c	umull r0,r12,r2,r4
000050c0	FUN_000050c0	000051f8	03fb04c3	mla r3,r3,r4,r12
000050c0	FUN_000050c0	000051fc	02fb0131	mla r1,r2,r1,r3
000050c0	FUN_000050c0	00005200	cde90201	strd r0,r1,[sp,#0x8]
000050c0	FUN_000050c0	00005204	2846	mov r0,r5
000050c0	FUN_000050c0	00005206	3146	mov r1,r6
000050c0	FUN_000050c0	00005208	fbf7a7f8	bl 0x0000035a
000050c0	FUN_000050c0	0000520c	00e0	b 0x00005210
000050c0	FUN_000050c0	0000520e	16e0	b 0x0000523e
000050c0	FUN_000050c0	00005210	41ec1a0b	vmov d10,r0,r1
000050c0	FUN_000050c0	00005214	dde90201	ldrd r0,r1,[sp,#0x8]
000050c0	FUN_000050c0	00005218	fbf79ff8	bl 0x0000035a
000050c0	FUN_000050c0	0000521c	53ec1a2b	vmov r2,r3,d10
000050c0	FUN_000050c0	00005220	fbf726f9	bl 0x00000470
000050c0	FUN_000050c0	00005224	fbf7a5f8	bl 0x00000372
000050c0	FUN_000050c0	00005228	00ee100a	vmov s0,r0
000050c0	FUN_000050c0	0000522c	f7ee000a	vmov.f32 s1,0x3f800000
000050c0	FUN_000050c0	00005230	30ee608a	vsub.f32 s16,s0,s1
000050c0	FUN_000050c0	00005234	1b98	ldr r0,[sp,#0x6c]
000050c0	FUN_000050c0	00005236	80ed008a	vstr.32 s16,[r0]
000050c0	FUN_000050c0	0000523a	0020	movs r0,#0x0
000050c0	FUN_000050c0	0000523c	0090	str r0,[sp,#0x0]
000050c0	FUN_000050c0	0000523e	0098	ldr r0,[sp,#0x0]
000050c0	FUN_000050c0	00005240	05b0	add sp,#0x14
000050c0	FUN_000050c0	00005242	bdec088b	vpop {d8,d9,d10,d11}
000050c0	FUN_000050c0	00005246	04b0	add sp,#0x10
000050c0	FUN_000050c0	00005248	bde8f08f	pop.w {r4,r5,r6,r7,r8,r9,r10,r11,pc}
00005284	FUN_00005284	00005284	2de9ff4f	push {r0,r1,r2,r3,r4,r5,r6,r7,r8,r9,r10,r11,lr}
00005284	FUN_00005284	00005288	2ded088b	vpush {d8,d9,d10,d11}
00005284	FUN_00005284	0000528c	81b0	sub sp,#0x4
00005284	FUN_00005284	0000528e	0446	mov r4,r0
00005284	FUN_00005284	00005290	9b46	mov r11,r3
00005284	FUN_00005284	00005292	6ff00200	mvn r0,#0x2
00005284	FUN_00005284	00005296	0090	str r0,[sp,#0x0]
00005284	FUN_00005284	00005298	00bf	nop
00005284	FUN_00005284	0000529a	4048	ldr r0,[0x0000539c]
00005284	FUN_00005284	0000529c	8442	cmp r4,r0
00005284	FUN_00005284	0000529e	0ed0	beq 0x000052be
00005284	FUN_00005284	000052a0	3f48	ldr r0,[0x000053a0]
00005284	FUN_00005284	000052a2	8442	cmp r4,r0
00005284	FUN_00005284	000052a4	0bd0	beq 0x000052be
00005284	FUN_00005284	000052a6	3f48	ldr r0,[0x000053a4]
00005284	FUN_00005284	000052a8	8442	cmp r4,r0
00005284	FUN_00005284	000052aa	08d0	beq 0x000052be
00005284	FUN_00005284	000052ac	3e48	ldr r0,[0x000053a8]
00005284	FUN_00005284	000052ae	8442	cmp r4,r0
00005284	FUN_00005284	000052b0	05d0	beq 0x000052be
00005284	FUN_00005284	000052b2	3e48	ldr r0,[0x000053ac]
00005284	FUN_00005284	000052b4	8442	cmp r4,r0
00005284	FUN_00005284	000052b6	02d0	beq 0x000052be
00005284	FUN_00005284	000052b8	3d48	ldr r0,[0x000053b0]
00005284	FUN_00005284	000052ba	8442	cmp r4,r0
00005284	FUN_00005284	000052bc	00d1	bne 0x000052c0
00005284	FUN_00005284	000052be	04e0	b 0x000052ca
00005284	FUN_00005284	000052c0	4ff4c471	mov.w r1,#0x188
00005284	FUN_00005284	000052c4	3ba0	adr r0,[0x53b4]
00005284	FUN_00005284	000052c6	fbf798f8	bl 0x000003fa
00005284	FUN_00005284	000052ca	00bf	nop
00005284	FUN_00005284	000052cc	0a9f	ldr r7,[sp,#0x28]
00005284	FUN_00005284	000052ce	0b9d	ldr r5,[sp,#0x2c]
00005284	FUN_00005284	000052d0	bbf1000f	cmp.w r11,#0x0
00005284	FUN_00005284	000052d4	5ad0	beq 0x0000538c
00005284	FUN_00005284	000052d6	002f	cmp r7,#0x0
00005284	FUN_00005284	000052d8	58d0	beq 0x0000538c
00005284	FUN_00005284	000052da	002d	cmp r5,#0x0
00005284	FUN_00005284	000052dc	56d0	beq 0x0000538c
00005284	FUN_00005284	000052de	e068	ldr r0,[r4,#0xc]
00005284	FUN_00005284	000052e0	00f40040	and r0,r0,#0x8000
00005284	FUN_00005284	000052e4	08b1	cbz r0,0x000052ea
00005284	FUN_00005284	000052e6	0120	movs r0,#0x1
00005284	FUN_00005284	000052e8	00e0	b 0x000052ec
00005284	FUN_00005284	000052ea	0020	movs r0,#0x0
00005284	FUN_00005284	000052ec	8046	mov r8,r0
00005284	FUN_00005284	000052ee	e800	lsls r0,r5,#0x3
00005284	FUN_00005284	000052f0	c8f10201	rsb.w r1,r8,#0x2
00005284	FUN_00005284	000052f4	4843	muls r0,r1
00005284	FUN_00005284	000052f6	07eb8701	add.w r1,r7,r7, lsl #0x2
00005284	FUN_00005284	000052fa	4900	lsls r1,r1,#0x1
00005284	FUN_00005284	000052fc	b1fbf0f0	udiv r0,r1,r0
00005284	FUN_00005284	00005300	401d	adds r0,r0,#0x5
00005284	FUN_00005284	00005302	0a21	movs r1,#0xa
00005284	FUN_00005284	00005304	b0fbf1f0	udiv r0,r0,r1
00005284	FUN_00005284	00005308	461e	subs r6,r0,#0x1
00005284	FUN_00005284	0000530a	ff2e	cmp r6,#0xff
00005284	FUN_00005284	0000530c	3ed8	bhi 0x0000538c
00005284	FUN_00005284	0000530e	cbf80060	str.w r6,[r11,#0x0]
00005284	FUN_00005284	00005312	1698	ldr r0,[sp,#0x58]
00005284	FUN_00005284	00005314	c0b3	cbz r0,0x00005388
00005284	FUN_00005284	00005316	0021	movs r1,#0x0
00005284	FUN_00005284	00005318	d8f10202	rsbs.w r2,r8,#0x2
00005284	FUN_00005284	0000531c	61eb0100	sbc.w r0,r1,r1
00005284	FUN_00005284	00005320	4ff0080c	mov.w r12,#0x8
00005284	FUN_00005284	00005324	0023	movs r3,#0x0
00005284	FUN_00005284	00005326	a2fb0c1e	umull r1,lr,r2,r12
00005284	FUN_00005284	0000532a	00fb0ce0	mla r0,r0,r12,lr
00005284	FUN_00005284	0000532e	02fb0302	mla r2,r2,r3,r0
00005284	FUN_00005284	00005332	4ff0010c	mov.w r12,#0x1
00005284	FUN_00005284	00005336	16eb0c0c	adds.w r12,r6,r12
00005284	FUN_00005284	0000533a	5b41	adcs r3,r3
00005284	FUN_00005284	0000533c	a1fb0c0e	umull r0,lr,r1,r12
00005284	FUN_00005284	00005340	02fb0ce2	mla r2,r2,r12,lr
00005284	FUN_00005284	00005344	01fb0323	mla r3,r1,r3,r2
00005284	FUN_00005284	00005348	0021	movs r1,#0x0
00005284	FUN_00005284	0000534a	0246	mov r2,r0
00005284	FUN_00005284	0000534c	a2fb059c	umull r9,r12,r2,r5
00005284	FUN_00005284	00005350	03fb05c3	mla r3,r3,r5,r12
00005284	FUN_00005284	00005354	00fb013a	mla r10,r0,r1,r3
00005284	FUN_00005284	00005358	4846	mov r0,r9
00005284	FUN_00005284	0000535a	5146	mov r1,r10
00005284	FUN_00005284	0000535c	faf7fdff	bl 0x0000035a
00005284	FUN_00005284	00005360	41ec1a0b	vmov d10,r0,r1
00005284	FUN_00005284	00005364	3846	mov r0,r7
00005284	FUN_00005284	00005366	faf7ebff	bl 0x00000340
00005284	FUN_00005284	0000536a	53ec1a2b	vmov r2,r3,d10
00005284	FUN_00005284	0000536e	fbf77ff8	bl 0x00000470
00005284	FUN_00005284	00005372	faf7feff	bl 0x00000372
00005284	FUN_00005284	00005376	00ee100a	vmov s0,r0
00005284	FUN_00005284	0000537a	f7ee000a	vmov.f32 s1,0x3f800000
00005284	FUN_00005284	0000537e	30ee608a	vsub.f32 s16,s0,s1
00005284	FUN_00005284	00005382	1698	ldr r0,[sp,#0x58]
00005284	FUN_00005284	00005384	80ed008a	vstr.32 s16,[r0]
00005284	FUN_00005284	00005388	0020	movs r0,#0x0
00005284	FUN_00005284	0000538a	0090	str r0,[sp,#0x0]
00005284	FUN_00005284	0000538c	0098	ldr r0,[sp,#0x0]
00005284	FUN_00005284	0000538e	01b0	add sp,#0x4
00005284	FUN_00005284	00005390	bdec088b	vpop {d8,d9,d10,d11}
00005284	FUN_00005284	00005394	04b0	add sp,#0x10
00005284	FUN_00005284	00005396	bde8f08f	pop.w {r4,r5,r6,r7,r8,r9,r10,r11,pc}
000053d4	FUN_000053d4	000053d4	70b5	push {r4,r5,r6,lr}
000053d4	FUN_000053d4	000053d6	0446	mov r4,r0
000053d4	FUN_000053d4	000053d8	0d46	mov r5,r1
000053d4	FUN_000053d4	000053da	00bf	nop
000053d4	FUN_000053d4	000053dc	1f48	ldr r0,[0x0000545c]
000053d4	FUN_000053d4	000053de	8442	cmp r4,r0
000053d4	FUN_000053d4	000053e0	0ed0	beq 0x00005400
000053d4	FUN_000053d4	000053e2	1f48	ldr r0,[0x00005460]
000053d4	FUN_000053d4	000053e4	8442	cmp r4,r0
000053d4	FUN_000053d4	000053e6	0bd0	beq 0x00005400
000053d4	FUN_000053d4	000053e8	1e48	ldr r0,[0x00005464]
000053d4	FUN_000053d4	000053ea	8442	cmp r4,r0
000053d4	FUN_000053d4	000053ec	08d0	beq 0x00005400
000053d4	FUN_000053d4	000053ee	1e48	ldr r0,[0x00005468]
000053d4	FUN_000053d4	000053f0	8442	cmp r4,r0
000053d4	FUN_000053d4	000053f2	05d0	beq 0x00005400
000053d4	FUN_000053d4	000053f4	1d48	ldr r0,[0x0000546c]
000053d4	FUN_000053d4	000053f6	8442	cmp r4,r0
000053d4	FUN_000053d4	000053f8	02d0	beq 0x00005400
000053d4	FUN_000053d4	000053fa	1d48	ldr r0,[0x00005470]
000053d4	FUN_000053d4	000053fc	8442	cmp r4,r0
000053d4	FUN_000053d4	000053fe	00d1	bne 0x00005402
000053d4	FUN_000053d4	00005400	04e0	b 0x0000540c
000053d4	FUN_000053d4	00005402	40f2ba51	movw r1,#0x5ba
000053d4	FUN_000053d4	00005406	1ba0	adr r0,[0x5474]
000053d4	FUN_000053d4	00005408	faf7f7ff	bl 0x000003fa
000053d4	FUN_000053d4	0000540c	00bf	nop
000053d4	FUN_000053d4	0000540e	00bf	nop
000053d4	FUN_000053d4	00005410	2db1	cbz r5,0x0000541e
000053d4	FUN_000053d4	00005412	2048	ldr r0,[0x00005494]
000053d4	FUN_000053d4	00005414	2843	orrs r0,r5
000053d4	FUN_000053d4	00005416	1f49	ldr r1,[0x00005494]
000053d4	FUN_000053d4	00005418	8842	cmp r0,r1
000053d4	FUN_000053d4	0000541a	00d1	bne 0x0000541e
000053d4	FUN_000053d4	0000541c	04e0	b 0x00005428
000053d4	FUN_000053d4	0000541e	40f2bb51	movw r1,#0x5bb
000053d4	FUN_000053d4	00005422	14a0	adr r0,[0x5474]
000053d4	FUN_000053d4	00005424	faf7e9ff	bl 0x000003fa
000053d4	FUN_000053d4	00005428	00bf	nop
000053d4	FUN_000053d4	0000542a	05f00b00	and r0,r5,#0xb
000053d4	FUN_000053d4	0000542e	28b1	cbz r0,0x0000543c
000053d4	FUN_000053d4	00005430	e068	ldr r0,[r4,#0xc]
000053d4	FUN_000053d4	00005432	05f00b01	and r1,r5,#0xb
000053d4	FUN_000053d4	00005436	40ea0140	orr.w r0,r0,r1, lsl #0x10
000053d4	FUN_000053d4	0000543a	e060	str r0,[r4,#0xc]
000053d4	FUN_000053d4	0000543c	05f48070	and r0,r5,#0x100
000053d4	FUN_000053d4	00005440	18b1	cbz r0,0x0000544a
000053d4	FUN_000053d4	00005442	e068	ldr r0,[r4,#0xc]
000053d4	FUN_000053d4	00005444	40f48010	orr r0,r0,#0x100000
000053d4	FUN_000053d4	00005448	e060	str r0,[r4,#0xc]
000053d4	FUN_000053d4	0000544a	05f40060	and r0,r5,#0x800
000053d4	FUN_000053d4	0000544e	18b1	cbz r0,0x00005458
000053d4	FUN_000053d4	00005450	e068	ldr r0,[r4,#0xc]
000053d4	FUN_000053d4	00005452	40f00070	orr r0,r0,#0x2000000
000053d4	FUN_000053d4	00005456	e060	str r0,[r4,#0xc]
000053d4	FUN_000053d4	00005458	70bd	pop {r4,r5,r6,pc}
00005498	FUN_00005498	00005498	2de9f041	push {r4,r5,r6,r7,r8,lr}
00005498	FUN_00005498	0000549c	0446	mov r4,r0
00005498	FUN_00005498	0000549e	0d46	mov r5,r1
00005498	FUN_00005498	000054a0	1646	mov r6,r2
00005498	FUN_00005498	000054a2	00bf	nop
00005498	FUN_00005498	000054a4	4548	ldr r0,[0x000055bc]
00005498	FUN_00005498	000054a6	8442	cmp r4,r0
00005498	FUN_00005498	000054a8	0ed0	beq 0x000054c8
00005498	FUN_00005498	000054aa	4548	ldr r0,[0x000055c0]
00005498	FUN_00005498	000054ac	8442	cmp r4,r0
00005498	FUN_00005498	000054ae	0bd0	beq 0x000054c8
00005498	FUN_00005498	000054b0	4448	ldr r0,[0x000055c4]
00005498	FUN_00005498	000054b2	8442	cmp r4,r0
00005498	FUN_00005498	000054b4	08d0	beq 0x000054c8
00005498	FUN_00005498	000054b6	4448	ldr r0,[0x000055c8]
00005498	FUN_00005498	000054b8	8442	cmp r4,r0
00005498	FUN_00005498	000054ba	05d0	beq 0x000054c8
00005498	FUN_00005498	000054bc	4348	ldr r0,[0x000055cc]
00005498	FUN_00005498	000054be	8442	cmp r4,r0
00005498	FUN_00005498	000054c0	02d0	beq 0x000054c8
00005498	FUN_00005498	000054c2	4348	ldr r0,[0x000055d0]
00005498	FUN_00005498	000054c4	8442	cmp r4,r0
00005498	FUN_00005498	000054c6	00d1	bne 0x000054ca
00005498	FUN_00005498	000054c8	04e0	b 0x000054d4
00005498	FUN_00005498	000054ca	40f28d51	movw r1,#0x58d
00005498	FUN_00005498	000054ce	41a0	adr r0,[0x55d4]
00005498	FUN_00005498	000054d0	faf793ff	bl 0x000003fa
00005498	FUN_00005498	000054d4	00bf	nop
00005498	FUN_00005498	000054d6	00bf	nop
00005498	FUN_00005498	000054d8	0eb1	cbz r6,0x000054de
00005498	FUN_00005498	000054da	012e	cmp r6,#0x1
00005498	FUN_00005498	000054dc	00d1	bne 0x000054e0
00005498	FUN_00005498	000054de	04e0	b 0x000054ea
00005498	FUN_00005498	000054e0	40f28e51	movw r1,#0x58e
00005498	FUN_00005498	000054e4	3ba0	adr r0,[0x55d4]
00005498	FUN_00005498	000054e6	faf788ff	bl 0x000003fa
00005498	FUN_00005498	000054ea	00bf	nop
00005498	FUN_00005498	000054ec	00bf	nop
00005498	FUN_00005498	000054ee	2db1	cbz r5,0x000054fc
00005498	FUN_00005498	000054f0	4048	ldr r0,[0x000055f4]
00005498	FUN_00005498	000054f2	2843	orrs r0,r5
00005498	FUN_00005498	000054f4	3f49	ldr r1,[0x000055f4]
00005498	FUN_00005498	000054f6	8842	cmp r0,r1
00005498	FUN_00005498	000054f8	00d1	bne 0x000054fc
00005498	FUN_00005498	000054fa	04e0	b 0x00005506
00005498	FUN_00005498	000054fc	40f28f51	movw r1,#0x58f
00005498	FUN_00005498	00005500	34a0	adr r0,[0x55d4]
00005498	FUN_00005498	00005502	faf77aff	bl 0x000003fa
00005498	FUN_00005498	00005506	00bf	nop
00005498	FUN_00005498	00005508	00bf	nop
00005498	FUN_00005498	0000550a	2e48	ldr r0,[0x000055c4]
00005498	FUN_00005498	0000550c	8442	cmp r4,r0
00005498	FUN_00005498	0000550e	0bd0	beq 0x00005528
00005498	FUN_00005498	00005510	2f48	ldr r0,[0x000055d0]
00005498	FUN_00005498	00005512	8442	cmp r4,r0
00005498	FUN_00005498	00005514	08d0	beq 0x00005528
00005498	FUN_00005498	00005516	2b48	ldr r0,[0x000055c4]
00005498	FUN_00005498	00005518	8442	cmp r4,r0
00005498	FUN_00005498	0000551a	06d0	beq 0x0000552a
00005498	FUN_00005498	0000551c	2c48	ldr r0,[0x000055d0]
00005498	FUN_00005498	0000551e	8442	cmp r4,r0
00005498	FUN_00005498	00005520	03d0	beq 0x0000552a
00005498	FUN_00005498	00005522	3548	ldr r0,[0x000055f8]
00005498	FUN_00005498	00005524	2840	ands r0,r5
00005498	FUN_00005498	00005526	00b9	cbnz r0,0x0000552a
00005498	FUN_00005498	00005528	04e0	b 0x00005534
00005498	FUN_00005498	0000552a	4ff4b261	mov.w r1,#0x590
00005498	FUN_00005498	0000552e	29a0	adr r0,[0x55d4]
00005498	FUN_00005498	00005530	faf763ff	bl 0x000003fa
00005498	FUN_00005498	00005534	00bf	nop
00005498	FUN_00005498	00005536	00bf	nop
00005498	FUN_00005498	00005538	2048	ldr r0,[0x000055bc]
00005498	FUN_00005498	0000553a	8442	cmp r4,r0
00005498	FUN_00005498	0000553c	17d0	beq 0x0000556e
00005498	FUN_00005498	0000553e	2048	ldr r0,[0x000055c0]
00005498	FUN_00005498	00005540	8442	cmp r4,r0
00005498	FUN_00005498	00005542	14d0	beq 0x0000556e
00005498	FUN_00005498	00005544	2048	ldr r0,[0x000055c8]
00005498	FUN_00005498	00005546	8442	cmp r4,r0
00005498	FUN_00005498	00005548	11d0	beq 0x0000556e
00005498	FUN_00005498	0000554a	2048	ldr r0,[0x000055cc]
00005498	FUN_00005498	0000554c	8442	cmp r4,r0
00005498	FUN_00005498	0000554e	0ed0	beq 0x0000556e
00005498	FUN_00005498	00005550	1a48	ldr r0,[0x000055bc]
00005498	FUN_00005498	00005552	8442	cmp r4,r0
00005498	FUN_00005498	00005554	0cd0	beq 0x00005570
00005498	FUN_00005498	00005556	1a48	ldr r0,[0x000055c0]
00005498	FUN_00005498	00005558	8442	cmp r4,r0
00005498	FUN_00005498	0000555a	09d0	beq 0x00005570
00005498	FUN_00005498	0000555c	1a48	ldr r0,[0x000055c8]
00005498	FUN_00005498	0000555e	8442	cmp r4,r0
00005498	FUN_00005498	00005560	06d0	beq 0x00005570
00005498	FUN_00005498	00005562	1a48	ldr r0,[0x000055cc]
00005498	FUN_00005498	00005564	8442	cmp r4,r0
00005498	FUN_00005498	00005566	03d0	beq 0x00005570
00005498	FUN_00005498	00005568	05f00300	and r0,r5,#0x3
00005498	FUN_00005498	0000556c	00b9	cbnz r0,0x00005570
00005498	FUN_00005498	0000556e	04e0	b 0x0000557a
00005498	FUN_00005498	00005570	40f29151	movw r1,#0x591
00005498	FUN_00005498	00005574	17a0	adr r0,[0x55d4]
00005498	FUN_00005498	00005576	faf740ff	bl 0x000003fa
00005498	FUN_00005498	0000557a	00bf	nop
00005498	FUN_00005498	0000557c	afb2	uxth r7,r5
00005498	FUN_00005498	0000557e	47b1	cbz r7,0x00005592
00005498	FUN_00005498	00005580	012e	cmp r6,#0x1
00005498	FUN_00005498	00005582	03d1	bne 0x0000558c
00005498	FUN_00005498	00005584	e068	ldr r0,[r4,#0xc]
00005498	FUN_00005498	00005586	3843	orrs r0,r7
00005498	FUN_00005498	00005588	e060	str r0,[r4,#0xc]
00005498	FUN_00005498	0000558a	02e0	b 0x00005592
00005498	FUN_00005498	0000558c	e068	ldr r0,[r4,#0xc]
00005498	FUN_00005498	0000558e	b843	bics r0,r7
00005498	FUN_00005498	00005590	e060	str r0,[r4,#0xc]
00005498	FUN_00005498	00005592	1948	ldr r0,[0x000055f8]
00005498	FUN_00005498	00005594	2840	ands r0,r5
00005498	FUN_00005498	00005596	4fea1048	lsr.w r8,r0,#0x10
00005498	FUN_00005498	0000559a	b8f1000f	cmp.w r8,#0x0
00005498	FUN_00005498	0000559e	0ad0	beq 0x000055b6
00005498	FUN_00005498	000055a0	012e	cmp r6,#0x1
00005498	FUN_00005498	000055a2	04d1	bne 0x000055ae
00005498	FUN_00005498	000055a4	2069	ldr r0,[r4,#0x10]
00005498	FUN_00005498	000055a6	40ea0800	orr.w r0,r0,r8
00005498	FUN_00005498	000055aa	2061	str r0,[r4,#0x10]
00005498	FUN_00005498	000055ac	03e0	b 0x000055b6
00005498	FUN_00005498	000055ae	2069	ldr r0,[r4,#0x10]
00005498	FUN_00005498	000055b0	20ea0800	bic.w r0,r0,r8
00005498	FUN_00005498	000055b4	2061	str r0,[r4,#0x10]
00005498	FUN_00005498	000055b6	bde8f081	pop.w {r4,r5,r6,r7,r8,pc}
000055fc	FUN_000055fc	000055fc	0146	mov r1,r0
000055fc	FUN_000055fc	000055fe	044a	ldr r2,[0x00005610]
000055fc	FUN_000055fc	00005600	126a	ldr r2,[r2,#0x20]
000055fc	FUN_000055fc	00005602	c2f30213	ubfx r3,r2,#0x4,#0x3
000055fc	FUN_000055fc	00005606	034a	ldr r2,[0x00005614]
000055fc	FUN_000055fc	00005608	1268	ldr r2,[r2,#0x0]
000055fc	FUN_000055fc	0000560a	22fa03f0	lsr.w r0,r2,r3
000055fc	FUN_000055fc	0000560e	7047	bx lr
00005618	FUN_00005618	00005618	70b5	push {r4,r5,r6,lr}
00005618	FUN_00005618	0000561a	0446	mov r4,r0
00005618	FUN_00005618	0000561c	0d46	mov r5,r1
00005618	FUN_00005618	0000561e	00bf	nop
00005618	FUN_00005618	00005620	1648	ldr r0,[0x0000567c]
00005618	FUN_00005618	00005622	8442	cmp r4,r0
00005618	FUN_00005618	00005624	0ed0	beq 0x00005644
00005618	FUN_00005618	00005626	1648	ldr r0,[0x00005680]
00005618	FUN_00005618	00005628	8442	cmp r4,r0
00005618	FUN_00005618	0000562a	0bd0	beq 0x00005644
00005618	FUN_00005618	0000562c	1548	ldr r0,[0x00005684]
00005618	FUN_00005618	0000562e	8442	cmp r4,r0
00005618	FUN_00005618	00005630	08d0	beq 0x00005644
00005618	FUN_00005618	00005632	1548	ldr r0,[0x00005688]
00005618	FUN_00005618	00005634	8442	cmp r4,r0
00005618	FUN_00005618	00005636	05d0	beq 0x00005644
00005618	FUN_00005618	00005638	1448	ldr r0,[0x0000568c]
00005618	FUN_00005618	0000563a	8442	cmp r4,r0
00005618	FUN_00005618	0000563c	02d0	beq 0x00005644
00005618	FUN_00005618	0000563e	1448	ldr r0,[0x00005690]
00005618	FUN_00005618	00005640	8442	cmp r4,r0
00005618	FUN_00005618	00005642	00d1	bne 0x00005646
00005618	FUN_00005618	00005644	04e0	b 0x00005650
00005618	FUN_00005618	00005646	40f2a951	movw r1,#0x5a9
00005618	FUN_00005618	0000564a	12a0	adr r0,[0x5694]
00005618	FUN_00005618	0000564c	faf7d5fe	bl 0x000003fa
00005618	FUN_00005618	00005650	00bf	nop
00005618	FUN_00005618	00005652	00bf	nop
00005618	FUN_00005618	00005654	2db1	cbz r5,0x00005662
00005618	FUN_00005618	00005656	1748	ldr r0,[0x000056b4]
00005618	FUN_00005618	00005658	2843	orrs r0,r5
00005618	FUN_00005618	0000565a	1649	ldr r1,[0x000056b4]
00005618	FUN_00005618	0000565c	8842	cmp r0,r1
00005618	FUN_00005618	0000565e	00d1	bne 0x00005662
00005618	FUN_00005618	00005660	04e0	b 0x0000566c
00005618	FUN_00005618	00005662	40f2aa51	movw r1,#0x5aa
00005618	FUN_00005618	00005666	0ba0	adr r0,[0x5694]
00005618	FUN_00005618	00005668	faf7c7fe	bl 0x000003fa
00005618	FUN_00005618	0000566c	00bf	nop
00005618	FUN_00005618	0000566e	2068	ldr r0,[r4,#0x0]
00005618	FUN_00005618	00005670	2840	ands r0,r5
00005618	FUN_00005618	00005672	08b1	cbz r0,0x00005678
00005618	FUN_00005618	00005674	0120	movs r0,#0x1
00005618	FUN_00005618	00005676	70bd	pop {r4,r5,r6,pc}
00005618	FUN_00005618	00005678	0020	movs r0,#0x0
00005618	FUN_00005618	0000567a	fce7	b 0x00005676
000056b8	FUN_000056b8	000056b8	2de9f041	push {r4,r5,r6,r7,r8,lr}
000056b8	FUN_000056b8	000056bc	0446	mov r4,r0
000056b8	FUN_000056b8	000056be	00bf	nop
000056b8	FUN_000056b8	000056c0	1948	ldr r0,[0x00005728]
000056b8	FUN_000056b8	000056c2	8442	cmp r4,r0
000056b8	FUN_000056b8	000056c4	0ed0	beq 0x000056e4
000056b8	FUN_000056b8	000056c6	1948	ldr r0,[0x0000572c]
000056b8	FUN_000056b8	000056c8	8442	cmp r4,r0
000056b8	FUN_000056b8	000056ca	0bd0	beq 0x000056e4
000056b8	FUN_000056b8	000056cc	1848	ldr r0,[0x00005730]
000056b8	FUN_000056b8	000056ce	8442	cmp r4,r0
000056b8	FUN_000056b8	000056d0	08d0	beq 0x000056e4
000056b8	FUN_000056b8	000056d2	1848	ldr r0,[0x00005734]
000056b8	FUN_000056b8	000056d4	8442	cmp r4,r0
000056b8	FUN_000056b8	000056d6	05d0	beq 0x000056e4
000056b8	FUN_000056b8	000056d8	1748	ldr r0,[0x00005738]
000056b8	FUN_000056b8	000056da	8442	cmp r4,r0
000056b8	FUN_000056b8	000056dc	02d0	beq 0x000056e4
000056b8	FUN_000056b8	000056de	1748	ldr r0,[0x0000573c]
000056b8	FUN_000056b8	000056e0	8442	cmp r4,r0
000056b8	FUN_000056b8	000056e2	00d1	bne 0x000056e6
000056b8	FUN_000056b8	000056e4	04e0	b 0x000056f0
000056b8	FUN_000056b8	000056e6	40f27e31	movw r1,#0x37e
000056b8	FUN_000056b8	000056ea	15a0	adr r0,[0x5740]
000056b8	FUN_000056b8	000056ec	faf785fe	bl 0x000003fa
000056b8	FUN_000056b8	000056f0	00bf	nop
000056b8	FUN_000056b8	000056f2	2046	mov r0,r4
000056b8	FUN_000056b8	000056f4	fff782ff	bl 0x000055fc
000056b8	FUN_000056b8	000056f8	0546	mov r5,r0
000056b8	FUN_000056b8	000056fa	a069	ldr r0,[r4,#0x18]
000056b8	FUN_000056b8	000056fc	00f01000	and r0,r0,#0x10
000056b8	FUN_000056b8	00005700	1028	cmp r0,#0x10
000056b8	FUN_000056b8	00005702	06d1	bne 0x00005712
000056b8	FUN_000056b8	00005704	a069	ldr r0,[r4,#0x18]
000056b8	FUN_000056b8	00005706	00f00301	and r1,r0,#0x3
000056b8	FUN_000056b8	0000570a	8020	movs r0,#0x80
000056b8	FUN_000056b8	0000570c	00fa01f6	lsl.w r6,r0,r1
000056b8	FUN_000056b8	00005710	05e0	b 0x0000571e
000056b8	FUN_000056b8	00005712	a069	ldr r0,[r4,#0x18]
000056b8	FUN_000056b8	00005714	8007	lsls r0,r0,#0x1e
000056b8	FUN_000056b8	00005716	410f	lsrs r1,r0,#0x1d
000056b8	FUN_000056b8	00005718	0120	movs r0,#0x1
000056b8	FUN_000056b8	0000571a	00fa01f6	lsl.w r6,r0,r1
000056b8	FUN_000056b8	0000571e	b5fbf6f7	udiv r7,r5,r6
000056b8	FUN_000056b8	00005722	3846	mov r0,r7
000056b8	FUN_000056b8	00005724	bde8f081	pop.w {r4,r5,r6,r7,r8,pc}
00005760	FUN_00005760	00005760	10b5	push {r4,lr}
00005760	FUN_00005760	00005762	0446	mov r4,r0
00005760	FUN_00005760	00005764	00bf	nop
00005760	FUN_00005760	00005766	0d48	ldr r0,[0x0000579c]
00005760	FUN_00005760	00005768	8442	cmp r4,r0
00005760	FUN_00005760	0000576a	0ed0	beq 0x0000578a
00005760	FUN_00005760	0000576c	0c48	ldr r0,[0x000057a0]
00005760	FUN_00005760	0000576e	8442	cmp r4,r0
00005760	FUN_00005760	00005770	0bd0	beq 0x0000578a
00005760	FUN_00005760	00005772	0c48	ldr r0,[0x000057a4]
00005760	FUN_00005760	00005774	8442	cmp r4,r0
00005760	FUN_00005760	00005776	08d0	beq 0x0000578a
00005760	FUN_00005760	00005778	0b48	ldr r0,[0x000057a8]
00005760	FUN_00005760	0000577a	8442	cmp r4,r0
00005760	FUN_00005760	0000577c	05d0	beq 0x0000578a
00005760	FUN_00005760	0000577e	0b48	ldr r0,[0x000057ac]
00005760	FUN_00005760	00005780	8442	cmp r4,r0
00005760	FUN_00005760	00005782	02d0	beq 0x0000578a
00005760	FUN_00005760	00005784	0a48	ldr r0,[0x000057b0]
00005760	FUN_00005760	00005786	8442	cmp r4,r0
00005760	FUN_00005760	00005788	00d1	bne 0x0000578c
00005760	FUN_00005760	0000578a	04e0	b 0x00005796
00005760	FUN_00005760	0000578c	4ff4db61	mov.w r1,#0x6d8
00005760	FUN_00005760	00005790	08a0	adr r0,[0x57b4]
00005760	FUN_00005760	00005792	faf732fe	bl 0x000003fa
00005760	FUN_00005760	00005796	00bf	nop
00005760	FUN_00005760	00005798	e088	ldrh r0,[r4,#0x6]
00005760	FUN_00005760	0000579a	10bd	pop {r4,pc}
000057d4	FUN_000057d4	000057d4	2de9ff47	push {r0,r1,r2,r3,r4,r5,r6,r7,r8,r9,r10,lr}
000057d4	FUN_000057d4	000057d8	0446	mov r4,r0
000057d4	FUN_000057d4	000057da	0f46	mov r7,r1
000057d4	FUN_000057d4	000057dc	1646	mov r6,r2
000057d4	FUN_000057d4	000057de	0020	movs r0,#0x0
000057d4	FUN_000057d4	000057e0	0390	str r0,[sp,#0xc]
000057d4	FUN_000057d4	000057e2	4ff6ff70	movw r0,#0xffff
000057d4	FUN_000057d4	000057e6	0290	str r0,[sp,#0x8]
000057d4	FUN_000057d4	000057e8	00bf	nop
000057d4	FUN_000057d4	000057ea	07b1	cbz r7,0x000057ee
000057d4	FUN_000057d4	000057ec	04e0	b 0x000057f8
000057d4	FUN_000057d4	000057ee	40f21171	movw r1,#0x711
000057d4	FUN_000057d4	000057f2	32a0	adr r0,[0x58bc]
000057d4	FUN_000057d4	000057f4	faf701fe	bl 0x000003fa
000057d4	FUN_000057d4	000057f8	00bf	nop
000057d4	FUN_000057d4	000057fa	00bf	nop
000057d4	FUN_000057d4	000057fc	3748	ldr r0,[0x000058dc]
000057d4	FUN_000057d4	000057fe	8442	cmp r4,r0
000057d4	FUN_000057d4	00005800	0ed0	beq 0x00005820
000057d4	FUN_000057d4	00005802	3748	ldr r0,[0x000058e0]
000057d4	FUN_000057d4	00005804	8442	cmp r4,r0
000057d4	FUN_000057d4	00005806	0bd0	beq 0x00005820
000057d4	FUN_000057d4	00005808	3648	ldr r0,[0x000058e4]
000057d4	FUN_000057d4	0000580a	8442	cmp r4,r0
000057d4	FUN_000057d4	0000580c	08d0	beq 0x00005820
000057d4	FUN_000057d4	0000580e	3648	ldr r0,[0x000058e8]
000057d4	FUN_000057d4	00005810	8442	cmp r4,r0
000057d4	FUN_000057d4	00005812	05d0	beq 0x00005820
000057d4	FUN_000057d4	00005814	3548	ldr r0,[0x000058ec]
000057d4	FUN_000057d4	00005816	8442	cmp r4,r0
000057d4	FUN_000057d4	00005818	02d0	beq 0x00005820
000057d4	FUN_000057d4	0000581a	3548	ldr r0,[0x000058f0]
000057d4	FUN_000057d4	0000581c	8442	cmp r4,r0
000057d4	FUN_000057d4	0000581e	00d1	bne 0x00005822
000057d4	FUN_000057d4	00005820	04e0	b 0x0000582c
000057d4	FUN_000057d4	00005822	40f21271	movw r1,#0x712
000057d4	FUN_000057d4	00005826	25a0	adr r0,[0x58bc]
000057d4	FUN_000057d4	00005828	faf7e7fd	bl 0x000003fa
000057d4	FUN_000057d4	0000582c	00bf	nop
000057d4	FUN_000057d4	0000582e	2046	mov r0,r4
000057d4	FUN_000057d4	00005830	fff742ff	bl 0x000056b8
000057d4	FUN_000057d4	00005834	8146	mov r9,r0
000057d4	FUN_000057d4	00005836	e068	ldr r0,[r4,#0xc]
000057d4	FUN_000057d4	00005838	00f08078	and r8,r0,#0x1000000
000057d4	FUN_000057d4	0000583c	b8f1000f	cmp.w r8,#0x0
000057d4	FUN_000057d4	00005840	1bd1	bne 0x0000587a
000057d4	FUN_000057d4	00005842	6069	ldr r0,[r4,#0x14]
000057d4	FUN_000057d4	00005844	00f02008	and r8,r0,#0x20
000057d4	FUN_000057d4	00005848	b8f1000f	cmp.w r8,#0x0
000057d4	FUN_000057d4	0000584c	0ad1	bne 0x00005864
000057d4	FUN_000057d4	0000584e	02a8	add r0,sp,#0x8
000057d4	FUN_000057d4	00005850	03ab	add r3,sp,#0xc
000057d4	FUN_000057d4	00005852	3a46	mov r2,r7
000057d4	FUN_000057d4	00005854	4946	mov r1,r9
000057d4	FUN_000057d4	00005856	cde90006	strd r0,r6,[sp,#0x0]
000057d4	FUN_000057d4	0000585a	2046	mov r0,r4
000057d4	FUN_000057d4	0000585c	fff7f2fb	bl 0x00005044
000057d4	FUN_000057d4	00005860	0546	mov r5,r0
000057d4	FUN_000057d4	00005862	14e0	b 0x0000588e
000057d4	FUN_000057d4	00005864	02a8	add r0,sp,#0x8
000057d4	FUN_000057d4	00005866	03ab	add r3,sp,#0xc
000057d4	FUN_000057d4	00005868	3a46	mov r2,r7
000057d4	FUN_000057d4	0000586a	4946	mov r1,r9
000057d4	FUN_000057d4	0000586c	cde90006	strd r0,r6,[sp,#0x0]
000057d4	FUN_000057d4	00005870	2046	mov r0,r4
000057d4	FUN_000057d4	00005872	fef7e9ff	bl 0x00004848
000057d4	FUN_000057d4	00005876	0546	mov r5,r0
000057d4	FUN_000057d4	00005878	09e0	b 0x0000588e
000057d4	FUN_000057d4	0000587a	02a8	add r0,sp,#0x8
000057d4	FUN_000057d4	0000587c	03ab	add r3,sp,#0xc
000057d4	FUN_000057d4	0000587e	3a46	mov r2,r7
000057d4	FUN_000057d4	00005880	4946	mov r1,r9
000057d4	FUN_000057d4	00005882	cde90006	strd r0,r6,[sp,#0x0]
000057d4	FUN_000057d4	00005886	2046	mov r0,r4
000057d4	FUN_000057d4	00005888	fbf734ff	bl 0x000016f4
000057d4	FUN_000057d4	0000588c	0546	mov r5,r0
000057d4	FUN_000057d4	0000588e	85b9	cbnz r5,0x000058b2
000057d4	FUN_000057d4	00005890	0399	ldr r1,[sp,#0xc]
000057d4	FUN_000057d4	00005892	a068	ldr r0,[r4,#0x8]
000057d4	FUN_000057d4	00005894	61f30f20	bfi r0,r1,#0x8,#0x8
000057d4	FUN_000057d4	00005898	a060	str r0,[r4,#0x8]
000057d4	FUN_000057d4	0000589a	0298	ldr r0,[sp,#0x8]
000057d4	FUN_000057d4	0000589c	7f28	cmp r0,#0x7f
000057d4	FUN_000057d4	0000589e	08d8	bhi 0x000058b2
000057d4	FUN_000057d4	000058a0	e068	ldr r0,[r4,#0xc]
000057d4	FUN_000057d4	000058a2	40f00050	orr r0,r0,#0x20000000
000057d4	FUN_000057d4	000058a6	e060	str r0,[r4,#0xc]
000057d4	FUN_000057d4	000058a8	0299	ldr r1,[sp,#0x8]
000057d4	FUN_000057d4	000058aa	a068	ldr r0,[r4,#0x8]
000057d4	FUN_000057d4	000058ac	61f30600	bfi r0,r1,#0x0,#0x7
000057d4	FUN_000057d4	000058b0	a060	str r0,[r4,#0x8]
000057d4	FUN_000057d4	000058b2	2846	mov r0,r5
000057d4	FUN_000057d4	000058b4	04b0	add sp,#0x10
000057d4	FUN_000057d4	000058b6	bde8f087	pop.w {r4,r5,r6,r7,r8,r9,r10,pc}
000058f4	FUN_000058f4	000058f4	2de9f047	push {r4,r5,r6,r7,r8,r9,r10,lr}
000058f4	FUN_000058f4	000058f8	0546	mov r5,r0
000058f4	FUN_000058f4	000058fa	0c46	mov r4,r1
000058f4	FUN_000058f4	000058fc	9046	mov r8,r2
000058f4	FUN_000058f4	000058fe	6ff0020a	mvn r10,#0x2
000058f4	FUN_000058f4	00005902	002c	cmp r4,#0x0
000058f4	FUN_000058f4	00005904	79d0	beq 0x000059fa
000058f4	FUN_000058f4	00005906	00bf	nop
000058f4	FUN_000058f4	00005908	6e48	ldr r0,[0x00005ac4]
000058f4	FUN_000058f4	0000590a	8542	cmp r5,r0
000058f4	FUN_000058f4	0000590c	0ed0	beq 0x0000592c
000058f4	FUN_000058f4	0000590e	6e48	ldr r0,[0x00005ac8]
000058f4	FUN_000058f4	00005910	8542	cmp r5,r0
000058f4	FUN_000058f4	00005912	0bd0	beq 0x0000592c
000058f4	FUN_000058f4	00005914	6d48	ldr r0,[0x00005acc]
000058f4	FUN_000058f4	00005916	8542	cmp r5,r0
000058f4	FUN_000058f4	00005918	08d0	beq 0x0000592c
000058f4	FUN_000058f4	0000591a	6d48	ldr r0,[0x00005ad0]
000058f4	FUN_000058f4	0000591c	8542	cmp r5,r0
000058f4	FUN_000058f4	0000591e	05d0	beq 0x0000592c
000058f4	FUN_000058f4	00005920	6c48	ldr r0,[0x00005ad4]
000058f4	FUN_000058f4	00005922	8542	cmp r5,r0
000058f4	FUN_000058f4	00005924	02d0	beq 0x0000592c
000058f4	FUN_000058f4	00005926	6c48	ldr r0,[0x00005ad8]
000058f4	FUN_000058f4	00005928	8542	cmp r5,r0
000058f4	FUN_000058f4	0000592a	00d1	bne 0x0000592e
000058f4	FUN_000058f4	0000592c	04e0	b 0x00005938
000058f4	FUN_000058f4	0000592e	40f27c41	movw r1,#0x47c
000058f4	FUN_000058f4	00005932	6aa0	adr r0,[0x5adc]
000058f4	FUN_000058f4	00005934	faf761fd	bl 0x000003fa
000058f4	FUN_000058f4	00005938	00bf	nop
000058f4	FUN_000058f4	0000593a	00bf	nop
000058f4	FUN_000058f4	0000593c	2068	ldr r0,[r4,#0x0]
000058f4	FUN_000058f4	0000593e	b0f5805f	cmp.w r0,#0x1000
000058f4	FUN_000058f4	00005942	01d0	beq 0x00005948
000058f4	FUN_000058f4	00005944	2068	ldr r0,[r4,#0x0]
000058f4	FUN_000058f4	00005946	00b9	cbnz r0,0x0000594a
000058f4	FUN_000058f4	00005948	04e0	b 0x00005954
000058f4	FUN_000058f4	0000594a	40f27d41	movw r1,#0x47d
000058f4	FUN_000058f4	0000594e	63a0	adr r0,[0x5adc]
000058f4	FUN_000058f4	00005950	faf753fd	bl 0x000003fa
000058f4	FUN_000058f4	00005954	00bf	nop
000058f4	FUN_000058f4	00005956	00bf	nop
000058f4	FUN_000058f4	00005958	a068	ldr r0,[r4,#0x8]
000058f4	FUN_000058f4	0000595a	b0f5006f	cmp.w r0,#0x800
000058f4	FUN_000058f4	0000595e	01d0	beq 0x00005964
000058f4	FUN_000058f4	00005960	a068	ldr r0,[r4,#0x8]
000058f4	FUN_000058f4	00005962	00b9	cbnz r0,0x00005966
000058f4	FUN_000058f4	00005964	04e0	b 0x00005970
000058f4	FUN_000058f4	00005966	40f27e41	movw r1,#0x47e
000058f4	FUN_000058f4	0000596a	5ca0	adr r0,[0x5adc]
000058f4	FUN_000058f4	0000596c	faf745fd	bl 0x000003fa
000058f4	FUN_000058f4	00005970	00bf	nop
000058f4	FUN_000058f4	00005972	00bf	nop
000058f4	FUN_000058f4	00005974	a069	ldr r0,[r4,#0x18]
000058f4	FUN_000058f4	00005976	b0f5c06f	cmp.w r0,#0x600
000058f4	FUN_000058f4	0000597a	05d0	beq 0x00005988
000058f4	FUN_000058f4	0000597c	a069	ldr r0,[r4,#0x18]
000058f4	FUN_000058f4	0000597e	b0f5806f	cmp.w r0,#0x400
000058f4	FUN_000058f4	00005982	01d0	beq 0x00005988
000058f4	FUN_000058f4	00005984	a069	ldr r0,[r4,#0x18]
000058f4	FUN_000058f4	00005986	00b9	cbnz r0,0x0000598a
000058f4	FUN_000058f4	00005988	04e0	b 0x00005994
000058f4	FUN_000058f4	0000598a	40f27f41	movw r1,#0x47f
000058f4	FUN_000058f4	0000598e	53a0	adr r0,[0x5adc]
000058f4	FUN_000058f4	00005990	faf733fd	bl 0x000003fa
000058f4	FUN_000058f4	00005994	00bf	nop
000058f4	FUN_000058f4	00005996	00bf	nop
000058f4	FUN_000058f4	00005998	2069	ldr r0,[r4,#0x10]
000058f4	FUN_000058f4	0000599a	18b1	cbz r0,0x000059a4
000058f4	FUN_000058f4	0000599c	2069	ldr r0,[r4,#0x10]
000058f4	FUN_000058f4	0000599e	b0f5805f	cmp.w r0,#0x1000
000058f4	FUN_000058f4	000059a2	00d1	bne 0x000059a6
000058f4	FUN_000058f4	000059a4	04e0	b 0x000059b0
000058f4	FUN_000058f4	000059a6	4ff49061	mov.w r1,#0x480
000058f4	FUN_000058f4	000059aa	4ca0	adr r0,[0x5adc]
000058f4	FUN_000058f4	000059ac	faf725fd	bl 0x000003fa
000058f4	FUN_000058f4	000059b0	00bf	nop
000058f4	FUN_000058f4	000059b2	00bf	nop
000058f4	FUN_000058f4	000059b4	6069	ldr r0,[r4,#0x14]
000058f4	FUN_000058f4	000059b6	18b1	cbz r0,0x000059c0
000058f4	FUN_000058f4	000059b8	6069	ldr r0,[r4,#0x14]
000058f4	FUN_000058f4	000059ba	b0f5005f	cmp.w r0,#0x2000
000058f4	FUN_000058f4	000059be	00d1	bne 0x000059c2
000058f4	FUN_000058f4	000059c0	04e0	b 0x000059cc
000058f4	FUN_000058f4	000059c2	40f28141	movw r1,#0x481
000058f4	FUN_000058f4	000059c6	45a0	adr r0,[0x5adc]
000058f4	FUN_000058f4	000059c8	faf717fd	bl 0x000003fa
000058f4	FUN_000058f4	000059cc	00bf	nop
000058f4	FUN_000058f4	000059ce	00bf	nop
000058f4	FUN_000058f4	000059d0	e069	ldr r0,[r4,#0x1c]
000058f4	FUN_000058f4	000059d2	b0f5004f	cmp.w r0,#0x8000
000058f4	FUN_000058f4	000059d6	01d0	beq 0x000059dc
000058f4	FUN_000058f4	000059d8	e069	ldr r0,[r4,#0x1c]
000058f4	FUN_000058f4	000059da	00b9	cbnz r0,0x000059de
000058f4	FUN_000058f4	000059dc	04e0	b 0x000059e8
000058f4	FUN_000058f4	000059de	40f28241	movw r1,#0x482
000058f4	FUN_000058f4	000059e2	3ea0	adr r0,[0x5adc]
000058f4	FUN_000058f4	000059e4	faf709fd	bl 0x000003fa
000058f4	FUN_000058f4	000059e8	00bf	nop
000058f4	FUN_000058f4	000059ea	00bf	nop
000058f4	FUN_000058f4	000059ec	206a	ldr r0,[r4,#0x20]
000058f4	FUN_000058f4	000059ee	b0f1805f	cmp.w r0,#0x10000000
000058f4	FUN_000058f4	000059f2	01d0	beq 0x000059f8
000058f4	FUN_000058f4	000059f4	206a	ldr r0,[r4,#0x20]
000058f4	FUN_000058f4	000059f6	08b9	cbnz r0,0x000059fc
000058f4	FUN_000058f4	000059f8	05e0	b 0x00005a06
000058f4	FUN_000058f4	000059fa	60e0	b 0x00005abe
000058f4	FUN_000058f4	000059fc	40f28341	movw r1,#0x483
000058f4	FUN_000058f4	00005a00	36a0	adr r0,[0x5adc]
000058f4	FUN_000058f4	00005a02	faf7fafc	bl 0x000003fa
000058f4	FUN_000058f4	00005a06	00bf	nop
000058f4	FUN_000058f4	00005a08	00bf	nop
000058f4	FUN_000058f4	00005a0a	606a	ldr r0,[r4,#0x24]
000058f4	FUN_000058f4	00005a0c	18b1	cbz r0,0x00005a16
000058f4	FUN_000058f4	00005a0e	606a	ldr r0,[r4,#0x24]
000058f4	FUN_000058f4	00005a10	b0f1004f	cmp.w r0,#0x80000000
000058f4	FUN_000058f4	00005a14	00d1	bne 0x00005a18
000058f4	FUN_000058f4	00005a16	04e0	b 0x00005a22
000058f4	FUN_000058f4	00005a18	40f28441	movw r1,#0x484
000058f4	FUN_000058f4	00005a1c	2fa0	adr r0,[0x5adc]
000058f4	FUN_000058f4	00005a1e	faf7ecfc	bl 0x000003fa
000058f4	FUN_000058f4	00005a22	00bf	nop
000058f4	FUN_000058f4	00005a24	00bf	nop
000058f4	FUN_000058f4	00005a26	a06a	ldr r0,[r4,#0x28]
000058f4	FUN_000058f4	00005a28	58b1	cbz r0,0x00005a42
000058f4	FUN_000058f4	00005a2a	a06a	ldr r0,[r4,#0x28]
000058f4	FUN_000058f4	00005a2c	b0f5007f	cmp.w r0,#0x200
000058f4	FUN_000058f4	00005a30	07d0	beq 0x00005a42
000058f4	FUN_000058f4	00005a32	a06a	ldr r0,[r4,#0x28]
000058f4	FUN_000058f4	00005a34	b0f5807f	cmp.w r0,#0x100
000058f4	FUN_000058f4	00005a38	03d0	beq 0x00005a42
000058f4	FUN_000058f4	00005a3a	a06a	ldr r0,[r4,#0x28]
000058f4	FUN_000058f4	00005a3c	b0f5407f	cmp.w r0,#0x300
000058f4	FUN_000058f4	00005a40	00d1	bne 0x00005a44
000058f4	FUN_000058f4	00005a42	04e0	b 0x00005a4e
000058f4	FUN_000058f4	00005a44	40f28541	movw r1,#0x485
000058f4	FUN_000058f4	00005a48	24a0	adr r0,[0x5adc]
000058f4	FUN_000058f4	00005a4a	faf7d6fc	bl 0x000003fa
000058f4	FUN_000058f4	00005a4e	00bf	nop
000058f4	FUN_000058f4	00005a50	2169	ldr r1,[r4,#0x10]
000058f4	FUN_000058f4	00005a52	a069	ldr r0,[r4,#0x18]
000058f4	FUN_000058f4	00005a54	0843	orrs r0,r1
000058f4	FUN_000058f4	00005a56	216a	ldr r1,[r4,#0x20]
000058f4	FUN_000058f4	00005a58	0843	orrs r0,r1
000058f4	FUN_000058f4	00005a5a	e169	ldr r1,[r4,#0x1c]
000058f4	FUN_000058f4	00005a5c	0843	orrs r0,r1
000058f4	FUN_000058f4	00005a5e	616a	ldr r1,[r4,#0x24]
000058f4	FUN_000058f4	00005a60	40ea0106	orr.w r6,r0,r1
000058f4	FUN_000058f4	00005a64	2068	ldr r0,[r4,#0x0]
000058f4	FUN_000058f4	00005a66	40f4c060	orr r0,r0,#0x600
000058f4	FUN_000058f4	00005a6a	a168	ldr r1,[r4,#0x8]
000058f4	FUN_000058f4	00005a6c	0843	orrs r0,r1
000058f4	FUN_000058f4	00005a6e	6169	ldr r1,[r4,#0x14]
000058f4	FUN_000058f4	00005a70	40ea0107	orr.w r7,r0,r1
000058f4	FUN_000058f4	00005a74	a06a	ldr r0,[r4,#0x28]
000058f4	FUN_000058f4	00005a76	b0f5007f	cmp.w r0,#0x200
000058f4	FUN_000058f4	00005a7a	02d1	bne 0x00005a82
000058f4	FUN_000058f4	00005a7c	4ff40070	mov.w r0,#0x200
000058f4	FUN_000058f4	00005a80	00e0	b 0x00005a84
000058f4	FUN_000058f4	00005a82	0020	movs r0,#0x0
000058f4	FUN_000058f4	00005a84	8146	mov r9,r0
000058f4	FUN_000058f4	00005a86	ee60	str r6,[r5,#0xc]
000058f4	FUN_000058f4	00005a88	2f61	str r7,[r5,#0x10]
000058f4	FUN_000058f4	00005a8a	c5f81490	str.w r9,[r5,#0x14]
000058f4	FUN_000058f4	00005a8e	2068	ldr r0,[r4,#0x0]
000058f4	FUN_000058f4	00005a90	98b9	cbnz r0,0x00005aba
000058f4	FUN_000058f4	00005a92	00bf	nop
000058f4	FUN_000058f4	00005a94	6068	ldr r0,[r4,#0x4]
000058f4	FUN_000058f4	00005a96	1328	cmp r0,#0x13
000058f4	FUN_000058f4	00005a98	00d8	bhi 0x00005a9c
000058f4	FUN_000058f4	00005a9a	04e0	b 0x00005aa6
000058f4	FUN_000058f4	00005a9c	40f29341	movw r1,#0x493
000058f4	FUN_000058f4	00005aa0	0ea0	adr r0,[0x5adc]
000058f4	FUN_000058f4	00005aa2	faf7aafc	bl 0x000003fa
000058f4	FUN_000058f4	00005aa6	00bf	nop
000058f4	FUN_000058f4	00005aa8	6068	ldr r0,[r4,#0x4]
000058f4	FUN_000058f4	00005aaa	a861	str r0,[r5,#0x18]
000058f4	FUN_000058f4	00005aac	4246	mov r2,r8
000058f4	FUN_000058f4	00005aae	2846	mov r0,r5
000058f4	FUN_000058f4	00005ab0	e168	ldr r1,[r4,#0xc]
000058f4	FUN_000058f4	00005ab2	fff78ffe	bl 0x000057d4
000058f4	FUN_000058f4	00005ab6	8246	mov r10,r0
000058f4	FUN_000058f4	00005ab8	01e0	b 0x00005abe
000058f4	FUN_000058f4	00005aba	4ff0000a	mov.w r10,#0x0
000058f4	FUN_000058f4	00005abe	5046	mov r0,r10
000058f4	FUN_000058f4	00005ac0	bde8f087	pop.w {r4,r5,r6,r7,r8,r9,r10,pc}
00005afc	FUN_00005afc	00005afc	0146	mov r1,r0
00005afc	FUN_00005afc	00005afe	6ff00200	mvn r0,#0x2
00005afc	FUN_00005afc	00005b02	89b1	cbz r1,0x00005b28
00005afc	FUN_00005afc	00005b04	0022	movs r2,#0x0
00005afc	FUN_00005afc	00005b06	0a60	str r2,[r1,#0x0]
00005afc	FUN_00005afc	00005b08	4a60	str r2,[r1,#0x4]
00005afc	FUN_00005afc	00005b0a	8a60	str r2,[r1,#0x8]
00005afc	FUN_00005afc	00005b0c	4ff41652	mov.w r2,#0x2580
00005afc	FUN_00005afc	00005b10	ca60	str r2,[r1,#0xc]
00005afc	FUN_00005afc	00005b12	0022	movs r2,#0x0
00005afc	FUN_00005afc	00005b14	0a61	str r2,[r1,#0x10]
00005afc	FUN_00005afc	00005b16	4a61	str r2,[r1,#0x14]
00005afc	FUN_00005afc	00005b18	8a61	str r2,[r1,#0x18]
00005afc	FUN_00005afc	00005b1a	ca61	str r2,[r1,#0x1c]
00005afc	FUN_00005afc	00005b1c	0a62	str r2,[r1,#0x20]
00005afc	FUN_00005afc	00005b1e	c207	lsls r2,r0,#0x1f
00005afc	FUN_00005afc	00005b20	4a62	str r2,[r1,#0x24]
00005afc	FUN_00005afc	00005b22	d20d	lsrs r2,r2,#0x17
00005afc	FUN_00005afc	00005b24	8a62	str r2,[r1,#0x28]
00005afc	FUN_00005afc	00005b26	0020	movs r0,#0x0
00005afc	FUN_00005afc	00005b28	7047	bx lr
00005b2c	FUN_00005b2c	00005b2c	70b5	push {r4,r5,r6,lr}
00005b2c	FUN_00005b2c	00005b2e	0446	mov r4,r0
00005b2c	FUN_00005b2c	00005b30	0d46	mov r5,r1
00005b2c	FUN_00005b2c	00005b32	00bf	nop
00005b2c	FUN_00005b2c	00005b34	1248	ldr r0,[0x00005b80]
00005b2c	FUN_00005b2c	00005b36	8442	cmp r4,r0
00005b2c	FUN_00005b2c	00005b38	0ed0	beq 0x00005b58
00005b2c	FUN_00005b2c	00005b3a	1248	ldr r0,[0x00005b84]
00005b2c	FUN_00005b2c	00005b3c	8442	cmp r4,r0
00005b2c	FUN_00005b2c	00005b3e	0bd0	beq 0x00005b58
00005b2c	FUN_00005b2c	00005b40	1148	ldr r0,[0x00005b88]
00005b2c	FUN_00005b2c	00005b42	8442	cmp r4,r0
00005b2c	FUN_00005b2c	00005b44	08d0	beq 0x00005b58
00005b2c	FUN_00005b2c	00005b46	1148	ldr r0,[0x00005b8c]
00005b2c	FUN_00005b2c	00005b48	8442	cmp r4,r0
00005b2c	FUN_00005b2c	00005b4a	05d0	beq 0x00005b58
00005b2c	FUN_00005b2c	00005b4c	1048	ldr r0,[0x00005b90]
00005b2c	FUN_00005b2c	00005b4e	8442	cmp r4,r0
00005b2c	FUN_00005b2c	00005b50	02d0	beq 0x00005b58
00005b2c	FUN_00005b2c	00005b52	1048	ldr r0,[0x00005b94]
00005b2c	FUN_00005b2c	00005b54	8442	cmp r4,r0
00005b2c	FUN_00005b2c	00005b56	00d1	bne 0x00005b5a
00005b2c	FUN_00005b2c	00005b58	04e0	b 0x00005b64
00005b2c	FUN_00005b2c	00005b5a	40f2e761	movw r1,#0x6e7
00005b2c	FUN_00005b2c	00005b5e	0ea0	adr r0,[0x5b98]
00005b2c	FUN_00005b2c	00005b60	faf74bfc	bl 0x000003fa
00005b2c	FUN_00005b2c	00005b64	00bf	nop
00005b2c	FUN_00005b2c	00005b66	00bf	nop
00005b2c	FUN_00005b2c	00005b68	b5f5007f	cmp.w r5,#0x200
00005b2c	FUN_00005b2c	00005b6c	00d2	bcs 0x00005b70
00005b2c	FUN_00005b2c	00005b6e	04e0	b 0x00005b7a
00005b2c	FUN_00005b2c	00005b70	4ff4dd61	mov.w r1,#0x6e8
00005b2c	FUN_00005b2c	00005b74	08a0	adr r0,[0x5b98]
00005b2c	FUN_00005b2c	00005b76	faf740fc	bl 0x000003fa
00005b2c	FUN_00005b2c	00005b7a	00bf	nop
00005b2c	FUN_00005b2c	00005b7c	a580	strh r5,[r4,#0x4]
00005b2c	FUN_00005b2c	00005b7e	70bd	pop {r4,r5,r6,pc}
00005bb8	debug_write	00005bb8	2de9f041	push {r4,r5,r6,r7,r8,lr}
00005bb8	debug_write	00005bbc	0546	mov r5,r0
00005bb8	debug_write	00005bbe	0e46	mov r6,r1
00005bb8	debug_write	00005bc0	0027	movs r7,#0x0
00005bb8	debug_write	00005bc2	0024	movs r4,#0x0
00005bb8	debug_write	00005bc4	0ce0	b 0x00005be0
00005bb8	debug_write	00005bc6	2f5d	ldrb r7,[r5,r4]
00005bb8	debug_write	00005bc8	3946	mov r1,r7
00005bb8	debug_write	00005bca	0748	ldr r0,[0x00005be8]
00005bb8	debug_write	00005bcc	fff7aeff	bl 0x00005b2c
00005bb8	debug_write	00005bd0	00bf	nop
00005bb8	debug_write	00005bd2	8021	movs r1,#0x80
00005bb8	debug_write	00005bd4	0448	ldr r0,[0x00005be8]
00005bb8	debug_write	00005bd6	fff71ffd	bl 0x00005618
00005bb8	debug_write	00005bda	0028	cmp r0,#0x0
00005bb8	debug_write	00005bdc	f9d0	beq 0x00005bd2
00005bb8	debug_write	00005bde	641c	adds r4,r4,#0x1
00005bb8	debug_write	00005be0	b442	cmp r4,r6
00005bb8	debug_write	00005be2	f0d3	bcc 0x00005bc6
00005bb8	debug_write	00005be4	bde8f081	pop.w {r4,r5,r6,r7,r8,pc}
00005bec	debug_uart_error_irq	00005bec	10b5	push {r4,lr}
00005bec	debug_uart_error_irq	00005bee	0221	movs r1,#0x2
00005bec	debug_uart_error_irq	00005bf0	0e48	ldr r0,[0x00005c2c]
00005bec	debug_uart_error_irq	00005bf2	fff711fd	bl 0x00005618
00005bec	debug_uart_error_irq	00005bf6	0128	cmp r0,#0x1
00005bec	debug_uart_error_irq	00005bf8	03d1	bne 0x00005c02
00005bec	debug_uart_error_irq	00005bfa	0221	movs r1,#0x2
00005bec	debug_uart_error_irq	00005bfc	0b48	ldr r0,[0x00005c2c]
00005bec	debug_uart_error_irq	00005bfe	fff7e9fb	bl 0x000053d4
00005bec	debug_uart_error_irq	00005c02	0121	movs r1,#0x1
00005bec	debug_uart_error_irq	00005c04	0948	ldr r0,[0x00005c2c]
00005bec	debug_uart_error_irq	00005c06	fff707fd	bl 0x00005618
00005bec	debug_uart_error_irq	00005c0a	0128	cmp r0,#0x1
00005bec	debug_uart_error_irq	00005c0c	03d1	bne 0x00005c16
00005bec	debug_uart_error_irq	00005c0e	0121	movs r1,#0x1
00005bec	debug_uart_error_irq	00005c10	0648	ldr r0,[0x00005c2c]
00005bec	debug_uart_error_irq	00005c12	fff7dffb	bl 0x000053d4
00005bec	debug_uart_error_irq	00005c16	0821	movs r1,#0x8
00005bec	debug_uart_error_irq	00005c18	0448	ldr r0,[0x00005c2c]
00005bec	debug_uart_error_irq	00005c1a	fff7fdfc	bl 0x00005618
00005bec	debug_uart_error_irq	00005c1e	0128	cmp r0,#0x1
00005bec	debug_uart_error_irq	00005c20	03d1	bne 0x00005c2a
00005bec	debug_uart_error_irq	00005c22	0821	movs r1,#0x8
00005bec	debug_uart_error_irq	00005c24	0148	ldr r0,[0x00005c2c]
00005bec	debug_uart_error_irq	00005c26	fff7d5fb	bl 0x000053d4
00005bec	debug_uart_error_irq	00005c2a	10bd	pop {r4,pc}
00005c30	debug_uart_receive_irq	00005c30	10b5	push {r4,lr}
00005c30	debug_uart_receive_irq	00005c32	2021	movs r1,#0x20
00005c30	debug_uart_receive_irq	00005c34	4848	ldr r0,[0x00005d58]
00005c30	debug_uart_receive_irq	00005c36	fff7effc	bl 0x00005618
00005c30	debug_uart_receive_irq	00005c3a	0128	cmp r0,#0x1
00005c30	debug_uart_receive_irq	00005c3c	6cd1	bne 0x00005d18
00005c30	debug_uart_receive_irq	00005c3e	4648	ldr r0,[0x00005d58]
00005c30	debug_uart_receive_irq	00005c40	fff78efd	bl 0x00005760
00005c30	debug_uart_receive_irq	00005c44	c4b2	uxtb r4,r0
00005c30	debug_uart_receive_irq	00005c46	4548	ldr r0,[0x00005d5c]
00005c30	debug_uart_receive_irq	00005c48	4549	ldr r1,[0x00005d60]
00005c30	debug_uart_receive_irq	00005c4a	0988	ldrh r1,[r1,#0x0]
00005c30	debug_uart_receive_irq	00005c4c	4454	strb r4,[r0,r1]
00005c30	debug_uart_receive_irq	00005c4e	4448	ldr r0,[0x00005d60]
00005c30	debug_uart_receive_irq	00005c50	0088	ldrh r0,[r0,#0x0]
00005c30	debug_uart_receive_irq	00005c52	401c	adds r0,r0,#0x1
00005c30	debug_uart_receive_irq	00005c54	4249	ldr r1,[0x00005d60]
00005c30	debug_uart_receive_irq	00005c56	0880	strh r0,[r1,#0x0]
00005c30	debug_uart_receive_irq	00005c58	0020	movs r0,#0x0
00005c30	debug_uart_receive_irq	00005c5a	4249	ldr r1,[0x00005d64]
00005c30	debug_uart_receive_irq	00005c5c	0880	strh r0,[r1,#0x0]
00005c30	debug_uart_receive_irq	00005c5e	4248	ldr r0,[0x00005d68]
00005c30	debug_uart_receive_irq	00005c60	0078	ldrb r0,[r0,#0x0]
00005c30	debug_uart_receive_irq	00005c62	0128	cmp r0,#0x1
00005c30	debug_uart_receive_irq	00005c64	68d1	bne 0x00005d38
00005c30	debug_uart_receive_irq	00005c66	4148	ldr r0,[0x00005d6c]
00005c30	debug_uart_receive_irq	00005c68	0088	ldrh r0,[r0,#0x0]
00005c30	debug_uart_receive_irq	00005c6a	4149	ldr r1,[0x00005d70]
00005c30	debug_uart_receive_irq	00005c6c	0968	ldr r1,[r1,#0x0]
00005c30	debug_uart_receive_irq	00005c6e	8842	cmp r0,r1
00005c30	debug_uart_receive_irq	00005c70	08da	bge 0x00005c84
00005c30	debug_uart_receive_irq	00005c72	3e48	ldr r0,[0x00005d6c]
00005c30	debug_uart_receive_irq	00005c74	0188	ldrh r1,[r0,#0x0]
00005c30	debug_uart_receive_irq	00005c76	0088	ldrh r0,[r0,#0x0]
00005c30	debug_uart_receive_irq	00005c78	401c	adds r0,r0,#0x1
00005c30	debug_uart_receive_irq	00005c7a	3c4a	ldr r2,[0x00005d6c]
00005c30	debug_uart_receive_irq	00005c7c	1080	strh r0,[r2,#0x0]
00005c30	debug_uart_receive_irq	00005c7e	3d48	ldr r0,[0x00005d74]
00005c30	debug_uart_receive_irq	00005c80	4454	strb r4,[r0,r1]
00005c30	debug_uart_receive_irq	00005c82	5fe0	b 0x00005d44
00005c30	debug_uart_receive_irq	00005c84	3948	ldr r0,[0x00005d6c]
00005c30	debug_uart_receive_irq	00005c86	0088	ldrh r0,[r0,#0x0]
00005c30	debug_uart_receive_irq	00005c88	3949	ldr r1,[0x00005d70]
00005c30	debug_uart_receive_irq	00005c8a	0968	ldr r1,[r1,#0x0]
00005c30	debug_uart_receive_irq	00005c8c	8842	cmp r0,r1
00005c30	debug_uart_receive_irq	00005c8e	59d1	bne 0x00005d44
00005c30	debug_uart_receive_irq	00005c90	3748	ldr r0,[0x00005d70]
00005c30	debug_uart_receive_irq	00005c92	0168	ldr r1,[r0,#0x0]
00005c30	debug_uart_receive_irq	00005c94	3748	ldr r0,[0x00005d74]
00005c30	debug_uart_receive_irq	00005c96	01f07ffa	bl 0x00007198
00005c30	debug_uart_receive_irq	00005c9a	3749	ldr r1,[0x00005d78]
00005c30	debug_uart_receive_irq	00005c9c	0870	strb r0,[r1,#0x0]
00005c30	debug_uart_receive_irq	00005c9e	3448	ldr r0,[0x00005d70]
00005c30	debug_uart_receive_irq	00005ca0	0068	ldr r0,[r0,#0x0]
00005c30	debug_uart_receive_irq	00005ca2	401d	adds r0,r0,#0x5
00005c30	debug_uart_receive_irq	00005ca4	2d49	ldr r1,[0x00005d5c]
00005c30	debug_uart_receive_irq	00005ca6	085c	ldrb r0,[r1,r0]
00005c30	debug_uart_receive_irq	00005ca8	3349	ldr r1,[0x00005d78]
00005c30	debug_uart_receive_irq	00005caa	0978	ldrb r1,[r1,#0x0]
00005c30	debug_uart_receive_irq	00005cac	8842	cmp r0,r1
00005c30	debug_uart_receive_irq	00005cae	3bd1	bne 0x00005d28
00005c30	debug_uart_receive_irq	00005cb0	0020	movs r0,#0x0
00005c30	debug_uart_receive_irq	00005cb2	2e49	ldr r1,[0x00005d6c]
00005c30	debug_uart_receive_irq	00005cb4	0880	strh r0,[r1,#0x0]
00005c30	debug_uart_receive_irq	00005cb6	2c49	ldr r1,[0x00005d68]
00005c30	debug_uart_receive_irq	00005cb8	0870	strb r0,[r1,#0x0]
00005c30	debug_uart_receive_irq	00005cba	3049	ldr r1,[0x00005d7c]
00005c30	debug_uart_receive_irq	00005cbc	0870	strb r0,[r1,#0x0]
00005c30	debug_uart_receive_irq	00005cbe	2c48	ldr r0,[0x00005d70]
00005c30	debug_uart_receive_irq	00005cc0	2c49	ldr r1,[0x00005d74]
00005c30	debug_uart_receive_irq	00005cc2	0268	ldr r2,[r0,#0x0]
00005c30	debug_uart_receive_irq	00005cc4	0846	mov r0,r1
00005c30	debug_uart_receive_irq	00005cc6	00f079ff	bl 0x00006bbc
00005c30	debug_uart_receive_irq	00005cca	2948	ldr r0,[0x00005d70]
00005c30	debug_uart_receive_irq	00005ccc	2949	ldr r1,[0x00005d74]
00005c30	debug_uart_receive_irq	00005cce	0268	ldr r2,[r0,#0x0]
00005c30	debug_uart_receive_irq	00005cd0	2b48	ldr r0,[0x00005d80]
00005c30	debug_uart_receive_irq	00005cd2	0068	ldr r0,[r0,#0x0]
00005c30	debug_uart_receive_irq	00005cd4	faf78cfb	bl 0x000003f0
00005c30	debug_uart_receive_irq	00005cd8	2948	ldr r0,[0x00005d80]
00005c30	debug_uart_receive_irq	00005cda	0068	ldr r0,[r0,#0x0]
00005c30	debug_uart_receive_irq	00005cdc	00f50050	add.w r0,r0,#0x2000
00005c30	debug_uart_receive_irq	00005ce0	2749	ldr r1,[0x00005d80]
00005c30	debug_uart_receive_irq	00005ce2	0860	str r0,[r1,#0x0]
00005c30	debug_uart_receive_irq	00005ce4	2748	ldr r0,[0x00005d84]
00005c30	debug_uart_receive_irq	00005ce6	0088	ldrh r0,[r0,#0x0]
00005c30	debug_uart_receive_irq	00005ce8	401c	adds r0,r0,#0x1
00005c30	debug_uart_receive_irq	00005cea	2649	ldr r1,[0x00005d84]
00005c30	debug_uart_receive_irq	00005cec	0880	strh r0,[r1,#0x0]
00005c30	debug_uart_receive_irq	00005cee	0020	movs r0,#0x0
00005c30	debug_uart_receive_irq	00005cf0	01e0	b 0x00005cf6
00005c30	debug_uart_receive_irq	00005cf2	00bf	nop
00005c30	debug_uart_receive_irq	00005cf4	401c	adds r0,r0,#0x1
00005c30	debug_uart_receive_irq	00005cf6	b0f5803f	cmp.w r0,#0x10000
00005c30	debug_uart_receive_irq	00005cfa	fad3	bcc 0x00005cf2
00005c30	debug_uart_receive_irq	00005cfc	2148	ldr r0,[0x00005d84]
00005c30	debug_uart_receive_irq	00005cfe	0188	ldrh r1,[r0,#0x0]
00005c30	debug_uart_receive_irq	00005d00	21a0	adr r0,[0x5d88]
00005c30	debug_uart_receive_irq	00005d02	00f07df8	bl 0x00005e00
00005c30	debug_uart_receive_irq	00005d06	0120	movs r0,#0x1
00005c30	debug_uart_receive_irq	00005d08	2349	ldr r1,[0x00005d98]
00005c30	debug_uart_receive_irq	00005d0a	0870	strb r0,[r1,#0x0]
00005c30	debug_uart_receive_irq	00005d0c	00f084ff	bl 0x00006c18
00005c30	debug_uart_receive_irq	00005d10	2248	ldr r0,[0x00005d9c]
00005c30	debug_uart_receive_irq	00005d12	0088	ldrh r0,[r0,#0x0]
00005c30	debug_uart_receive_irq	00005d14	b0b9	cbnz r0,0x00005d44
00005c30	debug_uart_receive_irq	00005d16	00e0	b 0x00005d1a
00005c30	debug_uart_receive_irq	00005d18	1de0	b 0x00005d56
00005c30	debug_uart_receive_irq	00005d1a	21a0	adr r0,[0x5da0]
00005c30	debug_uart_receive_irq	00005d1c	00f070f8	bl 0x00005e00
00005c30	debug_uart_receive_irq	00005d20	0120	movs r0,#0x1
00005c30	debug_uart_receive_irq	00005d22	2949	ldr r1,[0x00005dc8]
00005c30	debug_uart_receive_irq	00005d24	0870	strb r0,[r1,#0x0]
00005c30	debug_uart_receive_irq	00005d26	0de0	b 0x00005d44
00005c30	debug_uart_receive_irq	00005d28	1648	ldr r0,[0x00005d84]
00005c30	debug_uart_receive_irq	00005d2a	0188	ldrh r1,[r0,#0x0]
00005c30	debug_uart_receive_irq	00005d2c	27a0	adr r0,[0x5dcc]
00005c30	debug_uart_receive_irq	00005d2e	00f067f8	bl 0x00005e00
00005c30	debug_uart_receive_irq	00005d32	00f063ff	bl 0x00006bfc
00005c30	debug_uart_receive_irq	00005d36	05e0	b 0x00005d44
00005c30	debug_uart_receive_irq	00005d38	0948	ldr r0,[0x00005d60]
00005c30	debug_uart_receive_irq	00005d3a	0088	ldrh r0,[r0,#0x0]
00005c30	debug_uart_receive_irq	00005d3c	411e	subs r1,r0,#0x1
00005c30	debug_uart_receive_irq	00005d3e	0748	ldr r0,[0x00005d5c]
00005c30	debug_uart_receive_irq	00005d40	00f0c0fb	bl 0x000064c4
00005c30	debug_uart_receive_irq	00005d44	0020	movs r0,#0x0
00005c30	debug_uart_receive_irq	00005d46	2549	ldr r1,[0x00005ddc]
00005c30	debug_uart_receive_irq	00005d48	0860	str r0,[r1,#0x0]
00005c30	debug_uart_receive_irq	00005d4a	0846	mov r0,r1
00005c30	debug_uart_receive_irq	00005d4c	0069	ldr r0,[r0,#0x10]
00005c30	debug_uart_receive_irq	00005d4e	40f00100	orr r0,r0,#0x1
00005c30	debug_uart_receive_irq	00005d52	0861	str r0,[r1,#0x10]
00005c30	debug_uart_receive_irq	00005d54	00bf	nop
00005c30	debug_uart_receive_irq	00005d56	10bd	pop {r4,pc}
00005de0	FUN_00005de0	00005de0	10b5	push {r4,lr}
00005de0	FUN_00005de0	00005de2	0548	ldr r0,[0x00005df8]
00005de0	FUN_00005de0	00005de4	0069	ldr r0,[r0,#0x10]
00005de0	FUN_00005de0	00005de6	20f00100	bic r0,r0,#0x1
00005de0	FUN_00005de0	00005dea	0349	ldr r1,[0x00005df8]
00005de0	FUN_00005de0	00005dec	0861	str r0,[r1,#0x10]
00005de0	FUN_00005de0	00005dee	8915	asrs r1,r1,#0x16
00005de0	FUN_00005de0	00005df0	0248	ldr r0,[0x00005dfc]
00005de0	FUN_00005de0	00005df2	fff7effa	bl 0x000053d4
00005de0	FUN_00005de0	00005df6	10bd	pop {r4,pc}
00005e00	debug_printf	00005e00	0fb4	push {r0,r1,r2,r3}
00005e00	debug_printf	00005e02	054b	ldr r3,[0x00005e18]
00005e00	debug_printf	00005e04	10b5	push {r4,lr}
00005e00	debug_printf	00005e06	03a9	add r1,sp,#0xc
00005e00	debug_printf	00005e08	044a	ldr r2,[0x00005e1c]
00005e00	debug_printf	00005e0a	0298	ldr r0,[sp,#0x8]
00005e00	debug_printf	00005e0c	00f08ef8	bl 0x00005f2c
00005e00	debug_printf	00005e10	10bc	pop {r4}
00005e00	debug_printf	00005e12	5df814fb	ldr.w pc,[sp],#0x14
00005e20	FUN_00005e20	00005e20	0fb4	push {r0,r1,r2,r3}
00005e20	FUN_00005e20	00005e22	084b	ldr r3,[0x00005e44]
00005e20	FUN_00005e20	00005e24	10b5	push {r4,lr}
00005e20	FUN_00005e20	00005e26	04a9	add r1,sp,#0x10
00005e20	FUN_00005e20	00005e28	02aa	add r2,sp,#0x8
00005e20	FUN_00005e20	00005e2a	0398	ldr r0,[sp,#0xc]
00005e20	FUN_00005e20	00005e2c	00f07ef8	bl 0x00005f2c
00005e20	FUN_00005e20	00005e30	0446	mov r4,r0
00005e20	FUN_00005e20	00005e32	02a9	add r1,sp,#0x8
00005e20	FUN_00005e20	00005e34	0020	movs r0,#0x0
00005e20	FUN_00005e20	00005e36	00f0a4fa	bl 0x00006382
00005e20	FUN_00005e20	00005e3a	2046	mov r0,r4
00005e20	FUN_00005e20	00005e3c	10bc	pop {r4}
00005e20	FUN_00005e20	00005e3e	5df814fb	ldr.w pc,[sp],#0x14
00005e48	FUN_00005e48	00005e48	0028	cmp r0,#0x0
00005e48	FUN_00005e48	00005e4a	07db	blt 0x00005e5c
00005e48	FUN_00005e48	00005e4c	00f01f02	and r2,r0,#0x1f
00005e48	FUN_00005e48	00005e50	0121	movs r1,#0x1
00005e48	FUN_00005e48	00005e52	9140	lsls r1,r2
00005e48	FUN_00005e48	00005e54	024a	ldr r2,[0x00005e60]
00005e48	FUN_00005e48	00005e56	4309	lsrs r3,r0,#0x5
00005e48	FUN_00005e48	00005e58	42f82310	str.w r1,[r2,r3,lsl #0x2]
00005e48	FUN_00005e48	00005e5c	7047	bx lr
00005e64	FUN_00005e64	00005e64	0028	cmp r0,#0x0
00005e64	FUN_00005e64	00005e66	07db	blt 0x00005e78
00005e64	FUN_00005e64	00005e68	00f01f02	and r2,r0,#0x1f
00005e64	FUN_00005e64	00005e6c	0121	movs r1,#0x1
00005e64	FUN_00005e64	00005e6e	9140	lsls r1,r2
00005e64	FUN_00005e64	00005e70	024a	ldr r2,[0x00005e7c]
00005e64	FUN_00005e64	00005e72	4309	lsrs r3,r0,#0x5
00005e64	FUN_00005e64	00005e74	42f82310	str.w r1,[r2,r3,lsl #0x2]
00005e64	FUN_00005e64	00005e78	7047	bx lr
00005e80	FUN_00005e80	00005e80	0028	cmp r0,#0x0
00005e80	FUN_00005e80	00005e82	07db	blt 0x00005e94
00005e80	FUN_00005e80	00005e84	00f01f02	and r2,r0,#0x1f
00005e80	FUN_00005e80	00005e88	0121	movs r1,#0x1
00005e80	FUN_00005e80	00005e8a	9140	lsls r1,r2
00005e80	FUN_00005e80	00005e8c	024a	ldr r2,[0x00005e98]
00005e80	FUN_00005e80	00005e8e	4309	lsrs r3,r0,#0x5
00005e80	FUN_00005e80	00005e90	42f82310	str.w r1,[r2,r3,lsl #0x2]
00005e80	FUN_00005e80	00005e94	7047	bx lr
00005e9c	FUN_00005e9c	00005e9c	0028	cmp r0,#0x0
00005e9c	FUN_00005e9c	00005e9e	0bdb	blt 0x00005eb8
00005e9c	FUN_00005e9c	00005ea0	00f01f02	and r2,r0,#0x1f
00005e9c	FUN_00005e9c	00005ea4	0121	movs r1,#0x1
00005e9c	FUN_00005e9c	00005ea6	9140	lsls r1,r2
00005e9c	FUN_00005e9c	00005ea8	044a	ldr r2,[0x00005ebc]
00005e9c	FUN_00005e9c	00005eaa	4309	lsrs r3,r0,#0x5
00005e9c	FUN_00005e9c	00005eac	42f82310	str.w r1,[r2,r3,lsl #0x2]
00005e9c	FUN_00005e9c	00005eb0	bff34f8f	dsb #0xf
00005e9c	FUN_00005e9c	00005eb4	bff36f8f	isb #0xf
00005e9c	FUN_00005e9c	00005eb8	7047	bx lr
00005ec0	FUN_00005ec0	00005ec0	0028	cmp r0,#0x0
00005ec0	FUN_00005ec0	00005ec2	0ddb	blt 0x00005ee0
00005ec0	FUN_00005ec0	00005ec4	00bf	nop
00005ec0	FUN_00005ec0	00005ec6	00bf	nop
00005ec0	FUN_00005ec0	00005ec8	00f01f02	and r2,r0,#0x1f
00005ec0	FUN_00005ec0	00005ecc	0121	movs r1,#0x1
00005ec0	FUN_00005ec0	00005ece	9140	lsls r1,r2
00005ec0	FUN_00005ec0	00005ed0	4209	lsrs r2,r0,#0x5
00005ec0	FUN_00005ec0	00005ed2	9200	lsls r2,r2,#0x2
00005ec0	FUN_00005ec0	00005ed4	02f1e022	add.w r2,r2,#0xe000e000
00005ec0	FUN_00005ec0	00005ed8	c2f80011	str.w r1,[r2,#0x100]
00005ec0	FUN_00005ec0	00005edc	00bf	nop
00005ec0	FUN_00005ec0	00005ede	00bf	nop
00005ec0	FUN_00005ec0	00005ee0	7047	bx lr
00005ee4	FUN_00005ee4	00005ee4	10b5	push {r4,lr}
00005ee4	FUN_00005ee4	00005ee6	0028	cmp r0,#0x0
00005ee4	FUN_00005ee4	00005ee8	04db	blt 0x00005ef4
00005ee4	FUN_00005ee4	00005eea	0a07	lsls r2,r1,#0x1c
00005ee4	FUN_00005ee4	00005eec	130e	lsrs r3,r2,#0x18
00005ee4	FUN_00005ee4	00005eee	054a	ldr r2,[0x00005f04]
00005ee4	FUN_00005ee4	00005ef0	1354	strb r3,[r2,r0]
00005ee4	FUN_00005ee4	00005ef2	06e0	b 0x00005f02
00005ee4	FUN_00005ee4	00005ef4	0a07	lsls r2,r1,#0x1c
00005ee4	FUN_00005ee4	00005ef6	140e	lsrs r4,r2,#0x18
00005ee4	FUN_00005ee4	00005ef8	034a	ldr r2,[0x00005f08]
00005ee4	FUN_00005ee4	00005efa	00f00f03	and r3,r0,#0xf
00005ee4	FUN_00005ee4	00005efe	1b1f	subs r3,r3,#0x4
00005ee4	FUN_00005ee4	00005f00	d454	strb r4,[r2,r3]
00005ee4	FUN_00005ee4	00005f02	10bd	pop {r4,pc}
00005f0c	thunk_FUN_00005f14	00005f0c	02e0	b 0x00005f14
00005f14	FUN_00005f14	00005f0e	08c8	ldmia r0!,{r3}
00005f14	FUN_00005f14	00005f10	121f	subs r2,r2,#0x4
00005f14	FUN_00005f14	00005f12	08c1	stmia r1!,{r3}
00005f14	FUN_00005f14	00005f14	002a	cmp r2,#0x0
00005f14	FUN_00005f14	00005f16	fad1	bne 0x00005f0e
00005f14	FUN_00005f14	00005f18	7047	bx lr
00005f1c	__iar_zero_init	00005f1c	0020	movs r0,#0x0
00005f1c	__iar_zero_init	00005f1e	01e0	b 0x00005f24
00005f1c	__iar_zero_init	00005f20	01c1	stmia r1!,{r0}
00005f1c	__iar_zero_init	00005f22	121f	subs r2,r2,#0x4
00005f1c	__iar_zero_init	00005f24	002a	cmp r2,#0x0
00005f1c	__iar_zero_init	00005f26	fbd1	bne 0x00005f20
00005f1c	__iar_zero_init	00005f28	7047	bx lr
00005f2c	FUN_00005f2c	00005f2c	2de9ff4f	push {r0,r1,r2,r3,r4,r5,r6,r7,r8,r9,r10,r11,lr}
00005f2c	FUN_00005f2c	00005f30	8db0	sub sp,#0x34
00005f2c	FUN_00005f2c	00005f32	0f46	mov r7,r1
00005f2c	FUN_00005f2c	00005f34	0546	mov r5,r0
00005f2c	FUN_00005f2c	00005f36	0026	movs r6,#0x0
00005f2c	FUN_00005f2c	00005f38	06e0	b 0x00005f48
00005f2c	FUN_00005f2c	00005f3a	2528	cmp r0,#0x25
00005f2c	FUN_00005f2c	00005f3c	0bd0	beq 0x00005f56
00005f2c	FUN_00005f2c	00005f3e	dde90f12	ldrd r1,r2,[sp,#0x3c]
00005f2c	FUN_00005f2c	00005f42	9047	blx r2
00005f2c	FUN_00005f2c	00005f44	6d1c	adds r5,r5,#0x1
00005f2c	FUN_00005f2c	00005f46	761c	adds r6,r6,#0x1
00005f2c	FUN_00005f2c	00005f48	2878	ldrb r0,[r5,#0x0]
00005f2c	FUN_00005f2c	00005f4a	0028	cmp r0,#0x0
00005f2c	FUN_00005f2c	00005f4c	f5d1	bne 0x00005f3a
00005f2c	FUN_00005f2c	00005f4e	11b0	add sp,#0x44
00005f2c	FUN_00005f2c	00005f50	3046	mov r0,r6
00005f2c	FUN_00005f2c	00005f52	bde8f08f	pop.w {r4,r5,r6,r7,r8,r9,r10,r11,pc}
00005f2c	FUN_00005f2c	00005f56	0024	movs r4,#0x0
00005f2c	FUN_00005f2c	00005f58	a246	mov r10,r4
00005f2c	FUN_00005f2c	00005f5a	a146	mov r9,r4
00005f2c	FUN_00005f2c	00005f5c	0122	movs r2,#0x1
00005f2c	FUN_00005f2c	00005f5e	e949	ldr r1,[0x00006304]
00005f2c	FUN_00005f2c	00005f60	00e0	b 0x00005f64
00005f2c	FUN_00005f2c	00005f62	0443	orrs r4,r0
00005f2c	FUN_00005f2c	00005f64	15f8013f	ldrb.w r3,[r5,#0x1]!
00005f2c	FUN_00005f2c	00005f68	203b	subs r3,#0x20
00005f2c	FUN_00005f2c	00005f6a	02fa03f0	lsl.w r0,r2,r3
00005f2c	FUN_00005f2c	00005f6e	0842	tst r0,r1
00005f2c	FUN_00005f2c	00005f70	f7d1	bne 0x00005f62
00005f2c	FUN_00005f2c	00005f72	2878	ldrb r0,[r5,#0x0]
00005f2c	FUN_00005f2c	00005f74	2a28	cmp r0,#0x2a
00005f2c	FUN_00005f2c	00005f76	10d0	beq 0x00005f9a
00005f2c	FUN_00005f2c	00005f78	6ff02f02	mvn r2,#0x2f
00005f2c	FUN_00005f2c	00005f7c	2878	ldrb r0,[r5,#0x0]
00005f2c	FUN_00005f2c	00005f7e	a0f13001	sub.w r1,r0,#0x30
00005f2c	FUN_00005f2c	00005f82	0929	cmp r1,#0x9
00005f2c	FUN_00005f2c	00005f84	14d8	bhi 0x00005fb0
00005f2c	FUN_00005f2c	00005f86	0aeb8a01	add.w r1,r10,r10, lsl #0x2
00005f2c	FUN_00005f2c	00005f8a	02eb4101	add.w r1,r2,r1, lsl #0x1
00005f2c	FUN_00005f2c	00005f8e	44f00204	orr r4,r4,#0x2
00005f2c	FUN_00005f2c	00005f92	00eb010a	add.w r10,r0,r1
00005f2c	FUN_00005f2c	00005f96	6d1c	adds r5,r5,#0x1
00005f2c	FUN_00005f2c	00005f98	f0e7	b 0x00005f7c
00005f2c	FUN_00005f2c	00005f9a	01cf	ldmia r7!,{r0}
00005f2c	FUN_00005f2c	00005f9c	5fea000a	movs.w r10,r0
00005f2c	FUN_00005f2c	00005fa0	03d5	bpl 0x00005faa
00005f2c	FUN_00005f2c	00005fa2	44f40054	orr r4,r4,#0x2000
00005f2c	FUN_00005f2c	00005fa6	caf1000a	rsb.w r10,r10,#0x0
00005f2c	FUN_00005f2c	00005faa	44f00204	orr r4,r4,#0x2
00005f2c	FUN_00005f2c	00005fae	6d1c	adds r5,r5,#0x1
00005f2c	FUN_00005f2c	00005fb0	2878	ldrb r0,[r5,#0x0]
00005f2c	FUN_00005f2c	00005fb2	2e28	cmp r0,#0x2e
00005f2c	FUN_00005f2c	00005fb4	17d1	bne 0x00005fe6
00005f2c	FUN_00005f2c	00005fb6	15f8010f	ldrb.w r0,[r5,#0x1]!
00005f2c	FUN_00005f2c	00005fba	44f00404	orr r4,r4,#0x4
00005f2c	FUN_00005f2c	00005fbe	2a28	cmp r0,#0x2a
00005f2c	FUN_00005f2c	00005fc0	0ed0	beq 0x00005fe0
00005f2c	FUN_00005f2c	00005fc2	6ff02f02	mvn r2,#0x2f
00005f2c	FUN_00005f2c	00005fc6	2878	ldrb r0,[r5,#0x0]
00005f2c	FUN_00005f2c	00005fc8	a0f13001	sub.w r1,r0,#0x30
00005f2c	FUN_00005f2c	00005fcc	0929	cmp r1,#0x9
00005f2c	FUN_00005f2c	00005fce	0ad8	bhi 0x00005fe6
00005f2c	FUN_00005f2c	00005fd0	09eb8901	add.w r1,r9,r9, lsl #0x2
00005f2c	FUN_00005f2c	00005fd4	02eb4101	add.w r1,r2,r1, lsl #0x1
00005f2c	FUN_00005f2c	00005fd8	00eb0109	add.w r9,r0,r1
00005f2c	FUN_00005f2c	00005fdc	6d1c	adds r5,r5,#0x1
00005f2c	FUN_00005f2c	00005fde	f2e7	b 0x00005fc6
00005f2c	FUN_00005f2c	00005fe0	57f8049b	ldr.w r9,[r7],#0x4
00005f2c	FUN_00005f2c	00005fe4	6d1c	adds r5,r5,#0x1
00005f2c	FUN_00005f2c	00005fe6	2878	ldrb r0,[r5,#0x0]
00005f2c	FUN_00005f2c	00005fe8	6c28	cmp r0,#0x6c
00005f2c	FUN_00005f2c	00005fea	0fd0	beq 0x0000600c
00005f2c	FUN_00005f2c	00005fec	06dc	bgt 0x00005ffc
00005f2c	FUN_00005f2c	00005fee	4c28	cmp r0,#0x4c
00005f2c	FUN_00005f2c	00005ff0	17d0	beq 0x00006022
00005f2c	FUN_00005f2c	00005ff2	6828	cmp r0,#0x68
00005f2c	FUN_00005f2c	00005ff4	0dd0	beq 0x00006012
00005f2c	FUN_00005f2c	00005ff6	6a28	cmp r0,#0x6a
00005f2c	FUN_00005f2c	00005ff8	14d1	bne 0x00006024
00005f2c	FUN_00005f2c	00005ffa	04e0	b 0x00006006
00005f2c	FUN_00005f2c	00005ffc	7428	cmp r0,#0x74
00005f2c	FUN_00005f2c	00005ffe	10d0	beq 0x00006022
00005f2c	FUN_00005f2c	00006000	7a28	cmp r0,#0x7a
00005f2c	FUN_00005f2c	00006002	0fd1	bne 0x00006024
00005f2c	FUN_00005f2c	00006004	0de0	b 0x00006022
00005f2c	FUN_00005f2c	00006006	44f40014	orr r4,r4,#0x200000
00005f2c	FUN_00005f2c	0000600a	0ae0	b 0x00006022
00005f2c	FUN_00005f2c	0000600c	44f48014	orr r4,r4,#0x100000
00005f2c	FUN_00005f2c	00006010	01e0	b 0x00006016
00005f2c	FUN_00005f2c	00006012	44f44014	orr r4,r4,#0x300000
00005f2c	FUN_00005f2c	00006016	6978	ldrb r1,[r5,#0x1]
00005f2c	FUN_00005f2c	00006018	8142	cmp r1,r0
00005f2c	FUN_00005f2c	0000601a	02d1	bne 0x00006022
00005f2c	FUN_00005f2c	0000601c	04f58014	add.w r4,r4,#0x100000
00005f2c	FUN_00005f2c	00006020	6d1c	adds r5,r5,#0x1
00005f2c	FUN_00005f2c	00006022	6d1c	adds r5,r5,#0x1
00005f2c	FUN_00005f2c	00006024	2878	ldrb r0,[r5,#0x0]
00005f2c	FUN_00005f2c	00006026	6e28	cmp r0,#0x6e
00005f2c	FUN_00005f2c	00006028	1ed0	beq 0x00006068
00005f2c	FUN_00005f2c	0000602a	0cdc	bgt 0x00006046
00005f2c	FUN_00005f2c	0000602c	6328	cmp r0,#0x63
00005f2c	FUN_00005f2c	0000602e	30d0	beq 0x00006092
00005f2c	FUN_00005f2c	00006030	04dc	bgt 0x0000603c
00005f2c	FUN_00005f2c	00006032	0028	cmp r0,#0x0
00005f2c	FUN_00005f2c	00006034	8bd0	beq 0x00005f4e
00005f2c	FUN_00005f2c	00006036	5828	cmp r0,#0x58
00005f2c	FUN_00005f2c	00006038	11d1	bne 0x0000605e
00005f2c	FUN_00005f2c	0000603a	9fe0	b 0x0000617c
00005f2c	FUN_00005f2c	0000603c	6428	cmp r0,#0x64
00005f2c	FUN_00005f2c	0000603e	67d0	beq 0x00006110
00005f2c	FUN_00005f2c	00006040	6928	cmp r0,#0x69
00005f2c	FUN_00005f2c	00006042	0cd1	bne 0x0000605e
00005f2c	FUN_00005f2c	00006044	64e0	b 0x00006110
00005f2c	FUN_00005f2c	00006046	7328	cmp r0,#0x73
00005f2c	FUN_00005f2c	00006048	2dd0	beq 0x000060a6
00005f2c	FUN_00005f2c	0000604a	04dc	bgt 0x00006056
00005f2c	FUN_00005f2c	0000604c	6f28	cmp r0,#0x6f
00005f2c	FUN_00005f2c	0000604e	72d0	beq 0x00006136
00005f2c	FUN_00005f2c	00006050	7028	cmp r0,#0x70
00005f2c	FUN_00005f2c	00006052	04d1	bne 0x0000605e
00005f2c	FUN_00005f2c	00006054	94e0	b 0x00006180
00005f2c	FUN_00005f2c	00006056	7528	cmp r0,#0x75
00005f2c	FUN_00005f2c	00006058	6ed0	beq 0x00006138
00005f2c	FUN_00005f2c	0000605a	7828	cmp r0,#0x78
00005f2c	FUN_00005f2c	0000605c	6dd0	beq 0x0000613a
00005f2c	FUN_00005f2c	0000605e	dde90f12	ldrd r1,r2,[sp,#0x3c]
00005f2c	FUN_00005f2c	00006062	9047	blx r2
00005f2c	FUN_00005f2c	00006064	761c	adds r6,r6,#0x1
00005f2c	FUN_00005f2c	00006066	4be1	b 0x00006300
00005f2c	FUN_00005f2c	00006068	c4f30250	ubfx r0,r4,#0x14,#0x3
00005f2c	FUN_00005f2c	0000606c	0228	cmp r0,#0x2
00005f2c	FUN_00005f2c	0000606e	06d0	beq 0x0000607e
00005f2c	FUN_00005f2c	00006070	0328	cmp r0,#0x3
00005f2c	FUN_00005f2c	00006072	09d0	beq 0x00006088
00005f2c	FUN_00005f2c	00006074	0428	cmp r0,#0x4
00005f2c	FUN_00005f2c	00006076	01cf	ldmia r7!,{r0}
00005f2c	FUN_00005f2c	00006078	09d0	beq 0x0000608e
00005f2c	FUN_00005f2c	0000607a	0660	str r6,[r0,#0x0]
00005f2c	FUN_00005f2c	0000607c	40e1	b 0x00006300
00005f2c	FUN_00005f2c	0000607e	01cf	ldmia r7!,{r0}
00005f2c	FUN_00005f2c	00006080	f117	asrs r1,r6,#0x1f
00005f2c	FUN_00005f2c	00006082	c0e90061	strd r6,r1,[r0,#0x0]
00005f2c	FUN_00005f2c	00006086	3be1	b 0x00006300
00005f2c	FUN_00005f2c	00006088	01cf	ldmia r7!,{r0}
00005f2c	FUN_00005f2c	0000608a	0680	strh r6,[r0,#0x0]
00005f2c	FUN_00005f2c	0000608c	38e1	b 0x00006300
00005f2c	FUN_00005f2c	0000608e	0670	strb r6,[r0,#0x0]
00005f2c	FUN_00005f2c	00006090	36e1	b 0x00006300
00005f2c	FUN_00005f2c	00006092	17f8040b	ldrb.w r0,[r7],#0x4
00005f2c	FUN_00005f2c	00006096	8df80000	strb.w r0,[sp,#0x0]
00005f2c	FUN_00005f2c	0000609a	0020	movs r0,#0x0
00005f2c	FUN_00005f2c	0000609c	8df80100	strb.w r0,[sp,#0x1]
00005f2c	FUN_00005f2c	000060a0	eb46	mov r11,sp
00005f2c	FUN_00005f2c	000060a2	0120	movs r0,#0x1
00005f2c	FUN_00005f2c	000060a4	03e0	b 0x000060ae
00005f2c	FUN_00005f2c	000060a6	57f804bb	ldr.w r11,[r7],#0x4
00005f2c	FUN_00005f2c	000060aa	4ff0ff30	mov.w r0,#0xffffffff
00005f2c	FUN_00005f2c	000060ae	6107	lsls r1,r4,#0x1d
00005f2c	FUN_00005f2c	000060b0	4ff00001	mov.w r1,#0x0
00005f2c	FUN_00005f2c	000060b4	02d4	bmi 0x000060bc
00005f2c	FUN_00005f2c	000060b6	0de0	b 0x000060d4
00005f2c	FUN_00005f2c	000060b8	08f10101	add.w r1,r8,#0x1
00005f2c	FUN_00005f2c	000060bc	8846	mov r8,r1
00005f2c	FUN_00005f2c	000060be	4945	cmp r1,r9
00005f2c	FUN_00005f2c	000060c0	0fda	bge 0x000060e2
00005f2c	FUN_00005f2c	000060c2	8045	cmp r8,r0
00005f2c	FUN_00005f2c	000060c4	f8db	blt 0x000060b8
00005f2c	FUN_00005f2c	000060c6	1bf80810	ldrb.w r1,[r11,r8]
00005f2c	FUN_00005f2c	000060ca	0029	cmp r1,#0x0
00005f2c	FUN_00005f2c	000060cc	f4d1	bne 0x000060b8
00005f2c	FUN_00005f2c	000060ce	08e0	b 0x000060e2
00005f2c	FUN_00005f2c	000060d0	08f10101	add.w r1,r8,#0x1
00005f2c	FUN_00005f2c	000060d4	8846	mov r8,r1
00005f2c	FUN_00005f2c	000060d6	8142	cmp r1,r0
00005f2c	FUN_00005f2c	000060d8	fadb	blt 0x000060d0
00005f2c	FUN_00005f2c	000060da	1bf80810	ldrb.w r1,[r11,r8]
00005f2c	FUN_00005f2c	000060de	0029	cmp r1,#0x0
00005f2c	FUN_00005f2c	000060e0	f6d1	bne 0x000060d0
00005f2c	FUN_00005f2c	000060e2	dde90f23	ldrd r2,r3,[sp,#0x3c]
00005f2c	FUN_00005f2c	000060e6	aaeb0800	sub.w r0,r10,r8
00005f2c	FUN_00005f2c	000060ea	8146	mov r9,r0
00005f2c	FUN_00005f2c	000060ec	2146	mov r1,r4
00005f2c	FUN_00005f2c	000060ee	00f031f9	bl 0x00006354
00005f2c	FUN_00005f2c	000060f2	3044	add r0,r6
00005f2c	FUN_00005f2c	000060f4	00eb0806	add.w r6,r0,r8
00005f2c	FUN_00005f2c	000060f8	04e0	b 0x00006104
00005f2c	FUN_00005f2c	000060fa	dde90f12	ldrd r1,r2,[sp,#0x3c]
00005f2c	FUN_00005f2c	000060fe	1bf8010b	ldrb.w r0,[r11],#0x1
00005f2c	FUN_00005f2c	00006102	9047	blx r2
00005f2c	FUN_00005f2c	00006104	b8f10108	subs.w r8,r8,#0x1
00005f2c	FUN_00005f2c	00006108	f7d2	bcs 0x000060fa
00005f2c	FUN_00005f2c	0000610a	2146	mov r1,r4
00005f2c	FUN_00005f2c	0000610c	4846	mov r0,r9
00005f2c	FUN_00005f2c	0000610e	f2e0	b 0x000062f6
00005f2c	FUN_00005f2c	00006110	0a21	movs r1,#0xa
00005f2c	FUN_00005f2c	00006112	c4f30252	ubfx r2,r4,#0x14,#0x3
00005f2c	FUN_00005f2c	00006116	4ff0000b	mov.w r11,#0x0
00005f2c	FUN_00005f2c	0000611a	0891	str r1,[sp,#0x20]
00005f2c	FUN_00005f2c	0000611c	022a	cmp r2,#0x2
00005f2c	FUN_00005f2c	0000611e	04d0	beq 0x0000612a
00005f2c	FUN_00005f2c	00006120	01cf	ldmia r7!,{r0}
00005f2c	FUN_00005f2c	00006122	c117	asrs r1,r0,#0x1f
00005f2c	FUN_00005f2c	00006124	032a	cmp r2,#0x3
00005f2c	FUN_00005f2c	00006126	09d0	beq 0x0000613c
00005f2c	FUN_00005f2c	00006128	0ae0	b 0x00006140
00005f2c	FUN_00005f2c	0000612a	ff1d	adds r7,r7,#0x7
00005f2c	FUN_00005f2c	0000612c	27f00707	bic r7,r7,#0x7
00005f2c	FUN_00005f2c	00006130	f7e80201	ldrd r0,r1,[r7],#0x8
00005f2c	FUN_00005f2c	00006134	08e0	b 0x00006148
00005f2c	FUN_00005f2c	00006136	2ce0	b 0x00006192
00005f2c	FUN_00005f2c	00006138	1ee0	b 0x00006178
00005f2c	FUN_00005f2c	0000613a	1fe0	b 0x0000617c
00005f2c	FUN_00005f2c	0000613c	00b2	sxth r0,r0
00005f2c	FUN_00005f2c	0000613e	c117	asrs r1,r0,#0x1f
00005f2c	FUN_00005f2c	00006140	042a	cmp r2,#0x4
00005f2c	FUN_00005f2c	00006142	01d1	bne 0x00006148
00005f2c	FUN_00005f2c	00006144	40b2	sxtb r0,r0
00005f2c	FUN_00005f2c	00006146	c117	asrs r1,r0,#0x1f
00005f2c	FUN_00005f2c	00006148	021e	subs r2,r0,#0x0
00005f2c	FUN_00005f2c	0000614a	71f10002	sbcs r2,r1,#0x0
00005f2c	FUN_00005f2c	0000614e	06da	bge 0x0000615e
00005f2c	FUN_00005f2c	00006150	0023	movs r3,#0x0
00005f2c	FUN_00005f2c	00006152	d0eb0300	rsbs r0,r0,r3
00005f2c	FUN_00005f2c	00006156	63eb0101	sbc.w r1,r3,r1
00005f2c	FUN_00005f2c	0000615a	2d22	movs r2,#0x2d
00005f2c	FUN_00005f2c	0000615c	02e0	b 0x00006164
00005f2c	FUN_00005f2c	0000615e	2205	lsls r2,r4,#0x14
00005f2c	FUN_00005f2c	00006160	04d5	bpl 0x0000616c
00005f2c	FUN_00005f2c	00006162	2b22	movs r2,#0x2b
00005f2c	FUN_00005f2c	00006164	8df82420	strb.w r2,[sp,#0x24]
00005f2c	FUN_00005f2c	00006168	0122	movs r2,#0x1
00005f2c	FUN_00005f2c	0000616a	03e0	b 0x00006174
00005f2c	FUN_00005f2c	0000616c	e207	lsls r2,r4,#0x1f
00005f2c	FUN_00005f2c	0000616e	01d0	beq 0x00006174
00005f2c	FUN_00005f2c	00006170	2022	movs r2,#0x20
00005f2c	FUN_00005f2c	00006172	f7e7	b 0x00006164
00005f2c	FUN_00005f2c	00006174	9046	mov r8,r2
00005f2c	FUN_00005f2c	00006176	53e0	b 0x00006220
00005f2c	FUN_00005f2c	00006178	0a21	movs r1,#0xa
00005f2c	FUN_00005f2c	0000617a	0be0	b 0x00006194
00005f2c	FUN_00005f2c	0000617c	1021	movs r1,#0x10
00005f2c	FUN_00005f2c	0000617e	09e0	b 0x00006194
00005f2c	FUN_00005f2c	00006180	1021	movs r1,#0x10
00005f2c	FUN_00005f2c	00006182	4ff0000b	mov.w r11,#0x0
00005f2c	FUN_00005f2c	00006186	44f00404	orr r4,r4,#0x4
00005f2c	FUN_00005f2c	0000618a	4ff00809	mov.w r9,#0x8
00005f2c	FUN_00005f2c	0000618e	0891	str r1,[sp,#0x20]
00005f2c	FUN_00005f2c	00006190	03e0	b 0x0000619a
00005f2c	FUN_00005f2c	00006192	0821	movs r1,#0x8
00005f2c	FUN_00005f2c	00006194	4ff0000b	mov.w r11,#0x0
00005f2c	FUN_00005f2c	00006198	0891	str r1,[sp,#0x20]
00005f2c	FUN_00005f2c	0000619a	c4f30252	ubfx r2,r4,#0x14,#0x3
00005f2c	FUN_00005f2c	0000619e	022a	cmp r2,#0x2
00005f2c	FUN_00005f2c	000061a0	04d0	beq 0x000061ac
00005f2c	FUN_00005f2c	000061a2	01cf	ldmia r7!,{r0}
00005f2c	FUN_00005f2c	000061a4	0021	movs r1,#0x0
00005f2c	FUN_00005f2c	000061a6	032a	cmp r2,#0x3
00005f2c	FUN_00005f2c	000061a8	06d0	beq 0x000061b8
00005f2c	FUN_00005f2c	000061aa	06e0	b 0x000061ba
00005f2c	FUN_00005f2c	000061ac	ff1d	adds r7,r7,#0x7
00005f2c	FUN_00005f2c	000061ae	27f00707	bic r7,r7,#0x7
00005f2c	FUN_00005f2c	000061b2	f7e80201	ldrd r0,r1,[r7],#0x8
00005f2c	FUN_00005f2c	000061b6	03e0	b 0x000061c0
00005f2c	FUN_00005f2c	000061b8	80b2	uxth r0,r0
00005f2c	FUN_00005f2c	000061ba	042a	cmp r2,#0x4
00005f2c	FUN_00005f2c	000061bc	00d1	bne 0x000061c0
00005f2c	FUN_00005f2c	000061be	c0b2	uxtb r0,r0
00005f2c	FUN_00005f2c	000061c0	4ff00008	mov.w r8,#0x0
00005f2c	FUN_00005f2c	000061c4	2207	lsls r2,r4,#0x1c
00005f2c	FUN_00005f2c	000061c6	2bd5	bpl 0x00006220
00005f2c	FUN_00005f2c	000061c8	2a78	ldrb r2,[r5,#0x0]
00005f2c	FUN_00005f2c	000061ca	702a	cmp r2,#0x70
00005f2c	FUN_00005f2c	000061cc	07d0	beq 0x000061de
00005f2c	FUN_00005f2c	000061ce	ddf820c0	ldr.w r12,[sp,#0x20]
00005f2c	FUN_00005f2c	000061d2	8cf0100c	eor r12,r12,#0x10
00005f2c	FUN_00005f2c	000061d6	5cea0b0c	orrs.w r12,r12,r11
00005f2c	FUN_00005f2c	000061da	05d0	beq 0x000061e8
00005f2c	FUN_00005f2c	000061dc	0ee0	b 0x000061fc
00005f2c	FUN_00005f2c	000061de	4022	movs r2,#0x40
00005f2c	FUN_00005f2c	000061e0	8df82420	strb.w r2,[sp,#0x24]
00005f2c	FUN_00005f2c	000061e4	0122	movs r2,#0x1
00005f2c	FUN_00005f2c	000061e6	08e0	b 0x000061fa
00005f2c	FUN_00005f2c	000061e8	50ea0103	orrs.w r3,r0,r1
00005f2c	FUN_00005f2c	000061ec	06d0	beq 0x000061fc
00005f2c	FUN_00005f2c	000061ee	3023	movs r3,#0x30
00005f2c	FUN_00005f2c	000061f0	8df82430	strb.w r3,[sp,#0x24]
00005f2c	FUN_00005f2c	000061f4	8df82520	strb.w r2,[sp,#0x25]
00005f2c	FUN_00005f2c	000061f8	0222	movs r2,#0x2
00005f2c	FUN_00005f2c	000061fa	9046	mov r8,r2
00005f2c	FUN_00005f2c	000061fc	089b	ldr r3,[sp,#0x20]
00005f2c	FUN_00005f2c	000061fe	83f00803	eor r3,r3,#0x8
00005f2c	FUN_00005f2c	00006202	53ea0b03	orrs.w r3,r3,r11
00005f2c	FUN_00005f2c	00006206	0bd1	bne 0x00006220
00005f2c	FUN_00005f2c	00006208	50ea0102	orrs.w r2,r0,r1
00005f2c	FUN_00005f2c	0000620c	01d1	bne 0x00006212
00005f2c	FUN_00005f2c	0000620e	6207	lsls r2,r4,#0x1d
00005f2c	FUN_00005f2c	00006210	06d5	bpl 0x00006220
00005f2c	FUN_00005f2c	00006212	3022	movs r2,#0x30
00005f2c	FUN_00005f2c	00006214	8df82420	strb.w r2,[sp,#0x24]
00005f2c	FUN_00005f2c	00006218	4ff00108	mov.w r8,#0x1
00005f2c	FUN_00005f2c	0000621c	a9f10109	sub.w r9,r9,#0x1
00005f2c	FUN_00005f2c	00006220	2a78	ldrb r2,[r5,#0x0]
00005f2c	FUN_00005f2c	00006222	582a	cmp r2,#0x58
00005f2c	FUN_00005f2c	00006224	04d0	beq 0x00006230
00005f2c	FUN_00005f2c	00006226	38a2	adr r2,[0x6308]
00005f2c	FUN_00005f2c	00006228	0b92	str r2,[sp,#0x2c]
00005f2c	FUN_00005f2c	0000622a	08aa	add r2,sp,#0x20
00005f2c	FUN_00005f2c	0000622c	0a92	str r2,[sp,#0x28]
00005f2c	FUN_00005f2c	0000622e	0be0	b 0x00006248
00005f2c	FUN_00005f2c	00006230	3aa2	adr r2,[0x631c]
00005f2c	FUN_00005f2c	00006232	f9e7	b 0x00006228
00005f2c	FUN_00005f2c	00006234	5b46	mov r3,r11
00005f2c	FUN_00005f2c	00006236	089a	ldr r2,[sp,#0x20]
00005f2c	FUN_00005f2c	00006238	faf730f8	bl 0x0000029c
00005f2c	FUN_00005f2c	0000623c	0b9b	ldr r3,[sp,#0x2c]
00005f2c	FUN_00005f2c	0000623e	9b5c	ldrb r3,[r3,r2]
00005f2c	FUN_00005f2c	00006240	0a9a	ldr r2,[sp,#0x28]
00005f2c	FUN_00005f2c	00006242	521e	subs r2,r2,#0x1
00005f2c	FUN_00005f2c	00006244	0a92	str r2,[sp,#0x28]
00005f2c	FUN_00005f2c	00006246	1370	strb r3,[r2,#0x0]
00005f2c	FUN_00005f2c	00006248	50ea0102	orrs.w r2,r0,r1
00005f2c	FUN_00005f2c	0000624c	f2d1	bne 0x00006234
00005f2c	FUN_00005f2c	0000624e	0a98	ldr r0,[sp,#0x28]
00005f2c	FUN_00005f2c	00006250	adeb0000	sub.w r0,sp,r0
00005f2c	FUN_00005f2c	00006254	00f1200b	add.w r11,r0,#0x20
00005f2c	FUN_00005f2c	00006258	6007	lsls r0,r4,#0x1d
00005f2c	FUN_00005f2c	0000625a	02d5	bpl 0x00006262
00005f2c	FUN_00005f2c	0000625c	24f48034	bic r4,r4,#0x10000
00005f2c	FUN_00005f2c	00006260	01e0	b 0x00006266
00005f2c	FUN_00005f2c	00006262	4ff00109	mov.w r9,#0x1
00005f2c	FUN_00005f2c	00006266	d945	cmp r9,r11
00005f2c	FUN_00005f2c	00006268	02dd	ble 0x00006270
00005f2c	FUN_00005f2c	0000626a	a9eb0b00	sub.w r0,r9,r11
00005f2c	FUN_00005f2c	0000626e	00e0	b 0x00006272
00005f2c	FUN_00005f2c	00006270	0020	movs r0,#0x0
00005f2c	FUN_00005f2c	00006272	00eb0b01	add.w r1,r0,r11
00005f2c	FUN_00005f2c	00006276	4144	add r1,r8
00005f2c	FUN_00005f2c	00006278	0890	str r0,[sp,#0x20]
00005f2c	FUN_00005f2c	0000627a	aaeb010a	sub.w r10,r10,r1
00005f2c	FUN_00005f2c	0000627e	e003	lsls r0,r4,#0xf
00005f2c	FUN_00005f2c	00006280	06d4	bmi 0x00006290
00005f2c	FUN_00005f2c	00006282	dde90f23	ldrd r2,r3,[sp,#0x3c]
00005f2c	FUN_00005f2c	00006286	2146	mov r1,r4
00005f2c	FUN_00005f2c	00006288	5046	mov r0,r10
00005f2c	FUN_00005f2c	0000628a	00f063f8	bl 0x00006354
00005f2c	FUN_00005f2c	0000628e	0644	add r6,r0
00005f2c	FUN_00005f2c	00006290	4ff00009	mov.w r9,#0x0
00005f2c	FUN_00005f2c	00006294	08e0	b 0x000062a8
00005f2c	FUN_00005f2c	00006296	09a9	add r1,sp,#0x24
00005f2c	FUN_00005f2c	00006298	11f80900	ldrb.w r0,[r1,r9]
00005f2c	FUN_00005f2c	0000629c	dde90f12	ldrd r1,r2,[sp,#0x3c]
00005f2c	FUN_00005f2c	000062a0	9047	blx r2
00005f2c	FUN_00005f2c	000062a2	09f10109	add.w r9,r9,#0x1
00005f2c	FUN_00005f2c	000062a6	761c	adds r6,r6,#0x1
00005f2c	FUN_00005f2c	000062a8	c145	cmp r9,r8
00005f2c	FUN_00005f2c	000062aa	f4db	blt 0x00006296
00005f2c	FUN_00005f2c	000062ac	e003	lsls r0,r4,#0xf
00005f2c	FUN_00005f2c	000062ae	0cd5	bpl 0x000062ca
00005f2c	FUN_00005f2c	000062b0	dde90f23	ldrd r2,r3,[sp,#0x3c]
00005f2c	FUN_00005f2c	000062b4	2146	mov r1,r4
00005f2c	FUN_00005f2c	000062b6	5046	mov r0,r10
00005f2c	FUN_00005f2c	000062b8	00f04cf8	bl 0x00006354
00005f2c	FUN_00005f2c	000062bc	0644	add r6,r0
00005f2c	FUN_00005f2c	000062be	04e0	b 0x000062ca
00005f2c	FUN_00005f2c	000062c0	dde90f12	ldrd r1,r2,[sp,#0x3c]
00005f2c	FUN_00005f2c	000062c4	3020	movs r0,#0x30
00005f2c	FUN_00005f2c	000062c6	9047	blx r2
00005f2c	FUN_00005f2c	000062c8	761c	adds r6,r6,#0x1
00005f2c	FUN_00005f2c	000062ca	0899	ldr r1,[sp,#0x20]
00005f2c	FUN_00005f2c	000062cc	481e	subs r0,r1,#0x1
00005f2c	FUN_00005f2c	000062ce	0890	str r0,[sp,#0x20]
00005f2c	FUN_00005f2c	000062d0	0029	cmp r1,#0x0
00005f2c	FUN_00005f2c	000062d2	f5dc	bgt 0x000062c0
00005f2c	FUN_00005f2c	000062d4	08e0	b 0x000062e8
00005f2c	FUN_00005f2c	000062d6	0a98	ldr r0,[sp,#0x28]
00005f2c	FUN_00005f2c	000062d8	0a99	ldr r1,[sp,#0x28]
00005f2c	FUN_00005f2c	000062da	0078	ldrb r0,[r0,#0x0]
00005f2c	FUN_00005f2c	000062dc	491c	adds r1,r1,#0x1
00005f2c	FUN_00005f2c	000062de	0a91	str r1,[sp,#0x28]
00005f2c	FUN_00005f2c	000062e0	dde90f12	ldrd r1,r2,[sp,#0x3c]
00005f2c	FUN_00005f2c	000062e4	9047	blx r2
00005f2c	FUN_00005f2c	000062e6	761c	adds r6,r6,#0x1
00005f2c	FUN_00005f2c	000062e8	bbf10001	subs.w r1,r11,#0x0
00005f2c	FUN_00005f2c	000062ec	abf1010b	sub.w r11,r11,#0x1
00005f2c	FUN_00005f2c	000062f0	f1dc	bgt 0x000062d6
00005f2c	FUN_00005f2c	000062f2	2146	mov r1,r4
00005f2c	FUN_00005f2c	000062f4	5046	mov r0,r10
00005f2c	FUN_00005f2c	000062f6	dde90f23	ldrd r2,r3,[sp,#0x3c]
00005f2c	FUN_00005f2c	000062fa	00f019f8	bl 0x00006330
00005f2c	FUN_00005f2c	000062fe	0644	add r6,r0
00005f2c	FUN_00005f2c	00006300	6d1c	adds r5,r5,#0x1
00005f2c	FUN_00005f2c	00006302	21e6	b 0x00005f48
00006330	FUN_00006330	00006330	2de9f041	push {r4,r5,r6,r7,r8,lr}
00006330	FUN_00006330	00006334	0446	mov r4,r0
00006330	FUN_00006330	00006336	0025	movs r5,#0x0
00006330	FUN_00006330	00006338	1e46	mov r6,r3
00006330	FUN_00006330	0000633a	1746	mov r7,r2
00006330	FUN_00006330	0000633c	8804	lsls r0,r1,#0x12
00006330	FUN_00006330	0000633e	04d4	bmi 0x0000634a
00006330	FUN_00006330	00006340	05e0	b 0x0000634e
00006330	FUN_00006330	00006342	3946	mov r1,r7
00006330	FUN_00006330	00006344	2020	movs r0,#0x20
00006330	FUN_00006330	00006346	b047	blx r6
00006330	FUN_00006330	00006348	6d1c	adds r5,r5,#0x1
00006330	FUN_00006330	0000634a	641e	subs r4,r4,#0x1
00006330	FUN_00006330	0000634c	f9d5	bpl 0x00006342
00006330	FUN_00006330	0000634e	2846	mov r0,r5
00006330	FUN_00006330	00006350	bde8f081	pop.w {r4,r5,r6,r7,r8,pc}
00006354	FUN_00006354	00006354	2de9f041	push {r4,r5,r6,r7,r8,lr}
00006354	FUN_00006354	00006358	0446	mov r4,r0
00006354	FUN_00006354	0000635a	0025	movs r5,#0x0
00006354	FUN_00006354	0000635c	1e46	mov r6,r3
00006354	FUN_00006354	0000635e	9046	mov r8,r2
00006354	FUN_00006354	00006360	c803	lsls r0,r1,#0xf
00006354	FUN_00006354	00006362	01d5	bpl 0x00006368
00006354	FUN_00006354	00006364	3027	movs r7,#0x30
00006354	FUN_00006354	00006366	00e0	b 0x0000636a
00006354	FUN_00006354	00006368	2027	movs r7,#0x20
00006354	FUN_00006354	0000636a	8804	lsls r0,r1,#0x12
00006354	FUN_00006354	0000636c	04d5	bpl 0x00006378
00006354	FUN_00006354	0000636e	05e0	b 0x0000637c
00006354	FUN_00006354	00006370	4146	mov r1,r8
00006354	FUN_00006354	00006372	3846	mov r0,r7
00006354	FUN_00006354	00006374	b047	blx r6
00006354	FUN_00006354	00006376	6d1c	adds r5,r5,#0x1
00006354	FUN_00006354	00006378	641e	subs r4,r4,#0x1
00006354	FUN_00006354	0000637a	f9d5	bpl 0x00006370
00006354	FUN_00006354	0000637c	2846	mov r0,r5
00006354	FUN_00006354	0000637e	bde8f081	pop.w {r4,r5,r6,r7,r8,pc}
00006382	FUN_00006382	00006382	0a68	ldr r2,[r1,#0x0]
00006382	FUN_00006382	00006384	531c	adds r3,r2,#0x1
00006382	FUN_00006382	00006386	0b60	str r3,[r1,#0x0]
00006382	FUN_00006382	00006388	1070	strb r0,[r2,#0x0]
00006382	FUN_00006382	0000638a	7047	bx lr
0000638c	FUN_0000638c	0000638c	70b5	push {r4,r5,r6,lr}
0000638c	FUN_0000638c	0000638e	0346	mov r3,r0
0000638c	FUN_0000638c	00006390	0c46	mov r4,r1
0000638c	FUN_0000638c	00006392	0020	movs r0,#0x0
0000638c	FUN_0000638c	00006394	0021	movs r1,#0x0
0000638c	FUN_0000638c	00006396	00bf	nop
0000638c	FUN_0000638c	00006398	07e0	b 0x000063aa
0000638c	FUN_0000638c	0000639a	5d5c	ldrb r5,[r3,r1]
0000638c	FUN_0000638c	0000639c	665c	ldrb r6,[r4,r1]
0000638c	FUN_0000638c	0000639e	b542	cmp r5,r6
0000638c	FUN_0000638c	000063a0	01d0	beq 0x000063a6
0000638c	FUN_0000638c	000063a2	0020	movs r0,#0x0
0000638c	FUN_0000638c	000063a4	70bd	pop {r4,r5,r6,pc}
0000638c	FUN_0000638c	000063a6	4d1c	adds r5,r1,#0x1
0000638c	FUN_0000638c	000063a8	e9b2	uxtb r1,r5
0000638c	FUN_0000638c	000063aa	9142	cmp r1,r2
0000638c	FUN_0000638c	000063ac	f5db	blt 0x0000639a
0000638c	FUN_0000638c	000063ae	9142	cmp r1,r2
0000638c	FUN_0000638c	000063b0	00d1	bne 0x000063b4
0000638c	FUN_0000638c	000063b2	0120	movs r0,#0x1
0000638c	FUN_0000638c	000063b4	00bf	nop
0000638c	FUN_0000638c	000063b6	f5e7	b 0x000063a4
000063b8	boot_hardware_init	000063b8	10b5	push {r4,lr}
000063b8	boot_hardware_init	000063ba	4620	movs r0,#0x46
000063b8	boot_hardware_init	000063bc	fcf7c8fc	bl 0x00002d50
000063b8	boot_hardware_init	000063c0	7720	movs r0,#0x77
000063b8	boot_hardware_init	000063c2	1049	ldr r1,[0x00006404]
000063b8	boot_hardware_init	000063c4	0860	str r0,[r1,#0x0]
000063b8	boot_hardware_init	000063c6	0f49	ldr r1,[0x00006404]
000063b8	boot_hardware_init	000063c8	0831	adds r1,#0x8
000063b8	boot_hardware_init	000063ca	0860	str r0,[r1,#0x0]
000063b8	boot_hardware_init	000063cc	4ff08850	mov.w r0,#0x11000000
000063b8	boot_hardware_init	000063d0	0c49	ldr r1,[0x00006404]
000063b8	boot_hardware_init	000063d2	091f	subs r1,r1,#0x4
000063b8	boot_hardware_init	000063d4	0860	str r0,[r1,#0x0]
000063b8	boot_hardware_init	000063d6	7620	movs r0,#0x76
000063b8	boot_hardware_init	000063d8	091d	adds r1,r1,#0x4
000063b8	boot_hardware_init	000063da	0860	str r0,[r1,#0x0]
000063b8	boot_hardware_init	000063dc	0949	ldr r1,[0x00006404]
000063b8	boot_hardware_init	000063de	0831	adds r1,#0x8
000063b8	boot_hardware_init	000063e0	0860	str r0,[r1,#0x0]
000063b8	boot_hardware_init	000063e2	fbf727f9	bl 0x00001634
000063b8	boot_hardware_init	000063e6	fef737fc	bl 0x00004c58
000063b8	boot_hardware_init	000063ea	faf745fb	bl 0x00000a78
000063b8	boot_hardware_init	000063ee	faf713fb	bl 0x00000a18
000063b8	boot_hardware_init	000063f2	0548	ldr r0,[0x00006408]
000063b8	boot_hardware_init	000063f4	faf705fd	bl 0x00000e02
000063b8	boot_hardware_init	000063f8	0448	ldr r0,[0x0000640c]
000063b8	boot_hardware_init	000063fa	faf70dfd	bl 0x00000e18
000063b8	boot_hardware_init	000063fe	faf7cbf9	bl 0x00000798
000063b8	boot_hardware_init	00006402	10bd	pop {r4,pc}
00006410	clear_boot_request_record	00006410	10b5	push {r4,lr}
00006410	clear_boot_request_record	00006412	00f00ffa	bl 0x00006834
00006410	clear_boot_request_record	00006416	0020	movs r0,#0x0
00006410	clear_boot_request_record	00006418	0449	ldr r1,[0x0000642c]
00006410	clear_boot_request_record	0000641a	0860	str r0,[r1,#0x0]
00006410	clear_boot_request_record	0000641c	4860	str r0,[r1,#0x4]
00006410	clear_boot_request_record	0000641e	4ff4f034	mov.w r4,#0x1e000
00006410	clear_boot_request_record	00006422	1422	movs r2,#0x14
00006410	clear_boot_request_record	00006424	2046	mov r0,r4
00006410	clear_boot_request_record	00006426	f9f7e3ff	bl 0x000003f0
00006410	clear_boot_request_record	0000642a	10bd	pop {r4,pc}
00006430	erase_flash_sector_at	00006430	70b5	push {r4,r5,r6,lr}
00006430	erase_flash_sector_at	00006432	0446	mov r4,r0
00006430	erase_flash_sector_at	00006434	650b	lsrs r5,r4,#0xd
00006430	erase_flash_sector_at	00006436	b4f5802f	cmp.w r4,#0x40000
00006430	erase_flash_sector_at	0000643a	00d3	bcc 0x0000643e
00006430	erase_flash_sector_at	0000643c	70bd	pop {r4,r5,r6,pc}
00006430	erase_flash_sector_at	0000643e	72b6	cpsid i
00006430	erase_flash_sector_at	00006440	fbf79efd	bl 0x00001f80
00006430	erase_flash_sector_at	00006444	0120	movs r0,#0x1
00006430	erase_flash_sector_at	00006446	fbf73bfb	bl 0x00001ac0
00006430	erase_flash_sector_at	0000644a	00bf	nop
00006430	erase_flash_sector_at	0000644c	4ff48070	mov.w r0,#0x100
00006430	erase_flash_sector_at	00006450	fbf766fb	bl 0x00001b20
00006430	erase_flash_sector_at	00006454	0128	cmp r0,#0x1
00006430	erase_flash_sector_at	00006456	f9d1	bne 0x0000644c
00006430	erase_flash_sector_at	00006458	a840	lsls r0,r5
00006430	erase_flash_sector_at	0000645a	0a49	ldr r1,[0x00006484]
00006430	erase_flash_sector_at	0000645c	0860	str r0,[r1,#0x0]
00006430	erase_flash_sector_at	0000645e	2046	mov r0,r4
00006430	erase_flash_sector_at	00006460	fbf798fd	bl 0x00001f94
00006430	erase_flash_sector_at	00006464	0020	movs r0,#0x0
00006430	erase_flash_sector_at	00006466	fbf72bfb	bl 0x00001ac0
00006430	erase_flash_sector_at	0000646a	00bf	nop
00006430	erase_flash_sector_at	0000646c	0020	movs r0,#0x0
00006430	erase_flash_sector_at	0000646e	0649	ldr r1,[0x00006488]
00006430	erase_flash_sector_at	00006470	0860	str r0,[r1,#0x0]
00006430	erase_flash_sector_at	00006472	00bf	nop
00006430	erase_flash_sector_at	00006474	62b6	cpsie i
00006430	erase_flash_sector_at	00006476	1a21	movs r1,#0x1a
00006430	erase_flash_sector_at	00006478	04a0	adr r0,[0x648c]
00006430	erase_flash_sector_at	0000647a	fff79dfb	bl 0x00005bb8
00006430	erase_flash_sector_at	0000647e	00bf	nop
00006430	erase_flash_sector_at	00006480	dce7	b 0x0000643c
000064a8	debug_putchar	000064a8	00bf	nop
000064a8	debug_putchar	000064aa	054a	ldr r2,[0x000064c0]
000064a8	debug_putchar	000064ac	1268	ldr r2,[r2,#0x0]
000064a8	debug_putchar	000064ae	02f08002	and r2,r2,#0x80
000064a8	debug_putchar	000064b2	002a	cmp r2,#0x0
000064a8	debug_putchar	000064b4	f9d0	beq 0x000064aa
000064a8	debug_putchar	000064b6	c2b2	uxtb r2,r0
000064a8	debug_putchar	000064b8	014b	ldr r3,[0x000064c0]
000064a8	debug_putchar	000064ba	1b1d	adds r3,r3,#0x4
000064a8	debug_putchar	000064bc	1a80	strh r2,[r3,#0x0]
000064a8	debug_putchar	000064be	7047	bx lr
000064c4	debug_command_handler	000064c4	3eb5	push {r1,r2,r3,r4,r5,lr}
000064c4	debug_command_handler	000064c6	0446	mov r4,r0
000064c4	debug_command_handler	000064c8	0d46	mov r5,r1
000064c4	debug_command_handler	000064ca	3c48	ldr r0,[0x000065bc]
000064c4	debug_command_handler	000064cc	0078	ldrb r0,[r0,#0x0]
000064c4	debug_command_handler	000064ce	30b9	cbnz r0,0x000064de
000064c4	debug_command_handler	000064d0	2db9	cbnz r5,0x000064de
000064c4	debug_command_handler	000064d2	2078	ldrb r0,[r4,#0x0]
000064c4	debug_command_handler	000064d4	5828	cmp r0,#0x58
000064c4	debug_command_handler	000064d6	02d1	bne 0x000064de
000064c4	debug_command_handler	000064d8	0120	movs r0,#0x1
000064c4	debug_command_handler	000064da	3949	ldr r1,[0x000065c0]
000064c4	debug_command_handler	000064dc	0870	strb r0,[r1,#0x0]
000064c4	debug_command_handler	000064de	022d	cmp r5,#0x2
000064c4	debug_command_handler	000064e0	0bd1	bne 0x000064fa
000064c4	debug_command_handler	000064e2	2078	ldrb r0,[r4,#0x0]
000064c4	debug_command_handler	000064e4	2328	cmp r0,#0x23
000064c4	debug_command_handler	000064e6	08d1	bne 0x000064fa
000064c4	debug_command_handler	000064e8	a078	ldrb r0,[r4,#0x2]
000064c4	debug_command_handler	000064ea	2328	cmp r0,#0x23
000064c4	debug_command_handler	000064ec	05d1	bne 0x000064fa
000064c4	debug_command_handler	000064ee	6078	ldrb r0,[r4,#0x1]
000064c4	debug_command_handler	000064f0	3449	ldr r1,[0x000065c4]
000064c4	debug_command_handler	000064f2	0880	strh r0,[r1,#0x0]
000064c4	debug_command_handler	000064f4	0120	movs r0,#0x1
000064c4	debug_command_handler	000064f6	3449	ldr r1,[0x000065c8]
000064c4	debug_command_handler	000064f8	0870	strb r0,[r1,#0x0]
000064c4	debug_command_handler	000064fa	022d	cmp r5,#0x2
000064c4	debug_command_handler	000064fc	1ad1	bne 0x00006534
000064c4	debug_command_handler	000064fe	2078	ldrb r0,[r4,#0x0]
000064c4	debug_command_handler	00006500	5528	cmp r0,#0x55
000064c4	debug_command_handler	00006502	17d1	bne 0x00006534
000064c4	debug_command_handler	00006504	6078	ldrb r0,[r4,#0x1]
000064c4	debug_command_handler	00006506	6628	cmp r0,#0x66
000064c4	debug_command_handler	00006508	14d1	bne 0x00006534
000064c4	debug_command_handler	0000650a	a078	ldrb r0,[r4,#0x2]
000064c4	debug_command_handler	0000650c	aa28	cmp r0,#0xaa
000064c4	debug_command_handler	0000650e	11d1	bne 0x00006534
000064c4	debug_command_handler	00006510	6078	ldrb r0,[r4,#0x1]
000064c4	debug_command_handler	00006512	8df80000	strb.w r0,[sp,#0x0]
000064c4	debug_command_handler	00006516	2d48	ldr r0,[0x000065cc]
000064c4	debug_command_handler	00006518	8168	ldr r1,[r0,#0x8]
000064c4	debug_command_handler	0000651a	cdf80110	str.w r1,[sp,#0x1]
000064c4	debug_command_handler	0000651e	c068	ldr r0,[r0,#0xc]
000064c4	debug_command_handler	00006520	cdf80500	str.w r0,[sp,#0x5]
000064c4	debug_command_handler	00006524	0921	movs r1,#0x9
000064c4	debug_command_handler	00006526	6846	mov r0,sp
000064c4	debug_command_handler	00006528	fff746fb	bl 0x00005bb8
000064c4	debug_command_handler	0000652c	0020	movs r0,#0x0
000064c4	debug_command_handler	0000652e	2849	ldr r1,[0x000065d0]
000064c4	debug_command_handler	00006530	0880	strh r0,[r1,#0x0]
000064c4	debug_command_handler	00006532	41e0	b 0x000065b8
000064c4	debug_command_handler	00006534	042d	cmp r5,#0x4
000064c4	debug_command_handler	00006536	19d1	bne 0x0000656c
000064c4	debug_command_handler	00006538	2348	ldr r0,[0x000065c8]
000064c4	debug_command_handler	0000653a	0078	ldrb r0,[r0,#0x0]
000064c4	debug_command_handler	0000653c	0128	cmp r0,#0x1
000064c4	debug_command_handler	0000653e	15d1	bne 0x0000656c
000064c4	debug_command_handler	00006540	e178	ldrb r1,[r4,#0x3]
000064c4	debug_command_handler	00006542	2079	ldrb r0,[r4,#0x4]
000064c4	debug_command_handler	00006544	01eb0020	add.w r0,r1,r0, lsl #0x8
000064c4	debug_command_handler	00006548	2249	ldr r1,[0x000065d4]
000064c4	debug_command_handler	0000654a	0860	str r0,[r1,#0x0]
000064c4	debug_command_handler	0000654c	0846	mov r0,r1
000064c4	debug_command_handler	0000654e	0068	ldr r0,[r0,#0x0]
000064c4	debug_command_handler	00006550	b0f5005f	cmp.w r0,#0x2000
000064c4	debug_command_handler	00006554	03dc	bgt 0x0000655e
000064c4	debug_command_handler	00006556	0846	mov r0,r1
000064c4	debug_command_handler	00006558	0068	ldr r0,[r0,#0x0]
000064c4	debug_command_handler	0000655a	0028	cmp r0,#0x0
000064c4	debug_command_handler	0000655c	02dc	bgt 0x00006564
000064c4	debug_command_handler	0000655e	00f04dfb	bl 0x00006bfc
000064c4	debug_command_handler	00006562	3ebd	pop {r1,r2,r3,r4,r5,pc}
000064c4	debug_command_handler	00006564	0120	movs r0,#0x1
000064c4	debug_command_handler	00006566	1c49	ldr r1,[0x000065d8]
000064c4	debug_command_handler	00006568	0870	strb r0,[r1,#0x0]
000064c4	debug_command_handler	0000656a	25e0	b 0x000065b8
000064c4	debug_command_handler	0000656c	262d	cmp r5,#0x26
000064c4	debug_command_handler	0000656e	23d1	bne 0x000065b8
000064c4	debug_command_handler	00006570	1548	ldr r0,[0x000065c8]
000064c4	debug_command_handler	00006572	0078	ldrb r0,[r0,#0x0]
000064c4	debug_command_handler	00006574	00bb	cbnz r0,0x000065b8
000064c4	debug_command_handler	00006576	2722	movs r2,#0x27
000064c4	debug_command_handler	00006578	1849	ldr r1,[0x000065dc]
000064c4	debug_command_handler	0000657a	2046	mov r0,r4
000064c4	debug_command_handler	0000657c	fff706ff	bl 0x0000638c
000064c4	debug_command_handler	00006580	50b1	cbz r0,0x00006598
000064c4	debug_command_handler	00006582	0120	movs r0,#0x1
000064c4	debug_command_handler	00006584	fef71af9	bl 0x000047bc
000064c4	debug_command_handler	00006588	0f21	movs r1,#0xf
000064c4	debug_command_handler	0000658a	15a0	adr r0,[0x65e0]
000064c4	debug_command_handler	0000658c	fff714fb	bl 0x00005bb8
000064c4	debug_command_handler	00006590	0120	movs r0,#0x1
000064c4	debug_command_handler	00006592	1749	ldr r1,[0x000065f0]
000064c4	debug_command_handler	00006594	0870	strb r0,[r1,#0x0]
000064c4	debug_command_handler	00006596	0fe0	b 0x000065b8
000064c4	debug_command_handler	00006598	2722	movs r2,#0x27
000064c4	debug_command_handler	0000659a	1649	ldr r1,[0x000065f4]
000064c4	debug_command_handler	0000659c	2046	mov r0,r4
000064c4	debug_command_handler	0000659e	fff7f5fe	bl 0x0000638c
000064c4	debug_command_handler	000065a2	48b1	cbz r0,0x000065b8
000064c4	debug_command_handler	000065a4	0020	movs r0,#0x0
000064c4	debug_command_handler	000065a6	fef709f9	bl 0x000047bc
000064c4	debug_command_handler	000065aa	0120	movs r0,#0x1
000064c4	debug_command_handler	000065ac	1049	ldr r1,[0x000065f0]
000064c4	debug_command_handler	000065ae	0870	strb r0,[r1,#0x0]
000064c4	debug_command_handler	000065b0	0f21	movs r1,#0xf
000064c4	debug_command_handler	000065b2	11a0	adr r0,[0x65f8]
000064c4	debug_command_handler	000065b4	fff700fb	bl 0x00005bb8
000064c4	debug_command_handler	000065b8	00bf	nop
000064c4	debug_command_handler	000065ba	d2e7	b 0x00006562
00006608	firmware_update_frame_handler	00006608	70b5	push {r4,r5,r6,lr}
00006608	firmware_update_frame_handler	0000660a	0446	mov r4,r0
00006608	firmware_update_frame_handler	0000660c	0d46	mov r5,r1
00006608	firmware_update_frame_handler	0000660e	082d	cmp r5,#0x8
00006608	firmware_update_frame_handler	00006610	17d1	bne 0x00006642
00006608	firmware_update_frame_handler	00006612	2078	ldrb r0,[r4,#0x0]
00006608	firmware_update_frame_handler	00006614	5528	cmp r0,#0x55
00006608	firmware_update_frame_handler	00006616	14d1	bne 0x00006642
00006608	firmware_update_frame_handler	00006618	6078	ldrb r0,[r4,#0x1]
00006608	firmware_update_frame_handler	0000661a	0128	cmp r0,#0x1
00006608	firmware_update_frame_handler	0000661c	11d1	bne 0x00006642
00006608	firmware_update_frame_handler	0000661e	a078	ldrb r0,[r4,#0x2]
00006608	firmware_update_frame_handler	00006620	0228	cmp r0,#0x2
00006608	firmware_update_frame_handler	00006622	0ed1	bne 0x00006642
00006608	firmware_update_frame_handler	00006624	e078	ldrb r0,[r4,#0x3]
00006608	firmware_update_frame_handler	00006626	aa28	cmp r0,#0xaa
00006608	firmware_update_frame_handler	00006628	0bd1	bne 0x00006642
00006608	firmware_update_frame_handler	0000662a	2079	ldrb r0,[r4,#0x4]
00006608	firmware_update_frame_handler	0000662c	6179	ldrb r1,[r4,#0x5]
00006608	firmware_update_frame_handler	0000662e	40ea0120	orr.w r0,r0,r1, lsl #0x8
00006608	firmware_update_frame_handler	00006632	5449	ldr r1,[0x00006784]
00006608	firmware_update_frame_handler	00006634	0968	ldr r1,[r1,#0x0]
00006608	firmware_update_frame_handler	00006636	8842	cmp r0,r1
00006608	firmware_update_frame_handler	00006638	03d1	bne 0x00006642
00006608	firmware_update_frame_handler	0000663a	0120	movs r0,#0x1
00006608	firmware_update_frame_handler	0000663c	5249	ldr r1,[0x00006788]
00006608	firmware_update_frame_handler	0000663e	0870	strb r0,[r1,#0x0]
00006608	firmware_update_frame_handler	00006640	0025	movs r5,#0x0
00006608	firmware_update_frame_handler	00006642	082d	cmp r5,#0x8
00006608	firmware_update_frame_handler	00006644	25d1	bne 0x00006692
00006608	firmware_update_frame_handler	00006646	2078	ldrb r0,[r4,#0x0]
00006608	firmware_update_frame_handler	00006648	ee28	cmp r0,#0xee
00006608	firmware_update_frame_handler	0000664a	22d1	bne 0x00006692
00006608	firmware_update_frame_handler	0000664c	6078	ldrb r0,[r4,#0x1]
00006608	firmware_update_frame_handler	0000664e	00bb	cbnz r0,0x00006692
00006608	firmware_update_frame_handler	00006650	a078	ldrb r0,[r4,#0x2]
00006608	firmware_update_frame_handler	00006652	f0b9	cbnz r0,0x00006692
00006608	firmware_update_frame_handler	00006654	e078	ldrb r0,[r4,#0x3]
00006608	firmware_update_frame_handler	00006656	1128	cmp r0,#0x11
00006608	firmware_update_frame_handler	00006658	1bd1	bne 0x00006692
00006608	firmware_update_frame_handler	0000665a	2079	ldrb r0,[r4,#0x4]
00006608	firmware_update_frame_handler	0000665c	c8b9	cbnz r0,0x00006692
00006608	firmware_update_frame_handler	0000665e	6079	ldrb r0,[r4,#0x5]
00006608	firmware_update_frame_handler	00006660	b8b9	cbnz r0,0x00006692
00006608	firmware_update_frame_handler	00006662	a079	ldrb r0,[r4,#0x6]
00006608	firmware_update_frame_handler	00006664	a8b9	cbnz r0,0x00006692
00006608	firmware_update_frame_handler	00006666	e079	ldrb r0,[r4,#0x7]
00006608	firmware_update_frame_handler	00006668	98b9	cbnz r0,0x00006692
00006608	firmware_update_frame_handler	0000666a	1120	movs r0,#0x11
00006608	firmware_update_frame_handler	0000666c	4749	ldr r1,[0x0000678c]
00006608	firmware_update_frame_handler	0000666e	0870	strb r0,[r1,#0x0]
00006608	firmware_update_frame_handler	00006670	4748	ldr r0,[0x00006790]
00006608	firmware_update_frame_handler	00006672	007b	ldrb r0,[r0,#0xc]
00006608	firmware_update_frame_handler	00006674	3030	adds r0,#0x30
00006608	firmware_update_frame_handler	00006676	4870	strb r0,[r1,#0x1]
00006608	firmware_update_frame_handler	00006678	4548	ldr r0,[0x00006790]
00006608	firmware_update_frame_handler	0000667a	8089	ldrh r0,[r0,#0xc]
00006608	firmware_update_frame_handler	0000667c	000a	lsrs r0,r0,#0x8
00006608	firmware_update_frame_handler	0000667e	3030	adds r0,#0x30
00006608	firmware_update_frame_handler	00006680	8870	strb r0,[r1,#0x2]
00006608	firmware_update_frame_handler	00006682	ee20	movs r0,#0xee
00006608	firmware_update_frame_handler	00006684	c870	strb r0,[r1,#0x3]
00006608	firmware_update_frame_handler	00006686	0422	movs r2,#0x4
00006608	firmware_update_frame_handler	00006688	40f2fe70	movw r0,#0x7fe
00006608	firmware_update_frame_handler	0000668c	faf794fb	bl 0x00000db8
00006608	firmware_update_frame_handler	00006690	0025	movs r5,#0x0
00006608	firmware_update_frame_handler	00006692	082d	cmp r5,#0x8
00006608	firmware_update_frame_handler	00006694	19d1	bne 0x000066ca
00006608	firmware_update_frame_handler	00006696	2078	ldrb r0,[r4,#0x0]
00006608	firmware_update_frame_handler	00006698	5528	cmp r0,#0x55
00006608	firmware_update_frame_handler	0000669a	16d1	bne 0x000066ca
00006608	firmware_update_frame_handler	0000669c	6078	ldrb r0,[r4,#0x1]
00006608	firmware_update_frame_handler	0000669e	a0b9	cbnz r0,0x000066ca
00006608	firmware_update_frame_handler	000066a0	a078	ldrb r0,[r4,#0x2]
00006608	firmware_update_frame_handler	000066a2	90b9	cbnz r0,0x000066ca
00006608	firmware_update_frame_handler	000066a4	e078	ldrb r0,[r4,#0x3]
00006608	firmware_update_frame_handler	000066a6	aa28	cmp r0,#0xaa
00006608	firmware_update_frame_handler	000066a8	0fd1	bne 0x000066ca
00006608	firmware_update_frame_handler	000066aa	5520	movs r0,#0x55
00006608	firmware_update_frame_handler	000066ac	3749	ldr r1,[0x0000678c]
00006608	firmware_update_frame_handler	000066ae	0870	strb r0,[r1,#0x0]
00006608	firmware_update_frame_handler	000066b0	3448	ldr r0,[0x00006784]
00006608	firmware_update_frame_handler	000066b2	0078	ldrb r0,[r0,#0x0]
00006608	firmware_update_frame_handler	000066b4	4870	strb r0,[r1,#0x1]
00006608	firmware_update_frame_handler	000066b6	0020	movs r0,#0x0
00006608	firmware_update_frame_handler	000066b8	8870	strb r0,[r1,#0x2]
00006608	firmware_update_frame_handler	000066ba	aa20	movs r0,#0xaa
00006608	firmware_update_frame_handler	000066bc	c870	strb r0,[r1,#0x3]
00006608	firmware_update_frame_handler	000066be	0422	movs r2,#0x4
00006608	firmware_update_frame_handler	000066c0	40f2ff70	movw r0,#0x7ff
00006608	firmware_update_frame_handler	000066c4	faf778fb	bl 0x00000db8
00006608	firmware_update_frame_handler	000066c8	0025	movs r5,#0x0
00006608	firmware_update_frame_handler	000066ca	2078	ldrb r0,[r4,#0x0]
00006608	firmware_update_frame_handler	000066cc	2328	cmp r0,#0x23
00006608	firmware_update_frame_handler	000066ce	19d1	bne 0x00006704
00006608	firmware_update_frame_handler	000066d0	a078	ldrb r0,[r4,#0x2]
00006608	firmware_update_frame_handler	000066d2	2328	cmp r0,#0x23
00006608	firmware_update_frame_handler	000066d4	16d1	bne 0x00006704
00006608	firmware_update_frame_handler	000066d6	2f48	ldr r0,[0x00006794]
00006608	firmware_update_frame_handler	000066d8	0078	ldrb r0,[r0,#0x0]
00006608	firmware_update_frame_handler	000066da	98b9	cbnz r0,0x00006704
00006608	firmware_update_frame_handler	000066dc	6078	ldrb r0,[r4,#0x1]
00006608	firmware_update_frame_handler	000066de	2e49	ldr r1,[0x00006798]
00006608	firmware_update_frame_handler	000066e0	0880	strh r0,[r1,#0x0]
00006608	firmware_update_frame_handler	000066e2	2e48	ldr r0,[0x0000679c]
00006608	firmware_update_frame_handler	000066e4	0068	ldr r0,[r0,#0x0]
00006608	firmware_update_frame_handler	000066e6	b0f5003f	cmp.w r0,#0x20000
00006608	firmware_update_frame_handler	000066ea	05d1	bne 0x000066f8
00006608	firmware_update_frame_handler	000066ec	2c48	ldr r0,[0x000067a0]
00006608	firmware_update_frame_handler	000066ee	0088	ldrh r0,[r0,#0x0]
00006608	firmware_update_frame_handler	000066f0	10b9	cbnz r0,0x000066f8
00006608	firmware_update_frame_handler	000066f2	6078	ldrb r0,[r4,#0x1]
00006608	firmware_update_frame_handler	000066f4	2a49	ldr r1,[0x000067a0]
00006608	firmware_update_frame_handler	000066f6	0880	strh r0,[r1,#0x0]
00006608	firmware_update_frame_handler	000066f8	0120	movs r0,#0x1
00006608	firmware_update_frame_handler	000066fa	2649	ldr r1,[0x00006794]
00006608	firmware_update_frame_handler	000066fc	0870	strb r0,[r1,#0x0]
00006608	firmware_update_frame_handler	000066fe	0020	movs r0,#0x0
00006608	firmware_update_frame_handler	00006700	2849	ldr r1,[0x000067a4]
00006608	firmware_update_frame_handler	00006702	0880	strh r0,[r1,#0x0]
00006608	firmware_update_frame_handler	00006704	2348	ldr r0,[0x00006794]
00006608	firmware_update_frame_handler	00006706	0078	ldrb r0,[r0,#0x0]
00006608	firmware_update_frame_handler	00006708	0128	cmp r0,#0x1
00006608	firmware_update_frame_handler	0000670a	1ad1	bne 0x00006742
00006608	firmware_update_frame_handler	0000670c	2648	ldr r0,[0x000067a8]
00006608	firmware_update_frame_handler	0000670e	0078	ldrb r0,[r0,#0x0]
00006608	firmware_update_frame_handler	00006710	b8b9	cbnz r0,0x00006742
00006608	firmware_update_frame_handler	00006712	e178	ldrb r1,[r4,#0x3]
00006608	firmware_update_frame_handler	00006714	2079	ldrb r0,[r4,#0x4]
00006608	firmware_update_frame_handler	00006716	01eb0020	add.w r0,r1,r0, lsl #0x8
00006608	firmware_update_frame_handler	0000671a	2449	ldr r1,[0x000067ac]
00006608	firmware_update_frame_handler	0000671c	0860	str r0,[r1,#0x0]
00006608	firmware_update_frame_handler	0000671e	0846	mov r0,r1
00006608	firmware_update_frame_handler	00006720	0068	ldr r0,[r0,#0x0]
00006608	firmware_update_frame_handler	00006722	b0f5005f	cmp.w r0,#0x2000
00006608	firmware_update_frame_handler	00006726	03dc	bgt 0x00006730
00006608	firmware_update_frame_handler	00006728	0846	mov r0,r1
00006608	firmware_update_frame_handler	0000672a	0068	ldr r0,[r0,#0x0]
00006608	firmware_update_frame_handler	0000672c	0028	cmp r0,#0x0
00006608	firmware_update_frame_handler	0000672e	03dc	bgt 0x00006738
00006608	firmware_update_frame_handler	00006730	0020	movs r0,#0x0
00006608	firmware_update_frame_handler	00006732	1c49	ldr r1,[0x000067a4]
00006608	firmware_update_frame_handler	00006734	0880	strh r0,[r1,#0x0]
00006608	firmware_update_frame_handler	00006736	70bd	pop {r4,r5,r6,pc}
00006608	firmware_update_frame_handler	00006738	0120	movs r0,#0x1
00006608	firmware_update_frame_handler	0000673a	1b49	ldr r1,[0x000067a8]
00006608	firmware_update_frame_handler	0000673c	0870	strb r0,[r1,#0x0]
00006608	firmware_update_frame_handler	0000673e	1c49	ldr r1,[0x000067b0]
00006608	firmware_update_frame_handler	00006740	0870	strb r0,[r1,#0x0]
00006608	firmware_update_frame_handler	00006742	082d	cmp r5,#0x8
00006608	firmware_update_frame_handler	00006744	1bd1	bne 0x0000677e
00006608	firmware_update_frame_handler	00006746	1348	ldr r0,[0x00006794]
00006608	firmware_update_frame_handler	00006748	0078	ldrb r0,[r0,#0x0]
00006608	firmware_update_frame_handler	0000674a	c0b9	cbnz r0,0x0000677e
00006608	firmware_update_frame_handler	0000674c	0822	movs r2,#0x8
00006608	firmware_update_frame_handler	0000674e	1949	ldr r1,[0x000067b4]
00006608	firmware_update_frame_handler	00006750	2046	mov r0,r4
00006608	firmware_update_frame_handler	00006752	fff71bfe	bl 0x0000638c
00006608	firmware_update_frame_handler	00006756	30b1	cbz r0,0x00006766
00006608	firmware_update_frame_handler	00006758	0120	movs r0,#0x1
00006608	firmware_update_frame_handler	0000675a	fef72ff8	bl 0x000047bc
00006608	firmware_update_frame_handler	0000675e	0120	movs r0,#0x1
00006608	firmware_update_frame_handler	00006760	1549	ldr r1,[0x000067b8]
00006608	firmware_update_frame_handler	00006762	0870	strb r0,[r1,#0x0]
00006608	firmware_update_frame_handler	00006764	0be0	b 0x0000677e
00006608	firmware_update_frame_handler	00006766	0822	movs r2,#0x8
00006608	firmware_update_frame_handler	00006768	1449	ldr r1,[0x000067bc]
00006608	firmware_update_frame_handler	0000676a	2046	mov r0,r4
00006608	firmware_update_frame_handler	0000676c	fff70efe	bl 0x0000638c
00006608	firmware_update_frame_handler	00006770	28b1	cbz r0,0x0000677e
00006608	firmware_update_frame_handler	00006772	0020	movs r0,#0x0
00006608	firmware_update_frame_handler	00006774	fef722f8	bl 0x000047bc
00006608	firmware_update_frame_handler	00006778	0120	movs r0,#0x1
00006608	firmware_update_frame_handler	0000677a	0f49	ldr r1,[0x000067b8]
00006608	firmware_update_frame_handler	0000677c	0870	strb r0,[r1,#0x0]
00006608	firmware_update_frame_handler	0000677e	00bf	nop
00006608	firmware_update_frame_handler	00006780	d9e7	b 0x00006736
000067c0	prepare_device_key_material	000067c0	0a49	ldr r1,[0x000067ec]
000067c0	prepare_device_key_material	000067c2	0020	movs r0,#0x0
000067c0	prepare_device_key_material	000067c4	05e0	b 0x000067d2
000067c0	prepare_device_key_material	000067c6	11f8012b	ldrb.w r2,[r1],#0x1
000067c0	prepare_device_key_material	000067ca	094b	ldr r3,[0x000067f0]
000067c0	prepare_device_key_material	000067cc	1a54	strb r2,[r3,r0]
000067c0	prepare_device_key_material	000067ce	421c	adds r2,r0,#0x1
000067c0	prepare_device_key_material	000067d0	d0b2	uxtb r0,r2
000067c0	prepare_device_key_material	000067d2	0c28	cmp r0,#0xc
000067c0	prepare_device_key_material	000067d4	f7db	blt 0x000067c6
000067c0	prepare_device_key_material	000067d6	0122	movs r2,#0x1
000067c0	prepare_device_key_material	000067d8	054b	ldr r3,[0x000067f0]
000067c0	prepare_device_key_material	000067da	1a73	strb r2,[r3,#0xc]
000067c0	prepare_device_key_material	000067dc	0222	movs r2,#0x2
000067c0	prepare_device_key_material	000067de	5a73	strb r2,[r3,#0xd]
000067c0	prepare_device_key_material	000067e0	0322	movs r2,#0x3
000067c0	prepare_device_key_material	000067e2	9a73	strb r2,[r3,#0xe]
000067c0	prepare_device_key_material	000067e4	0422	movs r2,#0x4
000067c0	prepare_device_key_material	000067e6	da73	strb r2,[r3,#0xf]
000067c0	prepare_device_key_material	000067e8	7047	bx lr
000067f4	jump_to_application	000067f4	10b5	push {r4,lr}
000067f4	jump_to_application	000067f6	0446	mov r4,r0
000067f4	jump_to_application	000067f8	0449	ldr r1,[0x0000680c]
000067f4	jump_to_application	000067fa	6068	ldr r0,[r4,#0x4]
000067f4	jump_to_application	000067fc	0860	str r0,[r1,#0x0]
000067f4	jump_to_application	000067fe	2068	ldr r0,[r4,#0x0]
000067f4	jump_to_application	00006800	f9f737fd	bl 0x00000272
000067f4	jump_to_application	00006804	0148	ldr r0,[0x0000680c]
000067f4	jump_to_application	00006806	0068	ldr r0,[r0,#0x0]
000067f4	jump_to_application	00006808	8047	blx r0
000067f4	jump_to_application	0000680a	10bd	pop {r4,pc}
00006810	flash_region_is_programmed	00006810	10b5	push {r4,lr}
00006810	flash_region_is_programmed	00006812	0246	mov r2,r0
00006810	flash_region_is_programmed	00006814	0b46	mov r3,r1
00006810	flash_region_is_programmed	00006816	0021	movs r1,#0x0
00006810	flash_region_is_programmed	00006818	07e0	b 0x0000682a
00006810	flash_region_is_programmed	0000681a	12f8014b	ldrb.w r4,[r2],#0x1
00006810	flash_region_is_programmed	0000681e	ff2c	cmp r4,#0xff
00006810	flash_region_is_programmed	00006820	01d0	beq 0x00006826
00006810	flash_region_is_programmed	00006822	0020	movs r0,#0x0
00006810	flash_region_is_programmed	00006824	10bd	pop {r4,pc}
00006810	flash_region_is_programmed	00006826	481c	adds r0,r1,#0x1
00006810	flash_region_is_programmed	00006828	c1b2	uxtb r1,r0
00006810	flash_region_is_programmed	0000682a	1029	cmp r1,#0x10
00006810	flash_region_is_programmed	0000682c	f5db	blt 0x0000681a
00006810	flash_region_is_programmed	0000682e	ff20	movs r0,#0xff
00006810	flash_region_is_programmed	00006830	f8e7	b 0x00006824
00006834	load_persistent_boot_record	00006834	10b5	push {r4,lr}
00006834	load_persistent_boot_record	00006836	1422	movs r2,#0x14
00006834	load_persistent_boot_record	00006838	0249	ldr r1,[0x00006844]
00006834	load_persistent_boot_record	0000683a	0348	ldr r0,[0x00006848]
00006834	load_persistent_boot_record	0000683c	f9f76efd	bl 0x0000031c
00006834	load_persistent_boot_record	00006840	10bd	pop {r4,pc}
0000684c	main	0000684c	fff7b4fd	bl 0x000063b8
0000684c	main	00006850	a048	ldr r0,[0x00006ad4]
0000684c	main	00006852	0069	ldr r0,[r0,#0x10]
0000684c	main	00006854	0128	cmp r0,#0x1
0000684c	main	00006856	0ed1	bne 0x00006876
0000684c	main	00006858	4103	lsls r1,r0,#0xd
0000684c	main	0000685a	0220	movs r0,#0x2
0000684c	main	0000685c	fbf77cff	bl 0x00002758
0000684c	main	00006860	1420	movs r0,#0x14
0000684c	main	00006862	fbf7d7f8	bl 0x00001a14
0000684c	main	00006866	0021	movs r1,#0x0
0000684c	main	00006868	0120	movs r0,#0x1
0000684c	main	0000686a	fbf7b1fe	bl 0x000025d0
0000684c	main	0000686e	0021	movs r1,#0x0
0000684c	main	00006870	0220	movs r0,#0x2
0000684c	main	00006872	fbf7adfe	bl 0x000025d0
0000684c	main	00006876	1421	movs r1,#0x14
0000684c	main	00006878	4ff49030	mov.w r0,#0x12000
0000684c	main	0000687c	fff7c8ff	bl 0x00006810
0000684c	main	00006880	68b9	cbnz r0,0x0000689e
0000684c	main	00006882	00f02dfa	bl 0x00006ce0
0000684c	main	00006886	30b1	cbz r0,0x00006896
0000684c	main	00006888	00f02afa	bl 0x00006ce0
0000684c	main	0000688c	0bf0b8fb	bl 0x00012000
0000684c	main	00006890	0120	movs r0,#0x1
0000684c	main	00006892	fdf793ff	bl 0x000047bc
0000684c	main	00006896	4ff49030	mov.w r0,#0x12000
0000684c	main	0000689a	fff7c9fd	bl 0x00006430
0000684c	main	0000689e	00f0abfb	bl 0x00006ff8
0000684c	main	000068a2	8d49	ldr r1,[0x00006ad8]
0000684c	main	000068a4	0870	strb r0,[r1,#0x0]
0000684c	main	000068a6	0846	mov r0,r1
0000684c	main	000068a8	0078	ldrb r0,[r0,#0x0]
0000684c	main	000068aa	b0b1	cbz r0,0x000068da
0000684c	main	000068ac	0024	movs r4,#0x0
0000684c	main	000068ae	13e0	b 0x000068d8
0000684c	main	000068b0	4ff40051	mov.w r1,#0x2000
0000684c	main	000068b4	0220	movs r0,#0x2
0000684c	main	000068b6	fbf7ebff	bl 0x00002890
0000684c	main	000068ba	1420	movs r0,#0x14
0000684c	main	000068bc	fbf7aaf8	bl 0x00001a14
0000684c	main	000068c0	601c	adds r0,r4,#0x1
0000684c	main	000068c2	84b2	uxth r4,r0
0000684c	main	000068c4	3220	movs r0,#0x32
0000684c	main	000068c6	94fbf0f1	sdiv r1,r4,r0
0000684c	main	000068ca	00fb1140	mls r0,r0,r1,r4
0000684c	main	000068ce	18b9	cbnz r0,0x000068d8
0000684c	main	000068d0	3421	movs r1,#0x34
0000684c	main	000068d2	82a0	adr r0,[0x6adc]
0000684c	main	000068d4	fff770f9	bl 0x00005bb8
0000684c	main	000068d8	eae7	b 0x000068b0
0000684c	main	000068da	4ff40051	mov.w r1,#0x2000
0000684c	main	000068de	0220	movs r0,#0x2
0000684c	main	000068e0	fbf73afe	bl 0x00002558
0000684c	main	000068e4	8b48	ldr r0,[0x00006b14]
0000684c	main	000068e6	00f0d9f9	bl 0x00006c9c
0000684c	main	000068ea	7a48	ldr r0,[0x00006ad4]
0000684c	main	000068ec	0088	ldrh r0,[r0,#0x0]
0000684c	main	000068ee	8a49	ldr r1,[0x00006b18]
0000684c	main	000068f0	0880	strh r0,[r1,#0x0]
0000684c	main	000068f2	0846	mov r0,r1
0000684c	main	000068f4	0088	ldrh r0,[r0,#0x0]
0000684c	main	000068f6	90b1	cbz r0,0x0000691e
0000684c	main	000068f8	4ff47a70	mov.w r0,#0x3e8
0000684c	main	000068fc	8749	ldr r1,[0x00006b1c]
0000684c	main	000068fe	0860	str r0,[r1,#0x0]
0000684c	main	00006900	4ff40051	mov.w r1,#0x2000
0000684c	main	00006904	0220	movs r0,#0x2
0000684c	main	00006906	fbf727ff	bl 0x00002758
0000684c	main	0000690a	8348	ldr r0,[0x00006b18]
0000684c	main	0000690c	0088	ldrh r0,[r0,#0x0]
0000684c	main	0000690e	401c	adds r0,r0,#0x1
0000684c	main	00006910	08b9	cbnz r0,0x00006916
0000684c	main	00006912	00f08ff9	bl 0x00006c34
0000684c	main	00006916	82a0	adr r0,[0x6b20]
0000684c	main	00006918	fff772fa	bl 0x00005e00
0000684c	main	0000691c	04e0	b 0x00006928
0000684c	main	0000691e	0020	movs r0,#0x0
0000684c	main	00006920	8449	ldr r1,[0x00006b34]
0000684c	main	00006922	0860	str r0,[r1,#0x0]
0000684c	main	00006924	7d49	ldr r1,[0x00006b1c]
0000684c	main	00006926	0860	str r0,[r1,#0x0]
0000684c	main	00006928	d3e0	b 0x00006ad2
0000684c	main	0000692a	8348	ldr r0,[0x00006b38]
0000684c	main	0000692c	0078	ldrb r0,[r0,#0x0]
0000684c	main	0000692e	e0b1	cbz r0,0x0000696a
0000684c	main	00006930	0822	movs r2,#0x8
0000684c	main	00006932	82a1	adr r1,[0x6b3c]
0000684c	main	00006934	40f2fe70	movw r0,#0x7fe
0000684c	main	00006938	faf73efa	bl 0x00000db8
0000684c	main	0000693c	00f07af9	bl 0x00006c34
0000684c	main	00006940	0a20	movs r0,#0xa
0000684c	main	00006942	fbf767f8	bl 0x00001a14
0000684c	main	00006946	00bf	nop
0000684c	main	00006948	bff34f8f	dsb #0xf
0000684c	main	0000694c	7e48	ldr r0,[0x00006b48]
0000684c	main	0000694e	0068	ldr r0,[r0,#0x0]
0000684c	main	00006950	00f4e060	and r0,r0,#0x700
0000684c	main	00006954	7d49	ldr r1,[0x00006b4c]
0000684c	main	00006956	0843	orrs r0,r1
0000684c	main	00006958	001d	adds r0,r0,#0x4
0000684c	main	0000695a	7b49	ldr r1,[0x00006b48]
0000684c	main	0000695c	0860	str r0,[r1,#0x0]
0000684c	main	0000695e	bff34f8f	dsb #0xf
0000684c	main	00006962	00bf	nop
0000684c	main	00006964	00bf	nop
0000684c	main	00006966	00bf	nop
0000684c	main	00006968	fde7	b 0x00006966
0000684c	main	0000696a	7248	ldr r0,[0x00006b34]
0000684c	main	0000696c	0068	ldr r0,[r0,#0x0]
0000684c	main	0000696e	6b49	ldr r1,[0x00006b1c]
0000684c	main	00006970	0968	ldr r1,[r1,#0x0]
0000684c	main	00006972	8842	cmp r0,r1
0000684c	main	00006974	01d3	bcc 0x0000697a
0000684c	main	00006976	0120	movs r0,#0x1
0000684c	main	00006978	00e0	b 0x0000697c
0000684c	main	0000697a	0020	movs r0,#0x0
0000684c	main	0000697c	7449	ldr r1,[0x00006b50]
0000684c	main	0000697e	0978	ldrb r1,[r1,#0x0]
0000684c	main	00006980	0843	orrs r0,r1
0000684c	main	00006982	0028	cmp r0,#0x0
0000684c	main	00006984	61d0	beq 0x00006a4a
0000684c	main	00006986	4ff40030	mov.w r0,#0x20000
0000684c	main	0000698a	4068	ldr r0,[r0,#0x4]
0000684c	main	0000698c	00f07f40	and r0,r0,#0xff000000
0000684c	main	00006990	0028	cmp r0,#0x0
0000684c	main	00006992	53d1	bne 0x00006a3c
0000684c	main	00006994	4f48	ldr r0,[0x00006ad4]
0000684c	main	00006996	4068	ldr r0,[r0,#0x4]
0000684c	main	00006998	00bb	cbnz r0,0x000069dc
0000684c	main	0000699a	4e48	ldr r0,[0x00006ad4]
0000684c	main	0000699c	0068	ldr r0,[r0,#0x0]
0000684c	main	0000699e	0128	cmp r0,#0x1
0000684c	main	000069a0	1cd1	bne 0x000069dc
0000684c	main	000069a2	72b6	cpsid i
0000684c	main	000069a4	fff734fd	bl 0x00006410
0000684c	main	000069a8	fef74cf9	bl 0x00004c44
0000684c	main	000069ac	0020	movs r0,#0x0
0000684c	main	000069ae	00e0	b 0x000069b2
0000684c	main	000069b0	401c	adds r0,r0,#0x1
0000684c	main	000069b2	6849	ldr r1,[0x00006b54]
0000684c	main	000069b4	8842	cmp r0,r1
0000684c	main	000069b6	fbdb	blt 0x000069b0
0000684c	main	000069b8	0120	movs r0,#0x1
0000684c	main	000069ba	fff76ffa	bl 0x00005e9c
0000684c	main	000069be	0220	movs r0,#0x2
0000684c	main	000069c0	fff76cfa	bl 0x00005e9c
0000684c	main	000069c4	0320	movs r0,#0x3
0000684c	main	000069c6	fff769fa	bl 0x00005e9c
0000684c	main	000069ca	7620	movs r0,#0x76
0000684c	main	000069cc	fff766fa	bl 0x00005e9c
0000684c	main	000069d0	4ff40030	mov.w r0,#0x20000
0000684c	main	000069d4	fff70eff	bl 0x000067f4
0000684c	main	000069d8	62b6	cpsie i
0000684c	main	000069da	36e0	b 0x00006a4a
0000684c	main	000069dc	3d48	ldr r0,[0x00006ad4]
0000684c	main	000069de	4068	ldr r0,[r0,#0x4]
0000684c	main	000069e0	0128	cmp r0,#0x1
0000684c	main	000069e2	1dd1	bne 0x00006a20
0000684c	main	000069e4	3b48	ldr r0,[0x00006ad4]
0000684c	main	000069e6	0068	ldr r0,[r0,#0x0]
0000684c	main	000069e8	d0b9	cbnz r0,0x00006a20
0000684c	main	000069ea	72b6	cpsid i
0000684c	main	000069ec	fef72af9	bl 0x00004c44
0000684c	main	000069f0	0020	movs r0,#0x0
0000684c	main	000069f2	00e0	b 0x000069f6
0000684c	main	000069f4	401c	adds r0,r0,#0x1
0000684c	main	000069f6	5749	ldr r1,[0x00006b54]
0000684c	main	000069f8	8842	cmp r0,r1
0000684c	main	000069fa	fbdb	blt 0x000069f4
0000684c	main	000069fc	0120	movs r0,#0x1
0000684c	main	000069fe	fff74dfa	bl 0x00005e9c
0000684c	main	00006a02	0220	movs r0,#0x2
0000684c	main	00006a04	fff74afa	bl 0x00005e9c
0000684c	main	00006a08	0320	movs r0,#0x3
0000684c	main	00006a0a	fff747fa	bl 0x00005e9c
0000684c	main	00006a0e	7620	movs r0,#0x76
0000684c	main	00006a10	fff744fa	bl 0x00005e9c
0000684c	main	00006a14	4ff40030	mov.w r0,#0x20000
0000684c	main	00006a18	fff7ecfe	bl 0x000067f4
0000684c	main	00006a1c	62b6	cpsie i
0000684c	main	00006a1e	14e0	b 0x00006a4a
0000684c	main	00006a20	2c48	ldr r0,[0x00006ad4]
0000684c	main	00006a22	4068	ldr r0,[r0,#0x4]
0000684c	main	00006a24	88b9	cbnz r0,0x00006a4a
0000684c	main	00006a26	2b48	ldr r0,[0x00006ad4]
0000684c	main	00006a28	0068	ldr r0,[r0,#0x0]
0000684c	main	00006a2a	70b9	cbnz r0,0x00006a4a
0000684c	main	00006a2c	4aa0	adr r0,[0x6b58]
0000684c	main	00006a2e	fff7e7f9	bl 0x00005e00
0000684c	main	00006a32	4ff47a70	mov.w r0,#0x3e8
0000684c	main	00006a36	faf7edff	bl 0x00001a14
0000684c	main	00006a3a	06e0	b 0x00006a4a
0000684c	main	00006a3c	4ea0	adr r0,[0x6b78]
0000684c	main	00006a3e	fff7dff9	bl 0x00005e00
0000684c	main	00006a42	4ff47a70	mov.w r0,#0x3e8
0000684c	main	00006a46	faf7e5ff	bl 0x00001a14
0000684c	main	00006a4a	fef7f5f8	bl 0x00004c38
0000684c	main	00006a4e	5249	ldr r1,[0x00006b98]
0000684c	main	00006a50	0968	ldr r1,[r1,#0x0]
0000684c	main	00006a52	0a31	adds r1,#0xa
0000684c	main	00006a54	8842	cmp r0,r1
0000684c	main	00006a56	10d9	bls 0x00006a7a
0000684c	main	00006a58	fef7eef8	bl 0x00004c38
0000684c	main	00006a5c	4e49	ldr r1,[0x00006b98]
0000684c	main	00006a5e	0860	str r0,[r1,#0x0]
0000684c	main	00006a60	3448	ldr r0,[0x00006b34]
0000684c	main	00006a62	0068	ldr r0,[r0,#0x0]
0000684c	main	00006a64	401c	adds r0,r0,#0x1
0000684c	main	00006a66	3349	ldr r1,[0x00006b34]
0000684c	main	00006a68	0860	str r0,[r1,#0x0]
0000684c	main	00006a6a	4c48	ldr r0,[0x00006b9c]
0000684c	main	00006a6c	0088	ldrh r0,[r0,#0x0]
0000684c	main	00006a6e	401c	adds r0,r0,#0x1
0000684c	main	00006a70	4a49	ldr r1,[0x00006b9c]
0000684c	main	00006a72	0880	strh r0,[r1,#0x0]
0000684c	main	00006a74	0020	movs r0,#0x0
0000684c	main	00006a76	f9f7c2fc	bl 0x000003fe
0000684c	main	00006a7a	4948	ldr r0,[0x00006ba0]
0000684c	main	00006a7c	0088	ldrh r0,[r0,#0x0]
0000684c	main	00006a7e	e8b1	cbz r0,0x00006abc
0000684c	main	00006a80	4648	ldr r0,[0x00006b9c]
0000684c	main	00006a82	0088	ldrh r0,[r0,#0x0]
0000684c	main	00006a84	9628	cmp r0,#0x96
0000684c	main	00006a86	19dd	ble 0x00006abc
0000684c	main	00006a88	7620	movs r0,#0x76
0000684c	main	00006a8a	fff7ddf9	bl 0x00005e48
0000684c	main	00006a8e	f9f783fe	bl 0x00000798
0000684c	main	00006a92	7620	movs r0,#0x76
0000684c	main	00006a94	fff7d8f9	bl 0x00005e48
0000684c	main	00006a98	0a20	movs r0,#0xa
0000684c	main	00006a9a	faf7bbff	bl 0x00001a14
0000684c	main	00006a9e	0822	movs r2,#0x8
0000684c	main	00006aa0	40a1	adr r1,[0x6ba4]
0000684c	main	00006aa2	40f2fe70	movw r0,#0x7fe
0000684c	main	00006aa6	faf787f9	bl 0x00000db8
0000684c	main	00006aaa	0020	movs r0,#0x0
0000684c	main	00006aac	4049	ldr r1,[0x00006bb0]
0000684c	main	00006aae	0870	strb r0,[r1,#0x0]
0000684c	main	00006ab0	4049	ldr r1,[0x00006bb4]
0000684c	main	00006ab2	0880	strh r0,[r1,#0x0]
0000684c	main	00006ab4	4049	ldr r1,[0x00006bb8]
0000684c	main	00006ab6	0870	strb r0,[r1,#0x0]
0000684c	main	00006ab8	3849	ldr r1,[0x00006b9c]
0000684c	main	00006aba	0880	strh r0,[r1,#0x0]
0000684c	main	00006abc	0a20	movs r0,#0xa
0000684c	main	00006abe	faf7a9ff	bl 0x00001a14
0000684c	main	00006ac2	1c48	ldr r0,[0x00006b34]
0000684c	main	00006ac4	0068	ldr r0,[r0,#0x0]
0000684c	main	00006ac6	401c	adds r0,r0,#0x1
0000684c	main	00006ac8	1a49	ldr r1,[0x00006b34]
0000684c	main	00006aca	0860	str r0,[r1,#0x0]
0000684c	main	00006acc	0020	movs r0,#0x0
0000684c	main	00006ace	f9f796fc	bl 0x000003fe
0000684c	main	00006ad2	2ae7	b 0x0000692a
00006bbc	aes_update_chunk_transform	00006bbc	70b5	push {r4,r5,r6,lr}
00006bbc	aes_update_chunk_transform	00006bbe	0446	mov r4,r0
00006bbc	aes_update_chunk_transform	00006bc0	0d46	mov r5,r1
00006bbc	aes_update_chunk_transform	00006bc2	1646	mov r6,r2
00006bbc	aes_update_chunk_transform	00006bc4	0948	ldr r0,[0x00006bec]
00006bbc	aes_update_chunk_transform	00006bc6	0078	ldrb r0,[r0,#0x0]
00006bbc	aes_update_chunk_transform	00006bc8	0128	cmp r0,#0x1
00006bbc	aes_update_chunk_transform	00006bca	07d1	bne 0x00006bdc
00006bbc	aes_update_chunk_transform	00006bcc	084a	ldr r2,[0x00006bf0]
00006bbc	aes_update_chunk_transform	00006bce	0949	ldr r1,[0x00006bf4]
00006bbc	aes_update_chunk_transform	00006bd0	0948	ldr r0,[0x00006bf8]
00006bbc	aes_update_chunk_transform	00006bd2	f9f7b6fd	bl 0x00000742
00006bbc	aes_update_chunk_transform	00006bd6	0020	movs r0,#0x0
00006bbc	aes_update_chunk_transform	00006bd8	0449	ldr r1,[0x00006bec]
00006bbc	aes_update_chunk_transform	00006bda	0870	strb r0,[r1,#0x0]
00006bbc	aes_update_chunk_transform	00006bdc	3346	mov r3,r6
00006bbc	aes_update_chunk_transform	00006bde	2a46	mov r2,r5
00006bbc	aes_update_chunk_transform	00006be0	2146	mov r1,r4
00006bbc	aes_update_chunk_transform	00006be2	0548	ldr r0,[0x00006bf8]
00006bbc	aes_update_chunk_transform	00006be4	f9f772fd	bl 0x000006cc
00006bbc	aes_update_chunk_transform	00006be8	70bd	pop {r4,r5,r6,pc}
00006bfc	debug_error_callback	00006bfc	10b5	push {r4,lr}
00006bfc	debug_error_callback	00006bfe	03a0	adr r0,[0x6c0c]
00006bfc	debug_error_callback	00006c00	fff7fef8	bl 0x00005e00
00006bfc	debug_error_callback	00006c04	0020	movs r0,#0x0
00006bfc	debug_error_callback	00006c06	0349	ldr r1,[0x00006c14]
00006bfc	debug_error_callback	00006c08	0880	strh r0,[r1,#0x0]
00006bfc	debug_error_callback	00006c0a	10bd	pop {r4,pc}
00006c18	debug_status_callback	00006c18	10b5	push {r4,lr}
00006c18	debug_status_callback	00006c1a	03a0	adr r0,[0x6c28]
00006c18	debug_status_callback	00006c1c	fff7f0f8	bl 0x00005e00
00006c18	debug_status_callback	00006c20	0020	movs r0,#0x0
00006c18	debug_status_callback	00006c22	0349	ldr r1,[0x00006c30]
00006c18	debug_status_callback	00006c24	0880	strh r0,[r1,#0x0]
00006c18	debug_status_callback	00006c26	10bd	pop {r4,pc}
00006c34	store_upgrade_complete_record	00006c34	10b5	push {r4,lr}
00006c34	store_upgrade_complete_record	00006c36	fff7fdfd	bl 0x00006834
00006c34	store_upgrade_complete_record	00006c3a	0120	movs r0,#0x1
00006c34	store_upgrade_complete_record	00006c3c	0449	ldr r1,[0x00006c50]
00006c34	store_upgrade_complete_record	00006c3e	0860	str r0,[r1,#0x0]
00006c34	store_upgrade_complete_record	00006c40	0020	movs r0,#0x0
00006c34	store_upgrade_complete_record	00006c42	4860	str r0,[r1,#0x4]
00006c34	store_upgrade_complete_record	00006c44	1422	movs r2,#0x14
00006c34	store_upgrade_complete_record	00006c46	4ff4f030	mov.w r0,#0x1e000
00006c34	store_upgrade_complete_record	00006c4a	f9f7d1fb	bl 0x000003f0
00006c34	store_upgrade_complete_record	00006c4e	10bd	pop {r4,pc}
00006c54	reverse_serial_hex_group	00006c54	18b5	push {r3,r4,lr}
00006c54	reverse_serial_hex_group	00006c56	0146	mov r1,r0
00006c54	reverse_serial_hex_group	00006c58	0020	movs r0,#0x0
00006c54	reverse_serial_hex_group	00006c5a	12e0	b 0x00006c82
00006c54	reverse_serial_hex_group	00006c5c	4200	lsls r2,r0,#0x1
00006c54	reverse_serial_hex_group	00006c5e	521c	adds r2,r2,#0x1
00006c54	reverse_serial_hex_group	00006c60	8b5c	ldrb r3,[r1,r2]
00006c54	reverse_serial_hex_group	00006c62	c0f10402	rsb.w r2,r0,#0x4
00006c54	reverse_serial_hex_group	00006c66	5200	lsls r2,r2,#0x1
00006c54	reverse_serial_hex_group	00006c68	521e	subs r2,r2,#0x1
00006c54	reverse_serial_hex_group	00006c6a	0df80230	strb.w r3,[sp,r2]
00006c54	reverse_serial_hex_group	00006c6e	11f81030	ldrb.w r3,[r1,r0,lsl #0x1]
00006c54	reverse_serial_hex_group	00006c72	c0f10402	rsb.w r2,r0,#0x4
00006c54	reverse_serial_hex_group	00006c76	5200	lsls r2,r2,#0x1
00006c54	reverse_serial_hex_group	00006c78	921e	subs r2,r2,#0x2
00006c54	reverse_serial_hex_group	00006c7a	0df80230	strb.w r3,[sp,r2]
00006c54	reverse_serial_hex_group	00006c7e	421c	adds r2,r0,#0x1
00006c54	reverse_serial_hex_group	00006c80	d0b2	uxtb r0,r2
00006c54	reverse_serial_hex_group	00006c82	0428	cmp r0,#0x4
00006c54	reverse_serial_hex_group	00006c84	eadb	blt 0x00006c5c
00006c54	reverse_serial_hex_group	00006c86	0020	movs r0,#0x0
00006c54	reverse_serial_hex_group	00006c88	04e0	b 0x00006c94
00006c54	reverse_serial_hex_group	00006c8a	1df80020	ldrb.w r2,[sp,r0]
00006c54	reverse_serial_hex_group	00006c8e	0a54	strb r2,[r1,r0]
00006c54	reverse_serial_hex_group	00006c90	421c	adds r2,r0,#0x1
00006c54	reverse_serial_hex_group	00006c92	d0b2	uxtb r0,r2
00006c54	reverse_serial_hex_group	00006c94	0828	cmp r0,#0x8
00006c54	reverse_serial_hex_group	00006c96	f8db	blt 0x00006c8a
00006c54	reverse_serial_hex_group	00006c98	0120	movs r0,#0x1
00006c54	reverse_serial_hex_group	00006c9a	18bd	pop {r3,r4,pc}
00006c9c	update_persistent_device_id	00006c9c	70b5	push {r4,r5,r6,lr}
00006c9c	update_persistent_device_id	00006c9e	0446	mov r4,r0
00006c9c	update_persistent_device_id	00006ca0	e078	ldrb r0,[r4,#0x3]
00006c9c	update_persistent_device_id	00006ca2	0006	lsls r0,r0,#0x18
00006c9c	update_persistent_device_id	00006ca4	a178	ldrb r1,[r4,#0x2]
00006c9c	update_persistent_device_id	00006ca6	40ea0140	orr.w r0,r0,r1, lsl #0x10
00006c9c	update_persistent_device_id	00006caa	6178	ldrb r1,[r4,#0x1]
00006c9c	update_persistent_device_id	00006cac	40ea0120	orr.w r0,r0,r1, lsl #0x8
00006c9c	update_persistent_device_id	00006cb0	2178	ldrb r1,[r4,#0x0]
00006c9c	update_persistent_device_id	00006cb2	0843	orrs r0,r1
00006c9c	update_persistent_device_id	00006cb4	0849	ldr r1,[0x00006cd8]
00006c9c	update_persistent_device_id	00006cb6	8968	ldr r1,[r1,#0x8]
00006c9c	update_persistent_device_id	00006cb8	8842	cmp r0,r1
00006c9c	update_persistent_device_id	00006cba	0cd0	beq 0x00006cd6
00006c9c	update_persistent_device_id	00006cbc	fff7bafd	bl 0x00006834
00006c9c	update_persistent_device_id	00006cc0	0648	ldr r0,[0x00006cdc]
00006c9c	update_persistent_device_id	00006cc2	2168	ldr r1,[r4,#0x0]
00006c9c	update_persistent_device_id	00006cc4	8160	str r1,[r0,#0x8]
00006c9c	update_persistent_device_id	00006cc6	4ff4f035	mov.w r5,#0x1e000
00006c9c	update_persistent_device_id	00006cca	1422	movs r2,#0x14
00006c9c	update_persistent_device_id	00006ccc	0146	mov r1,r0
00006c9c	update_persistent_device_id	00006cce	2846	mov r0,r5
00006c9c	update_persistent_device_id	00006cd0	f9f78efb	bl 0x000003f0
00006c9c	update_persistent_device_id	00006cd4	00bf	nop
00006c9c	update_persistent_device_id	00006cd6	70bd	pop {r4,r5,r6,pc}
00006ce0	authenticate_device_and_print_serial	00006ce0	f0b5	push {r4,r5,r6,r7,lr}
00006ce0	authenticate_device_and_print_serial	00006ce2	ddb0	sub sp,#0x174
00006ce0	authenticate_device_and_print_serial	00006ce4	0024	movs r4,#0x0
00006ce0	authenticate_device_and_print_serial	00006ce6	2022	movs r2,#0x20
00006ce0	authenticate_device_and_print_serial	00006ce8	98a1	adr r1,[0x6f4c]
00006ce0	authenticate_device_and_print_serial	00006cea	10a8	add r0,sp,#0x40
00006ce0	authenticate_device_and_print_serial	00006cec	f9f716fb	bl 0x0000031c
00006ce0	authenticate_device_and_print_serial	00006cf0	fff766fd	bl 0x000067c0
00006ce0	authenticate_device_and_print_serial	00006cf4	9d4a	ldr r2,[0x00006f6c]
00006ce0	authenticate_device_and_print_serial	00006cf6	10a9	add r1,sp,#0x40
00006ce0	authenticate_device_and_print_serial	00006cf8	1ca8	add r0,sp,#0x70
00006ce0	authenticate_device_and_print_serial	00006cfa	f9f722fd	bl 0x00000742
00006ce0	authenticate_device_and_print_serial	00006cfe	1023	movs r3,#0x10
00006ce0	authenticate_device_and_print_serial	00006d00	9b4a	ldr r2,[0x00006f70]
00006ce0	authenticate_device_and_print_serial	00006d02	18a9	add r1,sp,#0x60
00006ce0	authenticate_device_and_print_serial	00006d04	1ca8	add r0,sp,#0x70
00006ce0	authenticate_device_and_print_serial	00006d06	f9f7e1fc	bl 0x000006cc
00006ce0	authenticate_device_and_print_serial	00006d0a	9df86700	ldrb.w r0,[sp,#0x67]
00006ce0	authenticate_device_and_print_serial	00006d0e	0106	lsls r1,r0,#0x18
00006ce0	authenticate_device_and_print_serial	00006d10	0022	movs r2,#0x0
00006ce0	authenticate_device_and_print_serial	00006d12	9df86600	ldrb.w r0,[sp,#0x66]
00006ce0	authenticate_device_and_print_serial	00006d16	1243	orrs r2,r2
00006ce0	authenticate_device_and_print_serial	00006d18	41ea0040	orr.w r0,r1,r0, lsl #0x10
00006ce0	authenticate_device_and_print_serial	00006d1c	9df86510	ldrb.w r1,[sp,#0x65]
00006ce0	authenticate_device_and_print_serial	00006d20	40ea0121	orr.w r1,r0,r1, lsl #0x8
00006ce0	authenticate_device_and_print_serial	00006d24	9df86400	ldrb.w r0,[sp,#0x64]
00006ce0	authenticate_device_and_print_serial	00006d28	0143	orrs r1,r0
00006ce0	authenticate_device_and_print_serial	00006d2a	9df86330	ldrb.w r3,[sp,#0x63]
00006ce0	authenticate_device_and_print_serial	00006d2e	0020	movs r0,#0x0
00006ce0	authenticate_device_and_print_serial	00006d30	0006	lsls r0,r0,#0x18
00006ce0	authenticate_device_and_print_serial	00006d32	40ea1320	orr.w r0,r0,r3, lsr #0x8
00006ce0	authenticate_device_and_print_serial	00006d36	4fea036c	lsl.w r12,r3,#0x18
00006ce0	authenticate_device_and_print_serial	00006d3a	0b46	mov r3,r1
00006ce0	authenticate_device_and_print_serial	00006d3c	42ea0c01	orr.w r1,r2,r12
00006ce0	authenticate_device_and_print_serial	00006d40	43ea0002	orr.w r2,r3,r0
00006ce0	authenticate_device_and_print_serial	00006d44	9df86230	ldrb.w r3,[sp,#0x62]
00006ce0	authenticate_device_and_print_serial	00006d48	0020	movs r0,#0x0
00006ce0	authenticate_device_and_print_serial	00006d4a	0004	lsls r0,r0,#0x10
00006ce0	authenticate_device_and_print_serial	00006d4c	40ea1340	orr.w r0,r0,r3, lsr #0x10
00006ce0	authenticate_device_and_print_serial	00006d50	4fea034c	lsl.w r12,r3,#0x10
00006ce0	authenticate_device_and_print_serial	00006d54	1346	mov r3,r2
00006ce0	authenticate_device_and_print_serial	00006d56	41ea0c02	orr.w r2,r1,r12
00006ce0	authenticate_device_and_print_serial	00006d5a	43ea0001	orr.w r1,r3,r0
00006ce0	authenticate_device_and_print_serial	00006d5e	9df86130	ldrb.w r3,[sp,#0x61]
00006ce0	authenticate_device_and_print_serial	00006d62	0020	movs r0,#0x0
00006ce0	authenticate_device_and_print_serial	00006d64	0002	lsls r0,r0,#0x8
00006ce0	authenticate_device_and_print_serial	00006d66	40ea136c	orr.w r12,r0,r3, lsr #0x18
00006ce0	authenticate_device_and_print_serial	00006d6a	42ea0320	orr.w r0,r2,r3, lsl #0x8
00006ce0	authenticate_device_and_print_serial	00006d6e	41ea0c02	orr.w r2,r1,r12
00006ce0	authenticate_device_and_print_serial	00006d72	9df86010	ldrb.w r1,[sp,#0x60]
00006ce0	authenticate_device_and_print_serial	00006d76	0843	orrs r0,r1
00006ce0	authenticate_device_and_print_serial	00006d78	cde90c02	strd r0,r2,[sp,#0x30]
00006ce0	authenticate_device_and_print_serial	00006d7c	9df86f00	ldrb.w r0,[sp,#0x6f]
00006ce0	authenticate_device_and_print_serial	00006d80	0206	lsls r2,r0,#0x18
00006ce0	authenticate_device_and_print_serial	00006d82	0021	movs r1,#0x0
00006ce0	authenticate_device_and_print_serial	00006d84	9df86e00	ldrb.w r0,[sp,#0x6e]
00006ce0	authenticate_device_and_print_serial	00006d88	0943	orrs r1,r1
00006ce0	authenticate_device_and_print_serial	00006d8a	42ea0040	orr.w r0,r2,r0, lsl #0x10
00006ce0	authenticate_device_and_print_serial	00006d8e	9df86d20	ldrb.w r2,[sp,#0x6d]
00006ce0	authenticate_device_and_print_serial	00006d92	4fea022c	lsl.w r12,r2,#0x8
00006ce0	authenticate_device_and_print_serial	00006d96	0a46	mov r2,r1
00006ce0	authenticate_device_and_print_serial	00006d98	40ea0c01	orr.w r1,r0,r12
00006ce0	authenticate_device_and_print_serial	00006d9c	9df86c00	ldrb.w r0,[sp,#0x6c]
00006ce0	authenticate_device_and_print_serial	00006da0	0143	orrs r1,r0
00006ce0	authenticate_device_and_print_serial	00006da2	9df86b30	ldrb.w r3,[sp,#0x6b]
00006ce0	authenticate_device_and_print_serial	00006da6	0020	movs r0,#0x0
00006ce0	authenticate_device_and_print_serial	00006da8	0006	lsls r0,r0,#0x18
00006ce0	authenticate_device_and_print_serial	00006daa	40ea1320	orr.w r0,r0,r3, lsr #0x8
00006ce0	authenticate_device_and_print_serial	00006dae	42ea0362	orr.w r2,r2,r3, lsl #0x18
00006ce0	authenticate_device_and_print_serial	00006db2	0843	orrs r0,r1
00006ce0	authenticate_device_and_print_serial	00006db4	9df86a30	ldrb.w r3,[sp,#0x6a]
00006ce0	authenticate_device_and_print_serial	00006db8	0021	movs r1,#0x0
00006ce0	authenticate_device_and_print_serial	00006dba	0904	lsls r1,r1,#0x10
00006ce0	authenticate_device_and_print_serial	00006dbc	41ea1341	orr.w r1,r1,r3, lsr #0x10
00006ce0	authenticate_device_and_print_serial	00006dc0	42ea0342	orr.w r2,r2,r3, lsl #0x10
00006ce0	authenticate_device_and_print_serial	00006dc4	0143	orrs r1,r0
00006ce0	authenticate_device_and_print_serial	00006dc6	9df86930	ldrb.w r3,[sp,#0x69]
00006ce0	authenticate_device_and_print_serial	00006dca	0020	movs r0,#0x0
00006ce0	authenticate_device_and_print_serial	00006dcc	0002	lsls r0,r0,#0x8
00006ce0	authenticate_device_and_print_serial	00006dce	40ea1360	orr.w r0,r0,r3, lsr #0x18
00006ce0	authenticate_device_and_print_serial	00006dd2	4fea032c	lsl.w r12,r3,#0x8
00006ce0	authenticate_device_and_print_serial	00006dd6	0b46	mov r3,r1
00006ce0	authenticate_device_and_print_serial	00006dd8	42ea0c01	orr.w r1,r2,r12
00006ce0	authenticate_device_and_print_serial	00006ddc	43ea0002	orr.w r2,r3,r0
00006ce0	authenticate_device_and_print_serial	00006de0	9df86800	ldrb.w r0,[sp,#0x68]
00006ce0	authenticate_device_and_print_serial	00006de4	0143	orrs r1,r0
00006ce0	authenticate_device_and_print_serial	00006de6	cde90e12	strd r1,r2,[sp,#0x38]
00006ce0	authenticate_device_and_print_serial	00006dea	624d	ldr r5,[0x00006f74]
00006ce0	authenticate_device_and_print_serial	00006dec	614e	ldr r6,[0x00006f74]
00006ce0	authenticate_device_and_print_serial	00006dee	4036	adds r6,#0x40
00006ce0	authenticate_device_and_print_serial	00006df0	604f	ldr r7,[0x00006f74]
00006ce0	authenticate_device_and_print_serial	00006df2	8037	adds r7,#0x80
00006ce0	authenticate_device_and_print_serial	00006df4	dde90c10	ldrd r1,r0,[sp,#0x30]
00006ce0	authenticate_device_and_print_serial	00006df8	d5e90032	ldrd r3,r2,[r5,#0x0]
00006ce0	authenticate_device_and_print_serial	00006dfc	5940	eors r1,r3
00006ce0	authenticate_device_and_print_serial	00006dfe	5040	eors r0,r2
00006ce0	authenticate_device_and_print_serial	00006e00	0143	orrs r1,r0
00006ce0	authenticate_device_and_print_serial	00006e02	0cd1	bne 0x00006e1e
00006ce0	authenticate_device_and_print_serial	00006e04	dde90e01	ldrd r0,r1,[sp,#0x38]
00006ce0	authenticate_device_and_print_serial	00006e08	d5e90223	ldrd r2,r3,[r5,#0x8]
00006ce0	authenticate_device_and_print_serial	00006e0c	5040	eors r0,r2
00006ce0	authenticate_device_and_print_serial	00006e0e	5940	eors r1,r3
00006ce0	authenticate_device_and_print_serial	00006e10	0843	orrs r0,r1
00006ce0	authenticate_device_and_print_serial	00006e12	04d1	bne 0x00006e1e
00006ce0	authenticate_device_and_print_serial	00006e14	1321	movs r1,#0x13
00006ce0	authenticate_device_and_print_serial	00006e16	58a0	adr r0,[0x6f78]
00006ce0	authenticate_device_and_print_serial	00006e18	fef7cefe	bl 0x00005bb8
00006ce0	authenticate_device_and_print_serial	00006e1c	33e0	b 0x00006e86
00006ce0	authenticate_device_and_print_serial	00006e1e	dde90c01	ldrd r0,r1,[sp,#0x30]
00006ce0	authenticate_device_and_print_serial	00006e22	d6e90032	ldrd r3,r2,[r6,#0x0]
00006ce0	authenticate_device_and_print_serial	00006e26	5840	eors r0,r3
00006ce0	authenticate_device_and_print_serial	00006e28	5140	eors r1,r2
00006ce0	authenticate_device_and_print_serial	00006e2a	0843	orrs r0,r1
00006ce0	authenticate_device_and_print_serial	00006e2c	0dd1	bne 0x00006e4a
00006ce0	authenticate_device_and_print_serial	00006e2e	dde90e01	ldrd r0,r1,[sp,#0x38]
00006ce0	authenticate_device_and_print_serial	00006e32	d6e90223	ldrd r2,r3,[r6,#0x8]
00006ce0	authenticate_device_and_print_serial	00006e36	5040	eors r0,r2
00006ce0	authenticate_device_and_print_serial	00006e38	5940	eors r1,r3
00006ce0	authenticate_device_and_print_serial	00006e3a	0843	orrs r0,r1
00006ce0	authenticate_device_and_print_serial	00006e3c	05d1	bne 0x00006e4a
00006ce0	authenticate_device_and_print_serial	00006e3e	1321	movs r1,#0x13
00006ce0	authenticate_device_and_print_serial	00006e40	52a0	adr r0,[0x6f8c]
00006ce0	authenticate_device_and_print_serial	00006e42	fef7b9fe	bl 0x00005bb8
00006ce0	authenticate_device_and_print_serial	00006e46	0124	movs r4,#0x1
00006ce0	authenticate_device_and_print_serial	00006e48	1de0	b 0x00006e86
00006ce0	authenticate_device_and_print_serial	00006e4a	dde90c01	ldrd r0,r1,[sp,#0x30]
00006ce0	authenticate_device_and_print_serial	00006e4e	d7e90023	ldrd r2,r3,[r7,#0x0]
00006ce0	authenticate_device_and_print_serial	00006e52	5040	eors r0,r2
00006ce0	authenticate_device_and_print_serial	00006e54	5940	eors r1,r3
00006ce0	authenticate_device_and_print_serial	00006e56	0843	orrs r0,r1
00006ce0	authenticate_device_and_print_serial	00006e58	0dd1	bne 0x00006e76
00006ce0	authenticate_device_and_print_serial	00006e5a	dde90e01	ldrd r0,r1,[sp,#0x38]
00006ce0	authenticate_device_and_print_serial	00006e5e	d7e90232	ldrd r3,r2,[r7,#0x8]
00006ce0	authenticate_device_and_print_serial	00006e62	5840	eors r0,r3
00006ce0	authenticate_device_and_print_serial	00006e64	5140	eors r1,r2
00006ce0	authenticate_device_and_print_serial	00006e66	0843	orrs r0,r1
00006ce0	authenticate_device_and_print_serial	00006e68	05d1	bne 0x00006e76
00006ce0	authenticate_device_and_print_serial	00006e6a	1321	movs r1,#0x13
00006ce0	authenticate_device_and_print_serial	00006e6c	4ca0	adr r0,[0x6fa0]
00006ce0	authenticate_device_and_print_serial	00006e6e	fef7a3fe	bl 0x00005bb8
00006ce0	authenticate_device_and_print_serial	00006e72	0124	movs r4,#0x1
00006ce0	authenticate_device_and_print_serial	00006e74	07e0	b 0x00006e86
00006ce0	authenticate_device_and_print_serial	00006e76	0224	movs r4,#0x2
00006ce0	authenticate_device_and_print_serial	00006e78	1721	movs r1,#0x17
00006ce0	authenticate_device_and_print_serial	00006e7a	4ea0	adr r0,[0x6fb4]
00006ce0	authenticate_device_and_print_serial	00006e7c	fef79cfe	bl 0x00005bb8
00006ce0	authenticate_device_and_print_serial	00006e80	0120	movs r0,#0x1
00006ce0	authenticate_device_and_print_serial	00006e82	5db0	add sp,#0x174
00006ce0	authenticate_device_and_print_serial	00006e84	f0bd	pop {r4,r5,r6,r7,pc}
00006ce0	authenticate_device_and_print_serial	00006e86	a001	lsls r0,r4,#0x6
00006ce0	authenticate_device_and_print_serial	00006e88	5149	ldr r1,[0x00006fd0]
00006ce0	authenticate_device_and_print_serial	00006e8a	51f82020	ldr.w r2,[r1,r0,lsl #0x2]
00006ce0	authenticate_device_and_print_serial	00006e8e	51a1	adr r1,[0x6fd4]
00006ce0	authenticate_device_and_print_serial	00006e90	09a8	add r0,sp,#0x24
00006ce0	authenticate_device_and_print_serial	00006e92	fef7c5ff	bl 0x00005e20
00006ce0	authenticate_device_and_print_serial	00006e96	4e49	ldr r1,[0x00006fd0]
00006ce0	authenticate_device_and_print_serial	00006e98	01eb0420	add.w r0,r1,r4, lsl #0x8
00006ce0	authenticate_device_and_print_serial	00006e9c	4da1	adr r1,[0x6fd4]
00006ce0	authenticate_device_and_print_serial	00006e9e	4268	ldr r2,[r0,#0x4]
00006ce0	authenticate_device_and_print_serial	00006ea0	06a8	add r0,sp,#0x18
00006ce0	authenticate_device_and_print_serial	00006ea2	fef7bdff	bl 0x00005e20
00006ce0	authenticate_device_and_print_serial	00006ea6	4a49	ldr r1,[0x00006fd0]
00006ce0	authenticate_device_and_print_serial	00006ea8	01eb0420	add.w r0,r1,r4, lsl #0x8
00006ce0	authenticate_device_and_print_serial	00006eac	49a1	adr r1,[0x6fd4]
00006ce0	authenticate_device_and_print_serial	00006eae	8268	ldr r2,[r0,#0x8]
00006ce0	authenticate_device_and_print_serial	00006eb0	03a8	add r0,sp,#0xc
00006ce0	authenticate_device_and_print_serial	00006eb2	fef7b5ff	bl 0x00005e20
00006ce0	authenticate_device_and_print_serial	00006eb6	4649	ldr r1,[0x00006fd0]
00006ce0	authenticate_device_and_print_serial	00006eb8	01eb0420	add.w r0,r1,r4, lsl #0x8
00006ce0	authenticate_device_and_print_serial	00006ebc	45a1	adr r1,[0x6fd4]
00006ce0	authenticate_device_and_print_serial	00006ebe	c268	ldr r2,[r0,#0xc]
00006ce0	authenticate_device_and_print_serial	00006ec0	6846	mov r0,sp
00006ce0	authenticate_device_and_print_serial	00006ec2	fef7adff	bl 0x00005e20
00006ce0	authenticate_device_and_print_serial	00006ec6	0df12500	add.w r0,sp,#0x25
00006ce0	authenticate_device_and_print_serial	00006eca	fff7c3fe	bl 0x00006c54
00006ce0	authenticate_device_and_print_serial	00006ece	0df11900	add.w r0,sp,#0x19
00006ce0	authenticate_device_and_print_serial	00006ed2	fff7bffe	bl 0x00006c54
00006ce0	authenticate_device_and_print_serial	00006ed6	0df10d00	add.w r0,sp,#0xd
00006ce0	authenticate_device_and_print_serial	00006eda	fff7bbfe	bl 0x00006c54
00006ce0	authenticate_device_and_print_serial	00006ede	0df10100	add.w r0,sp,#0x1
00006ce0	authenticate_device_and_print_serial	00006ee2	fff7b7fe	bl 0x00006c54
00006ce0	authenticate_device_and_print_serial	00006ee6	1221	movs r1,#0x12
00006ce0	authenticate_device_and_print_serial	00006ee8	3ca0	adr r0,[0x6fdc]
00006ce0	authenticate_device_and_print_serial	00006eea	fef765fe	bl 0x00005bb8
00006ce0	authenticate_device_and_print_serial	00006eee	0821	movs r1,#0x8
00006ce0	authenticate_device_and_print_serial	00006ef0	0df12500	add.w r0,sp,#0x25
00006ce0	authenticate_device_and_print_serial	00006ef4	fef760fe	bl 0x00005bb8
00006ce0	authenticate_device_and_print_serial	00006ef8	0121	movs r1,#0x1
00006ce0	authenticate_device_and_print_serial	00006efa	3da0	adr r0,[0x6ff0]
00006ce0	authenticate_device_and_print_serial	00006efc	fef75cfe	bl 0x00005bb8
00006ce0	authenticate_device_and_print_serial	00006f00	0821	movs r1,#0x8
00006ce0	authenticate_device_and_print_serial	00006f02	0df11900	add.w r0,sp,#0x19
00006ce0	authenticate_device_and_print_serial	00006f06	fef757fe	bl 0x00005bb8
00006ce0	authenticate_device_and_print_serial	00006f0a	0121	movs r1,#0x1
00006ce0	authenticate_device_and_print_serial	00006f0c	38a0	adr r0,[0x6ff0]
00006ce0	authenticate_device_and_print_serial	00006f0e	fef753fe	bl 0x00005bb8
00006ce0	authenticate_device_and_print_serial	00006f12	0821	movs r1,#0x8
00006ce0	authenticate_device_and_print_serial	00006f14	0df10d00	add.w r0,sp,#0xd
00006ce0	authenticate_device_and_print_serial	00006f18	fef74efe	bl 0x00005bb8
00006ce0	authenticate_device_and_print_serial	00006f1c	0121	movs r1,#0x1
00006ce0	authenticate_device_and_print_serial	00006f1e	34a0	adr r0,[0x6ff0]
00006ce0	authenticate_device_and_print_serial	00006f20	fef74afe	bl 0x00005bb8
00006ce0	authenticate_device_and_print_serial	00006f24	0821	movs r1,#0x8
00006ce0	authenticate_device_and_print_serial	00006f26	0df10100	add.w r0,sp,#0x1
00006ce0	authenticate_device_and_print_serial	00006f2a	fef745fe	bl 0x00005bb8
00006ce0	authenticate_device_and_print_serial	00006f2e	0221	movs r1,#0x2
00006ce0	authenticate_device_and_print_serial	00006f30	30a0	adr r0,[0x6ff4]
00006ce0	authenticate_device_and_print_serial	00006f32	fef741fe	bl 0x00005bb8
00006ce0	authenticate_device_and_print_serial	00006f36	3021	movs r1,#0x30
00006ce0	authenticate_device_and_print_serial	00006f38	2548	ldr r0,[0x00006fd0]
00006ce0	authenticate_device_and_print_serial	00006f3a	1030	adds r0,#0x10
00006ce0	authenticate_device_and_print_serial	00006f3c	fef73cfe	bl 0x00005bb8
00006ce0	authenticate_device_and_print_serial	00006f40	0221	movs r1,#0x2
00006ce0	authenticate_device_and_print_serial	00006f42	2ca0	adr r0,[0x6ff4]
00006ce0	authenticate_device_and_print_serial	00006f44	fef738fe	bl 0x00005bb8
00006ce0	authenticate_device_and_print_serial	00006f48	0020	movs r0,#0x0
00006ce0	authenticate_device_and_print_serial	00006f4a	9ae7	b 0x00006e82
00006ff8	authenticate_device_key	00006ff8	f0b5	push {r4,r5,r6,r7,lr}
00006ff8	authenticate_device_key	00006ffa	d1b0	sub sp,#0x144
00006ff8	authenticate_device_key	00006ffc	2022	movs r2,#0x20
00006ff8	authenticate_device_key	00006ffe	5ba1	adr r1,[0x716c]
00006ff8	authenticate_device_key	00007000	04a8	add r0,sp,#0x10
00006ff8	authenticate_device_key	00007002	f9f78bf9	bl 0x0000031c
00006ff8	authenticate_device_key	00007006	fff7dbfb	bl 0x000067c0
00006ff8	authenticate_device_key	0000700a	604a	ldr r2,[0x0000718c]
00006ff8	authenticate_device_key	0000700c	04a9	add r1,sp,#0x10
00006ff8	authenticate_device_key	0000700e	10a8	add r0,sp,#0x40
00006ff8	authenticate_device_key	00007010	f9f797fb	bl 0x00000742
00006ff8	authenticate_device_key	00007014	1023	movs r3,#0x10
00006ff8	authenticate_device_key	00007016	5e4a	ldr r2,[0x00007190]
00006ff8	authenticate_device_key	00007018	0ca9	add r1,sp,#0x30
00006ff8	authenticate_device_key	0000701a	10a8	add r0,sp,#0x40
00006ff8	authenticate_device_key	0000701c	f9f756fb	bl 0x000006cc
00006ff8	authenticate_device_key	00007020	9df83700	ldrb.w r0,[sp,#0x37]
00006ff8	authenticate_device_key	00007024	0206	lsls r2,r0,#0x18
00006ff8	authenticate_device_key	00007026	0021	movs r1,#0x0
00006ff8	authenticate_device_key	00007028	9df83600	ldrb.w r0,[sp,#0x36]
00006ff8	authenticate_device_key	0000702c	0304	lsls r3,r0,#0x10
00006ff8	authenticate_device_key	0000702e	41ea0100	orr.w r0,r1,r1
00006ff8	authenticate_device_key	00007032	1a43	orrs r2,r3
00006ff8	authenticate_device_key	00007034	9df83510	ldrb.w r1,[sp,#0x35]
00006ff8	authenticate_device_key	00007038	0b02	lsls r3,r1,#0x8
00006ff8	authenticate_device_key	0000703a	1146	mov r1,r2
00006ff8	authenticate_device_key	0000703c	0246	mov r2,r0
00006ff8	authenticate_device_key	0000703e	1943	orrs r1,r3
00006ff8	authenticate_device_key	00007040	9df83400	ldrb.w r0,[sp,#0x34]
00006ff8	authenticate_device_key	00007044	0143	orrs r1,r0
00006ff8	authenticate_device_key	00007046	9df83330	ldrb.w r3,[sp,#0x33]
00006ff8	authenticate_device_key	0000704a	0020	movs r0,#0x0
00006ff8	authenticate_device_key	0000704c	0006	lsls r0,r0,#0x18
00006ff8	authenticate_device_key	0000704e	40ea1320	orr.w r0,r0,r3, lsr #0x8
00006ff8	authenticate_device_key	00007052	42ea0362	orr.w r2,r2,r3, lsl #0x18
00006ff8	authenticate_device_key	00007056	0843	orrs r0,r1
00006ff8	authenticate_device_key	00007058	9df83230	ldrb.w r3,[sp,#0x32]
00006ff8	authenticate_device_key	0000705c	0021	movs r1,#0x0
00006ff8	authenticate_device_key	0000705e	0904	lsls r1,r1,#0x10
00006ff8	authenticate_device_key	00007060	41ea1347	orr.w r7,r1,r3, lsr #0x10
00006ff8	authenticate_device_key	00007064	42ea0341	orr.w r1,r2,r3, lsl #0x10
00006ff8	authenticate_device_key	00007068	40ea0702	orr.w r2,r0,r7
00006ff8	authenticate_device_key	0000706c	9df83130	ldrb.w r3,[sp,#0x31]
00006ff8	authenticate_device_key	00007070	0020	movs r0,#0x0
00006ff8	authenticate_device_key	00007072	0002	lsls r0,r0,#0x8
00006ff8	authenticate_device_key	00007074	40ea1360	orr.w r0,r0,r3, lsr #0x18
00006ff8	authenticate_device_key	00007078	41ea0321	orr.w r1,r1,r3, lsl #0x8
00006ff8	authenticate_device_key	0000707c	0243	orrs r2,r0
00006ff8	authenticate_device_key	0000707e	9df83000	ldrb.w r0,[sp,#0x30]
00006ff8	authenticate_device_key	00007082	0143	orrs r1,r0
00006ff8	authenticate_device_key	00007084	cde90012	strd r1,r2,[sp,#0x0]
00006ff8	authenticate_device_key	00007088	9df83f00	ldrb.w r0,[sp,#0x3f]
00006ff8	authenticate_device_key	0000708c	0106	lsls r1,r0,#0x18
00006ff8	authenticate_device_key	0000708e	0022	movs r2,#0x0
00006ff8	authenticate_device_key	00007090	9df83e00	ldrb.w r0,[sp,#0x3e]
00006ff8	authenticate_device_key	00007094	0304	lsls r3,r0,#0x10
00006ff8	authenticate_device_key	00007096	42ea0200	orr.w r0,r2,r2
00006ff8	authenticate_device_key	0000709a	1943	orrs r1,r3
00006ff8	authenticate_device_key	0000709c	9df83d20	ldrb.w r2,[sp,#0x3d]
00006ff8	authenticate_device_key	000070a0	1702	lsls r7,r2,#0x8
00006ff8	authenticate_device_key	000070a2	0246	mov r2,r0
00006ff8	authenticate_device_key	000070a4	3943	orrs r1,r7
00006ff8	authenticate_device_key	000070a6	9df83c00	ldrb.w r0,[sp,#0x3c]
00006ff8	authenticate_device_key	000070aa	0143	orrs r1,r0
00006ff8	authenticate_device_key	000070ac	9df83b30	ldrb.w r3,[sp,#0x3b]
00006ff8	authenticate_device_key	000070b0	0020	movs r0,#0x0
00006ff8	authenticate_device_key	000070b2	0006	lsls r0,r0,#0x18
00006ff8	authenticate_device_key	000070b4	40ea1320	orr.w r0,r0,r3, lsr #0x8
00006ff8	authenticate_device_key	000070b8	42ea0362	orr.w r2,r2,r3, lsl #0x18
00006ff8	authenticate_device_key	000070bc	0843	orrs r0,r1
00006ff8	authenticate_device_key	000070be	9df83a30	ldrb.w r3,[sp,#0x3a]
00006ff8	authenticate_device_key	000070c2	0021	movs r1,#0x0
00006ff8	authenticate_device_key	000070c4	0904	lsls r1,r1,#0x10
00006ff8	authenticate_device_key	000070c6	41ea1347	orr.w r7,r1,r3, lsr #0x10
00006ff8	authenticate_device_key	000070ca	42ea0341	orr.w r1,r2,r3, lsl #0x10
00006ff8	authenticate_device_key	000070ce	40ea0702	orr.w r2,r0,r7
00006ff8	authenticate_device_key	000070d2	9df83930	ldrb.w r3,[sp,#0x39]
00006ff8	authenticate_device_key	000070d6	0020	movs r0,#0x0
00006ff8	authenticate_device_key	000070d8	0002	lsls r0,r0,#0x8
00006ff8	authenticate_device_key	000070da	40ea1367	orr.w r7,r0,r3, lsr #0x18
00006ff8	authenticate_device_key	000070de	41ea0320	orr.w r0,r1,r3, lsl #0x8
00006ff8	authenticate_device_key	000070e2	3a43	orrs r2,r7
00006ff8	authenticate_device_key	000070e4	9df83810	ldrb.w r1,[sp,#0x38]
00006ff8	authenticate_device_key	000070e8	0143	orrs r1,r0
00006ff8	authenticate_device_key	000070ea	cde90212	strd r1,r2,[sp,#0x8]
00006ff8	authenticate_device_key	000070ee	294c	ldr r4,[0x00007194]
00006ff8	authenticate_device_key	000070f0	284d	ldr r5,[0x00007194]
00006ff8	authenticate_device_key	000070f2	4035	adds r5,#0x40
00006ff8	authenticate_device_key	000070f4	274e	ldr r6,[0x00007194]
00006ff8	authenticate_device_key	000070f6	8036	adds r6,#0x80
00006ff8	authenticate_device_key	000070f8	dde90010	ldrd r1,r0,[sp,#0x0]
00006ff8	authenticate_device_key	000070fc	d4e90032	ldrd r3,r2,[r4,#0x0]
00006ff8	authenticate_device_key	00007100	5940	eors r1,r3
00006ff8	authenticate_device_key	00007102	5040	eors r0,r2
00006ff8	authenticate_device_key	00007104	0143	orrs r1,r0
00006ff8	authenticate_device_key	00007106	0ad1	bne 0x0000711e
00006ff8	authenticate_device_key	00007108	dde90210	ldrd r1,r0,[sp,#0x8]
00006ff8	authenticate_device_key	0000710c	d4e90223	ldrd r2,r3,[r4,#0x8]
00006ff8	authenticate_device_key	00007110	5140	eors r1,r2
00006ff8	authenticate_device_key	00007112	5840	eors r0,r3
00006ff8	authenticate_device_key	00007114	0143	orrs r1,r0
00006ff8	authenticate_device_key	00007116	02d1	bne 0x0000711e
00006ff8	authenticate_device_key	00007118	0020	movs r0,#0x0
00006ff8	authenticate_device_key	0000711a	51b0	add sp,#0x144
00006ff8	authenticate_device_key	0000711c	f0bd	pop {r4,r5,r6,r7,pc}
00006ff8	authenticate_device_key	0000711e	dde90001	ldrd r0,r1,[sp,#0x0]
00006ff8	authenticate_device_key	00007122	d5e90023	ldrd r2,r3,[r5,#0x0]
00006ff8	authenticate_device_key	00007126	5040	eors r0,r2
00006ff8	authenticate_device_key	00007128	5940	eors r1,r3
00006ff8	authenticate_device_key	0000712a	0843	orrs r0,r1
00006ff8	authenticate_device_key	0000712c	09d1	bne 0x00007142
00006ff8	authenticate_device_key	0000712e	dde90210	ldrd r1,r0,[sp,#0x8]
00006ff8	authenticate_device_key	00007132	d5e90223	ldrd r2,r3,[r5,#0x8]
00006ff8	authenticate_device_key	00007136	5140	eors r1,r2
00006ff8	authenticate_device_key	00007138	5840	eors r0,r3
00006ff8	authenticate_device_key	0000713a	0143	orrs r1,r0
00006ff8	authenticate_device_key	0000713c	01d1	bne 0x00007142
00006ff8	authenticate_device_key	0000713e	0020	movs r0,#0x0
00006ff8	authenticate_device_key	00007140	ebe7	b 0x0000711a
00006ff8	authenticate_device_key	00007142	dde90010	ldrd r1,r0,[sp,#0x0]
00006ff8	authenticate_device_key	00007146	d6e90032	ldrd r3,r2,[r6,#0x0]
00006ff8	authenticate_device_key	0000714a	5940	eors r1,r3
00006ff8	authenticate_device_key	0000714c	5040	eors r0,r2
00006ff8	authenticate_device_key	0000714e	0143	orrs r1,r0
00006ff8	authenticate_device_key	00007150	09d1	bne 0x00007166
00006ff8	authenticate_device_key	00007152	dde90210	ldrd r1,r0,[sp,#0x8]
00006ff8	authenticate_device_key	00007156	d6e90223	ldrd r2,r3,[r6,#0x8]
00006ff8	authenticate_device_key	0000715a	5140	eors r1,r2
00006ff8	authenticate_device_key	0000715c	5840	eors r0,r3
00006ff8	authenticate_device_key	0000715e	0143	orrs r1,r0
00006ff8	authenticate_device_key	00007160	01d1	bne 0x00007166
00006ff8	authenticate_device_key	00007162	0020	movs r0,#0x0
00006ff8	authenticate_device_key	00007164	d9e7	b 0x0000711a
00006ff8	authenticate_device_key	00007166	0120	movs r0,#0x1
00006ff8	authenticate_device_key	00007168	d7e7	b 0x0000711a
00007198	crc8_maxim	00007198	30b5	push {r4,r5,lr}
00007198	crc8_maxim	0000719a	0246	mov r2,r0
00007198	crc8_maxim	0000719c	0b46	mov r3,r1
00007198	crc8_maxim	0000719e	0020	movs r0,#0x0
00007198	crc8_maxim	000071a0	00bf	nop
00007198	crc8_maxim	000071a2	10e0	b 0x000071c6
00007198	crc8_maxim	000071a4	12f8014b	ldrb.w r4,[r2],#0x1
00007198	crc8_maxim	000071a8	6040	eors r0,r4
00007198	crc8_maxim	000071aa	0021	movs r1,#0x0
00007198	crc8_maxim	000071ac	09e0	b 0x000071c2
00007198	crc8_maxim	000071ae	00f00104	and r4,r0,#0x1
00007198	crc8_maxim	000071b2	1cb1	cbz r4,0x000071bc
00007198	crc8_maxim	000071b4	8c24	movs r4,#0x8c
00007198	crc8_maxim	000071b6	84ea6000	eor.w r0,r4,r0, asr #0x1
00007198	crc8_maxim	000071ba	00e0	b 0x000071be
00007198	crc8_maxim	000071bc	4010	asrs r0,r0,#0x1
00007198	crc8_maxim	000071be	4c1c	adds r4,r1,#0x1
00007198	crc8_maxim	000071c0	e1b2	uxtb r1,r4
00007198	crc8_maxim	000071c2	0829	cmp r1,#0x8
00007198	crc8_maxim	000071c4	f3db	blt 0x000071ae
00007198	crc8_maxim	000071c6	1c1e	subs r4,r3,#0x0
00007198	crc8_maxim	000071c8	a3f10103	sub.w r3,r3,#0x1
00007198	crc8_maxim	000071cc	ead1	bne 0x000071a4
00007198	crc8_maxim	000071ce	30bd	pop {r4,r5,pc}
000071d0	FUN_000071d0	000071d0	0146	mov r1,r0
000071d0	FUN_000071d0	000071d2	c809	lsrs r0,r1,#0x7
000071d0	FUN_000071d0	000071d4	00ebc000	add.w r0,r0,r0, lsl #0x3
000071d0	FUN_000071d0	000071d8	00eb4000	add.w r0,r0,r0, lsl #0x1
000071d0	FUN_000071d0	000071dc	80ea4100	eor.w r0,r0,r1, lsl #0x1
000071d0	FUN_000071d0	000071e0	c0b2	uxtb r0,r0
000071d0	FUN_000071d0	000071e2	7047	bx lr
1fff8000	flash_erase_and_program	1fff8000	2de9f047	push {r4,r5,r6,r7,r8,r9,r10,lr}
1fff8000	flash_erase_and_program	1fff8004	0646	mov r6,r0
1fff8000	flash_erase_and_program	1fff8006	0d46	mov r5,r1
1fff8000	flash_erase_and_program	1fff8008	1746	mov r7,r2
1fff8000	flash_erase_and_program	1fff800a	4ff00009	mov.w r9,#0x0
1fff8000	flash_erase_and_program	1fff800e	4fea563a	lsr.w r10,r6,#0xd
1fff8000	flash_erase_and_program	1fff8012	b6f5802f	cmp.w r6,#0x40000
1fff8000	flash_erase_and_program	1fff8016	01d3	bcc 0x1fff801c
1fff8000	flash_erase_and_program	1fff8018	bde8f087	pop.w {r4,r5,r6,r7,r8,r9,r10,pc}
1fff8000	flash_erase_and_program	1fff801c	72b6	cpsid i
1fff8000	flash_erase_and_program	1fff801e	00f00bf9	bl 0x1fff8238
1fff8000	flash_erase_and_program	1fff8022	0120	movs r0,#0x1
1fff8000	flash_erase_and_program	1fff8024	00f00df9	bl 0x1fff8242
1fff8000	flash_erase_and_program	1fff8028	00bf	nop
1fff8000	flash_erase_and_program	1fff802a	4ff48070	mov.w r0,#0x100
1fff8000	flash_erase_and_program	1fff802e	00f00df9	bl 0x1fff824c
1fff8000	flash_erase_and_program	1fff8032	0128	cmp r0,#0x1
1fff8000	flash_erase_and_program	1fff8034	f9d1	bne 0x1fff802a
1fff8000	flash_erase_and_program	1fff8036	00fa0af0	lsl.w r0,r0,r10
1fff8000	flash_erase_and_program	1fff803a	7d49	ldr r1,[0x1fff8230]
1fff8000	flash_erase_and_program	1fff803c	0860	str r0,[r1,#0x0]
1fff8000	flash_erase_and_program	1fff803e	3046	mov r0,r6
1fff8000	flash_erase_and_program	1fff8040	00f009f9	bl 0x1fff8256
1fff8000	flash_erase_and_program	1fff8044	c7f38f08	ubfx r8,r7,#0x2,#0x10
1fff8000	flash_erase_and_program	1fff8048	0024	movs r4,#0x0
1fff8000	flash_erase_and_program	1fff804a	1ae0	b 0x1fff8082
1fff8000	flash_erase_and_program	1fff804c	15f82400	ldrb.w r0,[r5,r4,lsl #0x2]
1fff8000	flash_erase_and_program	1fff8050	0121	movs r1,#0x1
1fff8000	flash_erase_and_program	1fff8052	01eb8401	add.w r1,r1,r4, lsl #0x2
1fff8000	flash_erase_and_program	1fff8056	695c	ldrb r1,[r5,r1]
1fff8000	flash_erase_and_program	1fff8058	40ea0120	orr.w r0,r0,r1, lsl #0x8
1fff8000	flash_erase_and_program	1fff805c	0221	movs r1,#0x2
1fff8000	flash_erase_and_program	1fff805e	01eb8401	add.w r1,r1,r4, lsl #0x2
1fff8000	flash_erase_and_program	1fff8062	695c	ldrb r1,[r5,r1]
1fff8000	flash_erase_and_program	1fff8064	40ea0140	orr.w r0,r0,r1, lsl #0x10
1fff8000	flash_erase_and_program	1fff8068	0321	movs r1,#0x3
1fff8000	flash_erase_and_program	1fff806a	01eb8401	add.w r1,r1,r4, lsl #0x2
1fff8000	flash_erase_and_program	1fff806e	695c	ldrb r1,[r5,r1]
1fff8000	flash_erase_and_program	1fff8070	40ea0169	orr.w r9,r0,r1, lsl #0x18
1fff8000	flash_erase_and_program	1fff8074	4946	mov r1,r9
1fff8000	flash_erase_and_program	1fff8076	3046	mov r0,r6
1fff8000	flash_erase_and_program	1fff8078	00f0f2f8	bl 0x1fff8260
1fff8000	flash_erase_and_program	1fff807c	361d	adds r6,r6,#0x4
1fff8000	flash_erase_and_program	1fff807e	601c	adds r0,r4,#0x1
1fff8000	flash_erase_and_program	1fff8080	84b2	uxth r4,r0
1fff8000	flash_erase_and_program	1fff8082	4445	cmp r4,r8
1fff8000	flash_erase_and_program	1fff8084	e2db	blt 0x1fff804c
1fff8000	flash_erase_and_program	1fff8086	0020	movs r0,#0x0
1fff8000	flash_erase_and_program	1fff8088	00f0dbf8	bl 0x1fff8242
1fff8000	flash_erase_and_program	1fff808c	00bf	nop
1fff8000	flash_erase_and_program	1fff808e	0020	movs r0,#0x0
1fff8000	flash_erase_and_program	1fff8090	6849	ldr r1,[0x1fff8234]
1fff8000	flash_erase_and_program	1fff8092	0860	str r0,[r1,#0x0]
1fff8000	flash_erase_and_program	1fff8094	00bf	nop
1fff8000	flash_erase_and_program	1fff8096	62b6	cpsie i
1fff8000	flash_erase_and_program	1fff8098	00bf	nop
1fff8000	flash_erase_and_program	1fff809a	bde7	b 0x1fff8018
1fff809c	flash_program_and_verify	1fff809c	2de9f05f	push {r4,r5,r6,r7,r8,r9,r10,r11,r12,lr}
1fff809c	flash_program_and_verify	1fff80a0	0746	mov r7,r0
1fff809c	flash_program_and_verify	1fff80a2	8946	mov r9,r1
1fff809c	flash_program_and_verify	1fff80a4	1546	mov r5,r2
1fff809c	flash_program_and_verify	1fff80a6	9a46	mov r10,r3
1fff809c	flash_program_and_verify	1fff80a8	caf38f0b	ubfx r11,r10,#0x2,#0x10
1fff809c	flash_program_and_verify	1fff80ac	3e46	mov r6,r7
1fff809c	flash_program_and_verify	1fff80ae	00bf	nop
1fff809c	flash_program_and_verify	1fff80b0	4ff48070	mov.w r0,#0x100
1fff809c	flash_program_and_verify	1fff80b4	00f0caf8	bl 0x1fff824c
1fff809c	flash_program_and_verify	1fff80b8	0128	cmp r0,#0x1
1fff809c	flash_program_and_verify	1fff80ba	f9d1	bne 0x1fff80b0
1fff809c	flash_program_and_verify	1fff80bc	00f0bcf8	bl 0x1fff8238
1fff809c	flash_program_and_verify	1fff80c0	0120	movs r0,#0x1
1fff809c	flash_program_and_verify	1fff80c2	00f0bef8	bl 0x1fff8242
1fff809c	flash_program_and_verify	1fff80c6	00f0d0f8	bl 0x1fff826a
1fff809c	flash_program_and_verify	1fff80ca	00f0d3f8	bl 0x1fff8274
1fff809c	flash_program_and_verify	1fff80ce	5948	ldr r0,[0x1fff8234]
1fff809c	flash_program_and_verify	1fff80d0	1c30	adds r0,#0x1c
1fff809c	flash_program_and_verify	1fff80d2	0068	ldr r0,[r0,#0x0]
1fff809c	flash_program_and_verify	1fff80d4	20f00700	bic r0,r0,#0x7
1fff809c	flash_program_and_verify	1fff80d8	401c	adds r0,r0,#0x1
1fff809c	flash_program_and_verify	1fff80da	5649	ldr r1,[0x1fff8234]
1fff809c	flash_program_and_verify	1fff80dc	1c31	adds r1,#0x1c
1fff809c	flash_program_and_verify	1fff80de	0860	str r0,[r1,#0x0]
1fff809c	flash_program_and_verify	1fff80e0	0024	movs r4,#0x0
1fff809c	flash_program_and_verify	1fff80e2	42e0	b 0x1fff816a
1fff809c	flash_program_and_verify	1fff80e4	07f14000	add.w r0,r7,#0x40
1fff809c	flash_program_and_verify	1fff80e8	8642	cmp r6,r0
1fff809c	flash_program_and_verify	1fff80ea	1dd9	bls 0x1fff8128
1fff809c	flash_program_and_verify	1fff80ec	5148	ldr r0,[0x1fff8234]
1fff809c	flash_program_and_verify	1fff80ee	1c30	adds r0,#0x1c
1fff809c	flash_program_and_verify	1fff80f0	0068	ldr r0,[r0,#0x0]
1fff809c	flash_program_and_verify	1fff80f2	20f00700	bic r0,r0,#0x7
1fff809c	flash_program_and_verify	1fff80f6	4f49	ldr r1,[0x1fff8234]
1fff809c	flash_program_and_verify	1fff80f8	1c31	adds r1,#0x1c
1fff809c	flash_program_and_verify	1fff80fa	0860	str r0,[r1,#0x0]
1fff809c	flash_program_and_verify	1fff80fc	00bf	nop
1fff809c	flash_program_and_verify	1fff80fe	4ff48070	mov.w r0,#0x100
1fff809c	flash_program_and_verify	1fff8102	00f0a3f8	bl 0x1fff824c
1fff809c	flash_program_and_verify	1fff8106	0128	cmp r0,#0x1
1fff809c	flash_program_and_verify	1fff8108	f9d1	bne 0x1fff80fe
1fff809c	flash_program_and_verify	1fff810a	1020	movs r0,#0x10
1fff809c	flash_program_and_verify	1fff810c	4949	ldr r1,[0x1fff8234]
1fff809c	flash_program_and_verify	1fff810e	2431	adds r1,#0x24
1fff809c	flash_program_and_verify	1fff8110	0860	str r0,[r1,#0x0]
1fff809c	flash_program_and_verify	1fff8112	0020	movs r0,#0x0
1fff809c	flash_program_and_verify	1fff8114	00f095f8	bl 0x1fff8242
1fff809c	flash_program_and_verify	1fff8118	00f0b1f8	bl 0x1fff827e
1fff809c	flash_program_and_verify	1fff811c	0120	movs r0,#0x1
1fff809c	flash_program_and_verify	1fff811e	00f0b3f8	bl 0x1fff8288
1fff809c	flash_program_and_verify	1fff8122	0220	movs r0,#0x2
1fff809c	flash_program_and_verify	1fff8124	bde8f09f	pop.w {r4,r5,r6,r7,r8,r9,r10,r11,r12,pc}
1fff809c	flash_program_and_verify	1fff8128	15f82400	ldrb.w r0,[r5,r4,lsl #0x2]
1fff809c	flash_program_and_verify	1fff812c	0121	movs r1,#0x1
1fff809c	flash_program_and_verify	1fff812e	01eb8401	add.w r1,r1,r4, lsl #0x2
1fff809c	flash_program_and_verify	1fff8132	695c	ldrb r1,[r5,r1]
1fff809c	flash_program_and_verify	1fff8134	40ea0120	orr.w r0,r0,r1, lsl #0x8
1fff809c	flash_program_and_verify	1fff8138	0221	movs r1,#0x2
1fff809c	flash_program_and_verify	1fff813a	01eb8401	add.w r1,r1,r4, lsl #0x2
1fff809c	flash_program_and_verify	1fff813e	695c	ldrb r1,[r5,r1]
1fff809c	flash_program_and_verify	1fff8140	40ea0140	orr.w r0,r0,r1, lsl #0x10
1fff809c	flash_program_and_verify	1fff8144	0321	movs r1,#0x3
1fff809c	flash_program_and_verify	1fff8146	01eb8401	add.w r1,r1,r4, lsl #0x2
1fff809c	flash_program_and_verify	1fff814a	695c	ldrb r1,[r5,r1]
1fff809c	flash_program_and_verify	1fff814c	40ea0168	orr.w r8,r0,r1, lsl #0x18
1fff809c	flash_program_and_verify	1fff8150	c6f80080	str.w r8,[r6,#0x0]
1fff809c	flash_program_and_verify	1fff8154	00bf	nop
1fff809c	flash_program_and_verify	1fff8156	3748	ldr r0,[0x1fff8234]
1fff809c	flash_program_and_verify	1fff8158	2030	adds r0,#0x20
1fff809c	flash_program_and_verify	1fff815a	0068	ldr r0,[r0,#0x0]
1fff809c	flash_program_and_verify	1fff815c	00f48070	and r0,r0,#0x100
1fff809c	flash_program_and_verify	1fff8160	0028	cmp r0,#0x0
1fff809c	flash_program_and_verify	1fff8162	f8d0	beq 0x1fff8156
1fff809c	flash_program_and_verify	1fff8164	361d	adds r6,r6,#0x4
1fff809c	flash_program_and_verify	1fff8166	601c	adds r0,r4,#0x1
1fff809c	flash_program_and_verify	1fff8168	84b2	uxth r4,r0
1fff809c	flash_program_and_verify	1fff816a	5c45	cmp r4,r11
1fff809c	flash_program_and_verify	1fff816c	badb	blt 0x1fff80e4
1fff809c	flash_program_and_verify	1fff816e	3148	ldr r0,[0x1fff8234]
1fff809c	flash_program_and_verify	1fff8170	1c30	adds r0,#0x1c
1fff809c	flash_program_and_verify	1fff8172	0068	ldr r0,[r0,#0x0]
1fff809c	flash_program_and_verify	1fff8174	20f00700	bic r0,r0,#0x7
1fff809c	flash_program_and_verify	1fff8178	2e49	ldr r1,[0x1fff8234]
1fff809c	flash_program_and_verify	1fff817a	1c31	adds r1,#0x1c
1fff809c	flash_program_and_verify	1fff817c	0860	str r0,[r1,#0x0]
1fff809c	flash_program_and_verify	1fff817e	00bf	nop
1fff809c	flash_program_and_verify	1fff8180	4ff48070	mov.w r0,#0x100
1fff809c	flash_program_and_verify	1fff8184	00f062f8	bl 0x1fff824c
1fff809c	flash_program_and_verify	1fff8188	0128	cmp r0,#0x1
1fff809c	flash_program_and_verify	1fff818a	f9d1	bne 0x1fff8180
1fff809c	flash_program_and_verify	1fff818c	1020	movs r0,#0x10
1fff809c	flash_program_and_verify	1fff818e	2949	ldr r1,[0x1fff8234]
1fff809c	flash_program_and_verify	1fff8190	2431	adds r1,#0x24
1fff809c	flash_program_and_verify	1fff8192	0860	str r0,[r1,#0x0]
1fff809c	flash_program_and_verify	1fff8194	3e46	mov r6,r7
1fff809c	flash_program_and_verify	1fff8196	0024	movs r4,#0x0
1fff809c	flash_program_and_verify	1fff8198	36e0	b 0x1fff8208
1fff809c	flash_program_and_verify	1fff819a	15f82400	ldrb.w r0,[r5,r4,lsl #0x2]
1fff809c	flash_program_and_verify	1fff819e	0121	movs r1,#0x1
1fff809c	flash_program_and_verify	1fff81a0	01eb8401	add.w r1,r1,r4, lsl #0x2
1fff809c	flash_program_and_verify	1fff81a4	695c	ldrb r1,[r5,r1]
1fff809c	flash_program_and_verify	1fff81a6	40ea0120	orr.w r0,r0,r1, lsl #0x8
1fff809c	flash_program_and_verify	1fff81aa	0221	movs r1,#0x2
1fff809c	flash_program_and_verify	1fff81ac	01eb8401	add.w r1,r1,r4, lsl #0x2
1fff809c	flash_program_and_verify	1fff81b0	695c	ldrb r1,[r5,r1]
1fff809c	flash_program_and_verify	1fff81b2	40ea0140	orr.w r0,r0,r1, lsl #0x10
1fff809c	flash_program_and_verify	1fff81b6	0321	movs r1,#0x3
1fff809c	flash_program_and_verify	1fff81b8	01eb8401	add.w r1,r1,r4, lsl #0x2
1fff809c	flash_program_and_verify	1fff81bc	695c	ldrb r1,[r5,r1]
1fff809c	flash_program_and_verify	1fff81be	40ea0168	orr.w r8,r0,r1, lsl #0x18
1fff809c	flash_program_and_verify	1fff81c2	3068	ldr r0,[r6,#0x0]
1fff809c	flash_program_and_verify	1fff81c4	4045	cmp r0,r8
1fff809c	flash_program_and_verify	1fff81c6	1cd0	beq 0x1fff8202
1fff809c	flash_program_and_verify	1fff81c8	1a48	ldr r0,[0x1fff8234]
1fff809c	flash_program_and_verify	1fff81ca	1c30	adds r0,#0x1c
1fff809c	flash_program_and_verify	1fff81cc	0068	ldr r0,[r0,#0x0]
1fff809c	flash_program_and_verify	1fff81ce	20f00700	bic r0,r0,#0x7
1fff809c	flash_program_and_verify	1fff81d2	1849	ldr r1,[0x1fff8234]
1fff809c	flash_program_and_verify	1fff81d4	1c31	adds r1,#0x1c
1fff809c	flash_program_and_verify	1fff81d6	0860	str r0,[r1,#0x0]
1fff809c	flash_program_and_verify	1fff81d8	00bf	nop
1fff809c	flash_program_and_verify	1fff81da	4ff48070	mov.w r0,#0x100
1fff809c	flash_program_and_verify	1fff81de	00f035f8	bl 0x1fff824c
1fff809c	flash_program_and_verify	1fff81e2	0128	cmp r0,#0x1
1fff809c	flash_program_and_verify	1fff81e4	f9d1	bne 0x1fff81da
1fff809c	flash_program_and_verify	1fff81e6	1020	movs r0,#0x10
1fff809c	flash_program_and_verify	1fff81e8	1249	ldr r1,[0x1fff8234]
1fff809c	flash_program_and_verify	1fff81ea	2431	adds r1,#0x24
1fff809c	flash_program_and_verify	1fff81ec	0860	str r0,[r1,#0x0]
1fff809c	flash_program_and_verify	1fff81ee	0020	movs r0,#0x0
1fff809c	flash_program_and_verify	1fff81f0	00f027f8	bl 0x1fff8242
1fff809c	flash_program_and_verify	1fff81f4	00f043f8	bl 0x1fff827e
1fff809c	flash_program_and_verify	1fff81f8	0120	movs r0,#0x1
1fff809c	flash_program_and_verify	1fff81fa	00f045f8	bl 0x1fff8288
1fff809c	flash_program_and_verify	1fff81fe	0120	movs r0,#0x1
1fff809c	flash_program_and_verify	1fff8200	90e7	b 0x1fff8124
1fff809c	flash_program_and_verify	1fff8202	361d	adds r6,r6,#0x4
1fff809c	flash_program_and_verify	1fff8204	601c	adds r0,r4,#0x1
1fff809c	flash_program_and_verify	1fff8206	84b2	uxth r4,r0
1fff809c	flash_program_and_verify	1fff8208	5c45	cmp r4,r11
1fff809c	flash_program_and_verify	1fff820a	c6db	blt 0x1fff819a
1fff809c	flash_program_and_verify	1fff820c	4846	mov r0,r9
1fff809c	flash_program_and_verify	1fff820e	00f040f8	bl 0x1fff8292
1fff809c	flash_program_and_verify	1fff8212	1020	movs r0,#0x10
1fff809c	flash_program_and_verify	1fff8214	0749	ldr r1,[0x1fff8234]
1fff809c	flash_program_and_verify	1fff8216	2431	adds r1,#0x24
1fff809c	flash_program_and_verify	1fff8218	0860	str r0,[r1,#0x0]
1fff809c	flash_program_and_verify	1fff821a	0020	movs r0,#0x0
1fff809c	flash_program_and_verify	1fff821c	00f011f8	bl 0x1fff8242
1fff809c	flash_program_and_verify	1fff8220	00f02df8	bl 0x1fff827e
1fff809c	flash_program_and_verify	1fff8224	0120	movs r0,#0x1
1fff809c	flash_program_and_verify	1fff8226	00f02ff8	bl 0x1fff8288
1fff809c	flash_program_and_verify	1fff822a	0020	movs r0,#0x0
1fff809c	flash_program_and_verify	1fff822c	7ae7	b 0x1fff8124
1fff8238	thunk_FUN_00001f80	1fff8238	41f6817c	movw r12,#0x1f81
1fff8238	thunk_FUN_00001f80	1fff823c	c0f2000c	movt r12,#0x0
1fff8238	thunk_FUN_00001f80	1fff8240	6047	bx r12
1fff8242	thunk_FUN_00001ac0	1fff8242	41f6c12c	movw r12,#0x1ac1
1fff8242	thunk_FUN_00001ac0	1fff8246	c0f2000c	movt r12,#0x0
1fff8242	thunk_FUN_00001ac0	1fff824a	6047	bx r12
1fff824c	thunk_FUN_00001b20	1fff824c	41f6213c	movw r12,#0x1b21
1fff824c	thunk_FUN_00001b20	1fff8250	c0f2000c	movt r12,#0x0
1fff824c	thunk_FUN_00001b20	1fff8254	6047	bx r12
1fff8256	thunk_FUN_00001f94	1fff8256	41f6957c	movw r12,#0x1f95
1fff8256	thunk_FUN_00001f94	1fff825a	c0f2000c	movt r12,#0x0
1fff8256	thunk_FUN_00001f94	1fff825e	6047	bx r12
1fff8260	thunk_FUN_00001e30	1fff8260	41f6316c	movw r12,#0x1e31
1fff8260	thunk_FUN_00001e30	1fff8264	c0f2000c	movt r12,#0x0
1fff8260	thunk_FUN_00001e30	1fff8268	6047	bx r12
1fff826a	thunk_FUN_00001de4	1fff826a	41f6e55c	movw r12,#0x1de5
1fff826a	thunk_FUN_00001de4	1fff826e	c0f2000c	movt r12,#0x0
1fff826a	thunk_FUN_00001de4	1fff8272	6047	bx r12
1fff8274	thunk_FUN_00001b74	1fff8274	41f6753c	movw r12,#0x1b75
1fff8274	thunk_FUN_00001b74	1fff8278	c0f2000c	movt r12,#0x0
1fff8274	thunk_FUN_00001b74	1fff827c	6047	bx r12
1fff827e	thunk_FUN_00001d98	1fff827e	41f6995c	movw r12,#0x1d99
1fff827e	thunk_FUN_00001d98	1fff8282	c0f2000c	movt r12,#0x0
1fff827e	thunk_FUN_00001d98	1fff8286	6047	bx r12
1fff8288	thunk_FUN_00002de0	1fff8288	42f6e15c	movw r12,#0x2de1
1fff8288	thunk_FUN_00002de0	1fff828c	c0f2000c	movt r12,#0x0
1fff8288	thunk_FUN_00002de0	1fff8290	6047	bx r12
1fff8292	thunk_FUN_00001c48	1fff8292	41f6494c	movw r12,#0x1c49
1fff8292	thunk_FUN_00001c48	1fff8296	c0f2000c	movt r12,#0x0
1fff8292	thunk_FUN_00001c48	1fff829a	6047	bx r12
